6713.218055500 128 
6713.218611000 127 
6713.219166500 127 
6713.219722000 128 
6713.220277500 127 
6713.220833000 128 
6713.221388500 128 
6713.221944000 127 
6713.222499500 127 
6713.223055000 128 
6713.223610500 127 
6713.224166000 127 
6713.224721500 128 
6713.225277000 127 
6713.225832500 128 
6713.226388000 126 
6713.226943500 128 
6713.227499000 128 
6713.228054500 127 
6713.228610000 128 
6713.229165500 127 
6713.229721000 128 
6713.230276500 127 
6713.230832000 128 
6713.231387500 127 
6713.231943000 128 
6713.232498500 128 
6713.233054000 127 
6713.233609500 128 
6713.234165000 129 
6713.234720500 127 
6713.235276000 127 
6713.235831500 128 
6713.236387000 128 
6713.236942500 128 
6713.237498000 126 
6713.238053500 128 
6713.238609000 127 
6713.239164500 127 
6713.239720000 128 
6713.240275500 127 
6713.240831000 128 
6713.241386500 127 
6713.241942000 127 
6713.242497500 128 
6713.243053000 128 
6713.243608500 127 
6713.244164000 128 
6713.244719500 127 
6713.245275000 128 
6713.245830500 127 
6713.246386000 127 
6713.246941500 127 
6713.247497000 128 
6713.248052500 127 
6713.248608000 128 
6713.249163500 128 
6713.249719000 127 
6713.250274500 128 
6713.250830000 128 
6713.251385500 127 
6713.251941000 128 
6713.252496500 127 
6713.253052000 127 
6713.253607500 128 
6713.254163000 127 
6713.254718500 128 
6713.255274000 127 
6713.255829500 128 
6713.256385000 128 
6713.256940500 127 
6713.257496000 127 
6713.258051500 128 
6713.258607000 127 
6713.259162500 128 
6713.259718000 127 
6713.260273500 128 
6713.260829000 128 
6713.261384500 127 
6713.261940000 128 
6713.262495500 127 
6713.263051000 127 
6713.263606500 128 
6713.264162000 127 
6713.264717500 128 
6713.265273000 127 
6713.265828500 127 
6713.266384000 127 
6713.266939500 127 
6713.267495000 129 
6713.268050500 127 
6713.268606000 128 
6713.269161500 127 
6713.269717000 127 
6713.270272500 127 
6713.270828000 128 
6713.271383500 127 
6713.271939000 127 
6713.272494500 127 
6713.273050000 127 
6713.273605500 128 
6713.274161000 127 
6713.274716500 127 
6713.275272000 127 
6713.275827500 128 
6713.276383000 127 
6713.276938500 127 
6713.277494000 127 
6713.278049500 127 
6713.278605000 127 
6713.279160500 128 
6713.279716000 127 
6713.280271500 127 
6713.280827000 127 
6713.281382500 127 
6713.281938000 128 
6713.282493500 127 
6713.283049000 128 
6713.283604500 127 
6713.284160000 128 
6713.284715500 128 
6713.285271000 128 
6713.285826500 127 
6713.286382000 128 
6713.286937500 127 
6713.287493000 128 
6713.288048500 128 
6713.288604000 127 
6713.289159500 128 
6713.289715000 128 
6713.290270500 127 
6713.290826000 127 
6713.291381500 128 
6713.291937000 127 
6713.292492500 128 
6713.293048000 127 
6713.293603500 128 
6713.294159000 127 
6713.294714500 127 
6713.295270000 127 
6713.295825500 128 
6713.296381000 128 
6713.296936500 126 
6713.297492000 127 
6713.298047500 127 
6713.298603000 128 
6713.299158500 127 
6713.299714000 127 
6713.300269500 127 
6713.300825000 127 
6713.301380500 127 
6713.301936000 127 
6713.302491500 128 
6713.303047000 127 
6713.303602500 128 
6713.304158000 127 
6713.304713500 127 
6713.305269000 128 
6713.305824500 127 
6713.306380000 127 
6713.306935500 128 
6713.307491000 128 
6713.308046500 127 
6713.308602000 128 
6713.309157500 127 
6713.309713000 127 
6713.310268500 128 
6713.310824000 127 
6713.311379500 127 
6713.311935000 128 
6713.312490500 128 
6713.313046000 127 
6713.313601500 128 
6713.314157000 127 
6713.314712500 127 
6713.315268000 128 
6713.315823500 127 
6713.316379000 128 
6713.316934500 128 
6713.317490000 126 
6713.318045500 128 
6713.318601000 127 
6713.319156500 128 
6713.319712000 127 
6713.320267500 127 
6713.320823000 128 
6713.321378500 128 
6713.321934000 128 
6713.322489500 127 
6713.323045000 127 
6713.323600500 128 
6713.324156000 127 
6713.324711500 128 
6713.325267000 127 
6713.325822500 128 
6713.326378000 128 
6713.326933500 127 
6713.327489000 128 
6713.328044500 127 
6713.328600000 127 
6713.329155500 127 
6713.329711000 128 
6713.330266500 127 
6713.330822000 128 
6713.331377500 128 
6713.331933000 127 
6713.332488500 127 
6713.333044000 127 
6713.333599500 127 
6713.334155000 127 
6713.334710500 127 
6713.335266000 128 
6713.335821500 128 
6713.336377000 128 
6713.336932500 128 
6713.337488000 126 
6713.338043500 127 
6713.338599000 127 
6713.339154500 127 
6713.339710000 128 
6713.340265500 127 
6713.340821000 127 
6713.341376500 128 
6713.341932000 127 
6713.342487500 128 
6713.343043000 127 
6713.343598500 127 
6713.344154000 127 
6713.344709500 128 
6713.345265000 127 
6713.345820500 127 
6713.346376000 128 
6713.346931500 127 
6713.347487000 128 
6713.348042500 127 
6713.348598000 127 
6713.349153500 128 
6713.349709000 127 
6713.350264500 128 
6713.350820000 127 
6713.351375500 127 
6713.351931000 128 
6713.352486500 127 
6713.353042000 128 
6713.353597500 128 
6713.354153000 127 
6713.354708500 128 
6713.355264000 128 
6713.355819500 127 
6713.356375000 128 
6713.356930500 127 
6713.357486000 127 
6713.358041500 128 
6713.358597000 127 
6713.359152500 128 
6713.359708000 127 
6713.360263500 127 
6713.360819000 128 
6713.361374500 128 
6713.361930000 127 
6713.362485500 128 
6713.363041000 127 
6713.363596500 128 
6713.364152000 128 
6713.364707500 128 
6713.365263000 127 
6713.365818500 127 
6713.366374000 127 
6713.366929500 127 
6713.367485000 129 
6713.368040500 127 
6713.368596000 128 
6713.369151500 127 
6713.369707000 128 
6713.370262500 127 
6713.370818000 127 
6713.371373500 128 
6713.371929000 127 
6713.372484500 128 
6713.373040000 127 
6713.373595500 127 
6713.374151000 128 
6713.374706500 127 
6713.375262000 127 
6713.375817500 128 
6713.376373000 127 
6713.376928500 127 
6713.377484000 126 
6713.378039500 128 
6713.378595000 127 
6713.379150500 127 
6713.379706000 128 
6713.380261500 127 
6713.380817000 128 
6713.381372500 127 
6713.381928000 128 
6713.382483500 127 
6713.383039000 127 
6713.383594500 128 
6713.384150000 127 
6713.384705500 127 
6713.385261000 128 
6713.385816500 126 
6713.386372000 128 
6713.386927500 128 
6713.387483000 128 
6713.388038500 127 
6713.388594000 128 
6713.389149500 127 
6713.389705000 128 
6713.390260500 127 
6713.390816000 128 
6713.391371500 127 
6713.391927000 127 
6713.392482500 127 
6713.393038000 128 
6713.393593500 128 
6713.394149000 127 
6713.394704500 127 
6713.395260000 128 
6713.395815500 127 
6713.396371000 128 
6713.396926500 127 
6713.397482000 127 
6713.398037500 128 
6713.398593000 127 
6713.399148500 128 
6713.399704000 127 
6713.400259500 127 
6713.400815000 127 
6713.401370500 128 
6713.401926000 127 
6713.402481500 127 
6713.403037000 127 
6713.403592500 127 
6713.404148000 128 
6713.404703500 127 
6713.405259000 127 
6713.405814500 127 
6713.406370000 127 
6713.406925500 128 
6713.407481000 128 
6713.408036500 127 
6713.408592000 127 
6713.409147500 128 
6713.409703000 127 
6713.410258500 126 
6713.410814000 127 
6713.411369500 128 
6713.411925000 127 
6713.412480500 128 
6713.413036000 127 
6713.413591500 128 
6713.414147000 128 
6713.414702500 127 
6713.415258000 127 
6713.415813500 128 
6713.416369000 127 
6713.416924500 127 
6713.417480000 127 
6713.418035500 127 
6713.418591000 127 
6713.419146500 128 
6713.419702000 127 
6713.420257500 127 
6713.420813000 128 
6713.421368500 127 
6713.421924000 128 
6713.422479500 127 
6713.423035000 128 
6713.423590500 127 
6713.424146000 128 
6713.424701500 128 
6713.425257000 127 
6713.425812500 128 
6713.426368000 127 
6713.426923500 127 
6713.427479000 129 
6713.428034500 127 
6713.428590000 128 
6713.429145500 127 
6713.429701000 128 
6713.430256500 127 
6713.430812000 128 
6713.431367500 127 
6713.431923000 128 
6713.432478500 127 
6713.433034000 128 
6713.433589500 127 
6713.434145000 127 
6713.434700500 127 
6713.435256000 127 
6713.435811500 128 
6713.436367000 126 
6713.436922500 128 
6713.437478000 126 
6713.438033500 128 
6713.438589000 128 
6713.439144500 127 
6713.439700000 128 
6713.440255500 127 
6713.440811000 127 
6713.441366500 127 
6713.441922000 127 
6713.442477500 127 
6713.443033000 127 
6713.443588500 128 
6713.444144000 127 
6713.444699500 128 
6713.445255000 128 
6713.445810500 127 
6713.446366000 128 
6713.446921500 127 
6713.447477000 128 
6713.448032500 127 
6713.448588000 127 
6713.449143500 128 
6713.449699000 126 
6713.450254500 128 
6713.450810000 127 
6713.451365500 128 
6713.451921000 128 
6713.452476500 127 
6713.453032000 128 
6713.453587500 127 
6713.454143000 127 
6713.454698500 128 
6713.455254000 127 
6713.455809500 128 
6713.456365000 127 
6713.456920500 127 
6713.457476000 127 
6713.458031500 127 
6713.458587000 128 
6713.459142500 127 
6713.459698000 127 
6713.460253500 128 
6713.460809000 127 
6713.461364500 127 
6713.461920000 128 
6713.462475500 127 
6713.463031000 128 
6713.463586500 127 
6713.464142000 127 
6713.464697500 128 
6713.465253000 127 
6713.465808500 127 
6713.466364000 127 
6713.466919500 127 
6713.467475000 128 
6713.468030500 127 
6713.468586000 128 
6713.469141500 127 
6713.469697000 127 
6713.470252500 128 
6713.470808000 128 
6713.471363500 127 
6713.471919000 127 
6713.472474500 127 
6713.473030000 127 
6713.473585500 128 
6713.474141000 127 
6713.474696500 127 
6713.475252000 128 
6713.475807500 128 
6713.476363000 127 
6713.476918500 127 
6713.477474000 126 
6713.478029500 127 
6713.478585000 127 
6713.479140500 128 
6713.479696000 128 
6713.480251500 127 
6713.480807000 128 
6713.481362500 127 
6713.481918000 128 
6713.482473500 128 
6713.483029000 127 
6713.483584500 127 
6713.484140000 127 
6713.484695500 128 
6713.485251000 127 
6713.485806500 128 
6713.486362000 127 
6713.486917500 128 
6713.487473000 128 
6713.488028500 127 
6713.488584000 128 
6713.489139500 127 
6713.489695000 127 
6713.490250500 128 
6713.490806000 127 
6713.491361500 127 
6713.491917000 128 
6713.492472500 127 
6713.493028000 128 
6713.493583500 127 
6713.494139000 127 
6713.494694500 127 
6713.495250000 127 
6713.495805500 128 
6713.496361000 127 
6713.496916500 127 
6713.497472000 126 
6713.498027500 127 
6713.498583000 128 
6713.499138500 127 
6713.499694000 127 
6713.500249500 128 
6713.500805000 127 
6713.501360500 128 
6713.501916000 127 
6713.502471500 128 
6713.503027000 127 
6713.503582500 128 
6713.504138000 128 
6713.504693500 127 
6713.505249000 127 
6713.505804500 128 
6713.506360000 127 
6713.506915500 128 
6713.507471000 127 
6713.508026500 127 
6713.508582000 128 
6713.509137500 127 
6713.509693000 127 
6713.510248500 127 
6713.510804000 128 
6713.511359500 127 
6713.511915000 127 
6713.512470500 128 
6713.513026000 127 
6713.513581500 128 
6713.514137000 127 
6713.514692500 128 
6713.515248000 127 
6713.515803500 128 
6713.516359000 128 
6713.516914500 127 
6713.517470000 127 
6713.518025500 127 
6713.518581000 127 
6713.519136500 128 
6713.519692000 127 
6713.520247500 128 
6713.520803000 127 
6713.521358500 127 
6713.521914000 128 
6713.522469500 127 
6713.523025000 128 
6713.523580500 127 
6713.524136000 128 
6713.524691500 127 
6713.525247000 128 
6713.525802500 127 
6713.526358000 127 
6713.526913500 128 
6713.527469000 128 
6713.528024500 127 
6713.528580000 128 
6713.529135500 127 
6713.529691000 128 
6713.530246500 127 
6713.530802000 127 
6713.531357500 128 
6713.531913000 127 
6713.532468500 128 
6713.533024000 127 
6713.533579500 127 
6713.534135000 127 
6713.534690500 127 
6713.535246000 128 
6713.535801500 127 
6713.536357000 127 
6713.536912500 128 
6713.537468000 127 
6713.538023500 127 
6713.538579000 128 
6713.539134500 127 
6713.539690000 128 
6713.540245500 128 
6713.540801000 128 
6713.541356500 127 
6713.541912000 127 
6713.542467500 128 
6713.543023000 127 
6713.543578500 128 
6713.544134000 127 
6713.544689500 128 
6713.545245000 128 
6713.545800500 127 
6713.546356000 127 
6713.546911500 127 
6713.547467000 128 
6713.548022500 127 
6713.548578000 128 
6713.549133500 128 
6713.549689000 127 
6713.550244500 127 
6713.550800000 127 
6713.551355500 128 
6713.551911000 126 
6713.552466500 127 
6713.553022000 128 
6713.553577500 128 
6713.554133000 128 
6713.554688500 126 
6713.555244000 128 
6713.555799500 127 
6713.556355000 127 
6713.556910500 127 
6713.557466000 127 
6713.558021500 127 
6713.558577000 128 
6713.559132500 127 
6713.559688000 127 
6713.560243500 127 
6713.560799000 127 
6713.561354500 128 
6713.561910000 127 
6713.562465500 128 
6713.563021000 127 
6713.563576500 128 
6713.564132000 127 
6713.564687500 128 
6713.565243000 127 
6713.565798500 128 
6713.566354000 127 
6713.566909500 127 
6713.567465000 128 
6713.568020500 127 
6713.568576000 128 
6713.569131500 128 
6713.569687000 127 
6713.570242500 127 
6713.570798000 128 
6713.571353500 127 
6713.571909000 128 
6713.572464500 127 
6713.573020000 127 
6713.573575500 128 
6713.574131000 127 
6713.574686500 128 
6713.575242000 127 
6713.575797500 129 
6713.576353000 127 
6713.576908500 128 
6713.577464000 127 
6713.578019500 128 
6713.578575000 127 
6713.579130500 127 
6713.579686000 128 
6713.580241500 127 
6713.580797000 127 
6713.581352500 128 
6713.581908000 127 
6713.582463500 128 
6713.583019000 127 
6713.583574500 128 
6713.584130000 127 
6713.584685500 128 
6713.585241000 127 
6713.585796500 128 
6713.586352000 127 
6713.586907500 127 
6713.587463000 128 
6713.588018500 127 
6713.588574000 127 
6713.589129500 128 
6713.589685000 127 
6713.590240500 127 
6713.590796000 127 
6713.591351500 128 
6713.591907000 127 
6713.592462500 128 
6713.593018000 128 
6713.593573500 127 
6713.594129000 128 
6713.594684500 127 
6713.595240000 128 
6713.595795500 128 
6713.596351000 127 
6713.596906500 128 
6713.597462000 127 
6713.598017500 128 
6713.598573000 127 
6713.599128500 128 
6713.599684000 127 
6713.600239500 128 
6713.600795000 128 
6713.601350500 128 
6713.601906000 128 
6713.602461500 127 
6713.603017000 128 
6713.603572500 127 
6713.604128000 128 
6713.604683500 128 
6713.605239000 127 
6713.605794500 127 
6713.606350000 128 
6713.606905500 127 
6713.607461000 128 
6713.608016500 127 
6713.608572000 127 
6713.609127500 128 
6713.609683000 127 
6713.610238500 127 
6713.610794000 127 
6713.611349500 127 
6713.611905000 128 
6713.612460500 127 
6713.613016000 127 
6713.613571500 127 
6713.614127000 126 
6713.614682500 127 
6713.615238000 127 
6713.615793500 127 
6713.616349000 128 
6713.616904500 127 
6713.617460000 128 
6713.618015500 127 
6713.618571000 127 
6713.619126500 127 
6713.619682000 128 
6713.620237500 128 
6713.620793000 128 
6713.621348500 127 
6713.621904000 128 
6713.622459500 127 
6713.623015000 128 
6713.623570500 128 
6713.624126000 127 
6713.624681500 128 
6713.625237000 128 
6713.625792500 127 
6713.626348000 128 
6713.626903500 127 
6713.627459000 128 
6713.628014500 128 
6713.628570000 127 
6713.629125500 128 
6713.629681000 126 
6713.630236500 128 
6713.630792000 128 
6713.631347500 128 
6713.631903000 127 
6713.632458500 127 
6713.633014000 128 
6713.633569500 127 
6713.634125000 128 
6713.634680500 127 
6713.635236000 128 
6713.635791500 128 
6713.636347000 127 
6713.636902500 128 
6713.637458000 128 
6713.638013500 127 
6713.638569000 127 
6713.639124500 128 
6713.639680000 127 
6713.640235500 128 
6713.640791000 127 
6713.641346500 127 
6713.641902000 128 
6713.642457500 127 
6713.643013000 128 
6713.643568500 127 
6713.644124000 127 
6713.644679500 128 
6713.645235000 128 
6713.645790500 127 
6713.646346000 127 
6713.646901500 127 
6713.647457000 128 
6713.648012500 127 
6713.648568000 128 
6713.649123500 127 
6713.649679000 128 
6713.650234500 128 
6713.650790000 127 
6713.651345500 128 
6713.651901000 128 
6713.652456500 127 
6713.653012000 128 
6713.653567500 127 
6713.654123000 128 
6713.654678500 127 
6713.655234000 127 
6713.655789500 129 
6713.656345000 127 
6713.656900500 127 
6713.657456000 127 
6713.658011500 127 
6713.658567000 128 
6713.659122500 128 
6713.659678000 127 
6713.660233500 128 
6713.660789000 127 
6713.661344500 127 
6713.661900000 127 
6713.662455500 127 
6713.663011000 128 
6713.663566500 127 
6713.664122000 127 
6713.664677500 128 
6713.665233000 128 
6713.665788500 127 
6713.666344000 127 
6713.666899500 128 
6713.667455000 127 
6713.668010500 127 
6713.668566000 128 
6713.669121500 126 
6713.669677000 128 
6713.670232500 127 
6713.670788000 127 
6713.671343500 128 
6713.671899000 127 
6713.672454500 128 
6713.673010000 127 
6713.673565500 127 
6713.674121000 128 
6713.674676500 127 
6713.675232000 128 
6713.675787500 127 
6713.676343000 127 
6713.676898500 128 
6713.677454000 127 
6713.678009500 127 
6713.678565000 128 
6713.679120500 127 
6713.679676000 128 
6713.680231500 128 
6713.680787000 127 
6713.681342500 128 
6713.681898000 127 
6713.682453500 128 
6713.683009000 127 
6713.683564500 127 
6713.684120000 127 
6713.684675500 127 
6713.685231000 128 
6713.685786500 127 
6713.686342000 128 
6713.686897500 127 
6713.687453000 128 
6713.688008500 127 
6713.688564000 128 
6713.689119500 127 
6713.689675000 127 
6713.690230500 128 
6713.690786000 127 
6713.691341500 128 
6713.691897000 127 
6713.692452500 127 
6713.693008000 127 
6713.693563500 127 
6713.694119000 127 
6713.694674500 127 
6713.695230000 128 
6713.695785500 127 
6713.696341000 128 
6713.696896500 128 
6713.697452000 127 
6713.698007500 128 
6713.698563000 127 
6713.699118500 127 
6713.699674000 128 
6713.700229500 127 
6713.700785000 128 
6713.701340500 127 
6713.701896000 127 
6713.702451500 128 
6713.703007000 127 
6713.703562500 128 
6713.704118000 127 
6713.704673500 129 
6713.705229000 127 
6713.705784500 127 
6713.706340000 128 
6713.706895500 127 
6713.707451000 127 
6713.708006500 128 
6713.708562000 127 
6713.709117500 127 
6713.709673000 127 
6713.710228500 128 
6713.710784000 128 
6713.711339500 127 
6713.711895000 128 
6713.712450500 127 
6713.713006000 128 
6713.713561500 128 
6713.714117000 127 
6713.714672500 127 
6713.715228000 128 
6713.715783500 128 
6713.716339000 128 
6713.716894500 128 
6713.717450000 127 
6713.718005500 128 
6713.718561000 127 
6713.719116500 128 
6713.719672000 127 
6713.720227500 127 
6713.720783000 127 
6713.721338500 128 
6713.721894000 127 
6713.722449500 128 
6713.723005000 127 
6713.723560500 128 
6713.724116000 127 
6713.724671500 128 
6713.725227000 127 
6713.725782500 128 
6713.726338000 126 
6713.726893500 128 
6713.727449000 127 
6713.728004500 128 
6713.728560000 128 
6713.729115500 127 
6713.729671000 127 
6713.730226500 126 
6713.730782000 128 
6713.731337500 127 
6713.731893000 127 
6713.732448500 127 
6713.733004000 127 
6713.733559500 128 
6713.734115000 127 
6713.734670500 126 
6713.735226000 128 
6713.735781500 128 
6713.736337000 128 
6713.736892500 127 
6713.737448000 127 
6713.738003500 128 
6713.738559000 127 
6713.739114500 127 
6713.739670000 128 
6713.740225500 128 
6713.740781000 127 
6713.741336500 128 
6713.741892000 127 
6713.742447500 128 
6713.743003000 127 
6713.743558500 127 
6713.744114000 127 
6713.744669500 128 
6713.745225000 127 
6713.745780500 127 
6713.746336000 127 
6713.746891500 127 
6713.747447000 128 
6713.748002500 127 
6713.748558000 127 
6713.749113500 128 
6713.749669000 127 
6713.750224500 128 
6713.750780000 127 
6713.751335500 128 
6713.751891000 127 
6713.752446500 128 
6713.753002000 127 
6713.753557500 128 
6713.754113000 127 
6713.754668500 127 
6713.755224000 127 
6713.755779500 128 
6713.756335000 127 
6713.756890500 127 
6713.757446000 128 
6713.758001500 127 
6713.758557000 128 
6713.759112500 127 
6713.759668000 128 
6713.760223500 127 
6713.760779000 127 
6713.761334500 127 
6713.761890000 128 
6713.762445500 127 
6713.763001000 127 
6713.763556500 128 
6713.764112000 127 
6713.764667500 128 
6713.765223000 128 
6713.765778500 127 
6713.766334000 127 
6713.766889500 127 
6713.767445000 128 
6713.768000500 127 
6713.768556000 127 
6713.769111500 128 
6713.769667000 127 
6713.770222500 128 
6713.770778000 127 
6713.771333500 127 
6713.771889000 128 
6713.772444500 127 
6713.773000000 128 
6713.773555500 127 
6713.774111000 128 
6713.774666500 127 
6713.775222000 128 
6713.775777500 127 
6713.776333000 127 
6713.776888500 128 
6713.777444000 127 
6713.777999500 128 
6713.778555000 127 
6713.779110500 127 
6713.779666000 128 
6713.780221500 127 
6713.780777000 127 
6713.781332500 127 
6713.781888000 128 
6713.782443500 127 
6713.782999000 127 
6713.783554500 128 
6713.784110000 128 
6713.784665500 128 
6713.785221000 128 
6713.785776500 127 
6713.786332000 127 
6713.786887500 128 
6713.787443000 127 
6713.787998500 127 
6713.788554000 128 
6713.789109500 127 
6713.789665000 127 
6713.790220500 128 
6713.790776000 128 
6713.791331500 127 
6713.791887000 128 
6713.792442500 127 
6713.792998000 128 
6713.793553500 127 
6713.794109000 127 
6713.794664500 128 
6713.795220000 127 
6713.795775500 128 
6713.796331000 128 
6713.796886500 127 
6713.797442000 127 
6713.797997500 127 
6713.798553000 128 
6713.799108500 128 
6713.799664000 128 
6713.800219500 127 
6713.800775000 128 
6713.801330500 127 
6713.801886000 128 
6713.802441500 127 
6713.802997000 127 
6713.803552500 128 
6713.804108000 128 
6713.804663500 127 
6713.805219000 128 
6713.805774500 127 
6713.806330000 127 
6713.806885500 128 
6713.807441000 127 
6713.807996500 128 
6713.808552000 128 
6713.809107500 127 
6713.809663000 127 
6713.810218500 128 
6713.810774000 126 
6713.811329500 128 
6713.811885000 127 
6713.812440500 128 
6713.812996000 127 
6713.813551500 127 
6713.814107000 127 
6713.814662500 127 
6713.815218000 128 
6713.815773500 127 
6713.816329000 128 
6713.816884500 128 
6713.817440000 127 
6713.817995500 127 
6713.818551000 128 
6713.819106500 127 
6713.819662000 128 
6713.820217500 127 
6713.820773000 127 
6713.821328500 127 
6713.821884000 127 
6713.822439500 127 
6713.822995000 127 
6713.823550500 128 
6713.824106000 127 
6713.824661500 128 
6713.825217000 127 
6713.825772500 127 
6713.826328000 127 
6713.826883500 127 
6713.827439000 127 
6713.827994500 127 
6713.828550000 127 
6713.829105500 128 
6713.829661000 127 
6713.830216500 128 
6713.830772000 127 
6713.831327500 127 
6713.831883000 128 
6713.832438500 128 
6713.832994000 128 
6713.833549500 127 
6713.834105000 127 
6713.834660500 127 
6713.835216000 127 
6713.835771500 128 
6713.836327000 128 
6713.836882500 127 
6713.837438000 127 
6713.837993500 127 
6713.838549000 128 
6713.839104500 127 
6713.839660000 127 
6713.840215500 127 
6713.840771000 128 
6713.841326500 127 
6713.841882000 127 
6713.842437500 128 
6713.842993000 128 
6713.843548500 127 
6713.844104000 128 
6713.844659500 128 
6713.845215000 128 
6713.845770500 127 
6713.846326000 127 
6713.846881500 127 
6713.847437000 128 
6713.847992500 127 
6713.848548000 128 
6713.849103500 127 
6713.849659000 128 
6713.850214500 127 
6713.850770000 128 
6713.851325500 127 
6713.851881000 127 
6713.852436500 128 
6713.852992000 128 
6713.853547500 127 
6713.854103000 128 
6713.854658500 127 
6713.855214000 127 
6713.855769500 128 
6713.856325000 128 
6713.856880500 128 
6713.857436000 127 
6713.857991500 128 
6713.858547000 127 
6713.859102500 127 
6713.859658000 127 
6713.860213500 128 
6713.860769000 127 
6713.861324500 127 
6713.861880000 127 
6713.862435500 127 
6713.862991000 127 
6713.863546500 128 
6713.864102000 128 
6713.864657500 127 
6713.865213000 128 
6713.865768500 127 
6713.866324000 127 
6713.866879500 127 
6713.867435000 127 
6713.867990500 127 
6713.868546000 128 
6713.869101500 128 
6713.869657000 128 
6713.870212500 127 
6713.870768000 128 
6713.871323500 127 
6713.871879000 127 
6713.872434500 128 
6713.872990000 127 
6713.873545500 127 
6713.874101000 127 
6713.874656500 128 
6713.875212000 127 
6713.875767500 128 
6713.876323000 127 
6713.876878500 127 
6713.877434000 127 
6713.877989500 127 
6713.878545000 128 
6713.879100500 127 
6713.879656000 127 
6713.880211500 128 
6713.880767000 127 
6713.881322500 128 
6713.881878000 127 
6713.882433500 128 
6713.882989000 127 
6713.883544500 128 
6713.884100000 128 
6713.884655500 127 
6713.885211000 127 
6713.885766500 128 
6713.886322000 128 
6713.886877500 127 
6713.887433000 127 
6713.887988500 128 
6713.888544000 128 
6713.889099500 127 
6713.889655000 128 
6713.890210500 127 
6713.890766000 127 
6713.891321500 128 
6713.891877000 127 
6713.892432500 127 
6713.892988000 128 
6713.893543500 127 
6713.894099000 127 
6713.894654500 127 
6713.895210000 127 
6713.895765500 128 
6713.896321000 128 
6713.896876500 127 
6713.897432000 128 
6713.897987500 127 
6713.898543000 127 
6713.899098500 127 
6713.899654000 127 
6713.900209500 128 
6713.900765000 127 
6713.901320500 128 
6713.901876000 128 
6713.902431500 127 
6713.902987000 128 
6713.903542500 127 
6713.904098000 127 
6713.904653500 128 
6713.905209000 127 
6713.905764500 127 
6713.906320000 128 
6713.906875500 127 
6713.907431000 127 
6713.907986500 128 
6713.908542000 127 
6713.909097500 127 
6713.909653000 128 
6713.910208500 127 
6713.910764000 128 
6713.911319500 128 
6713.911875000 127 
6713.912430500 128 
6713.912986000 127 
6713.913541500 128 
6713.914097000 127 
6713.914652500 128 
6713.915208000 128 
6713.915763500 128 
6713.916319000 127 
6713.916874500 128 
6713.917430000 128 
6713.917985500 127 
6713.918541000 128 
6713.919096500 128 
6713.919652000 128 
6713.920207500 127 
6713.920763000 127 
6713.921318500 128 
6713.921874000 127 
6713.922429500 128 
6713.922985000 133 
6713.923540500 137 
6713.924096000 113 
6713.924651500 118 
6713.925207000 143 
6713.925762500 129 
6713.926318000 111 
6713.926873500 131 
6713.927429000 142 
6713.927984500 119 
6713.928540000 116 
6713.929095500 140 
6713.929651000 135 
6713.930206500 112 
6713.930762000 125 
6713.931317500 143 
6713.931873000 125 
6713.932428500 111 
6713.932984000 136 
6713.933539500 140 
6713.934095000 114 
6713.934650500 119 
6713.935206000 143 
6713.935761500 130 
6713.936317000 111 
6713.936872500 131 
6713.937428000 143 
6713.937983500 120 
6713.938539000 115 
6713.939094500 140 
6713.939650000 136 
6713.940205500 111 
6713.940761000 125 
6713.941316500 143 
6713.941872000 124 
6713.942427500 112 
6713.942983000 135 
6713.943538500 140 
6713.944094000 114 
6713.944649500 119 
6713.945205000 143 
6713.945760500 130 
6713.946316000 111 
6713.946871500 131 
6713.947427000 142 
6713.947982500 120 
6713.948538000 115 
6713.949093500 139 
6713.949649000 136 
6713.950204500 112 
6713.950760000 125 
6713.951315500 143 
6713.951871000 125 
6713.952426500 112 
6713.952982000 136 
6713.953537500 140 
6713.954093000 114 
6713.954648500 119 
6713.955204000 143 
6713.955759500 130 
6713.956315000 111 
6713.956870500 130 
6713.957426000 143 
6713.957981500 118 
6713.958537000 116 
6713.959092500 140 
6713.959648000 136 
6713.960203500 112 
6713.960759000 124 
6713.961314500 144 
6713.961870000 125 
6713.962425500 112 
6713.962981000 135 
6713.963536500 140 
6713.964092000 115 
6713.964647500 119 
6713.965203000 143 
6713.965758500 129 
6713.966314000 112 
6713.966869500 130 
6713.967425000 143 
6713.967980500 119 
6713.968536000 115 
6713.969091500 139 
6713.969647000 136 
6713.970202500 112 
6713.970758000 124 
6713.971313500 143 
6713.971869000 125 
6713.972424500 112 
6713.972980000 136 
6713.973535500 140 
6713.974091000 114 
6713.974646500 119 
6713.975202000 143 
6713.975757500 130 
6713.976313000 110 
6713.976868500 131 
6713.977424000 143 
6713.977979500 119 
6713.978535000 115 
6713.979090500 140 
6713.979646000 135 
6713.980201500 112 
6713.980757000 125 
6713.981312500 144 
6713.981868000 125 
6713.982423500 112 
6713.982979000 135 
6713.983534500 140 
6713.984090000 114 
6713.984645500 119 
6713.985201000 143 
6713.985756500 130 
6713.986312000 111 
6713.986867500 131 
6713.987423000 142 
6713.987978500 119 
6713.988534000 116 
6713.989089500 139 
6713.989645000 136 
6713.990200500 112 
6713.990756000 124 
6713.991311500 144 
6713.991867000 125 
6713.992422500 112 
6713.992978000 135 
6713.993533500 140 
6713.994089000 115 
6713.994644500 119 
6713.995200000 142 
6713.995755500 131 
6713.996311000 111 
6713.996866500 131 
6713.997422000 143 
6713.997977500 119 
6713.998533000 115 
6713.999088500 141 
6713.999644000 135 
6714.000199500 113 
6714.000755000 124 
6714.001310500 144 
6714.001866000 125 
6714.002421500 111 
6714.002977000 136 
6714.003532500 140 
6714.004088000 115 
6714.004643500 120 
6714.005199000 142 
6714.005754500 130 
6714.006310000 112 
6714.006865500 130 
6714.007421000 143 
6714.007976500 119 
6714.008532000 115 
6714.009087500 139 
6714.009643000 136 
6714.010198500 112 
6714.010754000 125 
6714.011309500 143 
6714.011865000 125 
6714.012420500 112 
6714.012976000 135 
6714.013531500 140 
6714.014087000 115 
6714.014642500 118 
6714.015198000 143 
6714.015753500 131 
6714.016309000 111 
6714.016864500 130 
6714.017420000 144 
6714.017975500 119 
6714.018531000 114 
6714.019086500 140 
6714.019642000 136 
6714.020197500 113 
6714.020753000 124 
6714.021308500 144 
6714.021864000 125 
6714.022419500 111 
6714.022975000 136 
6714.023530500 140 
6714.024086000 116 
6714.024641500 120 
6714.025197000 143 
6714.025752500 130 
6714.026308000 111 
6714.026863500 131 
6714.027419000 142 
6714.027974500 120 
6714.028530000 114 
6714.029085500 140 
6714.029641000 136 
6714.030196500 112 
6714.030752000 125 
6714.031307500 143 
6714.031863000 125 
6714.032418500 112 
6714.032974000 135 
6714.033529500 141 
6714.034085000 116 
6714.034640500 118 
6714.035196000 143 
6714.035751500 131 
6714.036307000 110 
6714.036862500 130 
6714.037418000 143 
6714.037973500 120 
6714.038529000 115 
6714.039084500 139 
6714.039640000 136 
6714.040195500 113 
6714.040751000 123 
6714.041306500 144 
6714.041862000 125 
6714.042417500 112 
6714.042973000 136 
6714.043528500 140 
6714.044084000 115 
6714.044639500 120 
6714.045195000 142 
6714.045750500 131 
6714.046306000 111 
6714.046861500 130 
6714.047417000 143 
6714.047972500 119 
6714.048528000 114 
6714.049083500 140 
6714.049639000 136 
6714.050194500 113 
6714.050750000 124 
6714.051305500 143 
6714.051861000 125 
6714.052416500 112 
6714.052972000 135 
6714.053527500 140 
6714.054083000 114 
6714.054638500 119 
6714.055194000 142 
6714.055749500 131 
6714.056305000 111 
6714.056860500 130 
6714.057416000 144 
6714.057971500 119 
6714.058527000 115 
6714.059082500 139 
6714.059638000 137 
6714.060193500 112 
6714.060749000 124 
6714.061304500 144 
6714.061860000 124 
6714.062415500 112 
6714.062971000 135 
6714.063526500 141 
6714.064082000 116 
6714.064637500 118 
6714.065193000 144 
6714.065748500 131 
6714.066304000 111 
6714.066859500 130 
6714.067415000 142 
6714.067970500 119 
6714.068526000 115 
6714.069081500 139 
6714.069637000 136 
6714.070192500 112 
6714.070748000 124 
6714.071303500 144 
6714.071859000 126 
6714.072414500 111 
6714.072970000 135 
6714.073525500 141 
6714.074081000 114 
6714.074636500 119 
6714.075192000 143 
6714.075747500 131 
6714.076303000 112 
6714.076858500 129 
6714.077414000 144 
6714.077969500 119 
6714.078525000 115 
6714.079080500 139 
6714.079636000 137 
6714.080191500 112 
6714.080747000 124 
6714.081302500 144 
6714.081858000 124 
6714.082413500 112 
6714.082969000 135 
6714.083524500 140 
6714.084080000 117 
6714.084635500 119 
6714.085191000 143 
6714.085746500 131 
6714.086302000 111 
6714.086857500 129 
6714.087413000 143 
6714.087968500 120 
6714.088524000 114 
6714.089079500 140 
6714.089635000 135 
6714.090190500 112 
6714.090746000 124 
6714.091301500 144 
6714.091857000 126 
6714.092412500 112 
6714.092968000 136 
6714.093523500 140 
6714.094079000 115 
6714.094634500 119 
6714.095190000 142 
6714.095745500 131 
6714.096301000 112 
6714.096856500 129 
6714.097412000 144 
6714.097967500 119 
6714.098523000 115 
6714.099078500 139 
6714.099634000 136 
6714.100189500 113 
6714.100745000 124 
6714.101300500 144 
6714.101856000 125 
6714.102411500 112 
6714.102967000 135 
6714.103522500 141 
6714.104078000 117 
6714.104633500 118 
6714.105189000 143 
6714.105744500 130 
6714.106300000 112 
6714.106855500 129 
6714.107411000 143 
6714.107966500 120 
6714.108522000 115 
6714.109077500 140 
6714.109633000 136 
6714.110188500 113 
6714.110744000 124 
6714.111299500 144 
6714.111855000 126 
6714.112410500 111 
6714.112966000 136 
6714.113521500 140 
6714.114077000 115 
6714.114632500 118 
6714.115188000 142 
6714.115743500 131 
6714.116299000 111 
6714.116854500 130 
6714.117410000 143 
6714.117965500 120 
6714.118521000 114 
6714.119076500 140 
6714.119632000 137 
6714.120187500 112 
6714.120743000 124 
6714.121298500 144 
6714.121854000 125 
6714.122409500 111 
6714.122965000 136 
6714.123520500 140 
6714.124076000 115 
6714.124631500 119 
6714.125187000 142 
6714.125742500 131 
6714.126298000 111 
6714.126853500 130 
6714.127409000 143 
6714.127964500 120 
6714.128520000 114 
6714.129075500 139 
6714.129631000 136 
6714.130186500 113 
6714.130742000 124 
6714.131297500 143 
6714.131853000 126 
6714.132408500 112 
6714.132964000 135 
6714.133519500 140 
6714.134075000 115 
6714.134630500 118 
6714.135186000 143 
6714.135741500 132 
6714.136297000 111 
6714.136852500 130 
6714.137408000 144 
6714.137963500 120 
6714.138519000 114 
6714.139074500 139 
6714.139630000 136 
6714.140185500 113 
6714.140741000 124 
6714.141296500 144 
6714.141852000 126 
6714.142407500 111 
6714.142963000 135 
6714.143518500 140 
6714.144074000 116 
6714.144629500 119 
6714.145185000 142 
6714.145740500 131 
6714.146296000 110 
6714.146851500 129 
6714.147407000 142 
6714.147962500 120 
6714.148518000 115 
6714.149073500 139 
6714.149629000 136 
6714.150184500 113 
6714.150740000 123 
6714.151295500 144 
6714.151851000 126 
6714.152406500 111 
6714.152962000 135 
6714.153517500 141 
6714.154073000 115 
6714.154628500 119 
6714.155184000 142 
6714.155739500 132 
6714.156295000 112 
6714.156850500 129 
6714.157406000 143 
6714.157961500 121 
6714.158517000 114 
6714.159072500 140 
6714.159628000 137 
6714.160183500 112 
6714.160739000 124 
6714.161294500 143 
6714.161850000 126 
6714.162405500 111 
6714.162961000 136 
6714.163516500 140 
6714.164072000 117 
6714.164627500 119 
6714.165183000 142 
6714.165738500 131 
6714.166294000 111 
6714.166849500 129 
6714.167405000 143 
6714.167960500 120 
6714.168516000 115 
6714.169071500 139 
6714.169627000 137 
6714.170182500 112 
6714.170738000 123 
6714.171293500 144 
6714.171849000 126 
6714.172404500 111 
6714.172960000 135 
6714.173515500 140 
6714.174071000 116 
6714.174626500 117 
6714.175182000 143 
6714.175737500 131 
6714.176293000 111 
6714.176848500 130 
6714.177404000 144 
6714.177959500 120 
6714.178515000 115 
6714.179070500 139 
6714.179626000 136 
6714.180181500 113 
6714.180737000 123 
6714.181292500 144 
6714.181848000 126 
6714.182403500 112 
6714.182959000 134 
6714.183514500 141 
6714.184070000 116 
6714.184625500 118 
6714.185181000 143 
6714.185736500 131 
6714.186292000 111 
6714.186847500 129 
6714.187403000 143 
6714.187958500 120 
6714.188514000 114 
6714.189069500 139 
6714.189625000 136 
6714.190180500 113 
6714.190736000 123 
6714.191291500 145 
6714.191847000 126 
6714.192402500 112 
6714.192958000 134 
6714.193513500 141 
6714.194069000 116 
6714.194624500 118 
6714.195180000 142 
6714.195735500 131 
6714.196291000 111 
6714.196846500 129 
6714.197402000 144 
6714.197957500 120 
6714.198513000 113 
6714.199068500 139 
6714.199624000 137 
6714.200179500 112 
6714.200735000 123 
6714.201290500 144 
6714.201846000 126 
6714.202401500 111 
6714.202957000 135 
6714.203512500 140 
6714.204068000 117 
6714.204623500 118 
6714.205179000 143 
6714.205734500 131 
6714.206290000 112 
6714.206845500 129 
6714.207401000 143 
6714.207956500 120 
6714.208512000 113 
6714.209067500 140 
6714.209623000 136 
6714.210178500 113 
6714.210734000 123 
6714.211289500 144 
6714.211845000 127 
6714.212400500 111 
6714.212956000 134 
6714.213511500 141 
6714.214067000 114 
6714.214622500 118 
6714.215178000 143 
6714.215733500 131 
6714.216289000 112 
6714.216844500 129 
6714.217400000 144 
6714.217955500 121 
6714.218511000 114 
6714.219066500 140 
6714.219622000 137 
6714.220177500 113 
6714.220733000 124 
6714.221288500 143 
6714.221844000 126 
6714.222399500 112 
6714.222955000 134 
6714.223510500 140 
6714.224066000 117 
6714.224621500 118 
6714.225177000 142 
6714.225732500 132 
6714.226288000 111 
6714.226843500 129 
6714.227399000 143 
6714.227954500 120 
6714.228510000 114 
6714.229065500 139 
6714.229621000 137 
6714.230176500 112 
6714.230732000 123 
6714.231287500 144 
6714.231843000 126 
6714.232398500 112 
6714.232954000 134 
6714.233509500 141 
6714.234065000 115 
6714.234620500 117 
6714.235176000 142 
6714.235731500 132 
6714.236287000 111 
6714.236842500 129 
6714.237398000 143 
6714.237953500 120 
6714.238509000 114 
6714.239064500 139 
6714.239620000 137 
6714.240175500 112 
6714.240731000 123 
6714.241286500 144 
6714.241842000 125 
6714.242397500 112 
6714.242953000 134 
6714.243508500 140 
6714.244064000 117 
6714.244619500 118 
6714.245175000 142 
6714.245730500 131 
6714.246286000 110 
6714.246841500 129 
6714.247397000 143 
6714.247952500 121 
6714.248508000 115 
6714.249063500 138 
6714.249619000 137 
6714.250174500 114 
6714.250730000 123 
6714.251285500 144 
6714.251841000 127 
6714.252396500 111 
6714.252952000 135 
6714.253507500 141 
6714.254063000 115 
6714.254618500 118 
6714.255174000 142 
6714.255729500 133 
6714.256285000 111 
6714.256840500 127 
6714.257396000 144 
6714.257951500 120 
6714.258507000 113 
6714.259062500 139 
6714.259618000 137 
6714.260173500 113 
6714.260729000 123 
6714.261284500 143 
6714.261840000 125 
6714.262395500 112 
6714.262951000 134 
6714.263506500 141 
6714.264062000 117 
6714.264617500 118 
6714.265173000 142 
6714.265728500 132 
6714.266284000 110 
6714.266839500 129 
6714.267395000 142 
6714.267950500 121 
6714.268506000 113 
6714.269061500 138 
6714.269617000 138 
6714.270172500 114 
6714.270728000 122 
6714.271283500 144 
6714.271839000 126 
6714.272394500 111 
6714.272950000 135 
6714.273505500 141 
6714.274061000 115 
6714.274616500 118 
6714.275172000 142 
6714.275727500 133 
6714.276283000 111 
6714.276838500 128 
6714.277394000 144 
6714.277949500 120 
6714.278505000 115 
6714.279060500 139 
6714.279616000 138 
6714.280171500 112 
6714.280727000 123 
6714.281282500 144 
6714.281838000 126 
6714.282393500 112 
6714.282949000 134 
6714.283504500 141 
6714.284060000 117 
6714.284615500 117 
6714.285171000 143 
6714.285726500 131 
6714.286282000 112 
6714.286837500 128 
6714.287393000 143 
6714.287948500 121 
6714.288504000 113 
6714.289059500 139 
6714.289615000 138 
6714.290170500 112 
6714.290726000 123 
6714.291281500 144 
6714.291837000 126 
6714.292392500 112 
6714.292948000 133 
6714.293503500 141 
6714.294059000 116 
6714.294614500 117 
6714.295170000 143 
6714.295725500 132 
6714.296281000 111 
6714.296836500 129 
6714.297392000 144 
6714.297947500 121 
6714.298503000 113 
6714.299058500 139 
6714.299614000 136 
6714.300169500 113 
6714.300725000 122 
6714.301280500 144 
6714.301836000 127 
6714.302391500 111 
6714.302947000 135 
6714.303502500 141 
6714.304058000 116 
6714.304613500 119 
6714.305169000 142 
6714.305724500 132 
6714.306280000 112 
6714.306835500 128 
6714.307391000 144 
6714.307946500 120 
6714.308502000 114 
6714.309057500 139 
6714.309613000 137 
6714.310168500 113 
6714.310724000 123 
6714.311279500 143 
6714.311835000 127 
6714.312390500 111 
6714.312946000 134 
6714.313501500 142 
6714.314057000 115 
6714.314612500 118 
6714.315168000 142 
6714.315723500 133 
6714.316279000 112 
6714.316834500 128 
6714.317390000 144 
6714.317945500 120 
6714.318501000 114 
6714.319056500 139 
6714.319612000 137 
6714.320167500 112 
6714.320723000 123 
6714.321278500 144 
6714.321834000 126 
6714.322389500 111 
6714.322945000 134 
6714.323500500 141 
6714.324056000 117 
6714.324611500 117 
6714.325167000 142 
6714.325722500 131 
6714.326278000 111 
6714.326833500 128 
6714.327389000 143 
6714.327944500 121 
6714.328500000 114 
6714.329055500 139 
6714.329611000 137 
6714.330166500 113 
6714.330722000 124 
6714.331277500 143 
6714.331833000 127 
6714.332388500 111 
6714.332944000 134 
6714.333499500 141 
6714.334055000 116 
6714.334610500 117 
6714.335166000 142 
6714.335721500 133 
6714.336277000 112 
6714.336832500 129 
6714.337388000 143 
6714.337943500 121 
6714.338499000 114 
6714.339054500 138 
6714.339610000 138 
6714.340165500 113 
6714.340721000 122 
6714.341276500 143 
6714.341832000 126 
6714.342387500 111 
6714.342943000 134 
6714.343498500 142 
6714.344054000 116 
6714.344609500 118 
6714.345165000 142 
6714.345720500 132 
6714.346276000 111 
6714.346831500 127 
6714.347387000 143 
6714.347942500 121 
6714.348498000 114 
6714.349053500 139 
6714.349609000 137 
6714.350164500 113 
6714.350720000 122 
6714.351275500 144 
6714.351831000 128 
6714.352386500 111 
6714.352942000 134 
6714.353497500 141 
6714.354053000 117 
6714.354608500 117 
6714.355164000 142 
6714.355719500 132 
6714.356275000 111 
6714.356830500 128 
6714.357386000 144 
6714.357941500 121 
6714.358497000 113 
6714.359052500 139 
6714.359608000 139 
6714.360163500 112 
6714.360719000 122 
6714.361274500 144 
6714.361830000 127 
6714.362385500 112 
6714.362941000 133 
6714.363496500 142 
6714.364052000 116 
6714.364607500 118 
6714.365163000 142 
6714.365718500 133 
6714.366274000 111 
6714.366829500 129 
6714.367385000 143 
6714.367940500 122 
6714.368496000 113 
6714.369051500 139 
6714.369607000 137 
6714.370162500 113 
6714.370718000 123 
6714.371273500 143 
6714.371829000 127 
6714.372384500 112 
6714.372940000 134 
6714.373495500 141 
6714.374051000 116 
6714.374606500 117 
6714.375162000 141 
6714.375717500 134 
6714.376273000 112 
6714.376828500 127 
6714.377384000 144 
6714.377939500 122 
6714.378495000 113 
6714.379050500 139 
6714.379606000 137 
6714.380161500 112 
6714.380717000 122 
6714.381272500 145 
6714.381828000 126 
6714.382383500 112 
6714.382939000 133 
6714.383494500 142 
6714.384050000 116 
6714.384605500 118 
6714.385161000 141 
6714.385716500 133 
6714.386272000 111 
6714.386827500 128 
6714.387383000 143 
6714.387938500 121 
6714.388494000 114 
6714.389049500 138 
6714.389605000 137 
6714.390160500 113 
6714.390716000 122 
6714.391271500 144 
6714.391827000 128 
6714.392382500 111 
6714.392938000 134 
6714.393493500 141 
6714.394049000 116 
6714.394604500 116 
6714.395160000 142 
6714.395715500 133 
6714.396271000 111 
6714.396826500 128 
6714.397382000 144 
6714.397937500 121 
6714.398493000 114 
6714.399048500 139 
6714.399604000 137 
6714.400159500 113 
6714.400715000 122 
6714.401270500 143 
6714.401826000 127 
6714.402381500 111 
6714.402937000 133 
6714.403492500 141 
6714.404048000 117 
6714.404603500 117 
6714.405159000 141 
6714.405714500 133 
6714.406270000 111 
6714.406825500 128 
6714.407381000 143 
6714.407936500 121 
6714.408492000 113 
6714.409047500 138 
6714.409603000 139 
6714.410158500 112 
6714.410714000 123 
6714.411269500 143 
6714.411825000 127 
6714.412380500 111 
6714.412936000 134 
6714.413491500 141 
6714.414047000 116 
6714.414602500 118 
6714.415158000 142 
6714.415713500 133 
6714.416269000 112 
6714.416824500 128 
6714.417380000 143 
6714.417935500 122 
6714.418491000 113 
6714.419046500 139 
6714.419602000 138 
6714.420157500 113 
6714.420713000 122 
6714.421268500 144 
6714.421824000 127 
6714.422379500 112 
6714.422935000 133 
6714.423490500 141 
6714.424046000 117 
6714.424601500 117 
6714.425157000 141 
6714.425712500 132 
6714.426268000 111 
6714.426823500 128 
6714.427379000 143 
6714.427934500 122 
6714.428490000 114 
6714.429045500 138 
6714.429601000 139 
6714.430156500 112 
6714.430712000 122 
6714.431267500 144 
6714.431823000 127 
6714.432378500 111 
6714.432934000 133 
6714.433489500 141 
6714.434045000 116 
6714.434600500 116 
6714.435156000 141 
6714.435711500 134 
6714.436267000 111 
6714.436822500 128 
6714.437378000 143 
6714.437933500 122 
6714.438489000 114 
6714.439044500 138 
6714.439600000 138 
6714.440155500 112 
6714.440711000 122 
6714.441266500 143 
6714.441822000 127 
6714.442377500 111 
6714.442933000 133 
6714.443488500 142 
6714.444044000 117 
6714.444599500 117 
6714.445155000 143 
6714.445710500 132 
6714.446266000 111 
6714.446821500 128 
6714.447377000 143 
6714.447932500 122 
6714.448488000 113 
6714.449043500 139 
6714.449599000 137 
6714.450154500 113 
6714.450710000 123 
6714.451265500 143 
6714.451821000 127 
6714.452376500 111 
6714.452932000 132 
6714.453487500 142 
6714.454043000 116 
6714.454598500 117 
6714.455154000 142 
6714.455709500 134 
6714.456265000 111 
6714.456820500 128 
6714.457376000 145 
6714.457931500 121 
6714.458487000 113 
6714.459042500 139 
6714.459598000 137 
6714.460153500 114 
6714.460709000 121 
6714.461264500 144 
6714.461820000 127 
6714.462375500 111 
6714.462931000 134 
6714.463486500 141 
6714.464042000 117 
6714.464597500 117 
6714.465153000 141 
6714.465708500 133 
6714.466264000 112 
6714.466819500 127 
6714.467375000 144 
6714.467930500 121 
6714.468486000 114 
6714.469041500 138 
6714.469597000 138 
6714.470152500 113 
6714.470708000 122 
6714.471263500 144 
6714.471819000 128 
6714.472374500 112 
6714.472930000 133 
6714.473485500 142 
6714.474041000 116 
6714.474596500 116 
6714.475152000 142 
6714.475707500 133 
6714.476263000 111 
6714.476818500 128 
6714.477374000 143 
6714.477929500 122 
6714.478485000 112 
6714.479040500 138 
6714.479596000 138 
6714.480151500 112 
6714.480707000 122 
6714.481262500 143 
6714.481818000 127 
6714.482373500 112 
6714.482929000 134 
6714.483484500 142 
6714.484040000 117 
6714.484595500 117 
6714.485151000 142 
6714.485706500 131 
6714.486262000 112 
6714.486817500 127 
6714.487373000 143 
6714.487928500 122 
6714.488484000 113 
6714.489039500 138 
6714.489595000 138 
6714.490150500 113 
6714.490706000 122 
6714.491261500 143 
6714.491817000 127 
6714.492372500 111 
6714.492928000 133 
6714.493483500 142 
6714.494039000 116 
6714.494594500 117 
6714.495150000 141 
6714.495705500 134 
6714.496261000 111 
6714.496816500 127 
6714.497372000 144 
6714.497927500 123 
6714.498483000 113 
6714.499038500 138 
6714.499594000 138 
6714.500149500 113 
6714.500705000 123 
6714.501260500 143 
6714.501816000 127 
6714.502371500 112 
6714.502927000 133 
6714.503482500 142 
6714.504038000 117 
6714.504593500 117 
6714.505149000 142 
6714.505704500 132 
6714.506260000 112 
6714.506815500 127 
6714.507371000 143 
6714.507926500 122 
6714.508482000 113 
6714.509037500 138 
6714.509593000 138 
6714.510148500 114 
6714.510704000 121 
6714.511259500 144 
6714.511815000 127 
6714.512370500 111 
6714.512926000 133 
6714.513481500 142 
6714.514037000 117 
6714.514592500 116 
6714.515148000 142 
6714.515703500 134 
6714.516259000 112 
6714.516814500 127 
6714.517370000 143 
6714.517925500 122 
6714.518481000 113 
6714.519036500 138 
6714.519592000 139 
6714.520147500 113 
6714.520703000 122 
6714.521258500 143 
6714.521814000 128 
6714.522369500 111 
6714.522925000 133 
6714.523480500 142 
6714.524036000 117 
6714.524591500 118 
6714.525147000 141 
6714.525702500 132 
6714.526258000 112 
6714.526813500 127 
6714.527369000 144 
6714.527924500 122 
6714.528480000 113 
6714.529035500 139 
6714.529591000 138 
6714.530146500 113 
6714.530702000 122 
6714.531257500 143 
6714.531813000 128 
6714.532368500 112 
6714.532924000 132 
6714.533479500 142 
6714.534035000 117 
6714.534590500 116 
6714.535146000 142 
6714.535701500 134 
6714.536257000 111 
6714.536812500 128 
6714.537368000 143 
6714.537923500 122 
6714.538479000 114 
6714.539034500 138 
6714.539590000 137 
6714.540145500 114 
6714.540701000 122 
6714.541256500 143 
6714.541812000 128 
6714.542367500 111 
6714.542923000 132 
6714.543478500 142 
6714.544034000 116 
6714.544589500 116 
6714.545145000 142 
6714.545700500 132 
6714.546256000 112 
6714.546811500 126 
6714.547367000 144 
6714.547922500 121 
6714.548478000 114 
6714.549033500 138 
6714.549589000 138 
6714.550144500 114 
6714.550700000 121 
6714.551255500 144 
6714.551811000 128 
6714.552366500 111 
6714.552922000 132 
6714.553477500 142 
6714.554033000 118 
6714.554588500 116 
6714.555144000 142 
6714.555699500 134 
6714.556255000 111 
6714.556810500 128 
6714.557366000 144 
6714.557921500 122 
6714.558477000 114 
6714.559032500 137 
6714.559588000 138 
6714.560143500 113 
6714.560699000 121 
6714.561254500 144 
6714.561810000 127 
6714.562365500 111 
6714.562921000 133 
6714.563476500 141 
6714.564032000 118 
6714.564587500 116 
6714.565143000 142 
6714.565698500 132 
6714.566254000 111 
6714.566809500 128 
6714.567365000 143 
6714.567920500 122 
6714.568476000 113 
6714.569031500 138 
6714.569587000 138 
6714.570142500 114 
6714.570698000 121 
6714.571253500 143 
6714.571809000 128 
6714.572364500 111 
6714.572920000 132 
6714.573475500 143 
6714.574031000 116 
6714.574586500 117 
6714.575142000 141 
6714.575697500 134 
6714.576253000 112 
6714.576808500 126 
6714.577364000 145 
6714.577919500 122 
6714.578475000 113 
6714.579030500 138 
6714.579586000 139 
6714.580141500 113 
6714.580697000 121 
6714.581252500 144 
6714.581808000 128 
6714.582363500 111 
6714.582919000 133 
6714.583474500 141 
6714.584030000 118 
6714.584585500 116 
6714.585141000 141 
6714.585696500 133 
6714.586252000 111 
6714.586807500 127 
6714.587363000 143 
6714.587918500 122 
6714.588474000 114 
6714.589029500 137 
6714.589585000 138 
6714.590140500 114 
6714.590696000 121 
6714.591251500 144 
6714.591807000 128 
6714.592362500 111 
6714.592918000 133 
6714.593473500 141 
6714.594029000 118 
6714.594584500 116 
6714.595140000 140 
6714.595695500 135 
6714.596251000 111 
6714.596806500 126 
6714.597362000 144 
6714.597917500 122 
6714.598473000 112 
6714.599028500 138 
6714.599584000 139 
6714.600139500 113 
6714.600695000 121 
6714.601250500 143 
6714.601806000 128 
6714.602361500 111 
6714.602917000 132 
6714.603472500 142 
6714.604028000 117 
6714.604583500 117 
6714.605139000 141 
6714.605694500 133 
6714.606250000 111 
6714.606805500 127 
6714.607361000 143 
6714.607916500 123 
6714.608472000 113 
6714.609027500 137 
6714.609583000 139 
6714.610138500 113 
6714.610694000 121 
6714.611249500 143 
6714.611805000 129 
6714.612360500 111 
6714.612916000 132 
6714.613471500 143 
6714.614027000 117 
6714.614582500 116 
6714.615138000 141 
6714.615693500 134 
6714.616249000 112 
6714.616804500 126 
6714.617360000 144 
6714.617915500 122 
6714.618471000 113 
6714.619026500 137 
6714.619582000 138 
6714.620137500 113 
6714.620693000 121 
6714.621248500 143 
6714.621804000 128 
6714.622359500 111 
6714.622915000 133 
6714.623470500 141 
6714.624026000 118 
6714.624581500 116 
6714.625137000 141 
6714.625692500 133 
6714.626248000 111 
6714.626803500 126 
6714.627359000 144 
6714.627914500 123 
6714.628470000 112 
6714.629025500 137 
6714.629581000 139 
6714.630136500 114 
6714.630692000 122 
6714.631247500 143 
6714.631803000 129 
6714.632358500 111 
6714.632914000 132 
6714.633469500 142 
6714.634025000 117 
6714.634580500 117 
6714.635136000 141 
6714.635691500 135 
6714.636247000 112 
6714.636802500 126 
6714.637358000 144 
6714.637913500 123 
6714.638469000 112 
6714.639024500 138 
6714.639580000 138 
6714.640135500 113 
6714.640691000 121 
6714.641246500 144 
6714.641802000 128 
6714.642357500 111 
6714.642913000 132 
6714.643468500 141 
6714.644024000 118 
6714.644579500 116 
6714.645135000 142 
6714.645690500 133 
6714.646246000 112 
6714.646801500 126 
6714.647357000 144 
6714.647912500 123 
6714.648468000 113 
6714.649023500 137 
6714.649579000 139 
6714.650134500 114 
6714.650690000 121 
6714.651245500 144 
6714.651801000 129 
6714.652356500 111 
6714.652912000 133 
6714.653467500 142 
6714.654023000 118 
6714.654578500 116 
6714.655134000 141 
6714.655689500 136 
6714.656245000 112 
6714.656800500 126 
6714.657356000 145 
6714.657911500 122 
6714.658467000 113 
6714.659022500 137 
6714.659578000 139 
6714.660133500 115 
6714.660689000 121 
6714.661244500 143 
6714.661800000 129 
6714.662355500 111 
6714.662911000 132 
6714.663466500 142 
6714.664022000 118 
6714.664577500 117 
6714.665133000 141 
6714.665688500 133 
6714.666244000 112 
6714.666799500 126 
6714.667355000 144 
6714.667910500 123 
6714.668466000 113 
6714.669021500 138 
6714.669577000 139 
6714.670132500 113 
6714.670688000 121 
6714.671243500 144 
6714.671799000 128 
6714.672354500 111 
6714.672910000 132 
6714.673465500 142 
6714.674021000 117 
6714.674576500 116 
6714.675132000 140 
6714.675687500 135 
6714.676243000 112 
6714.676798500 125 
6714.677354000 144 
6714.677909500 122 
6714.678465000 112 
6714.679020500 138 
6714.679576000 138 
6714.680131500 114 
6714.680687000 121 
6714.681242500 143 
6714.681798000 129 
6714.682353500 111 
6714.682909000 132 
6714.683464500 142 
6714.684020000 118 
6714.684575500 116 
6714.685131000 141 
6714.685686500 134 
6714.686242000 111 
6714.686797500 127 
6714.687353000 143 
6714.687908500 124 
6714.688464000 112 
6714.689019500 137 
6714.689575000 138 
6714.690130500 114 
6714.690686000 121 
6714.691241500 143 
6714.691797000 129 
6714.692352500 111 
6714.692908000 132 
6714.693463500 143 
6714.694019000 117 
6714.694574500 115 
6714.695130000 141 
6714.695685500 134 
6714.696241000 112 
6714.696796500 125 
6714.697352000 144 
6714.697907500 122 
6714.698463000 113 
6714.699018500 138 
6714.699574000 138 
6714.700129500 114 
6714.700685000 121 
6714.701240500 144 
6714.701796000 129 
6714.702351500 111 
6714.702907000 132 
6714.703462500 142 
6714.704018000 118 
6714.704573500 116 
6714.705129000 141 
6714.705684500 133 
6714.706240000 112 
6714.706795500 127 
6714.707351000 143 
6714.707906500 123 
6714.708462000 112 
6714.709017500 138 
6714.709573000 139 
6714.710128500 114 
6714.710684000 120 
6714.711239500 143 
6714.711795000 129 
6714.712350500 111 
6714.712906000 132 
6714.713461500 143 
6714.714017000 118 
6714.714572500 116 
6714.715128000 141 
6714.715683500 135 
6714.716239000 112 
6714.716794500 125 
6714.717350000 145 
6714.717905500 123 
6714.718461000 113 
6714.719016500 138 
6714.719572000 138 
6714.720127500 114 
6714.720683000 120 
6714.721238500 143 
6714.721794000 129 
6714.722349500 110 
6714.722905000 132 
6714.723460500 143 
6714.724016000 118 
6714.724571500 115 
6714.725127000 141 
6714.725682500 134 
6714.726238000 111 
6714.726793500 127 
6714.727349000 144 
6714.727904500 123 
6714.728460000 113 
6714.729015500 136 
6714.729571000 139 
6714.730126500 113 
6714.730682000 121 
6714.731237500 143 
6714.731793000 129 
6714.732348500 112 
6714.732904000 132 
6714.733459500 142 
6714.734015000 118 
6714.734570500 116 
6714.735126000 142 
6714.735681500 135 
6714.736237000 112 
6714.736792500 126 
6714.737348000 144 
6714.737903500 123 
6714.738459000 112 
6714.739014500 137 
6714.739570000 140 
6714.740125500 114 
6714.740681000 121 
6714.741236500 143 
6714.741792000 129 
6714.742347500 111 
6714.742903000 132 
6714.743458500 143 
6714.744014000 118 
6714.744569500 116 
6714.745125000 141 
6714.745680500 134 
6714.746236000 112 
6714.746791500 126 
6714.747347000 144 
6714.747902500 123 
6714.748458000 113 
6714.749013500 137 
6714.749569000 139 
6714.750124500 114 
6714.750680000 121 
6714.751235500 143 
6714.751791000 130 
6714.752346500 110 
6714.752902000 132 
6714.753457500 142 
6714.754013000 118 
6714.754568500 116 
6714.755124000 140 
6714.755679500 135 
6714.756235000 112 
6714.756790500 125 
6714.757346000 144 
6714.757901500 122 
6714.758457000 113 
6714.759012500 136 
6714.759568000 139 
6714.760123500 114 
6714.760679000 120 
6714.761234500 143 
6714.761790000 130 
6714.762345500 111 
6714.762901000 132 
6714.763456500 142 
6714.764012000 118 
6714.764567500 116 
6714.765123000 141 
6714.765678500 133 
6714.766234000 112 
6714.766789500 127 
6714.767345000 143 
6714.767900500 124 
6714.768456000 112 
6714.769011500 138 
6714.769567000 139 
6714.770122500 114 
6714.770678000 121 
6714.771233500 142 
6714.771789000 130 
6714.772344500 111 
6714.772900000 131 
6714.773455500 143 
6714.774011000 118 
6714.774566500 116 
6714.775122000 140 
6714.775677500 135 
6714.776233000 112 
6714.776788500 125 
6714.777344000 144 
6714.777899500 123 
6714.778455000 112 
6714.779010500 137 
6714.779566000 139 
6714.780121500 114 
6714.780677000 121 
6714.781232500 143 
6714.781788000 129 
6714.782343500 111 
6714.782899000 131 
6714.783454500 142 
6714.784010000 119 
6714.784565500 115 
6714.785121000 141 
6714.785676500 134 
6714.786232000 111 
6714.786787500 126 
6714.787343000 144 
6714.787898500 123 
6714.788454000 113 
6714.789009500 136 
6714.789565000 140 
6714.790120500 114 
6714.790676000 120 
6714.791231500 144 
6714.791787000 129 
6714.792342500 111 
6714.792898000 131 
6714.793453500 143 
6714.794009000 118 
6714.794564500 115 
6714.795120000 141 
6714.795675500 136 
6714.796231000 112 
6714.796786500 126 
6714.797342000 144 
6714.797897500 124 
6714.798453000 112 
6714.799008500 137 
6714.799564000 139 
6714.800119500 115 
6714.800675000 120 
6714.801230500 144 
6714.801786000 129 
6714.802341500 111 
6714.802897000 131 
6714.803452500 143 
6714.804008000 118 
6714.804563500 116 
6714.805119000 141 
6714.805674500 133 
6714.806230000 112 
6714.806785500 126 
6714.807341000 144 
6714.807896500 123 
6714.808452000 112 
6714.809007500 137 
6714.809563000 138 
6714.810118500 115 
6714.810674000 120 
6714.811229500 143 
6714.811785000 129 
6714.812340500 112 
6714.812896000 131 
6714.813451500 142 
6714.814007000 119 
6714.814562500 115 
6714.815118000 141 
6714.815673500 135 
6714.816229000 112 
6714.816784500 125 
6714.817340000 144 
6714.817895500 124 
6714.818451000 112 
6714.819006500 137 
6714.819562000 139 
6714.820117500 115 
6714.820673000 120 
6714.821228500 143 
6714.821784000 130 
6714.822339500 111 
6714.822895000 131 
6714.823450500 143 
6714.824006000 119 
6714.824561500 116 
6714.825117000 141 
6714.825672500 134 
6714.826228000 112 
6714.826783500 126 
6714.827339000 144 
6714.827894500 124 
6714.828450000 113 
6714.829005500 136 
6714.829561000 139 
6714.830116500 114 
6714.830672000 120 
6714.831227500 143 
6714.831783000 130 
6714.832338500 111 
6714.832894000 131 
6714.833449500 142 
6714.834005000 119 
6714.834560500 115 
6714.835116000 140 
6714.835671500 135 
6714.836227000 111 
6714.836782500 125 
6714.837338000 143 
6714.837893500 124 
6714.838449000 112 
6714.839004500 136 
6714.839560000 140 
6714.840115500 114 
6714.840671000 120 
6714.841226500 143 
6714.841782000 130 
6714.842337500 111 
6714.842893000 132 
6714.843448500 142 
6714.844004000 119 
6714.844559500 115 
6714.845115000 141 
6714.845670500 135 
6714.846226000 112 
6714.846781500 126 
6714.847337000 144 
6714.847892500 124 
6714.848448000 113 
6714.849003500 136 
6714.849559000 140 
6714.850114500 114 
6714.850670000 120 
6714.851225500 144 
6714.851781000 129 
6714.852336500 111 
6714.852892000 131 
6714.853447500 142 
6714.854003000 118 
6714.854558500 115 
6714.855114000 140 
6714.855669500 136 
6714.856225000 111 
6714.856780500 125 
6714.857336000 144 
6714.857891500 124 
6714.858447000 113 
6714.859002500 136 
6714.859558000 139 
6714.860113500 114 
6714.860669000 120 
6714.861224500 143 
6714.861780000 130 
6714.862335500 111 
6714.862891000 131 
6714.863446500 143 
6714.864002000 118 
6714.864557500 116 
6714.865113000 140 
6714.865668500 135 
6714.866224000 112 
6714.866779500 125 
6714.867335000 143 
6714.867890500 124 
6714.868446000 111 
6714.869001500 136 
6714.869557000 140 
6714.870112500 114 
6714.870668000 120 
6714.871223500 144 
6714.871779000 129 
6714.872334500 111 
6714.872890000 132 
6714.873445500 142 
6714.874001000 119 
6714.874556500 115 
6714.875112000 140 
6714.875667500 136 
6714.876223000 112 
6714.876778500 124 
6714.877334000 144 
6714.877889500 123 
6714.878445000 113 
6714.879000500 136 
6714.879556000 140 
6714.880111500 115 
6714.880667000 119 
6714.881222500 143 
6714.881778000 130 
6714.882333500 110 
6714.882889000 132 
6714.883444500 142 
6714.884000000 119 
6714.884555500 115 
6714.885111000 141 
6714.885666500 135 
6714.886222000 111 
6714.886777500 126 
6714.887333000 144 
6714.887888500 124 
6714.888444000 113 
6714.888999500 136 
6714.889555000 140 
6714.890110500 113 
6714.890666000 120 
6714.891221500 143 
6714.891777000 130 
6714.892332500 111 
6714.892888000 131 
6714.893443500 142 
6714.893999000 119 
6714.894554500 115 
6714.895110000 140 
6714.895665500 136 
6714.896221000 112 
6714.896776500 125 
6714.897332000 143 
6714.897887500 124 
6714.898443000 112 
6714.898998500 136 
6714.899554000 139 
6714.900109500 115 
6714.900665000 120 
6714.901220500 142 
6714.901776000 130 
6714.902331500 112 
6714.902887000 131 
6714.903442500 143 
6714.903998000 119 
6714.904553500 115 
6714.905109000 140 
6714.905664500 134 
6714.906220000 111 
6714.906775500 126 
6714.907331000 143 
6714.907886500 124 
6714.908442000 112 
6714.908997500 136 
6714.909553000 140 
6714.910108500 114 
6714.910664000 119 
6714.911219500 143 
6714.911775000 130 
6714.912330500 112 
6714.912886000 130 
6714.913441500 143 
6714.913997000 118 
6714.914552500 115 
6714.915108000 140 
6714.915663500 136 
6714.916219000 112 
6714.916774500 124 
6714.917330000 143 
6714.917885500 124 
6714.918441000 112 
6714.918996500 136 
6714.919552000 140 
6714.920107500 115 
6714.920663000 119 
6714.921218500 144 
6714.921774000 130 
6714.922329500 111 
6714.922885000 131 
6714.923440500 142 
6714.923996000 120 
6714.924551500 115 
6714.925107000 140 
6714.925662500 134 
6714.926218000 112 
6714.926773500 125 
6714.927329000 144 
6714.927884500 124 
6714.928440000 112 
6714.928995500 136 
6714.929551000 140 
6714.930106500 115 
6714.930662000 120 
6714.931217500 143 
6714.931773000 130 
6714.932328500 111 
6714.932884000 131 
6714.933439500 142 
6714.933995000 119 
6714.934550500 115 
6714.935106000 140 
6714.935661500 136 
6714.936217000 111 
6714.936772500 125 
6714.937328000 143 
6714.937883500 125 
6714.938439000 113 
6714.938994500 136 
6714.939550000 140 
6714.940105500 114 
6714.940661000 119 
6714.941216500 143 
6714.941772000 130 
6714.942327500 112 
6714.942883000 130 
6714.943438500 143 
6714.943994000 119 
6714.944549500 115 
6714.945105000 140 
6714.945660500 135 
6714.946216000 112 
6714.946771500 126 
6714.947327000 143 
6714.947882500 124 
6714.948438000 112 
6714.948993500 135 
6714.949549000 140 
6714.950104500 115 
6714.950660000 120 
6714.951215500 142 
6714.951771000 130 
6714.952326500 110 
6714.952882000 131 
6714.953437500 142 
6714.953993000 119 
6714.954548500 116 
6714.955104000 140 
6714.955659500 137 
6714.956215000 111 
6714.956770500 125 
6714.957326000 144 
6714.957881500 124 
6714.958437000 112 
6714.958992500 136 
6714.959548000 141 
6714.960103500 114 
6714.960659000 120 
6714.961214500 142 
6714.961770000 130 
6714.962325500 111 
6714.962881000 130 
6714.963436500 142 
6714.963992000 120 
6714.964547500 115 
6714.965103000 140 
6714.965658500 135 
6714.966214000 112 
6714.966769500 126 
6714.967325000 143 
6714.967880500 124 
6714.968436000 112 
6714.968991500 136 
6714.969547000 140 
6714.970102500 115 
6714.970658000 120 
6714.971213500 143 
6714.971769000 130 
6714.972324500 111 
6714.972880000 130 
6714.973435500 143 
6714.973991000 119 
6714.974546500 114 
6714.975102000 140 
6714.975657500 136 
6714.976213000 113 
6714.976768500 123 
6714.977324000 144 
6714.977879500 124 
6714.978435000 112 
6714.978990500 136 
6714.979546000 140 
6714.980101500 115 
6714.980657000 119 
6714.981212500 143 
6714.981768000 130 
6714.982323500 112 
6714.982879000 130 
6714.983434500 143 
6714.983990000 119 
6714.984545500 116 
6714.985101000 140 
6714.985656500 135 
6714.986212000 112 
6714.986767500 126 
6714.987323000 143 
6714.987878500 125 
6714.988434000 113 
6714.988989500 135 
6714.989545000 140 
6714.990100500 115 
6714.990656000 119 
6714.991211500 143 
6714.991767000 130 
6714.992322500 112 
6714.992878000 131 
6714.993433500 143 
6714.993989000 119 
6714.994544500 114 
6714.995100000 140 
6714.995655500 136 
6714.996211000 112 
6714.996766500 124 
6714.997322000 144 
6714.997877500 124 
6714.998433000 112 
6714.998988500 136 
6714.999544000 139 
6715.000099500 115 
6715.000655000 119 
6715.001210500 143 
6715.001766000 130 
6715.002321500 111 
6715.002877000 131 
6715.003432500 143 
6715.003988000 119 
6715.004543500 115 
6715.005099000 140 
6715.005654500 134 
6715.006210000 112 
6715.006765500 125 
6715.007321000 144 
6715.007876500 124 
6715.008432000 112 
6715.008987500 136 
6715.009543000 141 
6715.010098500 114 
6715.010654000 120 
6715.011209500 143 
6715.011765000 130 
6715.012320500 112 
6715.012876000 130 
6715.013431500 143 
6715.013987000 119 
6715.014542500 114 
6715.015098000 140 
6715.015653500 137 
6715.016209000 112 
6715.016764500 123 
6715.017320000 144 
6715.017875500 125 
6715.018431000 112 
6715.018986500 136 
6715.019542000 140 
6715.020097500 115 
6715.020653000 120 
6715.021208500 142 
6715.021764000 131 
6715.022319500 111 
6715.022875000 131 
6715.023430500 142 
6715.023986000 120 
6715.024541500 115 
6715.025097000 140 
6715.025652500 136 
6715.026208000 112 
6715.026763500 125 
6715.027319000 143 
6715.027874500 124 
6715.028430000 112 
6715.028985500 136 
6715.029541000 140 
6715.030096500 115 
6715.030652000 118 
6715.031207500 143 
6715.031763000 130 
6715.032318500 111 
6715.032874000 131 
6715.033429500 143 
6715.033985000 120 
6715.034540500 115 
6715.035096000 140 
6715.035651500 136 
6715.036207000 113 
6715.036762500 124 
6715.037318000 144 
6715.037873500 124 
6715.038429000 112 
6715.038984500 135 
6715.039540000 140 
6715.040095500 115 
6715.040651000 119 
6715.041206500 143 
6715.041762000 130 
6715.042317500 111 
6715.042873000 131 
6715.043428500 143 
6715.043984000 120 
6715.044539500 114 
6715.045095000 140 
6715.045650500 135 
6715.046206000 112 
6715.046761500 125 
6715.047317000 144 
6715.047872500 125 
6715.048428000 112 
6715.048983500 136 
6715.049539000 140 
6715.050094500 116 
6715.050650000 119 
6715.051205500 143 
6715.051761000 130 
6715.052316500 111 
6715.052872000 130 
6715.053427500 143 
6715.053983000 119 
6715.054538500 115 
6715.055094000 140 
6715.055649500 138 
6715.056205000 112 
6715.056760500 124 
6715.057316000 143 
6715.057871500 125 
6715.058427000 113 
6715.058982500 135 
6715.059538000 141 
6715.060093500 114 
6715.060649000 119 
6715.061204500 142 
6715.061760000 131 
6715.062315500 111 
6715.062871000 131 
6715.063426500 143 
6715.063982000 119 
6715.064537500 115 
6715.065093000 139 
6715.065648500 135 
6715.066204000 113 
6715.066759500 124 
6715.067315000 144 
6715.067870500 125 
6715.068426000 111 
6715.068981500 136 
6715.069537000 139 
6715.070092500 115 
6715.070648000 120 
6715.071203500 142 
6715.071759000 130 
6715.072314500 112 
6715.072870000 129 
6715.073425500 143 
6715.073981000 119 
6715.074536500 114 
6715.075092000 140 
6715.075647500 138 
6715.076203000 113 
6715.076758500 123 
6715.077314000 144 
6715.077869500 124 
6715.078425000 111 
6715.078980500 136 
6715.079536000 140 
6715.080091500 116 
6715.080647000 119 
6715.081202500 142 
6715.081758000 130 
6715.082313500 111 
6715.082869000 130 
6715.083424500 143 
6715.083980000 120 
6715.084535500 114 
6715.085091000 140 
6715.085646500 135 
6715.086202000 112 
6715.086757500 125 
6715.087313000 144 
6715.087868500 125 
6715.088424000 112 
6715.088979500 135 
6715.089535000 140 
6715.090090500 115 
6715.090646000 120 
6715.091201500 142 
6715.091757000 132 
6715.092312500 110 
6715.092868000 130 
6715.093423500 143 
6715.093979000 120 
6715.094534500 114 
6715.095090000 139 
6715.095645500 137 
6715.096201000 112 
6715.096756500 123 
6715.097312000 144 
6715.097867500 125 
6715.098423000 111 
6715.098978500 136 
6715.099534000 140 
6715.100089500 115 
6715.100645000 119 
6715.101200500 142 
6715.101756000 131 
6715.102311500 111 
6715.102867000 130 
6715.103422500 143 
6715.103978000 119 
6715.104533500 115 
6715.105089000 139 
6715.105644500 136 
6715.106200000 112 
6715.106755500 125 
6715.107311000 143 
6715.107866500 125 
6715.108422000 112 
6715.108977500 135 
6715.109533000 140 
6715.110088500 115 
6715.110644000 119 
6715.111199500 143 
6715.111755000 130 
6715.112310500 111 
6715.112866000 129 
6715.113421500 143 
6715.113977000 119 
6715.114532500 115 
6715.115088000 139 
6715.115643500 138 
6715.116199000 112 
6715.116754500 123 
6715.117310000 144 
6715.117865500 125 
6715.118421000 111 
6715.118976500 136 
6715.119532000 140 
6715.120087500 116 
6715.120643000 119 
6715.121198500 142 
6715.121754000 131 
6715.122309500 111 
6715.122865000 130 
6715.123420500 143 
6715.123976000 121 
6715.124531500 114 
6715.125087000 140 
6715.125642500 135 
6715.126198000 113 
6715.126753500 125 
6715.127309000 144 
6715.127864500 125 
6715.128420000 111 
6715.128975500 135 
6715.129531000 140 
6715.130086500 115 
6715.130642000 119 
6715.131197500 142 
6715.131753000 131 
6715.132308500 111 
6715.132864000 130 
6715.133419500 143 
6715.133975000 119 
6715.134530500 115 
6715.135086000 139 
6715.135641500 137 
6715.136197000 113 
6715.136752500 123 
6715.137308000 143 
6715.137863500 125 
6715.138419000 112 
6715.138974500 135 
6715.139530000 141 
6715.140085500 115 
6715.140641000 119 
6715.141196500 142 
6715.141752000 131 
6715.142307500 111 
6715.142863000 129 
6715.143418500 143 
6715.143974000 120 
6715.144529500 115 
6715.145085000 139 
6715.145640500 136 
6715.146196000 112 
6715.146751500 124 
6715.147307000 143 
6715.147862500 126 
6715.148418000 111 
6715.148973500 135 
6715.149529000 140 
6715.150084500 115 
6715.150640000 118 
6715.151195500 142 
6715.151751000 131 
6715.152306500 111 
6715.152862000 129 
6715.153417500 142 
6715.153973000 120 
6715.154528500 113 
6715.155084000 139 
6715.155639500 136 
6715.156195000 112 
6715.156750500 122 
6715.157306000 144 
6715.157861500 125 
6715.158417000 111 
6715.158972500 135 
6715.159528000 140 
6715.160083500 115 
6715.160639000 119 
6715.161194500 142 
6715.161750000 131 
6715.162305500 112 
6715.162861000 129 
6715.163416500 143 
6715.163972000 120 
6715.164527500 114 
6715.165083000 139 
6715.165638500 137 
6715.166194000 112 
6715.166749500 125 
6715.167305000 143 
6715.167860500 126 
6715.168416000 111 
6715.168971500 135 
6715.169527000 142 
6715.170082500 115 
6715.170638000 119 
6715.171193500 143 
6715.171749000 131 
6715.172304500 112 
6715.172860000 129 
6715.173415500 143 
6715.173971000 120 
6715.174526500 114 
6715.175082000 140 
6715.175637500 137 
6715.176193000 113 
6715.176748500 123 
6715.177304000 144 
6715.177859500 125 
6715.178415000 112 
6715.178970500 136 
6715.179526000 140 
6715.180081500 116 
6715.180637000 118 
6715.181192500 142 
6715.181748000 131 
6715.182303500 112 
6715.182859000 129 
6715.183414500 143 
6715.183970000 121 
6715.184525500 114 
6715.185081000 138 
6715.185636500 136 
6715.186192000 112 
6715.186747500 124 
6715.187303000 144 
6715.187858500 125 
6715.188414000 112 
6715.188969500 135 
6715.189525000 141 
6715.190080500 115 
6715.190636000 119 
6715.191191500 143 
6715.191747000 132 
6715.192302500 111 
6715.192858000 129 
6715.193413500 143 
6715.193969000 120 
6715.194524500 115 
6715.195080000 139 
6715.195635500 137 
6715.196191000 113 
6715.196746500 123 
6715.197302000 143 
6715.197857500 126 
6715.198413000 112 
6715.198968500 135 
6715.199524000 141 
6715.200079500 116 
6715.200635000 118 
6715.201190500 143 
6715.201746000 131 
6715.202301500 111 
6715.202857000 129 
6715.203412500 143 
6715.203968000 121 
6715.204523500 114 
6715.205079000 139 
6715.205634500 137 
6715.206190000 112 
6715.206745500 125 
6715.207301000 144 
6715.207856500 125 
6715.208412000 112 
6715.208967500 135 
6715.209523000 140 
6715.210078500 116 
6715.210634000 117 
6715.211189500 143 
6715.211745000 131 
6715.212300500 110 
6715.212856000 129 
6715.213411500 143 
6715.213967000 120 
6715.214522500 114 
6715.215078000 139 
6715.215633500 136 
6715.216189000 113 
6715.216744500 122 
6715.217300000 143 
6715.217855500 127 
6715.218411000 111 
6715.218966500 135 
6715.219522000 141 
6715.220077500 115 
6715.220633000 118 
6715.221188500 142 
6715.221744000 132 
6715.222299500 112 
6715.222855000 129 
6715.223410500 143 
6715.223966000 120 
6715.224521500 114 
6715.225077000 140 
6715.225632500 137 
6715.226188000 112 
6715.226743500 125 
6715.227299000 143 
6715.227854500 126 
6715.228410000 112 
6715.228965500 135 
6715.229521000 140 
6715.230076500 116 
6715.230632000 118 
6715.231187500 142 
6715.231743000 132 
6715.232298500 111 
6715.232854000 129 
6715.233409500 144 
6715.233965000 121 
6715.234520500 114 
6715.235076000 139 
6715.235631500 137 
6715.236187000 113 
6715.236742500 122 
6715.237298000 144 
6715.237853500 125 
6715.238409000 112 
6715.238964500 134 
6715.239520000 140 
6715.240075500 116 
6715.240631000 118 
6715.241186500 143 
6715.241742000 131 
6715.242297500 111 
6715.242853000 130 
6715.243408500 143 
6715.243964000 121 
6715.244519500 114 
6715.245075000 139 
6715.245630500 136 
6715.246186000 113 
6715.246741500 124 
6715.247297000 143 
6715.247852500 126 
6715.248408000 112 
6715.248963500 135 
6715.249519000 141 
6715.250074500 116 
6715.250630000 118 
6715.251185500 142 
6715.251741000 131 
6715.252296500 111 
6715.252852000 129 
6715.253407500 143 
6715.253963000 120 
6715.254518500 113 
6715.255074000 140 
6715.255629500 137 
6715.256185000 112 
6715.256740500 123 
6715.257296000 144 
6715.257851500 126 
6715.258407000 111 
6715.258962500 135 
6715.259518000 141 
6715.260073500 116 
6715.260629000 118 
6715.261184500 142 
6715.261740000 132 
6715.262295500 111 
6715.262851000 129 
6715.263406500 144 
6715.263962000 120 
6715.264517500 114 
6715.265073000 138 
6715.265628500 136 
6715.266184000 113 
6715.266739500 123 
6715.267295000 144 
6715.267850500 126 
6715.268406000 112 
6715.268961500 134 
6715.269517000 141 
6715.270072500 116 
6715.270628000 118 
6715.271183500 142 
6715.271739000 132 
6715.272294500 111 
6715.272850000 129 
6715.273405500 143 
6715.273961000 121 
6715.274516500 114 
6715.275072000 139 
6715.275627500 139 
6715.276183000 113 
6715.276738500 122 
6715.277294000 144 
6715.277849500 125 
6715.278405000 112 
6715.278960500 135 
6715.279516000 141 
6715.280071500 117 
6715.280627000 117 
6715.281182500 142 
6715.281738000 131 
6715.282293500 111 
6715.282849000 129 
6715.283404500 143 
6715.283960000 121 
6715.284515500 114 
6715.285071000 139 
6715.285626500 137 
6715.286182000 113 
6715.286737500 124 
6715.287293000 143 
6715.287848500 127 
6715.288404000 112 
6715.288959500 133 
6715.289515000 142 
6715.290070500 115 
6715.290626000 118 
6715.291181500 142 
6715.291737000 132 
6715.292292500 111 
6715.292848000 129 
6715.293403500 143 
6715.293959000 121 
6715.294514500 113 
6715.295070000 140 
6715.295625500 137 
6715.296181000 113 
6715.296736500 121 
6715.297292000 143 
6715.297847500 126 
6715.298403000 111 
6715.298958500 135 
6715.299514000 140 
6715.300069500 117 
6715.300625000 117 
6715.301180500 143 
6715.301736000 131 
6715.302291500 112 
6715.302847000 128 
6715.303402500 143 
6715.303958000 121 
6715.304513500 113 
6715.305069000 139 
6715.305624500 137 
6715.306180000 113 
6715.306735500 124 
6715.307291000 143 
6715.307846500 127 
6715.308402000 112 
6715.308957500 134 
6715.309513000 141 
6715.310068500 117 
6715.310624000 117 
6715.311179500 143 
6715.311735000 132 
6715.312290500 112 
6715.312846000 128 
6715.313401500 144 
6715.313957000 120 
6715.314512500 114 
6715.315068000 139 
6715.315623500 137 
6715.316179000 113 
6715.316734500 122 
6715.317290000 143 
6715.317845500 127 
6715.318401000 112 
6715.318956500 135 
6715.319512000 140 
6715.320067500 115 
6715.320623000 118 
6715.321178500 142 
6715.321734000 132 
6715.322289500 111 
6715.322845000 129 
6715.323400500 143 
6715.323956000 122 
6715.324511500 113 
6715.325067000 139 
6715.325622500 137 
6715.326178000 113 
6715.326733500 123 
6715.327289000 144 
6715.327844500 126 
6715.328400000 112 
6715.328955500 134 
6715.329511000 141 
6715.330066500 115 
6715.330622000 118 
6715.331177500 142 
6715.331733000 132 
6715.332288500 112 
6715.332844000 128 
6715.333399500 144 
6715.333955000 121 
6715.334510500 114 
6715.335066000 139 
6715.335621500 137 
6715.336177000 113 
6715.336732500 121 
6715.337288000 144 
6715.337843500 126 
6715.338399000 111 
6715.338954500 134 
6715.339510000 141 
6715.340065500 116 
6715.340621000 117 
6715.341176500 142 
6715.341732000 133 
6715.342287500 111 
6715.342843000 129 
6715.343398500 143 
6715.343954000 121 
6715.344509500 114 
6715.345065000 138 
6715.345620500 138 
6715.346176000 113 
6715.346731500 123 
6715.347287000 144 
6715.347842500 126 
6715.348398000 112 
6715.348953500 134 
6715.349509000 141 
6715.350064500 116 
6715.350620000 117 
6715.351175500 142 
6715.351731000 132 
6715.352286500 111 
6715.352842000 128 
6715.353397500 144 
6715.353953000 120 
6715.354508500 114 
6715.355064000 139 
6715.355619500 137 
6715.356175000 113 
6715.356730500 122 
6715.357286000 144 
6715.357841500 126 
6715.358397000 112 
6715.358952500 134 
6715.359508000 141 
6715.360063500 117 
6715.360619000 118 
6715.361174500 142 
6715.361730000 133 
6715.362285500 111 
6715.362841000 128 
6715.363396500 143 
6715.363952000 121 
6715.364507500 114 
6715.365063000 138 
6715.365618500 138 
6715.366174000 114 
6715.366729500 123 
6715.367285000 144 
6715.367840500 126 
6715.368396000 112 
6715.368951500 134 
6715.369507000 141 
6715.370062500 117 
6715.370618000 117 
6715.371173500 142 
6715.371729000 132 
6715.372284500 111 
6715.372840000 128 
6715.373395500 143 
6715.373951000 121 
6715.374506500 114 
6715.375062000 139 
6715.375617500 137 
6715.376173000 113 
6715.376728500 122 
6715.377284000 144 
6715.377839500 127 
6715.378395000 111 
6715.378950500 134 
6715.379506000 142 
6715.380061500 116 
6715.380617000 117 
6715.381172500 142 
6715.381728000 133 
6715.382283500 111 
6715.382839000 129 
6715.383394500 143 
6715.383950000 121 
6715.384505500 114 
6715.385061000 138 
6715.385616500 137 
6715.386172000 114 
6715.386727500 123 
6715.387283000 144 
6715.387838500 127 
6715.388394000 111 
6715.388949500 133 
6715.389505000 141 
6715.390060500 117 
6715.390616000 117 
6715.391171500 142 
6715.391727000 132 
6715.392282500 112 
6715.392838000 128 
6715.393393500 144 
6715.393949000 122 
6715.394504500 113 
6715.395060000 139 
6715.395615500 137 
6715.396171000 113 
6715.396726500 122 
6715.397282000 143 
6715.397837500 126 
6715.398393000 112 
6715.398948500 134 
6715.399504000 141 
6715.400059500 117 
6715.400615000 117 
6715.401170500 142 
6715.401726000 133 
6715.402281500 111 
6715.402837000 128 
6715.403392500 143 
6715.403948000 121 
6715.404503500 113 
6715.405059000 138 
6715.405614500 137 
6715.406170000 113 
6715.406725500 123 
6715.407281000 143 
6715.407836500 127 
6715.408392000 111 
6715.408947500 134 
6715.409503000 142 
6715.410058500 116 
6715.410614000 118 
6715.411169500 142 
6715.411725000 133 
6715.412280500 111 
6715.412836000 128 
6715.413391500 143 
6715.413947000 122 
6715.414502500 112 
6715.415058000 139 
6715.415613500 138 
6715.416169000 113 
6715.416724500 122 
6715.417280000 144 
6715.417835500 126 
6715.418391000 111 
6715.418946500 134 
6715.419502000 141 
6715.420057500 117 
6715.420613000 118 
6715.421168500 141 
6715.421724000 133 
6715.422279500 111 
6715.422835000 128 
6715.423390500 143 
6715.423946000 122 
6715.424501500 113 
6715.425057000 138 
6715.425612500 138 
6715.426168000 113 
6715.426723500 124 
6715.427279000 143 
6715.427834500 127 
6715.428390000 111 
6715.428945500 133 
6715.429501000 142 
6715.430056500 116 
6715.430612000 117 
6715.431167500 142 
6715.431723000 132 
6715.432278500 112 
6715.432834000 127 
6715.433389500 144 
6715.433945000 120 
6715.434500500 113 
6715.435056000 139 
6715.435611500 137 
6715.436167000 113 
6715.436722500 121 
6715.437278000 144 
6715.437833500 126 
6715.438389000 111 
6715.438944500 134 
6715.439500000 141 
6715.440055500 116 
6715.440611000 118 
6715.441166500 141 
6715.441722000 133 
6715.442277500 111 
6715.442833000 127 
6715.443388500 144 
6715.443944000 122 
6715.444499500 113 
6715.445055000 139 
6715.445610500 137 
6715.446166000 114 
6715.446721500 123 
6715.447277000 144 
6715.447832500 127 
6715.448388000 111 
6715.448943500 134 
6715.449499000 141 
6715.450054500 117 
6715.450610000 116 
6715.451165500 142 
6715.451721000 132 
6715.452276500 112 
6715.452832000 127 
6715.453387500 143 
6715.453943000 121 
6715.454498500 113 
6715.455054000 139 
6715.455609500 138 
6715.456165000 113 
6715.456720500 122 
6715.457276000 143 
6715.457831500 127 
6715.458387000 112 
6715.458942500 132 
6715.459498000 142 
6715.460053500 116 
6715.460609000 117 
6715.461164500 141 
6715.461720000 133 
6715.462275500 112 
6715.462831000 127 
6715.463386500 144 
6715.463942000 121 
6715.464497500 114 
6715.465053000 137 
6715.465608500 138 
6715.466164000 113 
6715.466719500 122 
6715.467275000 144 
6715.467830500 127 
6715.468386000 111 
6715.468941500 134 
6715.469497000 141 
6715.470052500 118 
6715.470608000 117 
6715.471163500 142 
6715.471719000 133 
6715.472274500 111 
6715.472830000 128 
6715.473385500 143 
6715.473941000 121 
6715.474496500 113 
6715.475052000 138 
6715.475607500 138 
6715.476163000 113 
6715.476718500 122 
6715.477274000 143 
6715.477829500 128 
6715.478385000 111 
6715.478940500 134 
6715.479496000 142 
6715.480051500 116 
6715.480607000 118 
6715.481162500 142 
6715.481718000 133 
6715.482273500 111 
6715.482829000 127 
6715.483384500 144 
6715.483940000 122 
6715.484495500 113 
6715.485051000 137 
6715.485606500 137 
6715.486162000 113 
6715.486717500 122 
6715.487273000 144 
6715.487828500 127 
6715.488384000 112 
6715.488939500 133 
6715.489495000 141 
6715.490050500 116 
6715.490606000 117 
6715.491161500 142 
6715.491717000 133 
6715.492272500 112 
6715.492828000 127 
6715.493383500 144 
6715.493939000 121 
6715.494494500 113 
6715.495050000 138 
6715.495605500 139 
6715.496161000 113 
6715.496716500 122 
6715.497272000 143 
6715.497827500 128 
6715.498383000 111 
6715.498938500 133 
6715.499494000 142 
6715.500049500 116 
6715.500605000 117 
6715.501160500 142 
6715.501716000 133 
6715.502271500 111 
6715.502827000 127 
6715.503382500 144 
6715.503938000 122 
6715.504493500 114 
6715.505049000 138 
6715.505604500 138 
6715.506160000 113 
6715.506715500 123 
6715.507271000 144 
6715.507826500 128 
6715.508382000 111 
6715.508937500 133 
6715.509493000 141 
6715.510048500 117 
6715.510604000 117 
6715.511159500 141 
6715.511715000 133 
6715.512270500 111 
6715.512826000 128 
6715.513381500 143 
6715.513937000 122 
6715.514492500 112 
6715.515048000 138 
6715.515603500 138 
6715.516159000 113 
6715.516714500 121 
6715.517270000 144 
6715.517825500 127 
6715.518381000 112 
6715.518936500 133 
6715.519492000 142 
6715.520047500 116 
6715.520603000 117 
6715.521158500 142 
6715.521714000 133 
6715.522269500 111 
6715.522825000 128 
6715.523380500 144 
6715.523936000 123 
6715.524491500 113 
6715.525047000 139 
6715.525602500 138 
6715.526158000 114 
6715.526713500 122 
6715.527269000 144 
6715.527824500 128 
6715.528380000 111 
6715.528935500 132 
6715.529491000 142 
6715.530046500 117 
6715.530602000 117 
6715.531157500 141 
6715.531713000 133 
6715.532268500 111 
6715.532824000 127 
6715.533379500 144 
6715.533935000 121 
6715.534490500 114 
6715.535046000 138 
6715.535601500 138 
6715.536157000 114 
6715.536712500 121 
6715.537268000 144 
6715.537823500 127 
6715.538379000 112 
6715.538934500 133 
6715.539490000 142 
6715.540045500 116 
6715.540601000 116 
6715.541156500 141 
6715.541712000 134 
6715.542267500 111 
6715.542823000 127 
6715.543378500 144 
6715.543934000 122 
6715.544489500 114 
6715.545045000 137 
6715.545600500 138 
6715.546156000 113 
6715.546711500 121 
6715.547267000 144 
6715.547822500 127 
6715.548378000 111 
6715.548933500 133 
6715.549489000 142 
6715.550044500 118 
6715.550600000 116 
6715.551155500 142 
6715.551711000 133 
6715.552266500 112 
6715.552822000 127 
6715.553377500 144 
6715.553933000 122 
6715.554488500 112 
6715.555044000 138 
6715.555599500 139 
6715.556155000 113 
6715.556710500 121 
6715.557266000 143 
6715.557821500 127 
6715.558377000 111 
6715.558932500 134 
6715.559488000 141 
6715.560043500 118 
6715.560599000 117 
6715.561154500 141 
6715.561710000 134 
6715.562265500 111 
6715.562821000 127 
6715.563376500 143 
6715.563932000 122 
6715.564487500 113 
6715.565043000 137 
6715.565598500 138 
6715.566154000 114 
6715.566709500 122 
6715.567265000 143 
6715.567820500 128 
6715.568376000 111 
6715.568931500 133 
6715.569487000 142 
6715.570042500 117 
6715.570598000 117 
6715.571153500 141 
6715.571709000 134 
6715.572264500 112 
6715.572820000 127 
6715.573375500 143 
6715.573931000 122 
6715.574486500 112 
6715.575042000 138 
6715.575597500 137 
6715.576153000 114 
6715.576708500 121 
6715.577264000 144 
6715.577819500 127 
6715.578375000 112 
6715.578930500 133 
6715.579486000 141 
6715.580041500 117 
6715.580597000 116 
6715.581152500 141 
6715.581708000 134 
6715.582263500 111 
6715.582819000 127 
6715.583374500 143 
6715.583930000 123 
6715.584485500 114 
6715.585041000 138 
6715.585596500 138 
6715.586152000 114 
6715.586707500 122 
6715.587263000 143 
6715.587818500 128 
6715.588374000 111 
6715.588929500 132 
6715.589485000 142 
6715.590040500 117 
6715.590596000 116 
6715.591151500 141 
6715.591707000 134 
6715.592262500 112 
6715.592818000 126 
6715.593373500 143 
6715.593929000 122 
6715.594484500 112 
6715.595040000 138 
6715.595595500 138 
6715.596151000 113 
6715.596706500 121 
6715.597262000 143 
6715.597817500 128 
6715.598373000 111 
6715.598928500 132 
6715.599484000 142 
6715.600039500 117 
6715.600595000 117 
6715.601150500 141 
6715.601706000 134 
6715.602261500 111 
6715.602817000 126 
6715.603372500 144 
6715.603928000 122 
6715.604483500 114 
6715.605039000 137 
6715.605594500 139 
6715.606150000 114 
6715.606705500 121 
6715.607261000 144 
6715.607816500 128 
6715.608372000 111 
6715.608927500 133 
6715.609483000 142 
6715.610038500 118 
6715.610594000 116 
6715.611149500 142 
6715.611705000 133 
6715.612260500 111 
6715.612816000 127 
6715.613371500 143 
6715.613927000 123 
6715.614482500 113 
6715.615038000 138 
6715.615593500 139 
6715.616149000 113 
6715.616704500 121 
6715.617260000 144 
6715.617815500 128 
6715.618371000 111 
6715.618926500 132 
6715.619482000 142 
6715.620037500 117 
6715.620593000 116 
6715.621148500 141 
6715.621704000 133 
6715.622259500 112 
6715.622815000 127 
6715.623370500 143 
6715.623926000 123 
6715.624481500 113 
6715.625037000 137 
6715.625592500 139 
6715.626148000 113 
6715.626703500 122 
6715.627259000 143 
6715.627814500 128 
6715.628370000 111 
6715.628925500 132 
6715.629481000 142 
6715.630036500 117 
6715.630592000 116 
6715.631147500 141 
6715.631703000 133 
6715.632258500 112 
6715.632814000 127 
6715.633369500 143 
6715.633925000 122 
6715.634480500 112 
6715.635036000 138 
6715.635591500 138 
6715.636147000 114 
6715.636702500 120 
6715.637258000 144 
6715.637813500 129 
6715.638369000 111 
6715.638924500 132 
6715.639480000 143 
6715.640035500 117 
6715.640591000 117 
6715.641146500 141 
6715.641702000 134 
6715.642257500 111 
6715.642813000 126 
6715.643368500 144 
6715.643924000 123 
6715.644479500 112 
6715.645035000 138 
6715.645590500 138 
6715.646146000 114 
6715.646701500 121 
6715.647257000 143 
6715.647812500 129 
6715.648368000 111 
6715.648923500 132 
6715.649479000 142 
6715.650034500 117 
6715.650590000 116 
6715.651145500 141 
6715.651701000 135 
6715.652256500 111 
6715.652812000 126 
6715.653367500 144 
6715.653923000 123 
6715.654478500 112 
6715.655034000 137 
6715.655589500 139 
6715.656145000 113 
6715.656700500 121 
6715.657256000 143 
6715.657811500 128 
6715.658367000 111 
6715.658922500 132 
6715.659478000 142 
6715.660033500 118 
6715.660589000 116 
6715.661144500 141 
6715.661700000 134 
6715.662255500 112 
6715.662811000 126 
6715.663366500 144 
6715.663922000 123 
6715.664477500 113 
6715.665033000 137 
6715.665588500 139 
6715.666144000 115 
6715.666699500 121 
6715.667255000 143 
6715.667810500 129 
6715.668366000 111 
6715.668921500 132 
6715.669477000 143 
6715.670032500 117 
6715.670588000 116 
6715.671143500 142 
6715.671699000 133 
6715.672254500 112 
6715.672810000 126 
6715.673365500 144 
6715.673921000 122 
6715.674476500 112 
6715.675032000 138 
6715.675587500 139 
6715.676143000 113 
6715.676698500 121 
6715.677254000 143 
6715.677809500 128 
6715.678365000 112 
6715.678920500 131 
6715.679476000 142 
6715.680031500 117 
6715.680587000 116 
6715.681142500 140 
6715.681698000 135 
6715.682253500 112 
6715.682809000 126 
6715.683364500 143 
6715.683920000 123 
6715.684475500 113 
6715.685031000 136 
6715.685586500 139 
6715.686142000 113 
6715.686697500 121 
6715.687253000 143 
6715.687808500 128 
6715.688364000 111 
6715.688919500 132 
6715.689475000 142 
6715.690030500 117 
6715.690586000 117 
6715.691141500 141 
6715.691697000 135 
6715.692252500 111 
6715.692808000 126 
6715.693363500 144 
6715.693919000 123 
6715.694474500 112 
6715.695030000 139 
6715.695585500 139 
6715.696141000 115 
6715.696696500 120 
6715.697252000 143 
6715.697807500 128 
6715.698363000 111 
6715.698918500 133 
6715.699474000 142 
6715.700029500 118 
6715.700585000 116 
6715.701140500 141 
6715.701696000 134 
6715.702251500 111 
6715.702807000 127 
6715.703362500 144 
6715.703918000 123 
6715.704473500 113 
6715.705029000 136 
6715.705584500 138 
6715.706140000 114 
6715.706695500 121 
6715.707251000 143 
6715.707806500 129 
6715.708362000 111 
6715.708917500 132 
6715.709473000 142 
6715.710028500 117 
6715.710584000 117 
6715.711139500 141 
6715.711695000 134 
6715.712250500 112 
6715.712806000 126 
6715.713361500 144 
6715.713917000 123 
6715.714472500 113 
6715.715028000 137 
6715.715583500 139 
6715.716139000 113 
6715.716694500 120 
6715.717250000 143 
6715.717805500 128 
6715.718361000 111 
6715.718916500 132 
6715.719472000 142 
6715.720027500 118 
6715.720583000 115 
6715.721138500 141 
6715.721694000 135 
6715.722249500 111 
6715.722805000 127 
6715.723360500 143 
6715.723916000 124 
6715.724471500 112 
6715.725027000 137 
6715.725582500 139 
6715.726138000 114 
6715.726693500 121 
6715.727249000 143 
6715.727804500 128 
6715.728360000 112 
6715.728915500 132 
6715.729471000 142 
6715.730026500 118 
6715.730582000 117 
6715.731137500 141 
6715.731693000 134 
6715.732248500 112 
6715.732804000 126 
6715.733359500 144 
6715.733915000 122 
6715.734470500 113 
6715.735026000 137 
6715.735581500 139 
6715.736137000 114 
6715.736692500 120 
6715.737248000 143 
6715.737803500 128 
6715.738359000 112 
6715.738914500 131 
6715.739470000 142 
6715.740025500 118 
6715.740581000 115 
6715.741136500 141 
6715.741692000 135 
6715.742247500 112 
6715.742803000 126 
6715.743358500 144 
6715.743914000 124 
6715.744469500 112 
6715.745025000 138 
6715.745580500 139 
6715.746136000 114 
6715.746691500 121 
6715.747247000 143 
6715.747802500 129 
6715.748358000 111 
6715.748913500 132 
6715.749469000 143 
6715.750024500 117 
6715.750580000 116 
6715.751135500 141 
6715.751691000 135 
6715.752246500 112 
6715.752802000 126 
6715.753357500 144 
6715.753913000 122 
6715.754468500 113 
6715.755024000 137 
6715.755579500 139 
6715.756135000 115 
6715.756690500 120 
6715.757246000 144 
6715.757801500 128 
6715.758357000 112 
6715.758912500 131 
6715.759468000 143 
6715.760023500 118 
6715.760579000 115 
6715.761134500 141 
6715.761690000 134 
6715.762245500 111 
6715.762801000 127 
6715.763356500 143 
6715.763912000 124 
6715.764467500 112 
6715.765023000 136 
6715.765578500 139 
6715.766134000 114 
6715.766689500 120 
6715.767245000 144 
6715.767800500 128 
6715.768356000 111 
6715.768911500 132 
6715.769467000 141 
6715.770022500 118 
6715.770578000 116 
6715.771133500 141 
6715.771689000 134 
6715.772244500 111 
6715.772800000 127 
6715.773355500 143 
6715.773911000 122 
6715.774466500 112 
6715.775022000 120 
6715.775577500 123 
6715.776133000 125 
6715.776688500 125 
6715.777244000 125 
6715.777799500 126 
6715.778355000 125 
6715.778910500 126 
6715.779466000 126 
6715.780021500 126 
6715.780577000 127 
6715.781132500 126 
6715.781688000 127 
6715.782243500 127 
6715.782799000 127 
6715.783354500 126 
6715.783910000 127 
6715.784465500 127 
6715.785021000 127 
6715.785576500 128 
6715.786132000 127 
6715.786687500 128 
6715.787243000 127 
6715.787798500 127 
6715.788354000 127 
6715.788909500 127 
6715.789465000 127 
6715.790020500 127 
6715.790576000 127 
6715.791131500 126 
6715.791687000 128 
6715.792242500 127 
6715.792798000 128 
6715.793353500 127 
6715.793909000 126 
6715.794464500 128 
6715.795020000 127 
6715.795575500 128 
6715.796131000 127 
6715.796686500 127 
6715.797242000 128 
6715.797797500 127 
6715.798353000 127 
6715.798908500 127 
6715.799464000 128 
6715.800019500 128 
6715.800575000 127 
6715.801130500 128 
6715.801686000 127 
6715.802241500 128 
6715.802797000 127 
6715.803352500 127 
6715.803908000 128 
6715.804463500 127 
6715.805019000 127 
6715.805574500 128 
6715.806130000 127 
6715.806685500 127 
6715.807241000 128 
6715.807796500 127 
6715.808352000 128 
6715.808907500 128 
6715.809463000 127 
6715.810018500 128 
6715.810574000 127 
6715.811129500 128 
6715.811685000 128 
6715.812240500 127 
6715.812796000 128 
6715.813351500 127 
6715.813907000 128 
6715.814462500 126 
6715.815018000 129 
6715.815573500 127 
6715.816129000 128 
6715.816684500 127 
6715.817240000 128 
6715.817795500 127 
6715.818351000 128 
6715.818906500 128 
6715.819462000 127 
6715.820017500 128 
6715.820573000 127 
6715.821128500 128 
6715.821684000 127 
6715.822239500 128 
6715.822795000 127 
6715.823350500 128 
6715.823906000 127 
6715.824461500 127 
6715.825017000 128 
6715.825572500 127 
6715.826128000 128 
6715.826683500 127 
6715.827239000 127 
6715.827794500 127 
6715.828350000 128 
6715.828905500 126 
6715.829461000 128 
6715.830016500 128 
6715.830572000 128 
6715.831127500 127 
6715.831683000 128 
6715.832238500 127 
6715.832794000 128 
6715.833349500 127 
6715.833905000 128 
6715.834460500 127 
6715.835016000 128 
6715.835571500 128 
6715.836127000 127 
6715.836682500 128 
6715.837238000 128 
6715.837793500 127 
6715.838349000 127 
6715.838904500 128 
6715.839460000 127 
6715.840015500 127 
6715.840571000 128 
6715.841126500 128 
6715.841682000 127 
6715.842237500 128 
6715.842793000 127 
6715.843348500 127 
6715.843904000 128 
6715.844459500 127 
6715.845015000 127 
6715.845570500 128 
6715.846126000 128 
6715.846681500 127 
6715.847237000 128 
6715.847792500 127 
6715.848348000 127 
6715.848903500 127 
6715.849459000 127 
6715.850014500 128 
6715.850570000 127 
6715.851125500 128 
6715.851681000 127 
6715.852236500 127 
6715.852792000 128 
6715.853347500 127 
6715.853903000 127 
6715.854458500 126 
6715.855014000 128 
6715.855569500 127 
6715.856125000 127 
6715.856680500 128 
6715.857236000 127 
6715.857791500 127 
6715.858347000 127 
6715.858902500 128 
6715.859458000 127 
6715.860013500 127 
6715.860569000 128 
6715.861124500 127 
6715.861680000 128 
6715.862235500 127 
6715.862791000 127 
6715.863346500 128 
6715.863902000 127 
6715.864457500 128 
6715.865013000 127 
6715.865568500 127 
6715.866124000 127 
6715.866679500 127 
6715.867235000 128 
6715.867790500 127 
6715.868346000 128 
6715.868901500 127 
6715.869457000 127 
6715.870012500 128 
6715.870568000 127 
6715.871123500 127 
6715.871679000 127 
6715.872234500 127 
6715.872790000 128 
6715.873345500 127 
6715.873901000 127 
6715.874456500 127 
6715.875012000 127 
6715.875567500 128 
6715.876123000 127 
6715.876678500 127 
6715.877234000 128 
6715.877789500 128 
6715.878345000 127 
6715.878900500 128 
6715.879456000 127 
6715.880011500 127 
6715.880567000 127 
6715.881122500 127 
6715.881678000 128 
6715.882233500 127 
6715.882789000 128 
6715.883344500 128 
6715.883900000 127 
6715.884455500 128 
6715.885011000 126 
6715.885566500 128 
6715.886122000 127 
6715.886677500 127 
6715.887233000 127 
6715.887788500 128 
6715.888344000 127 
6715.888899500 128 
6715.889455000 127 
6715.890010500 128 
6715.890566000 128 
6715.891121500 127 
6715.891677000 128 
6715.892232500 127 
6715.892788000 128 
6715.893343500 128 
6715.893899000 127 
6715.894454500 128 
6715.895010000 127 
6715.895565500 128 
6715.896121000 127 
6715.896676500 128 
6715.897232000 127 
6715.897787500 128 
6715.898343000 127 
6715.898898500 128 
6715.899454000 127 
6715.900009500 128 
6715.900565000 128 
6715.901120500 127 
6715.901676000 128 
6715.902231500 128 
6715.902787000 127 
6715.903342500 127 
6715.903898000 128 
6715.904453500 127 
6715.905009000 127 
6715.905564500 127 
6715.906120000 127 
6715.906675500 128 
6715.907231000 127 
6715.907786500 127 
6715.908342000 128 
6715.908897500 127 
6715.909453000 127 
6715.910008500 127 
6715.910564000 128 
6715.911119500 127 
6715.911675000 127 
6715.912230500 127 
6715.912786000 127 
6715.913341500 127 
6715.913897000 127 
6715.914452500 127 
6715.915008000 127 
6715.915563500 128 
6715.916119000 127 
6715.916674500 128 
6715.917230000 128 
6715.917785500 127 
6715.918341000 128 
6715.918896500 128 
6715.919452000 128 
6715.920007500 127 
6715.920563000 127 
6715.921118500 127 
6715.921674000 127 
6715.922229500 128 
6715.922785000 127 
6715.923340500 128 
6715.923896000 127 
6715.924451500 128 
6715.925007000 127 
6715.925562500 127 
6715.926118000 128 
6715.926673500 127 
6715.927229000 128 
6715.927784500 127 
6715.928340000 128 
6715.928895500 128 
6715.929451000 127 
6715.930006500 128 
6715.930562000 127 
6715.931117500 128 
6715.931673000 128 
6715.932228500 127 
6715.932784000 128 
6715.933339500 127 
6715.933895000 127 
6715.934450500 127 
6715.935006000 128 
6715.935561500 127 
6715.936117000 127 
6715.936672500 128 
6715.937228000 127 
6715.937783500 128 
6715.938339000 127 
6715.938894500 128 
6715.939450000 127 
6715.940005500 128 
6715.940561000 128 
6715.941116500 127 
6715.941672000 127 
6715.942227500 128 
6715.942783000 127 
6715.943338500 128 
6715.943894000 127 
6715.944449500 127 
6715.945005000 127 
6715.945560500 128 
6715.946116000 128 
6715.946671500 127 
6715.947227000 128 
6715.947782500 127 
6715.948338000 127 
6715.948893500 127 
6715.949449000 127 
6715.950004500 128 
6715.950560000 128 
6715.951115500 127 
6715.951671000 128 
6715.952226500 128 
6715.952782000 127 
6715.953337500 128 
6715.953893000 127 
6715.954448500 128 
6715.955004000 128 
6715.955559500 127 
6715.956115000 128 
6715.956670500 128 
6715.957226000 127 
6715.957781500 128 
6715.958337000 127 
6715.958892500 128 
6715.959448000 128 
6715.960003500 127 
6715.960559000 128 
6715.961114500 127 
6715.961670000 128 
6715.962225500 127 
6715.962781000 127 
6715.963336500 128 
6715.963892000 127 
6715.964447500 128 
6715.965003000 127 
6715.965558500 127 
6715.966114000 127 
6715.966669500 127 
6715.967225000 128 
6715.967780500 128 
6715.968336000 127 
6715.968891500 128 
6715.969447000 127 
6715.970002500 128 
6715.970558000 127 
6715.971113500 127 
6715.971669000 128 
6715.972224500 127 
6715.972780000 127 
6715.973335500 128 
6715.973891000 127 
6715.974446500 127 
6715.975002000 129 
6715.975557500 127 
6715.976113000 128 
6715.976668500 128 
6715.977224000 127 
6715.977779500 128 
6715.978335000 127 
6715.978890500 128 
6715.979446000 127 
6715.980001500 128 
6715.980557000 127 
6715.981112500 127 
6715.981668000 128 
6715.982223500 127 
6715.982779000 128 
6715.983334500 127 
6715.983890000 128 
6715.984445500 128 
6715.985001000 128 
6715.985556500 127 
6715.986112000 128 
6715.986667500 127 
6715.987223000 128 
6715.987778500 127 
6715.988334000 127 
6715.988889500 127 
6715.989445000 127 
6715.990000500 128 
6715.990556000 127 
6715.991111500 127 
6715.991667000 128 
6715.992222500 127 
6715.992778000 128 
6715.993333500 128 
6715.993889000 127 
6715.994444500 128 
6715.995000000 129 
6715.995555500 127 
6715.996111000 127 
6715.996666500 128 
6715.997222000 127 
6715.997777500 128 
6715.998333000 127 
6715.998888500 127 
6715.999444000 128 
6715.999999500 127 
6716.000555000 127 
6716.001110500 128 
6716.001666000 127 
6716.002221500 128 
6716.002777000 127 
6716.003332500 127 
6716.003888000 128 
6716.004443500 127 
6716.004999000 127 
6716.005554500 128 
6716.006110000 128 
6716.006665500 128 
6716.007221000 127 
6716.007776500 128 
6716.008332000 127 
6716.008887500 127 
6716.009443000 127 
6716.009998500 127 
6716.010554000 128 
6716.011109500 128 
6716.011665000 127 
6716.012220500 127 
6716.012776000 128 
6716.013331500 127 
6716.013887000 127 
6716.014442500 128 
6716.014998000 127 
6716.015553500 128 
6716.016109000 128 
6716.016664500 127 
6716.017220000 128 
6716.017775500 127 
6716.018331000 127 
6716.018886500 128 
6716.019442000 127 
6716.019997500 127 
6716.020553000 127 
6716.021108500 128 
6716.021664000 127 
6716.022219500 128 
6716.022775000 128 
6716.023330500 127 
6716.023886000 128 
6716.024441500 128 
6716.024997000 127 
6716.025552500 127 
6716.026108000 128 
6716.026663500 127 
6716.027219000 127 
6716.027774500 127 
6716.028330000 128 
6716.028885500 128 
6716.029441000 127 
6716.029996500 128 
6716.030552000 128 
6716.031107500 127 
6716.031663000 128 
6716.032218500 127 
6716.032774000 128 
6716.033329500 127 
6716.033885000 127 
6716.034440500 128 
6716.034996000 127 
6716.035551500 128 
6716.036107000 127 
6716.036662500 128 
6716.037218000 128 
6716.037773500 127 
6716.038329000 128 
6716.038884500 128 
6716.039440000 127 
6716.039995500 127 
6716.040551000 128 
6716.041106500 127 
6716.041662000 127 
6716.042217500 128 
6716.042773000 127 
6716.043328500 128 
6716.043884000 127 
6716.044439500 127 
6716.044995000 127 
6716.045550500 128 
6716.046106000 127 
6716.046661500 127 
6716.047217000 128 
6716.047772500 127 
6716.048328000 127 
6716.048883500 128 
6716.049439000 127 
6716.049994500 128 
6716.050550000 127 
6716.051105500 128 
6716.051661000 128 
6716.052216500 127 
6716.052772000 127 
6716.053327500 127 
6716.053883000 128 
6716.054438500 127 
6716.054994000 128 
6716.055549500 127 
6716.056105000 128 
6716.056660500 127 
6716.057216000 128 
6716.057771500 128 
6716.058327000 127 
6716.058882500 128 
6716.059438000 127 
6716.059993500 127 
6716.060549000 128 
6716.061104500 127 
6716.061660000 128 
6716.062215500 127 
6716.062771000 127 
6716.063326500 127 
6716.063882000 127 
6716.064437500 128 
6716.064993000 127 
6716.065548500 127 
6716.066104000 128 
6716.066659500 127 
6716.067215000 128 
6716.067770500 127 
6716.068326000 127 
6716.068881500 127 
6716.069437000 128 
6716.069992500 128 
6716.070548000 127 
6716.071103500 128 
6716.071659000 128 
6716.072214500 127 
6716.072770000 127 
6716.073325500 127 
6716.073881000 128 
6716.074436500 126 
6716.074992000 127 
6716.075547500 128 
6716.076103000 128 
6716.076658500 127 
6716.077214000 128 
6716.077769500 127 
6716.078325000 127 
6716.078880500 128 
6716.079436000 127 
6716.079991500 128 
6716.080547000 127 
6716.081102500 128 
6716.081658000 127 
6716.082213500 128 
6716.082769000 128 
6716.083324500 127 
6716.083880000 127 
6716.084435500 128 
6716.084991000 126 
6716.085546500 128 
6716.086102000 127 
6716.086657500 127 
6716.087213000 128 
6716.087768500 127 
6716.088324000 128 
6716.088879500 127 
6716.089435000 128 
6716.089990500 127 
6716.090546000 127 
6716.091101500 127 
6716.091657000 127 
6716.092212500 128 
6716.092768000 127 
6716.093323500 127 
6716.093879000 128 
6716.094434500 127 
6716.094990000 129 
6716.095545500 128 
6716.096101000 127 
6716.096656500 128 
6716.097212000 127 
6716.097767500 127 
6716.098323000 128 
6716.098878500 127 
6716.099434000 128 
6716.099989500 128 
6716.100545000 127 
6716.101100500 127 
6716.101656000 128 
6716.102211500 127 
6716.102767000 127 
6716.103322500 127 
6716.103878000 128 
6716.104433500 127 
6716.104989000 128 
6716.105544500 127 
6716.106100000 127 
6716.106655500 128 
6716.107211000 127 
6716.107766500 128 
6716.108322000 127 
6716.108877500 128 
6716.109433000 128 
6716.109988500 127 
6716.110544000 127 
6716.111099500 128 
6716.111655000 127 
6716.112210500 128 
6716.112766000 127 
6716.113321500 128 
6716.113877000 127 
6716.114432500 128 
6716.114988000 127 
6716.115543500 127 
6716.116099000 127 
6716.116654500 128 
6716.117210000 127 
6716.117765500 128 
6716.118321000 127 
6716.118876500 128 
6716.119432000 127 
6716.119987500 127 
6716.120543000 128 
6716.121098500 127 
6716.121654000 127 
6716.122209500 128 
6716.122765000 127 
6716.123320500 128 
6716.123876000 127 
6716.124431500 127 
6716.124987000 128 
6716.125542500 128 
6716.126098000 127 
6716.126653500 128 
6716.127209000 128 
6716.127764500 127 
6716.128320000 128 
6716.128875500 128 
6716.129431000 127 
6716.129986500 127 
6716.130542000 128 
6716.131097500 128 
6716.131653000 127 
6716.132208500 128 
6716.132764000 127 
6716.133319500 127 
6716.133875000 127 
6716.134430500 127 
6716.134986000 128 
6716.135541500 127 
6716.136097000 127 
6716.136652500 128 
6716.137208000 127 
6716.137763500 127 
6716.138319000 128 
6716.138874500 127 
6716.139430000 127 
6716.139985500 127 
6716.140541000 127 
6716.141096500 128 
6716.141652000 127 
6716.142207500 127 
6716.142763000 128 
6716.143318500 127 
6716.143874000 128 
6716.144429500 128 
6716.144985000 127 
6716.145540500 128 
6716.146096000 127 
6716.146651500 127 
6716.147207000 128 
6716.147762500 127 
6716.148318000 128 
6716.148873500 127 
6716.149429000 127 
6716.149984500 128 
6716.150540000 127 
6716.151095500 128 
6716.151651000 128 
6716.152206500 127 
6716.152762000 128 
6716.153317500 128 
6716.153873000 127 
6716.154428500 128 
6716.154984000 128 
6716.155539500 127 
6716.156095000 128 
6716.156650500 127 
6716.157206000 128 
6716.157761500 127 
6716.158317000 128 
6716.158872500 127 
6716.159428000 128 
6716.159983500 127 
6716.160539000 127 
6716.161094500 127 
6716.161650000 127 
6716.162205500 127 
6716.162761000 128 
6716.163316500 127 
6716.163872000 127 
6716.164427500 128 
6716.164983000 127 
6716.165538500 128 
6716.166094000 127 
6716.166649500 128 
6716.167205000 128 
6716.167760500 127 
6716.168316000 128 
6716.168871500 127 
6716.169427000 127 
6716.169982500 127 
6716.170538000 127 
6716.171093500 128 
6716.171649000 127 
6716.172204500 127 
6716.172760000 128 
6716.173315500 127 
6716.173871000 127 
6716.174426500 128 
6716.174982000 127 
6716.175537500 128 
6716.176093000 127 
6716.176648500 127 
6716.177204000 128 
6716.177759500 127 
6716.178315000 127 
6716.178870500 128 
6716.179426000 128 
6716.179981500 128 
6716.180537000 128 
6716.181092500 128 
6716.181648000 127 
6716.182203500 128 
6716.182759000 127 
6716.183314500 128 
6716.183870000 128 
6716.184425500 127 
6716.184981000 128 
6716.185536500 128 
6716.186092000 127 
6716.186647500 127 
6716.187203000 128 
6716.187758500 127 
6716.188314000 128 
6716.188869500 128 
6716.189425000 127 
6716.189980500 128 
6716.190536000 127 
6716.191091500 127 
6716.191647000 127 
6716.192202500 128 
6716.192758000 127 
6716.193313500 128 
6716.193869000 127 
6716.194424500 128 
6716.194980000 127 
6716.195535500 127 
6716.196091000 127 
6716.196646500 127 
6716.197202000 128 
6716.197757500 127 
6716.198313000 128 
6716.198868500 127 
6716.199424000 127 
6716.199979500 128 
6716.200535000 128 
6716.201090500 127 
6716.201646000 127 
6716.202201500 128 
6716.202757000 127 
6716.203312500 127 
6716.203868000 128 
6716.204423500 127 
6716.204979000 128 
6716.205534500 127 
6716.206090000 128 
6716.206645500 127 
6716.207201000 127 
6716.207756500 128 
6716.208312000 127 
6716.208867500 128 
6716.209423000 128 
6716.209978500 128 
6716.210534000 127 
6716.211089500 127 
6716.211645000 128 
6716.212200500 127 
6716.212756000 127 
6716.213311500 127 
6716.213867000 128 
6716.214422500 127 
6716.214978000 128 
6716.215533500 127 
6716.216089000 127 
6716.216644500 128 
6716.217200000 127 
6716.217755500 127 
6716.218311000 127 
6716.218866500 127 
6716.219422000 127 
6716.219977500 127 
6716.220533000 127 
6716.221088500 128 
6716.221644000 127 
6716.222199500 128 
6716.222755000 127 
6716.223310500 128 
6716.223866000 127 
6716.224421500 128 
6716.224977000 127 
6716.225532500 127 
6716.226088000 128 
6716.226643500 127 
6716.227199000 127 
6716.227754500 128 
6716.228310000 127 
6716.228865500 127 
6716.229421000 128 
6716.229976500 127 
6716.230532000 128 
6716.231087500 127 
6716.231643000 128 
6716.232198500 128 
6716.232754000 127 
6716.233309500 128 
6716.233865000 127 
6716.234420500 128 
6716.234976000 128 
6716.235531500 127 
6716.236087000 128 
6716.236642500 127 
6716.237198000 127 
6716.237753500 127 
6716.238309000 127 
6716.238864500 128 
6716.239420000 128 
6716.239975500 127 
6716.240531000 128 
6716.241086500 127 
6716.241642000 128 
6716.242197500 127 
6716.242753000 128 
6716.243308500 127 
6716.243864000 127 
6716.244419500 128 
6716.244975000 127 
6716.245530500 128 
6716.246086000 128 
6716.246641500 127 
6716.247197000 127 
6716.247752500 127 
6716.248308000 128 
6716.248863500 127 
6716.249419000 128 
6716.249974500 128 
6716.250530000 127 
6716.251085500 128 
6716.251641000 127 
6716.252196500 128 
6716.252752000 127 
6716.253307500 127 
6716.253863000 127 
6716.254418500 127 
6716.254974000 128 
6716.255529500 127 
6716.256085000 127 
6716.256640500 127 
6716.257196000 128 
6716.257751500 127 
6716.258307000 128 
6716.258862500 127 
6716.259418000 127 
6716.259973500 127 
6716.260529000 127 
6716.261084500 128 
6716.261640000 127 
6716.262195500 127 
6716.262751000 128 
6716.263306500 127 
6716.263862000 128 
6716.264417500 127 
6716.264973000 126 
6716.265528500 128 
6716.266084000 127 
6716.266639500 128 
6716.267195000 127 
6716.267750500 128 
6716.268306000 127 
6716.268861500 128 
6716.269417000 127 
6716.269972500 128 
6716.270528000 128 
6716.271083500 127 
6716.271639000 128 
6716.272194500 127 
6716.272750000 128 
6716.273305500 127 
6716.273861000 128 
6716.274416500 127 
6716.274972000 127 
6716.275527500 128 
6716.276083000 128 
6716.276638500 127 
6716.277194000 128 
6716.277749500 127 
6716.278305000 127 
6716.278860500 128 
6716.279416000 128 
6716.279971500 128 
6716.280527000 127 
6716.281082500 128 
6716.281638000 127 
6716.282193500 128 
6716.282749000 128 
6716.283304500 127 
6716.283860000 128 
6716.284415500 127 
6716.284971000 127 
6716.285526500 128 
6716.286082000 127 
6716.286637500 127 
6716.287193000 128 
6716.287748500 127 
6716.288304000 127 
6716.288859500 127 
6716.289415000 127 
6716.289970500 127 
6716.290526000 128 
6716.291081500 128 
6716.291637000 127 
6716.292192500 128 
6716.292748000 128 
6716.293303500 127 
6716.293859000 126 
6716.294414500 128 
6716.294970000 127 
6716.295525500 127 
6716.296081000 127 
6716.296636500 127 
6716.297192000 127 
6716.297747500 128 
6716.298303000 127 
6716.298858500 128 
6716.299414000 127 
6716.299969500 128 
6716.300525000 128 
6716.301080500 127 
6716.301636000 127 
6716.302191500 128 
6716.302747000 127 
6716.303302500 128 
6716.303858000 128 
6716.304413500 127 
6716.304969000 128 
6716.305524500 127 
6716.306080000 127 
6716.306635500 127 
6716.307191000 127 
6716.307746500 127 
6716.308302000 128 
6716.308857500 127 
6716.309413000 127 
6716.309968500 128 
6716.310524000 127 
6716.311079500 127 
6716.311635000 128 
6716.312190500 127 
6716.312746000 128 
6716.313301500 127 
6716.313857000 128 
6716.314412500 127 
6716.314968000 128 
6716.315523500 127 
6716.316079000 128 
6716.316634500 127 
6716.317190000 128 
6716.317745500 127 
6716.318301000 127 
6716.318856500 128 
6716.319412000 127 
6716.319967500 128 
6716.320523000 128 
6716.321078500 127 
6716.321634000 127 
6716.322189500 127 
6716.322745000 128 
6716.323300500 127 
6716.323856000 127 
6716.324411500 128 
6716.324967000 127 
6716.325522500 127 
6716.326078000 127 
6716.326633500 128 
6716.327189000 127 
6716.327744500 128 
6716.328300000 127 
6716.328855500 128 
6716.329411000 127 
6716.329966500 128 
6716.330522000 128 
6716.331077500 127 
6716.331633000 128 
6716.332188500 127 
6716.332744000 127 
6716.333299500 128 
6716.333855000 127 
6716.334410500 127 
6716.334966000 128 
6716.335521500 127 
6716.336077000 128 
6716.336632500 128 
6716.337188000 127 
6716.337743500 127 
6716.338299000 127 
6716.338854500 127 
6716.339410000 128 
6716.339965500 127 
6716.340521000 127 
6716.341076500 127 
6716.341632000 128 
6716.342187500 127 
6716.342743000 128 
6716.343298500 127 
6716.343854000 128 
6716.344409500 128 
6716.344965000 127 
6716.345520500 127 
6716.346076000 127 
6716.346631500 127 
6716.347187000 128 
6716.347742500 127 
6716.348298000 128 
6716.348853500 127 
6716.349409000 127 
6716.349964500 128 
6716.350520000 128 
6716.351075500 127 
6716.351631000 128 
6716.352186500 127 
6716.352742000 128 
6716.353297500 127 
6716.353853000 128 
6716.354408500 127 
6716.354964000 128 
6716.355519500 127 
6716.356075000 128 
6716.356630500 127 
6716.357186000 127 
6716.357741500 127 
6716.358297000 127 
6716.358852500 128 
6716.359408000 127 
6716.359963500 127 
6716.360519000 128 
6716.361074500 127 
6716.361630000 128 
6716.362185500 127 
6716.362741000 127 
6716.363296500 128 
6716.363852000 128 
6716.364407500 127 
6716.364963000 128 
6716.365518500 128 
6716.366074000 128 
6716.366629500 127 
6716.367185000 128 
6716.367740500 128 
6716.368296000 127 
6716.368851500 127 
6716.369407000 127 
6716.369962500 128 
6716.370518000 127 
6716.371073500 128 
6716.371629000 128 
6716.372184500 127 
6716.372740000 127 
6716.373295500 126 
6716.373851000 128 
6716.374406500 126 
6716.374962000 128 
6716.375517500 128 
6716.376073000 127 
6716.376628500 128 
6716.377184000 127 
6716.377739500 127 
6716.378295000 128 
6716.378850500 128 
6716.379406000 127 
6716.379961500 128 
6716.380517000 127 
6716.381072500 128 
6716.381628000 127 
6716.382183500 128 
6716.382739000 127 
6716.383294500 128 
6716.383850000 127 
6716.384405500 128 
6716.384961000 127 
6716.385516500 128 
6716.386072000 128 
6716.386627500 127 
6716.387183000 127 
6716.387738500 128 
6716.388294000 127 
6716.388849500 127 
6716.389405000 128 
6716.389960500 127 
6716.390516000 127 
6716.391071500 128 
6716.391627000 127 
6716.392182500 127 
6716.392738000 128 
6716.393293500 127 
6716.393849000 127 
6716.394404500 128 
6716.394960000 128 
6716.395515500 128 
6716.396071000 128 
6716.396626500 128 
6716.397182000 127 
6716.397737500 128 
6716.398293000 127 
6716.398848500 128 
6716.399404000 127 
6716.399959500 128 
6716.400515000 127 
6716.401070500 128 
6716.401626000 127 
6716.402181500 127 
6716.402737000 127 
6716.403292500 128 
6716.403848000 128 
6716.404403500 127 
6716.404959000 127 
6716.405514500 127 
6716.406070000 127 
6716.406625500 127 
6716.407181000 127 
6716.407736500 128 
6716.408292000 127 
6716.408847500 127 
6716.409403000 128 
6716.409958500 127 
6716.410514000 128 
6716.411069500 127 
6716.411625000 128 
6716.412180500 128 
6716.412736000 127 
6716.413291500 127 
6716.413847000 128 
6716.414402500 127 
6716.414958000 129 
6716.415513500 127 
6716.416069000 127 
6716.416624500 129 
6716.417180000 127 
6716.417735500 127 
6716.418291000 128 
6716.418846500 128 
6716.419402000 127 
6716.419957500 128 
6716.420513000 127 
6716.421068500 127 
6716.421624000 127 
6716.422179500 128 
6716.422735000 127 
6716.423290500 128 
6716.423846000 128 
6716.424401500 127 
6716.424957000 127 
6716.425512500 127 
6716.426068000 127 
6716.426623500 127 
6716.427179000 127 
6716.427734500 128 
6716.428290000 127 
6716.428845500 127 
6716.429401000 127 
6716.429956500 127 
6716.430512000 127 
6716.431067500 128 
6716.431623000 127 
6716.432178500 128 
6716.432734000 128 
6716.433289500 126 
6716.433845000 127 
6716.434400500 127 
6716.434956000 127 
6716.435511500 128 
6716.436067000 127 
6716.436622500 128 
6716.437178000 127 
6716.437733500 127 
6716.438289000 128 
6716.438844500 127 
6716.439400000 127 
6716.439955500 128 
6716.440511000 127 
6716.441066500 127 
6716.441622000 128 
6716.442177500 127 
6716.442733000 127 
6716.443288500 129 
6716.443844000 127 
6716.444399500 128 
6716.444955000 127 
6716.445510500 128 
6716.446066000 127 
6716.446621500 127 
6716.447177000 128 
6716.447732500 127 
6716.448288000 127 
6716.448843500 128 
6716.449399000 128 
6716.449954500 128 
6716.450510000 127 
6716.451065500 128 
6716.451621000 127 
6716.452176500 128 
6716.452732000 128 
6716.453287500 127 
6716.453843000 127 
6716.454398500 127 
6716.454954000 128 
6716.455509500 127 
6716.456065000 127 
6716.456620500 127 
6716.457176000 127 
6716.457731500 128 
6716.458287000 127 
6716.458842500 128 
6716.459398000 127 
6716.459953500 127 
6716.460509000 128 
6716.461064500 127 
6716.461620000 127 
6716.462175500 128 
6716.462731000 127 
6716.463286500 127 
6716.463842000 128 
6716.464397500 127 
6716.464953000 127 
6716.465508500 128 
6716.466064000 128 
6716.466619500 126 
6716.467175000 128 
6716.467730500 128 
6716.468286000 127 
6716.468841500 128 
6716.469397000 128 
6716.469952500 127 
6716.470508000 128 
6716.471063500 128 
6716.471619000 127 
6716.472174500 128 
6716.472730000 127 
6716.473285500 127 
6716.473841000 128 
6716.474396500 127 
6716.474952000 128 
6716.475507500 127 
6716.476063000 128 
6716.476618500 128 
6716.477174000 127 
6716.477729500 128 
6716.478285000 127 
6716.478840500 128 
6716.479396000 127 
6716.479951500 127 
6716.480507000 127 
6716.481062500 128 
6716.481618000 127 
6716.482173500 128 
6716.482729000 127 
6716.483284500 128 
6716.483840000 128 
6716.484395500 127 
6716.484951000 127 
6716.485506500 128 
6716.486062000 127 
6716.486617500 127 
6716.487173000 127 
6716.487728500 128 
6716.488284000 127 
6716.488839500 128 
6716.489395000 126 
6716.489950500 127 
6716.490506000 127 
6716.491061500 127 
6716.491617000 128 
6716.492172500 127 
6716.492728000 127 
6716.493283500 127 
6716.493839000 127 
6716.494394500 127 
6716.494950000 128 
6716.495505500 127 
6716.496061000 127 
6716.496616500 129 
6716.497172000 128 
6716.497727500 127 
6716.498283000 128 
6716.498838500 127 
6716.499394000 128 
6716.499949500 127 
6716.500505000 127 
6716.501060500 127 
6716.501616000 128 
6716.502171500 127 
6716.502727000 127 
6716.503282500 129 
6716.503838000 127 
6716.504393500 128 
6716.504949000 128 
6716.505504500 127 
6716.506060000 127 
6716.506615500 127 
6716.507171000 128 
6716.507726500 127 
6716.508282000 127 
6716.508837500 128 
6716.509393000 127 
6716.509948500 127 
6716.510504000 128 
6716.511059500 128 
6716.511615000 127 
6716.512170500 128 
6716.512726000 128 
6716.513281500 126 
6716.513837000 127 
6716.514392500 127 
6716.514948000 128 
6716.515503500 128 
6716.516059000 128 
6716.516614500 128 
6716.517170000 127 
6716.517725500 127 
6716.518281000 128 
6716.518836500 127 
6716.519392000 127 
6716.519947500 128 
6716.520503000 127 
6716.521058500 127 
6716.521614000 128 
6716.522169500 127 
6716.522725000 128 
6716.523280500 128 
6716.523836000 127 
6716.524391500 128 
6716.524947000 127 
6716.525502500 127 
6716.526058000 127 
6716.526613500 128 
6716.527169000 128 
6716.527724500 127 
6716.528280000 127 
6716.528835500 127 
6716.529391000 128 
6716.529946500 128 
6716.530502000 127 
6716.531057500 128 
6716.531613000 127 
6716.532168500 127 
6716.532724000 127 
6716.533279500 127 
6716.533835000 127 
6716.534390500 128 
6716.534946000 128 
6716.535501500 128 
6716.536057000 128 
6716.536612500 127 
6716.537168000 127 
6716.537723500 127 
6716.538279000 127 
6716.538834500 128 
6716.539390000 128 
6716.539945500 127 
6716.540501000 128 
6716.541056500 127 
6716.541612000 127 
6716.542167500 128 
6716.542723000 127 
6716.543278500 129 
6716.543834000 127 
6716.544389500 127 
6716.544945000 128 
6716.545500500 127 
6716.546056000 128 
6716.546611500 127 
6716.547167000 127 
6716.547722500 128 
6716.548278000 127 
6716.548833500 127 
6716.549389000 128 
6716.549944500 127 
6716.550500000 128 
6716.551055500 127 
6716.551611000 127 
6716.552166500 128 
6716.552722000 127 
6716.553277500 126 
6716.553833000 128 
6716.554388500 127 
6716.554944000 127 
6716.555499500 128 
6716.556055000 127 
6716.556610500 128 
6716.557166000 128 
6716.557721500 127 
6716.558277000 128 
6716.558832500 127 
6716.559388000 128 
6716.559943500 127 
6716.560499000 128 
6716.561054500 127 
6716.561610000 128 
6716.562165500 127 
6716.562721000 128 
6716.563276500 127 
6716.563832000 128 
6716.564387500 128 
6716.564943000 127 
6716.565498500 128 
6716.566054000 128 
6716.566609500 127 
6716.567165000 128 
6716.567720500 127 
6716.568276000 128 
6716.568831500 127 
6716.569387000 127 
6716.569942500 128 
6716.570498000 127 
6716.571053500 128 
6716.571609000 127 
6716.572164500 127 
6716.572720000 127 
6716.573275500 127 
6716.573831000 127 
6716.574386500 127 
6716.574942000 128 
6716.575497500 127 
6716.576053000 127 
6716.576608500 128 
6716.577164000 127 
6716.577719500 127 
6716.578275000 128 
6716.578830500 127 
6716.579386000 127 
6716.579941500 127 
6716.580497000 127 
6716.581052500 127 
6716.581608000 127 
6716.582163500 128 
6716.582719000 128 
6716.583274500 127 
6716.583830000 128 
6716.584385500 127 
6716.584941000 127 
6716.585496500 127 
6716.586052000 128 
6716.586607500 127 
6716.587163000 127 
6716.587718500 128 
6716.588274000 127 
6716.588829500 128 
6716.589385000 127 
6716.589940500 128 
6716.590496000 128 
6716.591051500 127 
6716.591607000 128 
6716.592162500 128 
6716.592718000 127 
6716.593273500 128 
6716.593829000 127 
6716.594384500 128 
6716.594940000 128 
6716.595495500 127 
6716.596051000 127 
6716.596606500 128 
6716.597162000 127 
6716.597717500 128 
6716.598273000 128 
6716.598828500 128 
6716.599384000 127 
6716.599939500 127 
6716.600495000 128 
6716.601050500 127 
6716.601606000 128 
6716.602161500 127 
6716.602717000 127 
6716.603272500 128 
6716.603828000 128 
6716.604383500 128 
6716.604939000 127 
6716.605494500 128 
6716.606050000 128 
6716.606605500 126 
6716.607161000 128 
6716.607716500 127 
6716.608272000 127 
6716.608827500 127 
6716.609383000 127 
6716.609938500 128 
6716.610494000 127 
6716.611049500 127 
6716.611605000 127 
6716.612160500 128 
6716.612716000 127 
6716.613271500 127 
6716.613827000 127 
6716.614382500 127 
6716.614938000 128 
6716.615493500 127 
6716.616049000 127 
6716.616604500 129 
6716.617160000 127 
6716.617715500 127 
6716.618271000 127 
6716.618826500 127 
6716.619382000 127 
6716.619937500 127 
6716.620493000 127 
6716.621048500 127 
6716.621604000 127 
6716.622159500 127 
6716.622715000 127 
6716.623270500 128 
6716.623826000 128 
6716.624381500 127 
6716.624937000 127 
6716.625492500 128 
6716.626048000 128 
6716.626603500 126 
6716.627159000 128 
6716.627714500 127 
6716.628270000 128 
6716.628825500 129 
6716.629381000 127 
6716.629936500 127 
6716.630492000 127 
6716.631047500 127 
6716.631603000 128 
6716.632158500 127 
6716.632714000 128 
6716.633269500 126 
6716.633825000 128 
6716.634380500 127 
6716.634936000 128 
6716.635491500 127 
6716.636047000 127 
6716.636602500 127 
6716.637158000 127 
6716.637713500 128 
6716.638269000 127 
6716.638824500 127 
6716.639380000 128 
6716.639935500 128 
6716.640491000 127 
6716.641046500 127 
6716.641602000 128 
6716.642157500 127 
6716.642713000 127 
6716.643268500 128 
6716.643824000 127 
6716.644379500 127 
6716.644935000 127 
6716.645490500 128 
6716.646046000 127 
6716.646601500 127 
6716.647157000 128 
6716.647712500 127 
6716.648268000 128 
6716.648823500 128 
6716.649379000 127 
6716.649934500 128 
6716.650490000 128 
6716.651045500 128 
6716.651601000 127 
6716.652156500 128 
6716.652712000 128 
6716.653267500 126 
6716.653823000 127 
6716.654378500 128 
6716.654934000 127 
6716.655489500 128 
6716.656045000 128 
6716.656600500 128 
6716.657156000 127 
6716.657711500 128 
6716.658267000 127 
6716.658822500 128 
6716.659378000 127 
6716.659933500 128 
6716.660489000 127 
6716.661044500 128 
6716.661600000 127 
6716.662155500 128 
6716.662711000 127 
6716.663266500 128 
6716.663822000 128 
6716.664377500 127 
6716.664933000 127 
6716.665488500 128 
6716.666044000 127 
6716.666599500 127 
6716.667155000 127 
6716.667710500 128 
6716.668266000 127 
6716.668821500 127 
6716.669377000 128 
6716.669932500 127 
6716.670488000 127 
6716.671043500 128 
6716.671599000 127 
6716.672154500 128 
6716.672710000 127 
6716.673265500 126 
6716.673821000 128 
6716.674376500 128 
6716.674932000 127 
6716.675487500 128 
6716.676043000 127 
6716.676598500 128 
6716.677154000 127 
6716.677709500 128 
6716.678265000 127 
6716.678820500 127 
6716.679376000 128 
6716.679931500 127 
6716.680487000 128 
6716.681042500 127 
6716.681598000 128 
6716.682153500 127 
6716.682709000 128 
6716.683264500 128 
6716.683820000 128 
6716.684375500 128 
6716.684931000 127 
6716.685486500 128 
6716.686042000 128 
6716.686597500 127 
6716.687153000 128 
6716.687708500 127 
6716.688264000 128 
6716.688819500 127 
6716.689375000 128 
6716.689930500 127 
6716.690486000 128 
6716.691041500 127 
6716.691597000 128 
6716.692152500 128 
6716.692708000 127 
6716.693263500 127 
6716.693819000 127 
6716.694374500 127 
6716.694930000 127 
6716.695485500 128 
6716.696041000 128 
6716.696596500 128 
6716.697152000 128 
6716.697707500 127 
6716.698263000 128 
6716.698818500 127 
6716.699374000 128 
6716.699929500 127 
6716.700485000 127 
6716.701040500 128 
6716.701596000 127 
6716.702151500 128 
6716.702707000 127 
6716.703262500 128 
6716.703818000 128 
6716.704373500 127 
6716.704929000 127 
6716.705484500 128 
6716.706040000 128 
6716.706595500 127 
6716.707151000 127 
6716.707706500 128 
6716.708262000 127 
6716.708817500 128 
6716.709373000 127 
6716.709928500 128 
6716.710484000 128 
6716.711039500 127 
6716.711595000 127 
6716.712150500 127 
6716.712706000 128 
6716.713261500 127 
6716.713817000 127 
6716.714372500 128 
6716.714928000 127 
6716.715483500 128 
6716.716039000 127 
6716.716594500 128 
6716.717150000 128 
6716.717705500 127 
6716.718261000 127 
6716.718816500 128 
6716.719372000 127 
6716.719927500 127 
6716.720483000 127 
6716.721038500 127 
6716.721594000 127 
6716.722149500 128 
6716.722705000 127 
6716.723260500 127 
6716.723816000 128 
6716.724371500 127 
6716.724927000 126 
6716.725482500 127 
6716.726038000 127 
6716.726593500 127 
6716.727149000 127 
6716.727704500 128 
6716.728260000 127 
6716.728815500 127 
6716.729371000 127 
6716.729926500 128 
6716.730482000 127 
6716.731037500 128 
6716.731593000 128 
6716.732148500 127 
6716.732704000 128 
6716.733259500 126 
6716.733815000 127 
6716.734370500 127 
6716.734926000 129 
6716.735481500 127 
6716.736037000 128 
6716.736592500 128 
6716.737148000 127 
6716.737703500 128 
6716.738259000 127 
6716.738814500 128 
6716.739370000 128 
6716.739925500 127 
6716.740481000 128 
6716.741036500 127 
6716.741592000 127 
6716.742147500 127 
6716.742703000 127 
6716.743258500 128 
6716.743814000 127 
6716.744369500 128 
6716.744925000 128 
6716.745480500 127 
6716.746036000 128 
6716.746591500 127 
6716.747147000 127 
6716.747702500 128 
6716.748258000 128 
6716.748813500 127 
6716.749369000 127 
6716.749924500 128 
6716.750480000 128 
6716.751035500 128 
6716.751591000 127 
6716.752146500 128 
6716.752702000 127 
6716.753257500 128 
6716.753813000 127 
6716.754368500 127 
6716.754924000 128 
6716.755479500 127 
6716.756035000 127 
6716.756590500 127 
6716.757146000 128 
6716.757701500 127 
6716.758257000 127 
6716.758812500 127 
6716.759368000 128 
6716.759923500 127 
6716.760479000 127 
6716.761034500 128 
6716.761590000 127 
6716.762145500 128 
6716.762701000 127 
6716.763256500 127 
6716.763812000 128 
6716.764367500 128 
6716.764923000 127 
6716.765478500 128 
6716.766034000 128 
6716.766589500 127 
6716.767145000 127 
6716.767700500 127 
6716.768256000 128 
6716.768811500 127 
6716.769367000 128 
6716.769922500 127 
6716.770478000 128 
6716.771033500 127 
6716.771589000 127 
6716.772144500 128 
6716.772700000 128 
6716.773255500 126 
6716.773811000 127 
6716.774366500 127 
6716.774922000 128 
6716.775477500 127 
6716.776033000 127 
6716.776588500 128 
6716.777144000 127 
6716.777699500 128 
6716.778255000 128 
6716.778810500 127 
6716.779366000 127 
6716.779921500 127 
6716.780477000 128 
6716.781032500 128 
6716.781588000 127 
6716.782143500 127 
6716.782699000 127 
6716.783254500 128 
6716.783810000 127 
6716.784365500 128 
6716.784921000 127 
6716.785476500 128 
6716.786032000 128 
6716.786587500 127 
6716.787143000 127 
6716.787698500 127 
6716.788254000 128 
6716.788809500 127 
6716.789365000 128 
6716.789920500 127 
6716.790476000 128 
6716.791031500 127 
6716.791587000 127 
6716.792142500 128 
6716.792698000 128 
6716.793253500 127 
6716.793809000 128 
6716.794364500 128 
6716.794920000 127 
6716.795475500 128 
6716.796031000 127 
6716.796586500 128 
6716.797142000 127 
6716.797697500 128 
6716.798253000 128 
6716.798808500 127 
6716.799364000 127 
6716.799919500 128 
6716.800475000 127 
6716.801030500 128 
6716.801586000 127 
6716.802141500 127 
6716.802697000 128 
6716.803252500 127 
6716.803808000 128 
6716.804363500 127 
6716.804919000 127 
6716.805474500 128 
6716.806030000 127 
6716.806585500 128 
6716.807141000 128 
6716.807696500 127 
6716.808252000 127 
6716.808807500 128 
6716.809363000 128 
6716.809918500 127 
6716.810474000 128 
6716.811029500 127 
6716.811585000 128 
6716.812140500 127 
6716.812696000 128 
6716.813251500 127 
6716.813807000 127 
6716.814362500 128 
6716.814918000 128 
6716.815473500 128 
6716.816029000 127 
6716.816584500 128 
6716.817140000 127 
6716.817695500 127 
6716.818251000 128 
6716.818806500 127 
6716.819362000 128 
6716.819917500 128 
6716.820473000 127 
6716.821028500 128 
6716.821584000 127 
6716.822139500 128 
6716.822695000 128 
6716.823250500 127 
6716.823806000 128 
6716.824361500 128 
6716.824917000 126 
6716.825472500 128 
6716.826028000 127 
6716.826583500 127 
6716.827139000 127 
6716.827694500 127 
6716.828250000 128 
6716.828805500 127 
6716.829361000 127 
6716.829916500 128 
6716.830472000 128 
6716.831027500 127 
6716.831583000 127 
6716.832138500 127 
6716.832694000 128 
6716.833249500 126 
6716.833805000 127 
6716.834360500 128 
6716.834916000 128 
6716.835471500 127 
6716.836027000 128 
6716.836582500 127 
6716.837138000 127 
6716.837693500 128 
6716.838249000 127 
6716.838804500 127 
6716.839360000 128 
6716.839915500 127 
6716.840471000 127 
6716.841026500 127 
6716.841582000 128 
6716.842137500 127 
6716.842693000 127 
6716.843248500 127 
6716.843804000 127 
6716.844359500 128 
6716.844915000 127 
6716.845470500 127 
6716.846026000 128 
6716.846581500 128 
6716.847137000 127 
6716.847692500 127 
6716.848248000 127 
6716.848803500 128 
6716.849359000 127 
6716.849914500 127 
6716.850470000 128 
6716.851025500 127 
6716.851581000 128 
6716.852136500 127 
6716.852692000 127 
6716.853247500 127 
6716.853803000 127 
6716.854358500 127 
6716.854914000 128 
6716.855469500 127 
6716.856025000 128 
6716.856580500 128 
6716.857136000 127 
6716.857691500 128 
6716.858247000 127 
6716.858802500 128 
6716.859358000 127 
6716.859913500 127 
6716.860469000 127 
6716.861024500 128 
6716.861580000 127 
6716.862135500 127 
6716.862691000 127 
6716.863246500 127 
6716.863802000 128 
6716.864357500 127 
6716.864913000 127 
6716.865468500 127 
6716.866024000 127 
6716.866579500 128 
6716.867135000 128 
6716.867690500 127 
6716.868246000 128 
6716.868801500 127 
6716.869357000 127 
6716.869912500 127 
6716.870468000 127 
6716.871023500 127 
6716.871579000 127 
6716.872134500 128 
6716.872690000 128 
6716.873245500 127 
6716.873801000 128 
6716.874356500 127 
6716.874912000 127 
6716.875467500 128 
6716.876023000 127 
6716.876578500 128 
6716.877134000 128 
6716.877689500 127 
6716.878245000 128 
6716.878800500 127 
6716.879356000 128 
6716.879911500 127 
6716.880467000 127 
6716.881022500 127 
6716.881578000 127 
6716.882133500 128 
6716.882689000 127 
6716.883244500 127 
6716.883800000 127 
6716.884355500 128 
6716.884911000 126 
6716.885466500 127 
6716.886022000 127 
6716.886577500 127 
6716.887133000 127 
6716.887688500 127 
6716.888244000 128 
6716.888799500 126 
6716.889355000 128 
6716.889910500 127 
6716.890466000 128 
6716.891021500 128 
6716.891577000 127 
6716.892132500 127 
6716.892688000 128 
6716.893243500 127 
6716.893799000 128 
6716.894354500 127 
6716.894910000 129 
6716.895465500 127 
6716.896021000 127 
6716.896576500 127 
6716.897132000 127 
6716.897687500 128 
6716.898243000 127 
6716.898798500 127 
6716.899354000 128 
6716.899909500 128 
6716.900465000 127 
6716.901020500 128 
6716.901576000 128 
6716.902131500 127 
6716.902687000 128 
6716.903242500 128 
6716.903798000 127 
6716.904353500 127 
6716.904909000 127 
6716.905464500 128 
6716.906020000 128 
6716.906575500 127 
6716.907131000 127 
6716.907686500 127 
6716.908242000 128 
6716.908797500 127 
6716.909353000 128 
6716.909908500 127 
6716.910464000 127 
6716.911019500 128 
6716.911575000 127 
6716.912130500 128 
6716.912686000 127 
6716.913241500 127 
6716.913797000 127 
6716.914352500 127 
6716.914908000 128 
6716.915463500 128 
6716.916019000 127 
6716.916574500 128 
6716.917130000 127 
6716.917685500 127 
6716.918241000 128 
6716.918796500 127 
6716.919352000 127 
6716.919907500 128 
6716.920463000 127 
6716.921018500 127 
6716.921574000 127 
6716.922129500 127 
6716.922685000 127 
6716.923240500 128 
6716.923796000 127 
6716.924351500 128 
6716.924907000 127 
6716.925462500 127 
6716.926018000 127 
6716.926573500 128 
6716.927129000 127 
6716.927684500 127 
6716.928240000 127 
6716.928795500 128 
6716.929351000 128 
6716.929906500 127 
6716.930462000 128 
6716.931017500 127 
6716.931573000 127 
6716.932128500 127 
6716.932684000 128 
6716.933239500 127 
6716.933795000 127 
6716.934350500 128 
6716.934906000 128 
6716.935461500 128 
6716.936017000 128 
6716.936572500 127 
6716.937128000 127 
6716.937683500 127 
6716.938239000 127 
6716.938794500 127 
6716.939350000 128 
6716.939905500 127 
6716.940461000 127 
6716.941016500 128 
6716.941572000 127 
6716.942127500 127 
6716.942683000 127 
6716.943238500 128 
6716.943794000 127 
6716.944349500 127 
6716.944905000 127 
6716.945460500 127 
6716.946016000 127 
6716.946571500 128 
6716.947127000 127 
6716.947682500 128 
6716.948238000 127 
6716.948793500 128 
6716.949349000 127 
6716.949904500 127 
6716.950460000 128 
6716.951015500 127 
6716.951571000 127 
6716.952126500 128 
6716.952682000 127 
6716.953237500 127 
6716.953793000 128 
6716.954348500 128 
6716.954904000 128 
6716.955459500 128 
6716.956015000 127 
6716.956570500 127 
6716.957126000 127 
6716.957681500 127 
6716.958237000 127 
6716.958792500 127 
6716.959348000 128 
6716.959903500 127 
6716.960459000 127 
6716.961014500 128 
6716.961570000 127 
6716.962125500 127 
6716.962681000 128 
6716.963236500 128 
6716.963792000 128 
6716.964347500 127 
6716.964903000 127 
6716.965458500 127 
6716.966014000 127 
6716.966569500 128 
6716.967125000 127 
6716.967680500 127 
6716.968236000 128 
6716.968791500 127 
6716.969347000 127 
6716.969902500 128 
6716.970458000 127 
6716.971013500 127 
6716.971569000 128 
6716.972124500 127 
6716.972680000 128 
6716.973235500 127 
6716.973791000 127 
6716.974346500 127 
6716.974902000 128 
6716.975457500 128 
6716.976013000 127 
6716.976568500 127 
6716.977124000 128 
6716.977679500 128 
6716.978235000 127 
6716.978790500 128 
6716.979346000 127 
6716.979901500 127 
6716.980457000 128 
6716.981012500 127 
6716.981568000 128 
6716.982123500 127 
6716.982679000 128 
6716.983234500 128 
6716.983790000 128 
6716.984345500 127 
6716.984901000 126 
6716.985456500 128 
6716.986012000 127 
6716.986567500 128 
6716.987123000 127 
6716.987678500 127 
6716.988234000 128 
6716.988789500 127 
6716.989345000 128 
6716.989900500 128 
6716.990456000 127 
6716.991011500 128 
6716.991567000 127 
6716.992122500 127 
6716.992678000 128 
6716.993233500 127 
6716.993789000 128 
6716.994344500 127 
6716.994900000 129 
6716.995455500 128 
6716.996011000 126 
6716.996566500 128 
6716.997122000 127 
6716.997677500 127 
6716.998233000 127 
6716.998788500 127 
6716.999344000 127 
6716.999899500 128 
6717.000455000 127 
6717.001010500 128 
6717.001566000 127 
6717.002121500 128 
6717.002677000 127 
6717.003232500 127 
6717.003788000 127 
6717.004343500 128 
6717.004899000 126 
6717.005454500 128 
6717.006010000 128 
6717.006565500 128 
6717.007121000 127 
6717.007676500 127 
6717.008232000 128 
6717.008787500 127 
6717.009343000 128 
6717.009898500 128 
6717.010454000 127 
6717.011009500 129 
6717.011565000 128 
6717.012120500 128 
6717.012676000 127 
6717.013231500 127 
6717.013787000 128 
6717.014342500 128 
6717.014898000 128 
6717.015453500 127 
6717.016009000 127 
6717.016564500 127 
6717.017120000 127 
6717.017675500 128 
6717.018231000 127 
6717.018786500 128 
6717.019342000 127 
6717.019897500 128 
6717.020453000 127 
6717.021008500 128 
6717.021564000 128 
6717.022119500 127 
6717.022675000 128 
6717.023230500 128 
6717.023786000 127 
6717.024341500 128 
6717.024897000 126 
6717.025452500 127 
6717.026008000 128 
6717.026563500 127 
6717.027119000 128 
6717.027674500 127 
6717.028230000 128 
6717.028785500 127 
6717.029341000 127 
6717.029896500 128 
6717.030452000 127 
6717.031007500 127 
6717.031563000 128 
6717.032118500 127 
6717.032674000 128 
6717.033229500 126 
6717.033785000 128 
6717.034340500 127 
6717.034896000 128 
6717.035451500 127 
6717.036007000 127 
6717.036562500 128 
6717.037118000 127 
6717.037673500 128 
6717.038229000 128 
6717.038784500 127 
6717.039340000 128 
6717.039895500 127 
6717.040451000 127 
6717.041006500 128 
6717.041562000 127 
6717.042117500 127 
6717.042673000 127 
6717.043228500 127 
6717.043784000 128 
6717.044339500 127 
6717.044895000 127 
6717.045450500 128 
6717.046006000 128 
6717.046561500 127 
6717.047117000 127 
6717.047672500 127 
6717.048228000 128 
6717.048783500 127 
6717.049339000 128 
6717.049894500 127 
6717.050450000 127 
6717.051005500 127 
6717.051561000 127 
6717.052116500 127 
6717.052672000 127 
6717.053227500 127 
6717.053783000 128 
6717.054338500 127 
6717.054894000 129 
6717.055449500 127 
6717.056005000 127 
6717.056560500 128 
6717.057116000 127 
6717.057671500 128 
6717.058227000 127 
6717.058782500 127 
6717.059338000 128 
6717.059893500 127 
6717.060449000 127 
6717.061004500 128 
6717.061560000 127 
6717.062115500 128 
6717.062671000 127 
6717.063226500 128 
6717.063782000 127 
6717.064337500 127 
6717.064893000 126 
6717.065448500 128 
6717.066004000 128 
6717.066559500 127 
6717.067115000 128 
6717.067670500 127 
6717.068226000 128 
6717.068781500 127 
6717.069337000 127 
6717.069892500 128 
6717.070448000 127 
6717.071003500 128 
6717.071559000 127 
6717.072114500 127 
6717.072670000 128 
6717.073225500 127 
6717.073781000 127 
6717.074336500 128 
6717.074892000 129 
6717.075447500 127 
6717.076003000 127 
6717.076558500 127 
6717.077114000 127 
6717.077669500 128 
6717.078225000 127 
6717.078780500 128 
6717.079336000 127 
6717.079891500 127 
6717.080447000 128 
6717.081002500 127 
6717.081558000 127 
6717.082113500 128 
6717.082669000 127 
6717.083224500 128 
6717.083780000 128 
6717.084335500 128 
6717.084891000 126 
6717.085446500 127 
6717.086002000 128 
6717.086557500 126 
6717.087113000 128 
6717.087668500 127 
6717.088224000 126 
6717.088779500 128 
6717.089335000 127 
6717.089890500 128 
6717.090446000 128 
6717.091001500 127 
6717.091557000 127 
6717.092112500 128 
6717.092668000 127 
6717.093223500 128 
6717.093779000 127 
6717.094334500 128 
6717.094890000 128 
6717.095445500 128 
6717.096001000 126 
6717.096556500 128 
6717.097112000 127 
6717.097667500 128 
6717.098223000 128 
6717.098778500 128 
6717.099334000 128 
6717.099889500 127 
6717.100445000 128 
6717.101000500 127 
6717.101556000 127 
6717.102111500 128 
6717.102667000 127 
6717.103222500 128 
6717.103778000 127 
6717.104333500 127 
6717.104889000 127 
6717.105444500 127 
6717.106000000 129 
6717.106555500 127 
6717.107111000 128 
6717.107666500 127 
6717.108222000 128 
6717.108777500 127 
6717.109333000 127 
6717.109888500 128 
6717.110444000 127 
6717.110999500 128 
6717.111555000 127 
6717.112110500 127 
6717.112666000 127 
6717.113221500 128 
6717.113777000 127 
6717.114332500 128 
6717.114888000 128 
6717.115443500 128 
6717.115999000 127 
6717.116554500 127 
6717.117110000 128 
6717.117665500 127 
6717.118221000 128 
6717.118776500 127 
6717.119332000 127 
6717.119887500 127 
6717.120443000 128 
6717.120998500 127 
6717.121554000 128 
6717.122109500 127 
6717.122665000 127 
6717.123220500 128 
6717.123776000 127 
6717.124331500 127 
6717.124887000 127 
6717.125442500 127 
6717.125998000 128 
6717.126553500 128 
6717.127109000 127 
6717.127664500 127 
6717.128220000 128 
6717.128775500 127 
6717.129331000 128 
6717.129886500 127 
6717.130442000 127 
6717.130997500 128 
6717.131553000 127 
6717.132108500 127 
6717.132664000 128 
6717.133219500 127 
6717.133775000 127 
6717.134330500 128 
6717.134886000 129 
6717.135441500 127 
6717.135997000 127 
6717.136552500 128 
6717.137108000 127 
6717.137663500 127 
6717.138219000 128 
6717.138774500 127 
6717.139330000 128 
6717.139885500 127 
6717.140441000 127 
6717.140996500 128 
6717.141552000 128 
6717.142107500 127 
6717.142663000 127 
6717.143218500 128 
6717.143774000 127 
6717.144329500 127 
6717.144885000 127 
6717.145440500 127 
6717.145996000 128 
6717.146551500 127 
6717.147107000 127 
6717.147662500 128 
6717.148218000 127 
6717.148773500 127 
6717.149329000 127 
6717.149884500 128 
6717.150440000 128 
6717.150995500 127 
6717.151551000 127 
6717.152106500 128 
6717.152662000 127 
6717.153217500 127 
6717.153773000 128 
6717.154328500 127 
6717.154884000 129 
6717.155439500 128 
6717.155995000 126 
6717.156550500 128 
6717.157106000 127 
6717.157661500 127 
6717.158217000 128 
6717.158772500 128 
6717.159328000 127 
6717.159883500 128 
6717.160439000 128 
6717.160994500 127 
6717.161550000 128 
6717.162105500 127 
6717.162661000 127 
6717.163216500 128 
6717.163772000 127 
6717.164327500 127 
6717.164883000 127 
6717.165438500 127 
6717.165994000 128 
6717.166549500 128 
6717.167105000 127 
6717.167660500 128 
6717.168216000 127 
6717.168771500 127 
6717.169327000 127 
6717.169882500 127 
6717.170438000 127 
6717.170993500 127 
6717.171549000 128 
6717.172104500 127 
6717.172660000 127 
6717.173215500 128 
6717.173771000 127 
6717.174326500 128 
6717.174882000 128 
6717.175437500 128 
6717.175993000 127 
6717.176548500 128 
6717.177104000 128 
6717.177659500 127 
6717.178215000 128 
6717.178770500 127 
6717.179326000 127 
6717.179881500 128 
6717.180437000 127 
6717.180992500 128 
6717.181548000 127 
6717.182103500 128 
6717.182659000 127 
6717.183214500 128 
6717.183770000 128 
6717.184325500 127 
6717.184881000 126 
6717.185436500 128 
6717.185992000 128 
6717.186547500 128 
6717.187103000 127 
6717.187658500 128 
6717.188214000 127 
6717.188769500 127 
6717.189325000 128 
6717.189880500 127 
6717.190436000 128 
6717.190991500 127 
6717.191547000 128 
6717.192102500 128 
6717.192658000 127 
6717.193213500 127 
6717.193769000 127 
6717.194324500 127 
6717.194880000 129 
6717.195435500 127 
6717.195991000 127 
6717.196546500 128 
6717.197102000 128 
6717.197657500 127 
6717.198213000 128 
6717.198768500 127 
6717.199324000 128 
6717.199879500 127 
6717.200435000 128 
6717.200990500 128 
6717.201546000 128 
6717.202101500 127 
6717.202657000 128 
6717.203212500 128 
6717.203768000 127 
6717.204323500 127 
6717.204879000 127 
6717.205434500 128 
6717.205990000 128 
6717.206545500 128 
6717.207101000 127 
6717.207656500 128 
6717.208212000 127 
6717.208767500 128 
6717.209323000 127 
6717.209878500 127 
6717.210434000 129 
6717.210989500 127 
6717.211545000 128 
6717.212100500 127 
6717.212656000 127 
6717.213211500 127 
6717.213767000 127 
6717.214322500 128 
6717.214878000 129 
6717.215433500 127 
6717.215989000 127 
6717.216544500 128 
6717.217100000 127 
6717.217655500 128 
6717.218211000 127 
6717.218766500 128 
6717.219322000 127 
6717.219877500 128 
6717.220433000 127 
6717.220988500 127 
6717.221544000 128 
6717.222099500 127 
6717.222655000 128 
6717.223210500 128 
6717.223766000 127 
6717.224321500 127 
6717.224877000 127 
6717.225432500 127 
6717.225988000 128 
6717.226543500 128 
6717.227099000 127 
6717.227654500 127 
6717.228210000 127 
6717.228765500 127 
6717.229321000 128 
6717.229876500 128 
6717.230432000 128 
6717.230987500 127 
6717.231543000 128 
6717.232098500 127 
6717.232654000 127 
6717.233209500 127 
6717.233765000 128 
6717.234320500 127 
6717.234876000 129 
6717.235431500 128 
6717.235987000 126 
6717.236542500 128 
6717.237098000 127 
6717.237653500 128 
6717.238209000 128 
6717.238764500 127 
6717.239320000 127 
6717.239875500 127 
6717.240431000 128 
6717.240986500 128 
6717.241542000 127 
6717.242097500 128 
6717.242653000 127 
6717.243208500 128 
6717.243764000 127 
6717.244319500 127 
6717.244875000 127 
6717.245430500 127 
6717.245986000 128 
6717.246541500 127 
6717.247097000 127 
6717.247652500 128 
6717.248208000 127 
6717.248763500 128 
6717.249319000 127 
6717.249874500 127 
6717.250430000 128 
6717.250985500 127 
6717.251541000 128 
6717.252096500 127 
6717.252652000 128 
6717.253207500 127 
6717.253763000 127 
6717.254318500 128 
6717.254874000 128 
6717.255429500 128 
6717.255985000 126 
6717.256540500 128 
6717.257096000 127 
6717.257651500 128 
6717.258207000 128 
6717.258762500 127 
6717.259318000 127 
6717.259873500 127 
6717.260429000 128 
6717.260984500 128 
6717.261540000 127 
6717.262095500 128 
6717.262651000 128 
6717.263206500 127 
6717.263762000 128 
6717.264317500 127 
6717.264873000 127 
6717.265428500 128 
6717.265984000 128 
6717.266539500 127 
6717.267095000 128 
6717.267650500 127 
6717.268206000 128 
6717.268761500 128 
6717.269317000 127 
6717.269872500 128 
6717.270428000 127 
6717.270983500 127 
6717.271539000 127 
6717.272094500 127 
6717.272650000 127 
6717.273205500 128 
6717.273761000 127 
6717.274316500 127 
6717.274872000 129 
6717.275427500 127 
6717.275983000 127 
6717.276538500 127 
6717.277094000 127 
6717.277649500 128 
6717.278205000 127 
6717.278760500 127 
6717.279316000 127 
6717.279871500 128 
6717.280427000 127 
6717.280982500 128 
6717.281538000 127 
6717.282093500 128 
6717.282649000 127 
6717.283204500 128 
6717.283760000 128 
6717.284315500 127 
6717.284871000 126 
6717.285426500 128 
6717.285982000 128 
6717.286537500 127 
6717.287093000 127 
6717.287648500 127 
6717.288204000 128 
6717.288759500 127 
6717.289315000 127 
6717.289870500 128 
6717.290426000 127 
6717.290981500 127 
6717.291537000 128 
6717.292092500 127 
6717.292648000 128 
6717.293203500 127 
6717.293759000 128 
6717.294314500 128 
6717.294870000 129 
6717.295425500 128 
6717.295981000 126 
6717.296536500 128 
6717.297092000 127 
6717.297647500 128 
6717.298203000 128 
6717.298758500 127 
6717.299314000 128 
6717.299869500 127 
6717.300425000 128 
6717.300980500 127 
6717.301536000 128 
6717.302091500 127 
6717.302647000 128 
6717.303202500 127 
6717.303758000 127 
6717.304313500 127 
6717.304869000 127 
6717.305424500 127 
6717.305980000 128 
6717.306535500 128 
6717.307091000 127 
6717.307646500 127 
6717.308202000 128 
6717.308757500 127 
6717.309313000 127 
6717.309868500 127 
6717.310424000 127 
6717.310979500 128 
6717.311535000 127 
6717.312090500 127 
6717.312646000 127 
6717.313201500 128 
6717.313757000 127 
6717.314312500 127 
6717.314868000 128 
6717.315423500 127 
6717.315979000 127 
6717.316534500 128 
6717.317090000 128 
6717.317645500 128 
6717.318201000 128 
6717.318756500 127 
6717.319312000 128 
6717.319867500 127 
6717.320423000 128 
6717.320978500 127 
6717.321534000 127 
6717.322089500 128 
6717.322645000 127 
6717.323200500 127 
6717.323756000 128 
6717.324311500 128 
6717.324867000 126 
6717.325422500 128 
6717.325978000 128 
6717.326533500 128 
6717.327089000 127 
6717.327644500 127 
6717.328200000 128 
6717.328755500 127 
6717.329311000 128 
6717.329866500 127 
6717.330422000 127 
6717.330977500 128 
6717.331533000 127 
6717.332088500 128 
6717.332644000 127 
6717.333199500 127 
6717.333755000 128 
6717.334310500 127 
6717.334866000 128 
6717.335421500 128 
6717.335977000 126 
6717.336532500 127 
6717.337088000 128 
6717.337643500 127 
6717.338199000 128 
6717.338754500 127 
6717.339310000 127 
6717.339865500 127 
6717.340421000 127 
6717.340976500 127 
6717.341532000 128 
6717.342087500 127 
6717.342643000 128 
6717.343198500 127 
6717.343754000 127 
6717.344309500 128 
6717.344865000 126 
6717.345420500 127 
6717.345976000 129 
6717.346531500 127 
6717.347087000 127 
6717.347642500 127 
6717.348198000 127 
6717.348753500 127 
6717.349309000 127 
6717.349864500 128 
6717.350420000 127 
6717.350975500 128 
6717.351531000 127 
6717.352086500 127 
6717.352642000 128 
6717.353197500 127 
6717.353753000 128 
6717.354308500 127 
6717.354864000 129 
6717.355419500 127 
6717.355975000 127 
6717.356530500 128 
6717.357086000 127 
6717.357641500 128 
6717.358197000 128 
6717.358752500 127 
6717.359308000 127 
6717.359863500 128 
6717.360419000 127 
6717.360974500 128 
6717.361530000 127 
6717.362085500 127 
6717.362641000 128 
6717.363196500 127 
6717.363752000 128 
6717.364307500 127 
6717.364863000 126 
6717.365418500 127 
6717.365974000 128 
6717.366529500 128 
6717.367085000 127 
6717.367640500 127 
6717.368196000 127 
6717.368751500 127 
6717.369307000 127 
6717.369862500 127 
6717.370418000 128 
6717.370973500 127 
6717.371529000 127 
6717.372084500 127 
6717.372640000 127 
6717.373195500 127 
6717.373751000 127 
6717.374306500 128 
6717.374862000 128 
6717.375417500 128 
6717.375973000 126 
6717.376528500 128 
6717.377084000 127 
6717.377639500 127 
6717.378195000 128 
6717.378750500 128 
6717.379306000 128 
6717.379861500 127 
6717.380417000 127 
6717.380972500 127 
6717.381528000 127 
6717.382083500 127 
6717.382639000 128 
6717.383194500 127 
6717.383750000 127 
6717.384305500 127 
6717.384861000 126 
6717.385416500 128 
6717.385972000 128 
6717.386527500 127 
6717.387083000 128 
6717.387638500 127 
6717.388194000 127 
6717.388749500 127 
6717.389305000 127 
6717.389860500 128 
6717.390416000 127 
6717.390971500 128 
6717.391527000 127 
6717.392082500 127 
6717.392638000 128 
6717.393193500 127 
6717.393749000 127 
6717.394304500 128 
6717.394860000 128 
6717.395415500 127 
6717.395971000 127 
6717.396526500 128 
6717.397082000 128 
6717.397637500 127 
6717.398193000 128 
6717.398748500 128 
6717.399304000 128 
6717.399859500 128 
6717.400415000 128 
6717.400970500 127 
6717.401526000 128 
6717.402081500 127 
6717.402637000 127 
6717.403192500 127 
6717.403748000 127 
6717.404303500 128 
6717.404859000 127 
6717.405414500 127 
6717.405970000 129 
6717.406525500 127 
6717.407081000 127 
6717.407636500 128 
6717.408192000 126 
6717.408747500 128 
6717.409303000 127 
6717.409858500 127 
6717.410414000 128 
6717.410969500 128 
6717.411525000 128 
6717.412080500 127 
6717.412636000 128 
6717.413191500 127 
6717.413747000 127 
6717.414302500 128 
6717.414858000 128 
6717.415413500 128 
6717.415969000 126 
6717.416524500 128 
6717.417080000 127 
6717.417635500 127 
6717.418191000 128 
6717.418746500 127 
6717.419302000 128 
6717.419857500 127 
6717.420413000 128 
6717.420968500 127 
6717.421524000 127 
6717.422079500 128 
6717.422635000 128 
6717.423190500 127 
6717.423746000 127 
6717.424301500 128 
6717.424857000 126 
6717.425412500 127 
6717.425968000 129 
6717.426523500 127 
6717.427079000 128 
6717.427634500 127 
6717.428190000 127 
6717.428745500 128 
6717.429301000 127 
6717.429856500 127 
6717.430412000 128 
6717.430967500 127 
6717.431523000 127 
6717.432078500 127 
6717.432634000 127 
6717.433189500 128 
6717.433745000 127 
6717.434300500 128 
6717.434856000 129 
6717.435411500 127 
6717.435967000 127 
6717.436522500 128 
6717.437078000 127 
6717.437633500 127 
6717.438189000 127 
6717.438744500 127 
6717.439300000 128 
6717.439855500 127 
6717.440411000 128 
6717.440966500 127 
6717.441522000 128 
6717.442077500 127 
6717.442633000 127 
6717.443188500 127 
6717.443744000 127 
6717.444299500 126 
6717.444855000 126 
6717.445410500 127 
6717.445966000 128 
6717.446521500 127 
6717.447077000 127 
6717.447632500 127 
6717.448188000 128 
6717.448743500 127 
6717.449299000 127 
6717.449854500 127 
6717.450410000 128 
6717.450965500 127 
6717.451521000 127 
6717.452076500 127 
6717.452632000 127 
6717.453187500 128 
6717.453743000 127 
6717.454298500 127 
6717.454854000 129 
6717.455409500 128 
6717.455965000 127 
6717.456520500 127 
6717.457076000 127 
6717.457631500 128 
6717.458187000 127 
6717.458742500 128 
6717.459298000 127 
6717.459853500 128 
6717.460409000 127 
6717.460964500 127 
6717.461520000 128 
6717.462075500 127 
6717.462631000 127 
6717.463186500 127 
6717.463742000 128 
6717.464297500 128 
6717.464853000 126 
6717.465408500 127 
6717.465964000 128 
6717.466519500 127 
6717.467075000 127 
6717.467630500 128 
6717.468186000 127 
6717.468741500 128 
6717.469297000 127 
6717.469852500 127 
6717.470408000 127 
6717.470963500 127 
6717.471519000 128 
6717.472074500 127 
6717.472630000 128 
6717.473185500 127 
6717.473741000 128 
6717.474296500 127 
6717.474852000 128 
6717.475407500 127 
6717.475963000 126 
6717.476518500 128 
6717.477074000 127 
6717.477629500 127 
6717.478185000 128 
6717.478740500 127 
6717.479296000 127 
6717.479851500 128 
6717.480407000 128 
6717.480962500 127 
6717.481518000 127 
6717.482073500 127 
6717.482629000 127 
6717.483184500 128 
6717.483740000 128 
6717.484295500 127 
6717.484851000 127 
6717.485406500 127 
6717.485962000 128 
6717.486517500 128 
6717.487073000 127 
6717.487628500 128 
6717.488184000 127 
6717.488739500 127 
6717.489295000 128 
6717.489850500 127 
6717.490406000 128 
6717.490961500 127 
6717.491517000 128 
6717.492072500 127 
6717.492628000 128 
6717.493183500 127 
6717.493739000 127 
6717.494294500 127 
6717.494850000 129 
6717.495405500 127 
6717.495961000 127 
6717.496516500 127 
6717.497072000 128 
6717.497627500 127 
6717.498183000 127 
6717.498738500 127 
6717.499294000 127 
6717.499849500 127 
6717.500405000 128 
6717.500960500 128 
6717.501516000 127 
6717.502071500 128 
6717.502627000 127 
6717.503182500 128 
6717.503738000 128 
6717.504293500 127 
6717.504849000 127 
6717.505404500 127 
6717.505960000 128 
6717.506515500 127 
6717.507071000 127 
6717.507626500 127 
6717.508182000 127 
6717.508737500 127 
6717.509293000 127 
6717.509848500 127 
6717.510404000 128 
6717.510959500 127 
6717.511515000 128 
6717.512070500 128 
6717.512626000 127 
6717.513181500 127 
6717.513737000 128 
6717.514292500 127 
6717.514848000 128 
6717.515403500 128 
6717.515959000 127 
6717.516514500 128 
6717.517070000 127 
6717.517625500 128 
6717.518181000 128 
6717.518736500 127 
6717.519292000 128 
6717.519847500 127 
6717.520403000 128 
6717.520958500 127 
6717.521514000 128 
6717.522069500 127 
6717.522625000 128 
6717.523180500 127 
6717.523736000 127 
6717.524291500 127 
6717.524847000 127 
6717.525402500 128 
6717.525958000 129 
6717.526513500 127 
6717.527069000 128 
6717.527624500 127 
6717.528180000 128 
6717.528735500 127 
6717.529291000 128 
6717.529846500 127 
6717.530402000 128 
6717.530957500 127 
6717.531513000 127 
6717.532068500 127 
6717.532624000 127 
6717.533179500 128 
6717.533735000 127 
6717.534290500 127 
6717.534846000 127 
6717.535401500 128 
6717.535957000 126 
6717.536512500 128 
6717.537068000 127 
6717.537623500 128 
6717.538179000 127 
6717.538734500 127 
6717.539290000 128 
6717.539845500 127 
6717.540401000 127 
6717.540956500 128 
6717.541512000 127 
6717.542067500 128 
6717.542623000 128 
6717.543178500 127 
6717.543734000 128 
6717.544289500 127 
6717.544845000 128 
6717.545400500 127 
6717.545956000 128 
6717.546511500 127 
6717.547067000 127 
6717.547622500 127 
6717.548178000 128 
6717.548733500 127 
6717.549289000 128 
6717.549844500 127 
6717.550400000 127 
6717.550955500 127 
6717.551511000 127 
6717.552066500 127 
6717.552622000 128 
6717.553177500 128 
6717.553733000 127 
6717.554288500 127 
6717.554844000 128 
6717.555399500 127 
6717.555955000 127 
6717.556510500 127 
6717.557066000 128 
6717.557621500 127 
6717.558177000 127 
6717.558732500 127 
6717.559288000 127 
6717.559843500 128 
6717.560399000 127 
6717.560954500 128 
6717.561510000 127 
6717.562065500 128 
6717.562621000 127 
6717.563176500 128 
6717.563732000 127 
6717.564287500 127 
6717.564843000 127 
6717.565398500 127 
6717.565954000 128 
6717.566509500 127 
6717.567065000 127 
6717.567620500 128 
6717.568176000 127 
6717.568731500 128 
6717.569287000 128 
6717.569842500 127 
6717.570398000 128 
6717.570953500 127 
6717.571509000 127 
6717.572064500 128 
6717.572620000 127 
6717.573175500 127 
6717.573731000 128 
6717.574286500 127 
6717.574842000 128 
6717.575397500 128 
6717.575953000 126 
6717.576508500 127 
6717.577064000 128 
6717.577619500 127 
6717.578175000 127 
6717.578730500 128 
6717.579286000 127 
6717.579841500 127 
6717.580397000 127 
6717.580952500 128 
6717.581508000 127 
6717.582063500 128 
6717.582619000 128 
6717.583174500 127 
6717.583730000 127 
6717.584285500 127 
6717.584841000 128 
6717.585396500 128 
6717.585952000 128 
6717.586507500 128 
6717.587063000 127 
6717.587618500 127 
6717.588174000 128 
6717.588729500 126 
6717.589285000 128 
6717.589840500 127 
6717.590396000 127 
6717.590951500 127 
6717.591507000 128 
6717.592062500 127 
6717.592618000 128 
6717.593173500 127 
6717.593729000 128 
6717.594284500 127 
6717.594840000 128 
6717.595395500 127 
6717.595951000 127 
6717.596506500 127 
6717.597062000 128 
6717.597617500 127 
6717.598173000 127 
6717.598728500 128 
6717.599284000 128 
6717.599839500 127 
6717.600395000 128 
6717.600950500 127 
6717.601506000 127 
6717.602061500 128 
6717.602617000 127 
6717.603172500 128 
6717.603728000 126 
6717.604283500 128 
6717.604839000 126 
6717.605394500 128 
6717.605950000 128 
6717.606505500 128 
6717.607061000 128 
6717.607616500 127 
6717.608172000 127 
6717.608727500 127 
6717.609283000 127 
6717.609838500 127 
6717.610394000 127 
6717.610949500 127 
6717.611505000 127 
6717.612060500 128 
6717.612616000 128 
6717.613171500 126 
6717.613727000 128 
6717.614282500 127 
6717.614838000 127 
6717.615393500 128 
6717.615949000 127 
6717.616504500 128 
6717.617060000 127 
6717.617615500 127 
6717.618171000 127 
6717.618726500 128 
6717.619282000 127 
6717.619837500 127 
6717.620393000 128 
6717.620948500 127 
6717.621504000 128 
6717.622059500 128 
6717.622615000 127 
6717.623170500 128 
6717.623726000 127 
6717.624281500 128 
6717.624837000 128 
6717.625392500 127 
6717.625948000 128 
6717.626503500 127 
6717.627059000 127 
6717.627614500 128 
6717.628170000 127 
6717.628725500 127 
6717.629281000 128 
6717.629836500 127 
6717.630392000 128 
6717.630947500 128 
6717.631503000 128 
6717.632058500 127 
6717.632614000 128 
6717.633169500 127 
6717.633725000 127 
6717.634280500 127 
6717.634836000 127 
6717.635391500 128 
6717.635947000 127 
6717.636502500 127 
6717.637058000 128 
6717.637613500 127 
6717.638169000 127 
6717.638724500 127 
6717.639280000 127 
6717.639835500 127 
6717.640391000 128 
6717.640946500 127 
6717.641502000 128 
6717.642057500 127 
6717.642613000 127 
6717.643168500 129 
6717.643724000 127 
6717.644279500 128 
6717.644835000 127 
6717.645390500 128 
6717.645946000 128 
6717.646501500 127 
6717.647057000 127 
6717.647612500 127 
6717.648168000 128 
6717.648723500 128 
6717.649279000 127 
6717.649834500 128 
6717.650390000 127 
6717.650945500 127 
6717.651501000 128 
6717.652056500 128 
6717.652612000 127 
6717.653167500 127 
6717.653723000 128 
6717.654278500 127 
6717.654834000 127 
6717.655389500 128 
6717.655945000 127 
6717.656500500 127 
6717.657056000 128 
6717.657611500 127 
6717.658167000 128 
6717.658722500 128 
6717.659278000 127 
6717.659833500 128 
6717.660389000 128 
6717.660944500 127 
6717.661500000 127 
6717.662055500 127 
6717.662611000 128 
6717.663166500 128 
6717.663722000 127 
6717.664277500 128 
6717.664833000 127 
6717.665388500 127 
6717.665944000 129 
6717.666499500 127 
6717.667055000 128 
6717.667610500 127 
6717.668166000 126 
6717.668721500 128 
6717.669277000 127 
6717.669832500 127 
6717.670388000 128 
6717.670943500 127 
6717.671499000 128 
6717.672054500 127 
6717.672610000 128 
6717.673165500 127 
6717.673721000 127 
6717.674276500 128 
6717.674832000 127 
6717.675387500 128 
6717.675943000 126 
6717.676498500 128 
6717.677054000 128 
6717.677609500 127 
6717.678165000 128 
6717.678720500 128 
6717.679276000 127 
6717.679831500 128 
6717.680387000 127 
6717.680942500 127 
6717.681498000 128 
6717.682053500 127 
6717.682609000 128 
6717.683164500 128 
6717.683720000 127 
6717.684275500 128 
6717.684831000 127 
6717.685386500 127 
6717.685942000 129 
6717.686497500 127 
6717.687053000 127 
6717.687608500 128 
6717.688164000 127 
6717.688719500 127 
6717.689275000 127 
6717.689830500 128 
6717.690386000 127 
6717.690941500 127 
6717.691497000 128 
6717.692052500 127 
6717.692608000 127 
6717.693163500 127 
6717.693719000 127 
6717.694274500 127 
6717.694830000 128 
6717.695385500 127 
6717.695941000 126 
6717.696496500 128 
6717.697052000 128 
6717.697607500 127 
6717.698163000 128 
6717.698718500 127 
6717.699274000 127 
6717.699829500 127 
6717.700385000 127 
6717.700940500 128 
6717.701496000 127 
6717.702051500 128 
6717.702607000 127 
6717.703162500 127 
6717.703718000 128 
6717.704273500 127 
6717.704829000 127 
6717.705384500 128 
6717.705940000 128 
6717.706495500 127 
6717.707051000 127 
6717.707606500 127 
6717.708162000 127 
6717.708717500 128 
6717.709273000 127 
6717.709828500 127 
6717.710384000 128 
6717.710939500 127 
6717.711495000 127 
6717.712050500 128 
6717.712606000 127 
6717.713161500 128 
6717.713717000 128 
6717.714272500 127 
6717.714828000 127 
6717.715383500 127 
6717.715939000 126 
6717.716494500 128 
6717.717050000 127 
6717.717605500 128 
6717.718161000 127 
6717.718716500 128 
6717.719272000 127 
6717.719827500 128 
6717.720383000 127 
6717.720938500 127 
6717.721494000 127 
6717.722049500 127 
6717.722605000 127 
6717.723160500 128 
6717.723716000 127 
6717.724271500 127 
6717.724827000 128 
6717.725382500 127 
6717.725938000 128 
6717.726493500 128 
6717.727049000 127 
6717.727604500 128 
6717.728160000 126 
6717.728715500 128 
6717.729271000 127 
6717.729826500 128 
6717.730382000 127 
6717.730937500 127 
6717.731493000 127 
6717.732048500 127 
6717.732604000 127 
6717.733159500 127 
6717.733715000 128 
6717.734270500 128 
6717.734826000 127 
6717.735381500 127 
6717.735937000 127 
6717.736492500 127 
6717.737048000 128 
6717.737603500 127 
6717.738159000 128 
6717.738714500 127 
6717.739270000 127 
6717.739825500 128 
6717.740381000 127 
6717.740936500 128 
6717.741492000 128 
6717.742047500 127 
6717.742603000 128 
6717.743158500 127 
6717.743714000 128 
6717.744269500 128 
6717.744825000 127 
6717.745380500 127 
6717.745936000 128 
6717.746491500 127 
6717.747047000 127 
6717.747602500 128 
6717.748158000 126 
6717.748713500 127 
6717.749269000 128 
6717.749824500 127 
6717.750380000 128 
6717.750935500 127 
6717.751491000 127 
6717.752046500 128 
6717.752602000 127 
6717.753157500 127 
6717.753713000 127 
6717.754268500 127 
6717.754824000 128 
6717.755379500 127 
6717.755935000 127 
6717.756490500 127 
6717.757046000 126 
6717.757601500 128 
6717.758157000 128 
6717.758712500 127 
6717.759268000 127 
6717.759823500 128 
6717.760379000 127 
6717.760934500 128 
6717.761490000 127 
6717.762045500 128 
6717.762601000 128 
6717.763156500 128 
6717.763712000 128 
6717.764267500 127 
6717.764823000 127 
6717.765378500 128 
6717.765934000 128 
6717.766489500 127 
6717.767045000 128 
6717.767600500 127 
6717.768156000 127 
6717.768711500 127 
6717.769267000 127 
6717.769822500 127 
6717.770378000 127 
6717.770933500 127 
6717.771489000 127 
6717.772044500 127 
6717.772600000 128 
6717.773155500 127 
6717.773711000 127 
6717.774266500 128 
6717.774822000 127 
6717.775377500 127 
6717.775933000 126 
6717.776488500 128 
6717.777044000 127 
6717.777599500 127 
6717.778155000 128 
6717.778710500 127 
6717.779266000 128 
6717.779821500 127 
6717.780377000 127 
6717.780932500 127 
6717.781488000 128 
6717.782043500 127 
6717.782599000 127 
6717.783154500 128 
6717.783710000 127 
6717.784265500 126 
6717.784821000 128 
6717.785376500 127 
6717.785932000 128 
6717.786487500 127 
6717.787043000 128 
6717.787598500 128 
6717.788154000 127 
6717.788709500 127 
6717.789265000 128 
6717.789820500 127 
6717.790376000 128 
6717.790931500 127 
6717.791487000 127 
6717.792042500 127 
6717.792598000 127 
6717.793153500 128 
6717.793709000 127 
6717.794264500 128 
6717.794820000 127 
6717.795375500 127 
6717.795931000 128 
6717.796486500 127 
6717.797042000 127 
6717.797597500 127 
6717.798153000 128 
6717.798708500 128 
6717.799264000 127 
6717.799819500 127 
6717.800375000 127 
6717.800930500 127 
6717.801486000 127 
6717.802041500 128 
6717.802597000 127 
6717.803152500 128 
6717.803708000 128 
6717.804263500 126 
6717.804819000 127 
6717.805374500 127 
6717.805930000 127 
6717.806485500 128 
6717.807041000 128 
6717.807596500 127 
6717.808152000 127 
6717.808707500 127 
6717.809263000 127 
6717.809818500 128 
6717.810374000 127 
6717.810929500 127 
6717.811485000 127 
6717.812040500 127 
6717.812596000 127 
6717.813151500 128 
6717.813707000 127 
6717.814262500 128 
6717.814818000 129 
6717.815373500 141 
6717.815929000 121 
6717.816484500 113 
6717.817040000 136 
6717.817595500 139 
6717.818151000 115 
6717.818706500 120 
6717.819262000 144 
6717.819817500 129 
6717.820373000 112 
6717.820928500 133 
6717.821484000 143 
6717.822039500 118 
6717.822595000 117 
6717.823150500 141 
6717.823706000 135 
6717.824261500 112 
6717.824817000 126 
6717.825372500 144 
6717.825928000 124 
6717.826483500 112 
6717.827039000 137 
6717.827594500 139 
6717.828150000 114 
6717.828705500 120 
6717.829261000 143 
6717.829816500 129 
6717.830372000 112 
6717.830927500 131 
6717.831483000 143 
6717.832038500 119 
6717.832594000 116 
6717.833149500 140 
6717.833705000 135 
6717.834260500 112 
6717.834816000 126 
6717.835371500 144 
6717.835927000 123 
6717.836482500 113 
6717.837038000 136 
6717.837593500 139 
6717.838149000 115 
6717.838704500 120 
6717.839260000 144 
6717.839815500 129 
6717.840371000 110 
6717.840926500 132 
6717.841482000 142 
6717.842037500 119 
6717.842593000 116 
6717.843148500 141 
6717.843704000 135 
6717.844259500 111 
6717.844815000 126 
6717.845370500 144 
6717.845926000 123 
6717.846481500 113 
6717.847037000 136 
6717.847592500 139 
6717.848148000 115 
6717.848703500 120 
6717.849259000 144 
6717.849814500 129 
6717.850370000 111 
6717.850925500 131 
6717.851481000 142 
6717.852036500 118 
6717.852592000 115 
6717.853147500 141 
6717.853703000 135 
6717.854258500 112 
6717.854814000 126 
6717.855369500 145 
6717.855925000 123 
6717.856480500 112 
6717.857036000 136 
6717.857591500 140 
6717.858147000 114 
6717.858702500 120 
6717.859258000 143 
6717.859813500 129 
6717.860369000 111 
6717.860924500 132 
6717.861480000 142 
6717.862035500 119 
6717.862591000 115 
6717.863146500 141 
6717.863702000 135 
6717.864257500 111 
6717.864813000 126 
6717.865368500 143 
6717.865924000 124 
6717.866479500 112 
6717.867035000 137 
6717.867590500 139 
6717.868146000 115 
6717.868701500 120 
6717.869257000 142 
6717.869812500 130 
6717.870368000 111 
6717.870923500 131 
6717.871479000 142 
6717.872034500 118 
6717.872590000 116 
6717.873145500 140 
6717.873701000 135 
6717.874256500 113 
6717.874812000 125 
6717.875367500 144 
6717.875923000 124 
6717.876478500 112 
6717.877034000 137 
6717.877589500 139 
6717.878145000 115 
6717.878700500 120 
6717.879256000 143 
6717.879811500 130 
6717.880367000 110 
6717.880922500 131 
6717.881478000 142 
6717.882033500 118 
6717.882589000 115 
6717.883144500 141 
6717.883700000 135 
6717.884255500 111 
6717.884811000 125 
6717.885366500 144 
6717.885922000 124 
6717.886477500 112 
6717.887033000 136 
6717.887588500 140 
6717.888144000 114 
6717.888699500 119 
6717.889255000 143 
6717.889810500 129 
6717.890366000 112 
6717.890921500 131 
6717.891477000 143 
6717.892032500 118 
6717.892588000 115 
6717.893143500 140 
6717.893699000 135 
6717.894254500 112 
6717.894810000 125 
6717.895365500 143 
6717.895921000 124 
6717.896476500 112 
6717.897032000 137 
6717.897587500 139 
6717.898143000 115 
6717.898698500 120 
6717.899254000 143 
6717.899809500 130 
6717.900365000 112 
6717.900920500 131 
6717.901476000 143 
6717.902031500 119 
6717.902587000 115 
6717.903142500 141 
6717.903698000 135 
6717.904253500 111 
6717.904809000 126 
6717.905364500 143 
6717.905920000 124 
6717.906475500 113 
6717.907031000 136 
6717.907586500 140 
6717.908142000 114 
6717.908697500 120 
6717.909253000 143 
6717.909808500 129 
6717.910364000 111 
6717.910919500 132 
6717.911475000 142 
6717.912030500 119 
6717.912586000 115 
6717.913141500 140 
6717.913697000 135 
6717.914252500 112 
6717.914808000 126 
6717.915363500 143 
6717.915919000 124 
6717.916474500 113 
6717.917030000 136 
6717.917585500 140 
6717.918141000 114 
6717.918696500 120 
6717.919252000 143 
6717.919807500 129 
6717.920363000 111 
6717.920918500 131 
6717.921474000 142 
6717.922029500 119 
6717.922585000 115 
6717.923140500 141 
6717.923696000 135 
6717.924251500 111 
6717.924807000 125 
6717.925362500 143 
6717.925918000 124 
6717.926473500 112 
6717.927029000 137 
6717.927584500 140 
6717.928140000 114 
6717.928695500 120 
6717.929251000 143 
6717.929806500 129 
6717.930362000 111 
6717.930917500 131 
6717.931473000 143 
6717.932028500 119 
6717.932584000 115 
6717.933139500 140 
6717.933695000 136 
6717.934250500 111 
6717.934806000 126 
6717.935361500 143 
6717.935917000 124 
6717.936472500 112 
6717.937028000 136 
6717.937583500 139 
6717.938139000 114 
6717.938694500 120 
6717.939250000 144 
6717.939805500 130 
6717.940361000 111 
6717.940916500 131 
6717.941472000 143 
6717.942027500 118 
6717.942583000 115 
6717.943138500 142 
6717.943694000 135 
6717.944249500 112 
6717.944805000 124 
6717.945360500 145 
6717.945916000 124 
6717.946471500 112 
6717.947027000 136 
6717.947582500 139 
6717.948138000 115 
6717.948693500 120 
6717.949249000 143 
6717.949804500 130 
6717.950360000 110 
6717.950915500 131 
6717.951471000 142 
6717.952026500 119 
6717.952582000 115 
6717.953137500 140 
6717.953693000 136 
6717.954248500 112 
6717.954804000 125 
6717.955359500 144 
6717.955915000 123 
6717.956470500 112 
6717.957026000 137 
6717.957581500 139 
6717.958137000 115 
6717.958692500 120 
6717.959248000 143 
6717.959803500 130 
6717.960359000 110 
6717.960914500 131 
6717.961470000 142 
6717.962025500 119 
6717.962581000 115 
6717.963136500 141 
6717.963692000 136 
6717.964247500 112 
6717.964803000 125 
6717.965358500 144 
6717.965914000 125 
6717.966469500 112 
6717.967025000 136 
6717.967580500 141 
6717.968136000 114 
6717.968691500 120 
6717.969247000 143 
6717.969802500 129 
6717.970358000 112 
6717.970913500 131 
6717.971469000 143 
6717.972024500 119 
6717.972580000 115 
6717.973135500 140 
6717.973691000 135 
6717.974246500 112 
6717.974802000 125 
6717.975357500 144 
6717.975913000 125 
6717.976468500 111 
6717.977024000 136 
6717.977579500 139 
6717.978135000 115 
6717.978690500 120 
6717.979246000 142 
6717.979801500 130 
6717.980357000 111 
6717.980912500 130 
6717.981468000 142 
6717.982023500 120 
6717.982579000 115 
6717.983134500 140 
6717.983690000 135 
6717.984245500 111 
6717.984801000 125 
6717.985356500 143 
6717.985912000 124 
6717.986467500 113 
6717.987023000 136 
6717.987578500 140 
6717.988134000 114 
6717.988689500 119 
6717.989245000 143 
6717.989800500 130 
6717.990356000 111 
6717.990911500 131 
6717.991467000 142 
6717.992022500 120 
6717.992578000 114 
6717.993133500 140 
6717.993689000 135 
6717.994244500 113 
6717.994800000 125 
6717.995355500 144 
6717.995911000 124 
6717.996466500 112 
6717.997022000 135 
6717.997577500 140 
6717.998133000 115 
6717.998688500 119 
6717.999244000 143 
6717.999799500 130 
6718.000355000 112 
6718.000910500 131 
6718.001466000 142 
6718.002021500 119 
6718.002577000 115 
6718.003132500 140 
6718.003688000 136 
6718.004243500 111 
6718.004799000 125 
6718.005354500 143 
6718.005910000 124 
6718.006465500 111 
6718.007021000 136 
6718.007576500 140 
6718.008132000 114 
6718.008687500 120 
6718.009243000 143 
6718.009798500 130 
6718.010354000 111 
6718.010909500 130 
6718.011465000 143 
6718.012020500 120 
6718.012576000 114 
6718.013131500 140 
6718.013687000 135 
6718.014242500 112 
6718.014798000 124 
6718.015353500 144 
6718.015909000 124 
6718.016464500 112 
6718.017020000 137 
6718.017575500 139 
6718.018131000 116 
6718.018686500 119 
6718.019242000 143 
6718.019797500 129 
6718.020353000 111 
6718.020908500 131 
6718.021464000 143 
6718.022019500 119 
6718.022575000 115 
6718.023130500 140 
6718.023686000 136 
6718.024241500 112 
6718.024797000 125 
6718.025352500 143 
6718.025908000 125 
6718.026463500 112 
6718.027019000 136 
6718.027574500 141 
6718.028130000 114 
6718.028685500 120 
6718.029241000 143 
6718.029796500 130 
6718.030352000 112 
6718.030907500 130 
6718.031463000 143 
6718.032018500 119 
6718.032574000 115 
6718.033129500 140 
6718.033685000 136 
6718.034240500 112 
6718.034796000 125 
6718.035351500 144 
6718.035907000 124 
6718.036462500 113 
6718.037018000 135 
6718.037573500 140 
6718.038129000 116 
6718.038684500 119 
6718.039240000 143 
6718.039795500 131 
6718.040351000 111 
6718.040906500 130 
6718.041462000 143 
6718.042017500 119 
6718.042573000 114 
6718.043128500 141 
6718.043684000 135 
6718.044239500 112 
6718.044795000 124 
6718.045350500 144 
6718.045906000 125 
6718.046461500 112 
6718.047017000 136 
6718.047572500 140 
6718.048128000 115 
6718.048683500 120 
6718.049239000 143 
6718.049794500 130 
6718.050350000 111 
6718.050905500 131 
6718.051461000 142 
6718.052016500 119 
6718.052572000 114 
6718.053127500 141 
6718.053683000 135 
6718.054238500 112 
6718.054794000 125 
6718.055349500 143 
6718.055905000 124 
6718.056460500 112 
6718.057016000 135 
6718.057571500 141 
6718.058127000 115 
6718.058682500 120 
6718.059238000 143 
6718.059793500 130 
6718.060349000 112 
6718.060904500 129 
6718.061460000 143 
6718.062015500 119 
6718.062571000 115 
6718.063126500 140 
6718.063682000 136 
6718.064237500 111 
6718.064793000 125 
6718.065348500 144 
6718.065904000 125 
6718.066459500 112 
6718.067015000 136 
6718.067570500 140 
6718.068126000 114 
6718.068681500 120 
6718.069237000 143 
6718.069792500 130 
6718.070348000 111 
6718.070903500 130 
6718.071459000 143 
6718.072014500 119 
6718.072570000 115 
6718.073125500 140 
6718.073681000 136 
6718.074236500 113 
6718.074792000 124 
6718.075347500 143 
6718.075903000 125 
6718.076458500 111 
6718.077014000 136 
6718.077569500 140 
6718.078125000 115 
6718.078680500 119 
6718.079236000 142 
6718.079791500 131 
6718.080347000 111 
6718.080902500 131 
6718.081458000 143 
6718.082013500 119 
6718.082569000 115 
6718.083124500 140 
6718.083680000 136 
6718.084235500 112 
6718.084791000 124 
6718.085346500 144 
6718.085902000 125 
6718.086457500 112 
6718.087013000 135 
6718.087568500 141 
6718.088124000 114 
6718.088679500 119 
6718.089235000 143 
6718.089790500 130 
6718.090346000 112 
6718.090901500 130 
6718.091457000 144 
6718.092012500 119 
6718.092568000 114 
6718.093123500 140 
6718.093679000 135 
6718.094234500 112 
6718.094790000 124 
6718.095345500 143 
6718.095901000 125 
6718.096456500 112 
6718.097012000 135 
6718.097567500 141 
6718.098123000 115 
6718.098678500 119 
6718.099234000 142 
6718.099789500 130 
6718.100345000 111 
6718.100900500 130 
6718.101456000 143 
6718.102011500 120 
6718.102567000 114 
6718.103122500 140 
6718.103678000 136 
6718.104233500 112 
6718.104789000 125 
6718.105344500 144 
6718.105900000 125 
6718.106455500 112 
6718.107011000 135 
6718.107566500 140 
6718.108122000 116 
6718.108677500 120 
6718.109233000 142 
6718.109788500 131 
6718.110344000 111 
6718.110899500 130 
6718.111455000 144 
6718.112010500 119 
6718.112566000 115 
6718.113121500 139 
6718.113677000 136 
6718.114232500 113 
6718.114788000 124 
6718.115343500 145 
6718.115899000 125 
6718.116454500 112 
6718.117010000 135 
6718.117565500 140 
6718.118121000 115 
6718.118676500 120 
6718.119232000 143 
6718.119787500 130 
6718.120343000 111 
6718.120898500 130 
6718.121454000 143 
6718.122009500 119 
6718.122565000 115 
6718.123120500 140 
6718.123676000 136 
6718.124231500 111 
6718.124787000 125 
6718.125342500 143 
6718.125898000 124 
6718.126453500 113 
6718.127009000 136 
6718.127564500 140 
6718.128120000 115 
6718.128675500 119 
6718.129231000 142 
6718.129786500 131 
6718.130342000 110 
6718.130897500 129 
6718.131453000 143 
6718.132008500 120 
6718.132564000 114 
6718.133119500 139 
6718.133675000 136 
6718.134230500 113 
6718.134786000 124 
6718.135341500 144 
6718.135897000 125 
6718.136452500 112 
6718.137008000 136 
6718.137563500 140 
6718.138119000 115 
6718.138674500 119 
6718.139230000 142 
6718.139785500 131 
6718.140341000 111 
6718.140896500 129 
6718.141452000 144 
6718.142007500 119 
6718.142563000 115 
6718.143118500 140 
6718.143674000 136 
6718.144229500 112 
6718.144785000 124 
6718.145340500 144 
6718.145896000 125 
6718.146451500 111 
6718.147007000 136 
6718.147562500 140 
6718.148118000 115 
6718.148673500 119 
6718.149229000 142 
6718.149784500 131 
6718.150340000 111 
6718.150895500 129 
6718.151451000 144 
6718.152006500 119 
6718.152562000 115 
6718.153117500 139 
6718.153673000 137 
6718.154228500 112 
6718.154784000 123 
6718.155339500 144 
6718.155895000 125 
6718.156450500 112 
6718.157006000 135 
6718.157561500 140 
6718.158117000 115 
6718.158672500 119 
6718.159228000 142 
6718.159783500 131 
6718.160339000 111 
6718.160894500 130 
6718.161450000 143 
6718.162005500 119 
6718.162561000 115 
6718.163116500 139 
6718.163672000 136 
6718.164227500 112 
6718.164783000 123 
6718.165338500 144 
6718.165894000 124 
6718.166449500 111 
6718.167005000 136 
6718.167560500 140 
6718.168116000 115 
6718.168671500 119 
6718.169227000 142 
6718.169782500 131 
6718.170338000 112 
6718.170893500 129 
6718.171449000 143 
6718.172004500 120 
6718.172560000 114 
6718.173115500 140 
6718.173671000 136 
6718.174226500 113 
6718.174782000 124 
6718.175337500 144 
6718.175893000 125 
6718.176448500 112 
6718.177004000 136 
6718.177559500 141 
6718.178115000 115 
6718.178670500 119 
6718.179226000 143 
6718.179781500 130 
6718.180337000 112 
6718.180892500 129 
6718.181448000 143 
6718.182003500 120 
6718.182559000 114 
6718.183114500 140 
6718.183670000 136 
6718.184225500 112 
6718.184781000 124 
6718.185336500 144 
6718.185892000 125 
6718.186447500 113 
6718.187003000 135 
6718.187558500 140 
6718.188114000 115 
6718.188669500 119 
6718.189225000 142 
6718.189780500 131 
6718.190336000 110 
6718.190891500 130 
6718.191447000 143 
6718.192002500 120 
6718.192558000 115 
6718.193113500 139 
6718.193669000 136 
6718.194224500 113 
6718.194780000 124 
6718.195335500 143 
6718.195891000 126 
6718.196446500 112 
6718.197002000 135 
6718.197557500 141 
6718.198113000 115 
6718.198668500 119 
6718.199224000 142 
6718.199779500 131 
6718.200335000 110 
6718.200890500 130 
6718.201446000 143 
6718.202001500 120 
6718.202557000 114 
6718.203112500 139 
6718.203668000 137 
6718.204223500 111 
6718.204779000 124 
6718.205334500 143 
6718.205890000 126 
6718.206445500 112 
6718.207001000 135 
6718.207556500 141 
6718.208112000 115 
6718.208667500 118 
6718.209223000 142 
6718.209778500 131 
6718.210334000 112 
6718.210889500 129 
6718.211445000 143 
6718.212000500 120 
6718.212556000 114 
6718.213111500 139 
6718.213667000 137 
6718.214222500 113 
6718.214778000 124 
6718.215333500 144 
6718.215889000 126 
6718.216444500 112 
6718.217000000 135 
6718.217555500 141 
6718.218111000 115 
6718.218666500 119 
6718.219222000 143 
6718.219777500 131 
6718.220333000 111 
6718.220888500 129 
6718.221444000 144 
6718.221999500 119 
6718.222555000 114 
6718.223110500 140 
6718.223666000 137 
6718.224221500 111 
6718.224777000 124 
6718.225332500 143 
6718.225888000 125 
6718.226443500 112 
6718.226999000 134 
6718.227554500 141 
6718.228110000 116 
6718.228665500 118 
6718.229221000 142 
6718.229776500 132 
6718.230332000 111 
6718.230887500 130 
6718.231443000 143 
6718.231998500 120 
6718.232554000 114 
6718.233109500 139 
6718.233665000 136 
6718.234220500 113 
6718.234776000 123 
6718.235331500 144 
6718.235887000 126 
6718.236442500 111 
6718.236998000 135 
6718.237553500 141 
6718.238109000 115 
6718.238664500 119 
6718.239220000 142 
6718.239775500 131 
6718.240331000 112 
6718.240886500 129 
6718.241442000 143 
6718.241997500 120 
6718.242553000 115 
6718.243108500 139 
6718.243664000 138 
6718.244219500 112 
6718.244775000 124 
6718.245330500 144 
6718.245886000 126 
6718.246441500 112 
6718.246997000 135 
6718.247552500 140 
6718.248108000 116 
6718.248663500 118 
6718.249219000 142 
6718.249774500 131 
6718.250330000 111 
6718.250885500 130 
6718.251441000 142 
6718.251996500 120 
6718.252552000 114 
6718.253107500 138 
6718.253663000 137 
6718.254218500 112 
6718.254774000 123 
6718.255329500 144 
6718.255885000 126 
6718.256440500 112 
6718.256996000 135 
6718.257551500 141 
6718.258107000 116 
6718.258662500 118 
6718.259218000 143 
6718.259773500 132 
6718.260329000 110 
6718.260884500 129 
6718.261440000 144 
6718.261995500 121 
6718.262551000 114 
6718.263106500 140 
6718.263662000 136 
6718.264217500 112 
6718.264773000 124 
6718.265328500 144 
6718.265884000 126 
6718.266439500 112 
6718.266995000 134 
6718.267550500 140 
6718.268106000 117 
6718.268661500 118 
6718.269217000 142 
6718.269772500 132 
6718.270328000 111 
6718.270883500 129 
6718.271439000 143 
6718.271994500 121 
6718.272550000 114 
6718.273105500 139 
6718.273661000 138 
6718.274216500 112 
6718.274772000 123 
6718.275327500 144 
6718.275883000 127 
6718.276438500 112 
6718.276994000 135 
6718.277549500 140 
6718.278105000 116 
6718.278660500 118 
6718.279216000 143 
6718.279771500 131 
6718.280327000 112 
6718.280882500 129 
6718.281438000 143 
6718.281993500 120 
6718.282549000 114 
6718.283104500 140 
6718.283660000 136 
6718.284215500 113 
6718.284771000 123 
6718.285326500 144 
6718.285882000 125 
6718.286437500 111 
6718.286993000 135 
6718.287548500 141 
6718.288104000 116 
6718.288659500 117 
6718.289215000 142 
6718.289770500 132 
6718.290326000 110 
6718.290881500 129 
6718.291437000 144 
6718.291992500 120 
6718.292548000 114 
6718.293103500 139 
6718.293659000 137 
6718.294214500 113 
6718.294770000 123 
6718.295325500 143 
6718.295881000 127 
6718.296436500 111 
6718.296992000 134 
6718.297547500 141 
6718.298103000 115 
6718.298658500 119 
6718.299214000 142 
6718.299769500 131 
6718.300325000 112 
6718.300880500 129 
6718.301436000 143 
6718.301991500 121 
6718.302547000 113 
6718.303102500 140 
6718.303658000 137 
6718.304213500 112 
6718.304769000 124 
6718.305324500 143 
6718.305880000 125 
6718.306435500 112 
6718.306991000 134 
6718.307546500 142 
6718.308102000 116 
6718.308657500 118 
6718.309213000 143 
6718.309768500 131 
6718.310324000 111 
6718.310879500 129 
6718.311435000 143 
6718.311990500 120 
6718.312546000 114 
6718.313101500 139 
6718.313657000 137 
6718.314212500 113 
6718.314768000 124 
6718.315323500 143 
6718.315879000 127 
6718.316434500 111 
6718.316990000 135 
6718.317545500 141 
6718.318101000 115 
6718.318656500 119 
6718.319212000 142 
6718.319767500 132 
6718.320323000 111 
6718.320878500 128 
6718.321434000 144 
6718.321989500 120 
6718.322545000 115 
6718.323100500 139 
6718.323656000 137 
6718.324211500 113 
6718.324767000 122 
6718.325322500 143 
6718.325878000 126 
6718.326433500 112 
6718.326989000 134 
6718.327544500 141 
6718.328100000 117 
6718.328655500 118 
6718.329211000 143 
6718.329766500 131 
6718.330322000 111 
6718.330877500 128 
6718.331433000 143 
6718.331988500 121 
6718.332544000 115 
6718.333099500 139 
6718.333655000 137 
6718.334210500 112 
6718.334766000 123 
6718.335321500 144 
6718.335877000 126 
6718.336432500 112 
6718.336988000 134 
6718.337543500 141 
6718.338099000 116 
6718.338654500 118 
6718.339210000 142 
6718.339765500 131 
6718.340321000 112 
6718.340876500 128 
6718.341432000 143 
6718.341987500 121 
6718.342543000 114 
6718.343098500 139 
6718.343654000 137 
6718.344209500 112 
6718.344765000 124 
6718.345320500 143 
6718.345876000 125 
6718.346431500 112 
6718.346987000 134 
6718.347542500 141 
6718.348098000 117 
6718.348653500 117 
6718.349209000 142 
6718.349764500 131 
6718.350320000 111 
6718.350875500 129 
6718.351431000 143 
6718.351986500 121 
6718.352542000 114 
6718.353097500 139 
6718.353653000 137 
6718.354208500 112 
6718.354764000 123 
6718.355319500 144 
6718.355875000 126 
6718.356430500 111 
6718.356986000 134 
6718.357541500 140 
6718.358097000 116 
6718.358652500 118 
6718.359208000 142 
6718.359763500 132 
6718.360319000 111 
6718.360874500 128 
6718.361430000 143 
6718.361985500 121 
6718.362541000 114 
6718.363096500 139 
6718.363652000 138 
6718.364207500 112 
6718.364763000 123 
6718.365318500 144 
6718.365874000 126 
6718.366429500 112 
6718.366985000 134 
6718.367540500 141 
6718.368096000 116 
6718.368651500 118 
6718.369207000 142 
6718.369762500 132 
6718.370318000 111 
6718.370873500 129 
6718.371429000 143 
6718.371984500 120 
6718.372540000 114 
6718.373095500 139 
6718.373651000 137 
6718.374206500 113 
6718.374762000 123 
6718.375317500 143 
6718.375873000 127 
6718.376428500 112 
6718.376984000 134 
6718.377539500 142 
6718.378095000 116 
6718.378650500 118 
6718.379206000 142 
6718.379761500 132 
6718.380317000 112 
6718.380872500 128 
6718.381428000 143 
6718.381983500 120 
6718.382539000 115 
6718.383094500 139 
6718.383650000 137 
6718.384205500 112 
6718.384761000 123 
6718.385316500 144 
6718.385872000 126 
6718.386427500 112 
6718.386983000 134 
6718.387538500 141 
6718.388094000 116 
6718.388649500 117 
6718.389205000 142 
6718.389760500 132 
6718.390316000 111 
6718.390871500 128 
6718.391427000 143 
6718.391982500 121 
6718.392538000 112 
6718.393093500 139 
6718.393649000 136 
6718.394204500 112 
6718.394760000 123 
6718.395315500 143 
6718.395871000 127 
6718.396426500 112 
6718.396982000 134 
6718.397537500 142 
6718.398093000 116 
6718.398648500 118 
6718.399204000 142 
6718.399759500 132 
6718.400315000 111 
6718.400870500 129 
6718.401426000 143 
6718.401981500 120 
6718.402537000 115 
6718.403092500 138 
6718.403648000 138 
6718.404203500 112 
6718.404759000 123 
6718.405314500 144 
6718.405870000 126 
6718.406425500 111 
6718.406981000 135 
6718.407536500 141 
6718.408092000 117 
6718.408647500 117 
6718.409203000 143 
6718.409758500 132 
6718.410314000 111 
6718.410869500 128 
6718.411425000 143 
6718.411980500 122 
6718.412536000 113 
6718.413091500 138 
6718.413647000 138 
6718.414202500 113 
6718.414758000 122 
6718.415313500 144 
6718.415869000 126 
6718.416424500 112 
6718.416980000 134 
6718.417535500 142 
6718.418091000 116 
6718.418646500 118 
6718.419202000 142 
6718.419757500 132 
6718.420313000 112 
6718.420868500 128 
6718.421424000 143 
6718.421979500 121 
6718.422535000 113 
6718.423090500 139 
6718.423646000 137 
6718.424201500 112 
6718.424757000 123 
6718.425312500 143 
6718.425868000 126 
6718.426423500 112 
6718.426979000 133 
6718.427534500 142 
6718.428090000 116 
6718.428645500 117 
6718.429201000 142 
6718.429756500 133 
6718.430312000 111 
6718.430867500 128 
6718.431423000 143 
6718.431978500 122 
6718.432534000 112 
6718.433089500 139 
6718.433645000 138 
6718.434200500 113 
6718.434756000 122 
6718.435311500 144 
6718.435867000 127 
6718.436422500 112 
6718.436978000 134 
6718.437533500 141 
6718.438089000 117 
6718.438644500 117 
6718.439200000 143 
6718.439755500 132 
6718.440311000 111 
6718.440866500 129 
6718.441422000 143 
6718.441977500 121 
6718.442533000 115 
6718.443088500 138 
6718.443644000 137 
6718.444199500 113 
6718.444755000 122 
6718.445310500 144 
6718.445866000 126 
6718.446421500 112 
6718.446977000 133 
6718.447532500 141 
6718.448088000 116 
6718.448643500 116 
6718.449199000 142 
6718.449754500 132 
6718.450310000 111 
6718.450865500 128 
6718.451421000 143 
6718.451976500 121 
6718.452532000 112 
6718.453087500 138 
6718.453643000 138 
6718.454198500 113 
6718.454754000 122 
6718.455309500 144 
6718.455865000 128 
6718.456420500 111 
6718.456976000 134 
6718.457531500 141 
6718.458087000 116 
6718.458642500 117 
6718.459198000 142 
6718.459753500 133 
6718.460309000 111 
6718.460864500 128 
6718.461420000 143 
6718.461975500 121 
6718.462531000 115 
6718.463086500 138 
6718.463642000 137 
6718.464197500 112 
6718.464753000 122 
6718.465308500 143 
6718.465864000 126 
6718.466419500 112 
6718.466975000 133 
6718.467530500 142 
6718.468086000 116 
6718.468641500 118 
6718.469197000 143 
6718.469752500 132 
6718.470308000 111 
6718.470863500 129 
6718.471419000 143 
6718.471974500 121 
6718.472530000 112 
6718.473085500 139 
6718.473641000 137 
6718.474196500 114 
6718.474752000 122 
6718.475307500 144 
6718.475863000 127 
6718.476418500 111 
6718.476974000 134 
6718.477529500 141 
6718.478085000 117 
6718.478640500 117 
6718.479196000 142 
6718.479751500 133 
6718.480307000 111 
6718.480862500 128 
6718.481418000 143 
6718.481973500 121 
6718.482529000 114 
6718.483084500 138 
6718.483640000 138 
6718.484195500 112 
6718.484751000 122 
6718.485306500 144 
6718.485862000 126 
6718.486417500 111 
6718.486973000 133 
6718.487528500 141 
6718.488084000 115 
6718.488639500 118 
6718.489195000 142 
6718.489750500 132 
6718.490306000 112 
6718.490861500 127 
6718.491417000 143 
6718.491972500 122 
6718.492528000 113 
6718.493083500 138 
6718.493639000 137 
6718.494194500 113 
6718.494750000 122 
6718.495305500 144 
6718.495861000 128 
6718.496416500 111 
6718.496972000 134 
6718.497527500 141 
6718.498083000 118 
6718.498638500 117 
6718.499194000 142 
6718.499749500 134 
6718.500305000 111 
6718.500860500 128 
6718.501416000 143 
6718.501971500 121 
6718.502527000 115 
6718.503082500 138 
6718.503638000 138 
6718.504193500 114 
6718.504749000 121 
6718.505304500 144 
6718.505860000 126 
6718.506415500 112 
6718.506971000 133 
6718.507526500 142 
6718.508082000 116 
6718.508637500 118 
6718.509193000 141 
6718.509748500 133 
6718.510304000 111 
6718.510859500 128 
6718.511415000 144 
6718.511970500 121 
6718.512526000 113 
6718.513081500 138 
6718.513637000 137 
6718.514192500 113 
6718.514748000 123 
6718.515303500 143 
6718.515859000 128 
6718.516414500 112 
6718.516970000 133 
6718.517525500 142 
6718.518081000 116 
6718.518636500 117 
6718.519192000 142 
6718.519747500 133 
6718.520303000 111 
6718.520858500 128 
6718.521414000 144 
6718.521969500 121 
6718.522525000 114 
6718.523080500 139 
6718.523636000 138 
6718.524191500 114 
6718.524747000 122 
6718.525302500 143 
6718.525858000 127 
6718.526413500 112 
6718.526969000 133 
6718.527524500 141 
6718.528080000 117 
6718.528635500 117 
6718.529191000 142 
6718.529746500 132 
6718.530302000 112 
6718.530857500 128 
6718.531413000 143 
6718.531968500 122 
6718.532524000 112 
6718.533079500 138 
6718.533635000 139 
6718.534190500 113 
6718.534746000 123 
6718.535301500 143 
6718.535857000 128 
6718.536412500 112 
6718.536968000 133 
6718.537523500 141 
6718.538079000 116 
6718.538634500 118 
6718.539190000 141 
6718.539745500 134 
6718.540301000 112 
6718.540856500 127 
6718.541412000 144 
6718.541967500 121 
6718.542523000 114 
6718.543078500 138 
6718.543634000 137 
6718.544189500 113 
6718.544745000 121 
6718.545300500 143 
6718.545856000 127 
6718.546411500 111 
6718.546967000 133 
6718.547522500 141 
6718.548078000 117 
6718.548633500 117 
6718.549189000 142 
6718.549744500 132 
6718.550300000 112 
6718.550855500 128 
6718.551411000 143 
6718.551966500 121 
6718.552522000 113 
6718.553077500 138 
6718.553633000 137 
6718.554188500 114 
6718.554744000 122 
6718.555299500 143 
6718.555855000 129 
6718.556410500 111 
6718.556966000 133 
6718.557521500 142 
6718.558077000 117 
6718.558632500 117 
6718.559188000 142 
6718.559743500 133 
6718.560299000 112 
6718.560854500 127 
6718.561410000 144 
6718.561965500 122 
6718.562521000 113 
6718.563076500 138 
6718.563632000 138 
6718.564187500 113 
6718.564743000 122 
6718.565298500 143 
6718.565854000 127 
6718.566409500 111 
6718.566965000 134 
6718.567520500 141 
6718.568076000 117 
6718.568631500 116 
6718.569187000 142 
6718.569742500 133 
6718.570298000 112 
6718.570853500 127 
6718.571409000 144 
6718.571964500 123 
6718.572520000 112 
6718.573075500 137 
6718.573631000 138 
6718.574186500 113 
6718.574742000 121 
6718.575297500 144 
6718.575853000 128 
6718.576408500 111 
6718.576964000 134 
6718.577519500 141 
6718.578075000 117 
6718.578630500 117 
6718.579186000 141 
6718.579741500 133 
6718.580297000 112 
6718.580852500 127 
6718.581408000 143 
6718.581963500 122 
6718.582519000 113 
6718.583074500 138 
6718.583630000 138 
6718.584185500 113 
6718.584741000 122 
6718.585296500 143 
6718.585852000 128 
6718.586407500 111 
6718.586963000 133 
6718.587518500 142 
6718.588074000 117 
6718.588629500 117 
6718.589185000 141 
6718.589740500 134 
6718.590296000 111 
6718.590851500 128 
6718.591407000 144 
6718.591962500 122 
6718.592518000 113 
6718.593073500 138 
6718.593629000 139 
6718.594184500 113 
6718.594740000 122 
6718.595295500 143 
6718.595851000 128 
6718.596406500 112 
6718.596962000 133 
6718.597517500 142 
6718.598073000 116 
6718.598628500 117 
6718.599184000 142 
6718.599739500 133 
6718.600295000 112 
6718.600850500 127 
6718.601406000 144 
6718.601961500 121 
6718.602517000 114 
6718.603072500 137 
6718.603628000 138 
6718.604183500 113 
6718.604739000 122 
6718.605294500 143 
6718.605850000 127 
6718.606405500 111 
6718.606961000 134 
6718.607516500 142 
6718.608072000 117 
6718.608627500 117 
6718.609183000 141 
6718.609738500 133 
6718.610294000 111 
6718.610849500 127 
6718.611405000 144 
6718.611960500 122 
6718.612516000 113 
6718.613071500 137 
6718.613627000 138 
6718.614182500 114 
6718.614738000 121 
6718.615293500 143 
6718.615849000 129 
6718.616404500 111 
6718.616960000 133 
6718.617515500 142 
6718.618071000 117 
6718.618626500 116 
6718.619182000 141 
6718.619737500 134 
6718.620293000 111 
6718.620848500 128 
6718.621404000 144 
6718.621959500 122 
6718.622515000 113 
6718.623070500 138 
6718.623626000 138 
6718.624181500 113 
6718.624737000 122 
6718.625292500 143 
6718.625848000 127 
6718.626403500 111 
6718.626959000 132 
6718.627514500 142 
6718.628070000 116 
6718.628625500 117 
6718.629181000 142 
6718.629736500 133 
6718.630292000 112 
6718.630847500 127 
6718.631403000 144 
6718.631958500 122 
6718.632514000 112 
6718.633069500 138 
6718.633625000 137 
6718.634180500 114 
6718.634736000 122 
6718.635291500 143 
6718.635847000 129 
6718.636402500 111 
6718.636958000 132 
6718.637513500 142 
6718.638069000 118 
6718.638624500 116 
6718.639180000 141 
6718.639735500 134 
6718.640291000 111 
6718.640846500 126 
6718.641402000 144 
6718.641957500 122 
6718.642513000 113 
6718.643068500 138 
6718.643624000 138 
6718.644179500 113 
6718.644735000 122 
6718.645290500 143 
6718.645846000 127 
6718.646401500 111 
6718.646957000 132 
6718.647512500 143 
6718.648068000 117 
6718.648623500 117 
6718.649179000 141 
6718.649734500 133 
6718.650290000 112 
6718.650845500 127 
6718.651401000 143 
6718.651956500 122 
6718.652512000 113 
6718.653067500 138 
6718.653623000 138 
6718.654178500 114 
6718.654734000 121 
6718.655289500 144 
6718.655845000 128 
6718.656400500 111 
6718.656956000 133 
6718.657511500 141 
6718.658067000 117 
6718.658622500 116 
6718.659178000 141 
6718.659733500 134 
6718.660289000 111 
6718.660844500 127 
6718.661400000 143 
6718.661955500 122 
6718.662511000 113 
6718.663066500 138 
6718.663622000 139 
6718.664177500 113 
6718.664733000 120 
6718.665288500 143 
6718.665844000 128 
6718.666399500 111 
6718.666955000 132 
6718.667510500 142 
6718.668066000 116 
6718.668621500 117 
6718.669177000 141 
6718.669732500 134 
6718.670288000 112 
6718.670843500 126 
6718.671399000 144 
6718.671954500 122 
6718.672510000 112 
6718.673065500 138 
6718.673621000 138 
6718.674176500 115 
6718.674732000 121 
6718.675287500 144 
6718.675843000 128 
6718.676398500 111 
6718.676954000 133 
6718.677509500 142 
6718.678065000 117 
6718.678620500 117 
6718.679176000 141 
6718.679731500 135 
6718.680287000 111 
6718.680842500 126 
6718.681398000 144 
6718.681953500 123 
6718.682509000 113 
6718.683064500 138 
6718.683620000 138 
6718.684175500 113 
6718.684731000 121 
6718.685286500 143 
6718.685842000 128 
6718.686397500 111 
6718.686953000 132 
6718.687508500 142 
6718.688064000 117 
6718.688619500 116 
6718.689175000 141 
6718.689730500 134 
6718.690286000 111 
6718.690841500 127 
6718.691397000 144 
6718.691952500 123 
6718.692508000 112 
6718.693063500 138 
6718.693619000 137 
6718.694174500 115 
6718.694730000 121 
6718.695285500 143 
6718.695841000 129 
6718.696396500 111 
6718.696952000 132 
6718.697507500 142 
6718.698063000 117 
6718.698618500 116 
6718.699174000 141 
6718.699729500 133 
6718.700285000 112 
6718.700840500 126 
6718.701396000 144 
6718.701951500 122 
6718.702507000 113 
6718.703062500 138 
6718.703618000 139 
6718.704173500 113 
6718.704729000 122 
6718.705284500 144 
6718.705840000 127 
6718.706395500 112 
6718.706951000 132 
6718.707506500 142 
6718.708062000 118 
6718.708617500 117 
6718.709173000 141 
6718.709728500 133 
6718.710284000 111 
6718.710839500 127 
6718.711395000 144 
6718.711950500 123 
6718.712506000 112 
6718.713061500 138 
6718.713617000 138 
6718.714172500 115 
6718.714728000 121 
6718.715283500 143 
6718.715839000 129 
6718.716394500 111 
6718.716950000 132 
6718.717505500 143 
6718.718061000 117 
6718.718616500 117 
6718.719172000 141 
6718.719727500 134 
6718.720283000 111 
6718.720838500 126 
6718.721394000 144 
6718.721949500 122 
6718.722505000 113 
6718.723060500 137 
6718.723616000 139 
6718.724171500 114 
6718.724727000 120 
6718.725282500 144 
6718.725838000 127 
6718.726393500 111 
6718.726949000 133 
6718.727504500 142 
6718.728060000 118 
6718.728615500 116 
6718.729171000 141 
6718.729726500 135 
6718.730282000 111 
6718.730837500 127 
6718.731393000 144 
6718.731948500 123 
6718.732504000 113 
6718.733059500 137 
6718.733615000 139 
6718.734170500 114 
6718.734726000 121 
6718.735281500 144 
6718.735837000 129 
6718.736392500 111 
6718.736948000 133 
6718.737503500 142 
6718.738059000 117 
6718.738614500 117 
6718.739170000 141 
6718.739725500 135 
6718.740281000 112 
6718.740836500 126 
6718.741392000 144 
6718.741947500 123 
6718.742503000 113 
6718.743058500 138 
6718.743614000 139 
6718.744169500 113 
6718.744725000 121 
6718.745280500 143 
6718.745836000 129 
6718.746391500 111 
6718.746947000 133 
6718.747502500 141 
6718.748058000 117 
6718.748613500 117 
6718.749169000 141 
6718.749724500 133 
6718.750280000 112 
6718.750835500 126 
6718.751391000 144 
6718.751946500 122 
6718.752502000 113 
6718.753057500 136 
6718.753613000 138 
6718.754168500 114 
6718.754724000 121 
6718.755279500 143 
6718.755835000 130 
6718.756390500 110 
6718.756946000 132 
6718.757501500 143 
6718.758057000 118 
6718.758612500 116 
6718.759168000 141 
6718.759723500 134 
6718.760279000 112 
6718.760834500 126 
6718.761390000 144 
6718.761945500 123 
6718.762501000 113 
6718.763056500 137 
6718.763612000 139 
6718.764167500 114 
6718.764723000 120 
6718.765278500 144 
6718.765834000 128 
6718.766389500 111 
6718.766945000 132 
6718.767500500 142 
6718.768056000 119 
6718.768611500 116 
6718.769167000 141 
6718.769722500 134 
6718.770278000 112 
6718.770833500 126 
6718.771389000 144 
6718.771944500 123 
6718.772500000 112 
6718.773055500 137 
6718.773611000 139 
6718.774166500 114 
6718.774722000 122 
6718.775277500 143 
6718.775833000 130 
6718.776388500 110 
6718.776944000 132 
6718.777499500 143 
6718.778055000 118 
6718.778610500 116 
6718.779166000 140 
6718.779721500 135 
6718.780277000 111 
6718.780832500 126 
6718.781388000 144 
6718.781943500 123 
6718.782499000 113 
6718.783054500 137 
6718.783610000 138 
6718.784165500 114 
6718.784721000 120 
6718.785276500 143 
6718.785832000 129 
6718.786387500 111 
6718.786943000 132 
6718.787498500 142 
6718.788054000 118 
6718.788609500 116 
6718.789165000 141 
6718.789720500 135 
6718.790276000 111 
6718.790831500 127 
6718.791387000 143 
6718.791942500 123 
6718.792498000 113 
6718.793053500 137 
6718.793609000 140 
6718.794164500 114 
6718.794720000 120 
6718.795275500 144 
6718.795831000 129 
6718.796386500 111 
6718.796942000 132 
6718.797497500 143 
6718.798053000 117 
6718.798608500 117 
6718.799164000 141 
6718.799719500 134 
6718.800275000 112 
6718.800830500 126 
6718.801386000 144 
6718.801941500 123 
6718.802497000 112 
6718.803052500 137 
6718.803608000 140 
6718.804163500 114 
6718.804719000 120 
6718.805274500 143 
6718.805830000 128 
6718.806385500 111 
6718.806941000 131 
6718.807496500 143 
6718.808052000 119 
6718.808607500 115 
6718.809163000 141 
6718.809718500 134 
6718.810274000 111 
6718.810829500 126 
6718.811385000 143 
6718.811940500 124 
6718.812496000 112 
6718.813051500 136 
6718.813607000 140 
6718.814162500 114 
6718.814718000 121 
6718.815273500 143 
6718.815829000 129 
6718.816384500 112 
6718.816940000 131 
6718.817495500 142 
6718.818051000 118 
6718.818606500 116 
6718.819162000 140 
6718.819717500 135 
6718.820273000 112 
6718.820828500 126 
6718.821384000 144 
6718.821939500 124 
6718.822495000 112 
6718.823050500 138 
6718.823606000 139 
6718.824161500 113 
6718.824717000 121 
6718.825272500 143 
6718.825828000 129 
6718.826383500 111 
6718.826939000 132 
6718.827494500 143 
6718.828050000 117 
6718.828605500 117 
6718.829161000 140 
6718.829716500 134 
6718.830272000 111 
6718.830827500 127 
6718.831383000 143 
6718.831938500 123 
6718.832494000 112 
6718.833049500 137 
6718.833605000 139 
6718.834160500 114 
6718.834716000 120 
6718.835271500 143 
6718.835827000 129 
6718.836382500 112 
6718.836938000 131 
6718.837493500 142 
6718.838049000 119 
6718.838604500 115 
6718.839160000 141 
6718.839715500 134 
6718.840271000 112 
6718.840826500 126 
6718.841382000 143 
6718.841937500 123 
6718.842493000 113 
6718.843048500 136 
6718.843604000 140 
6718.844159500 113 
6718.844715000 120 
6718.845270500 143 
6718.845826000 128 
6718.846381500 111 
6718.846937000 131 
6718.847492500 143 
6718.848048000 118 
6718.848603500 116 
6718.849159000 141 
6718.849714500 134 
6718.850270000 112 
6718.850825500 125 
6718.851381000 144 
6718.851936500 123 
6718.852492000 112 
6718.853047500 136 
6718.853603000 140 
6718.854158500 114 
6718.854714000 121 
6718.855269500 143 
6718.855825000 130 
6718.856380500 111 
6718.856936000 131 
6718.857491500 143 
6718.858047000 118 
6718.858602500 116 
6718.859158000 141 
6718.859713500 135 
6718.860269000 111 
6718.860824500 126 
6718.861380000 143 
6718.861935500 124 
6718.862491000 112 
6718.863046500 137 
6718.863602000 140 
6718.864157500 113 
6718.864713000 120 
6718.865268500 143 
6718.865824000 129 
6718.866379500 111 
6718.866935000 131 
6718.867490500 143 
6718.868046000 117 
6718.868601500 116 
6718.869157000 141 
6718.869712500 134 
6718.870268000 112 
6718.870823500 126 
6718.871379000 143 
6718.871934500 124 
6718.872490000 113 
6718.873045500 136 
6718.873601000 138 
6718.874156500 116 
6718.874712000 120 
6718.875267500 143 
6718.875823000 130 
6718.876378500 111 
6718.876934000 131 
6718.877489500 142 
6718.878045000 118 
6718.878600500 116 
6718.879156000 140 
6718.879711500 136 
6718.880267000 112 
6718.880822500 126 
6718.881378000 144 
6718.881933500 123 
6718.882489000 113 
6718.883044500 137 
6718.883600000 140 
6718.884155500 113 
6718.884711000 120 
6718.885266500 143 
6718.885822000 129 
6718.886377500 111 
6718.886933000 132 
6718.887488500 142 
6718.888044000 117 
6718.888599500 116 
6718.889155000 140 
6718.889710500 135 
6718.890266000 112 
6718.890821500 126 
6718.891377000 143 
6718.891932500 124 
6718.892488000 111 
6718.893043500 137 
6718.893599000 138 
6718.894154500 115 
6718.894710000 121 
6718.895265500 142 
6718.895821000 130 
6718.896376500 110 
6718.896932000 131 
6718.897487500 142 
6718.898043000 118 
6718.898598500 116 
6718.899154000 140 
6718.899709500 136 
6718.900265000 112 
6718.900820500 125 
6718.901376000 144 
6718.901931500 123 
6718.902487000 113 
6718.903042500 136 
6718.903598000 140 
6718.904153500 113 
6718.904709000 119 
6718.905264500 143 
6718.905820000 130 
6718.906375500 111 
6718.906931000 132 
6718.907486500 142 
6718.908042000 119 
6718.908597500 116 
6718.909153000 140 
6718.909708500 135 
6718.910264000 112 
6718.910819500 126 
6718.911375000 143 
6718.911930500 123 
6718.912486000 112 
6718.913041500 136 
6718.913597000 139 
6718.914152500 115 
6718.914708000 120 
6718.915263500 144 
6718.915819000 129 
6718.916374500 111 
6718.916930000 131 
6718.917485500 143 
6718.918041000 118 
6718.918596500 116 
6718.919152000 140 
6718.919707500 135 
6718.920263000 112 
6718.920818500 125 
6718.921374000 144 
6718.921929500 123 
6718.922485000 112 
6718.923040500 136 
6718.923596000 139 
6718.924151500 113 
6718.924707000 120 
6718.925262500 143 
6718.925818000 129 
6718.926373500 112 
6718.926929000 131 
6718.927484500 142 
6718.928040000 119 
6718.928595500 115 
6718.929151000 140 
6718.929706500 136 
6718.930262000 111 
6718.930817500 126 
6718.931373000 143 
6718.931928500 124 
6718.932484000 112 
6718.933039500 137 
6718.933595000 139 
6718.934150500 116 
6718.934706000 120 
6718.935261500 144 
6718.935817000 130 
6718.936372500 111 
6718.936928000 131 
6718.937483500 143 
6718.938039000 118 
6718.938594500 116 
6718.939150000 141 
6718.939705500 135 
6718.940261000 111 
6718.940816500 125 
6718.941372000 144 
6718.941927500 124 
6718.942483000 112 
6718.943038500 136 
6718.943594000 140 
6718.944149500 114 
6718.944705000 120 
6718.945260500 143 
6718.945816000 129 
6718.946371500 111 
6718.946927000 131 
6718.947482500 142 
6718.948038000 119 
6718.948593500 115 
6718.949149000 140 
6718.949704500 135 
6718.950260000 112 
6718.950815500 126 
6718.951371000 144 
6718.951926500 124 
6718.952482000 112 
6718.953037500 136 
6718.953593000 140 
6718.954148500 114 
6718.954704000 120 
6718.955259500 142 
6718.955815000 130 
6718.956370500 110 
6718.956926000 131 
6718.957481500 142 
6718.958037000 119 
6718.958592500 115 
6718.959148000 140 
6718.959703500 135 
6718.960259000 112 
6718.960814500 126 
6718.961370000 143 
6718.961925500 124 
6718.962481000 113 
6718.963036500 136 
6718.963592000 140 
6718.964147500 115 
6718.964703000 119 
6718.965258500 143 
6718.965814000 129 
6718.966369500 111 
6718.966925000 131 
6718.967480500 142 
6718.968036000 119 
6718.968591500 116 
6718.969147000 140 
6718.969702500 136 
6718.970258000 112 
6718.970813500 125 
6718.971369000 144 
6718.971924500 124 
6718.972480000 113 
6718.973035500 135 
6718.973591000 140 
6718.974146500 115 
6718.974702000 119 
6718.975257500 143 
6718.975813000 130 
6718.976368500 111 
6718.976924000 131 
6718.977479500 142 
6718.978035000 118 
6718.978590500 115 
6718.979146000 141 
6718.979701500 135 
6718.980257000 112 
6718.980812500 125 
6718.981368000 143 
6718.981923500 124 
6718.982479000 113 
6718.983034500 136 
6718.983590000 140 
6718.984145500 113 
6718.984701000 120 
6718.985256500 143 
6718.985812000 129 
6718.986367500 111 
6718.986923000 131 
6718.987478500 142 
6718.988034000 119 
6718.988589500 114 
6718.989145000 140 
6718.989700500 135 
6718.990256000 112 
6718.990811500 126 
6718.991367000 144 
6718.991922500 124 
6718.992478000 112 
6718.993033500 135 
6718.993589000 140 
6718.994144500 115 
6718.994700000 119 
6718.995255500 143 
6718.995811000 129 
6718.996366500 111 
6718.996922000 131 
6718.997477500 143 
6718.998033000 118 
6718.998588500 115 
6718.999144000 140 
6718.999699500 135 
6719.000255000 112 
6719.000810500 126 
6719.001366000 143 
6719.001921500 124 
6719.002477000 113 
6719.003032500 136 
6719.003588000 139 
6719.004143500 114 
6719.004699000 119 
6719.005254500 143 
6719.005810000 130 
6719.006365500 112 
6719.006921000 130 
6719.007476500 143 
6719.008032000 119 
6719.008587500 115 
6719.009143000 140 
6719.009698500 135 
6719.010254000 112 
6719.010809500 126 
6719.011365000 143 
6719.011920500 124 
6719.012476000 113 
6719.013031500 135 
6719.013587000 140 
6719.014142500 115 
6719.014698000 119 
6719.015253500 143 
6719.015809000 130 
6719.016364500 111 
6719.016920000 131 
6719.017475500 143 
6719.018031000 119 
6719.018586500 115 
6719.019142000 141 
6719.019697500 135 
6719.020253000 112 
6719.020808500 124 
6719.021364000 144 
6719.021919500 124 
6719.022475000 112 
6719.023030500 136 
6719.023586000 139 
6719.024141500 114 
6719.024697000 120 
6719.025252500 143 
6719.025808000 129 
6719.026363500 111 
6719.026919000 131 
6719.027474500 143 
6719.028030000 119 
6719.028585500 114 
6719.029141000 141 
6719.029696500 136 
6719.030252000 112 
6719.030807500 125 
6719.031363000 144 
6719.031918500 125 
6719.032474000 112 
6719.033029500 136 
6719.033585000 140 
6719.034140500 116 
6719.034696000 119 
6719.035251500 143 
6719.035807000 130 
6719.036362500 110 
6719.036918000 131 
6719.037473500 142 
6719.038029000 119 
6719.038584500 116 
6719.039140000 140 
6719.039695500 136 
6719.040251000 112 
6719.040806500 125 
6719.041362000 144 
6719.041917500 124 
6719.042473000 112 
6719.043028500 137 
6719.043584000 139 
6719.044139500 114 
6719.044695000 120 
6719.045250500 143 
6719.045806000 130 
6719.046361500 111 
6719.046917000 130 
6719.047472500 143 
6719.048028000 119 
6719.048583500 115 
6719.049139000 140 
6719.049694500 136 
6719.050250000 112 
6719.050805500 125 
6719.051361000 143 
6719.051916500 125 
6719.052472000 112 
6719.053027500 135 
6719.053583000 141 
6719.054138500 116 
6719.054694000 119 
6719.055249500 143 
6719.055805000 131 
6719.056360500 110 
6719.056916000 130 
6719.057471500 143 
6719.058027000 119 
6719.058582500 115 
6719.059138000 139 
6719.059693500 136 
6719.060249000 112 
6719.060804500 125 
6719.061360000 143 
6719.061915500 124 
6719.062471000 112 
6719.063026500 136 
6719.063582000 139 
6719.064137500 114 
6719.064693000 118 
6719.065248500 143 
6719.065804000 130 
6719.066359500 111 
6719.066915000 131 
6719.067470500 143 
6719.068026000 119 
6719.068581500 115 
6719.069137000 140 
6719.069692500 135 
6719.070248000 112 
6719.070803500 125 
6719.071359000 143 
6719.071914500 125 
6719.072470000 112 
6719.073025500 136 
6719.073581000 140 
6719.074136500 116 
6719.074692000 119 
6719.075247500 143 
6719.075803000 130 
6719.076358500 111 
6719.076914000 131 
6719.077469500 143 
6719.078025000 119 
6719.078580500 115 
6719.079136000 140 
6719.079691500 136 
6719.080247000 112 
6719.080802500 124 
6719.081358000 143 
6719.081913500 125 
6719.082469000 112 
6719.083024500 135 
6719.083580000 140 
6719.084135500 113 
6719.084691000 119 
6719.085246500 143 
6719.085802000 130 
6719.086357500 110 
6719.086913000 130 
6719.087468500 144 
6719.088024000 119 
6719.088579500 115 
6719.089135000 140 
6719.089690500 136 
6719.090246000 112 
6719.090801500 124 
6719.091357000 143 
6719.091912500 126 
6719.092468000 111 
6719.093023500 136 
6719.093579000 139 
6719.094134500 117 
6719.094690000 119 
6719.095245500 142 
6719.095801000 130 
6719.096356500 111 
6719.096912000 130 
6719.097467500 143 
6719.098023000 120 
6719.098578500 115 
6719.099134000 140 
6719.099689500 135 
6719.100245000 112 
6719.100800500 124 
6719.101356000 143 
6719.101911500 125 
6719.102467000 112 
6719.103022500 136 
6719.103578000 140 
6719.104133500 114 
6719.104689000 118 
6719.105244500 143 
6719.105800000 131 
6719.106355500 110 
6719.106911000 131 
6719.107466500 143 
6719.108022000 120 
6719.108577500 115 
6719.109133000 140 
6719.109688500 137 
6719.110244000 112 
6719.110799500 124 
6719.111355000 143 
6719.111910500 124 
6719.112466000 113 
6719.113021500 135 
6719.113577000 140 
6719.114132500 116 
6719.114688000 119 
6719.115243500 142 
6719.115799000 131 
6719.116354500 111 
6719.116910000 131 
6719.117465500 142 
6719.118021000 119 
6719.118576500 115 
6719.119132000 139 
6719.119687500 136 
6719.120243000 112 
6719.120798500 124 
6719.121354000 144 
6719.121909500 124 
6719.122465000 113 
6719.123020500 135 
6719.123576000 140 
6719.124131500 115 
6719.124687000 118 
6719.125242500 144 
6719.125798000 131 
6719.126353500 110 
6719.126909000 131 
6719.127464500 143 
6719.128020000 119 
6719.128575500 115 
6719.129131000 140 
6719.129686500 136 
6719.130242000 113 
6719.130797500 124 
6719.131353000 144 
6719.131908500 125 
6719.132464000 112 
6719.133019500 135 
6719.133575000 140 
6719.134130500 116 
6719.134686000 118 
6719.135241500 142 
6719.135797000 132 
6719.136352500 111 
6719.136908000 130 
6719.137463500 143 
6719.138019000 119 
6719.138574500 115 
6719.139130000 140 
6719.139685500 136 
6719.140241000 112 
6719.140796500 124 
6719.141352000 144 
6719.141907500 125 
6719.142463000 112 
6719.143018500 136 
6719.143574000 140 
6719.144129500 114 
6719.144685000 119 
6719.145240500 143 
6719.145796000 130 
6719.146351500 111 
6719.146907000 130 
6719.147462500 143 
6719.148018000 119 
6719.148573500 115 
6719.149129000 140 
6719.149684500 136 
6719.150240000 113 
6719.150795500 124 
6719.151351000 144 
6719.151906500 125 
6719.152462000 111 
6719.153017500 135 
6719.153573000 141 
6719.154128500 116 
6719.154684000 119 
6719.155239500 142 
6719.155795000 130 
6719.156350500 111 
6719.156906000 130 
6719.157461500 142 
6719.158017000 120 
6719.158572500 114 
6719.159128000 140 
6719.159683500 136 
6719.160239000 112 
6719.160794500 125 
6719.161350000 144 
6719.161905500 125 
6719.162461000 113 
6719.163016500 135 
6719.163572000 140 
6719.164127500 114 
6719.164683000 119 
6719.165238500 144 
6719.165794000 131 
6719.166349500 111 
6719.166905000 130 
6719.167460500 142 
6719.168016000 120 
6719.168571500 115 
6719.169127000 140 
6719.169682500 137 
6719.170238000 112 
6719.170793500 124 
6719.171349000 144 
6719.171904500 125 
6719.172460000 112 
6719.173015500 135 
6719.173571000 140 
6719.174126500 117 
6719.174682000 119 
6719.175237500 141 
6719.175793000 132 
6719.176348500 110 
6719.176904000 130 
6719.177459500 143 
6719.178015000 119 
6719.178570500 114 
6719.179126000 140 
6719.179681500 136 
6719.180237000 112 
6719.180792500 124 
6719.181348000 144 
6719.181903500 124 
6719.182459000 112 
6719.183014500 134 
6719.183570000 141 
6719.184125500 114 
6719.184681000 119 
6719.185236500 143 
6719.185792000 130 
6719.186347500 112 
6719.186903000 129 
6719.187458500 143 
6719.188014000 120 
6719.188569500 115 
6719.189125000 139 
6719.189680500 136 
6719.190236000 112 
6719.190791500 123 
6719.191347000 144 
6719.191902500 125 
6719.192458000 111 
6719.193013500 135 
6719.193569000 141 
6719.194124500 116 
6719.194680000 119 
6719.195235500 142 
6719.195791000 131 
6719.196346500 112 
6719.196902000 129 
6719.197457500 144 
6719.198013000 119 
6719.198568500 114 
6719.199124000 139 
6719.199679500 136 
6719.200235000 112 
6719.200790500 124 
6719.201346000 144 
6719.201901500 125 
6719.202457000 112 
6719.203012500 136 
6719.203568000 140 
6719.204123500 115 
6719.204679000 119 
6719.205234500 143 
6719.205790000 131 
6719.206345500 111 
6719.206901000 129 
6719.207456500 143 
6719.208012000 120 
6719.208567500 114 
6719.209123000 139 
6719.209678500 136 
6719.210234000 113 
6719.210789500 123 
6719.211345000 144 
6719.211900500 126 
6719.212456000 112 
6719.213011500 134 
6719.213567000 140 
6719.214122500 116 
6719.214678000 119 
6719.215233500 142 
6719.215789000 131 
6719.216344500 111 
6719.216900000 129 
6719.217455500 144 
6719.218011000 120 
6719.218566500 115 
6719.219122000 140 
6719.219677500 136 
6719.220233000 113 
6719.220788500 124 
6719.221344000 143 
6719.221899500 126 
6719.222455000 111 
6719.223010500 135 
6719.223566000 141 
6719.224121500 114 
6719.224677000 119 
6719.225232500 143 
6719.225788000 131 
6719.226343500 111 
6719.226899000 129 
6719.227454500 142 
6719.228010000 120 
6719.228565500 114 
6719.229121000 139 
6719.229676500 136 
6719.230232000 113 
6719.230787500 123 
6719.231343000 144 
6719.231898500 125 
6719.232454000 112 
6719.233009500 135 
6719.233565000 140 
6719.234120500 117 
6719.234676000 119 
6719.235231500 141 
6719.235787000 132 
6719.236342500 111 
6719.236898000 129 
6719.237453500 144 
6719.238009000 120 
6719.238564500 113 
6719.239120000 139 
6719.239675500 137 
6719.240231000 112 
6719.240786500 124 
6719.241342000 144 
6719.241897500 125 
6719.242453000 113 
6719.243008500 134 
6719.243564000 141 
6719.244119500 115 
6719.244675000 118 
6719.245230500 144 
6719.245786000 131 
6719.246341500 111 
6719.246897000 130 
6719.247452500 143 
6719.248008000 120 
6719.248563500 115 
6719.249119000 140 
6719.249674500 136 
6719.250230000 113 
6719.250785500 123 
6719.251341000 144 
6719.251896500 126 
6719.252452000 111 
6719.253007500 135 
6719.253563000 141 
6719.254118500 116 
6719.254674000 119 
6719.255229500 142 
6719.255785000 132 
6719.256340500 111 
6719.256896000 130 
6719.257451500 143 
6719.258007000 120 
6719.258562500 114 
6719.259118000 139 
6719.259673500 137 
6719.260229000 112 
6719.260784500 124 
6719.261340000 144 
6719.261895500 125 
6719.262451000 113 
6719.263006500 135 
6719.263562000 140 
6719.264117500 115 
6719.264673000 118 
6719.265228500 143 
6719.265784000 131 
6719.266339500 111 
6719.266895000 129 
6719.267450500 142 
6719.268006000 120 
6719.268561500 115 
6719.269117000 139 
6719.269672500 137 
6719.270228000 112 
6719.270783500 123 
6719.271339000 144 
6719.271894500 125 
6719.272450000 112 
6719.273005500 134 
6719.273561000 141 
6719.274116500 117 
6719.274672000 118 
6719.275227500 141 
6719.275783000 132 
6719.276338500 112 
6719.276894000 129 
6719.277449500 143 
6719.278005000 120 
6719.278560500 115 
6719.279116000 139 
6719.279671500 137 
6719.280227000 112 
6719.280782500 123 
6719.281338000 144 
6719.281893500 126 
6719.282449000 113 
6719.283004500 134 
6719.283560000 141 
6719.284115500 115 
6719.284671000 118 
6719.285226500 143 
6719.285782000 131 
6719.286337500 111 
6719.286893000 129 
6719.287448500 143 
6719.288004000 120 
6719.288559500 114 
6719.289115000 139 
6719.289670500 136 
6719.290226000 113 
6719.290781500 123 
6719.291337000 143 
6719.291892500 126 
6719.292448000 112 
6719.293003500 134 
6719.293559000 142 
6719.294114500 116 
6719.294670000 118 
6719.295225500 142 
6719.295781000 132 
6719.296336500 110 
6719.296892000 129 
6719.297447500 143 
6719.298003000 120 
6719.298558500 114 
6719.299114000 139 
6719.299669500 137 
6719.300225000 112 
6719.300780500 123 
6719.301336000 144 
6719.301891500 126 
6719.302447000 111 
6719.303002500 135 
6719.303558000 140 
6719.304113500 115 
6719.304669000 118 
6719.305224500 143 
6719.305780000 131 
6719.306335500 111 
6719.306891000 128 
6719.307446500 143 
6719.308002000 121 
6719.308557500 114 
6719.309113000 139 
6719.309668500 137 
6719.310224000 112 
6719.310779500 124 
6719.311335000 143 
6719.311890500 126 
6719.312446000 112 
6719.313001500 135 
6719.313557000 141 
6719.314112500 116 
6719.314668000 119 
6719.315223500 141 
6719.315779000 133 
6719.316334500 111 
6719.316890000 129 
6719.317445500 144 
6719.318001000 120 
6719.318556500 114 
6719.319112000 139 
6719.319667500 137 
6719.320223000 112 
6719.320778500 123 
6719.321334000 144 
6719.321889500 125 
6719.322445000 113 
6719.323000500 134 
6719.323556000 140 
6719.324111500 115 
6719.324667000 117 
6719.325222500 143 
6719.325778000 131 
6719.326333500 111 
6719.326889000 128 
6719.327444500 143 
6719.328000000 121 
6719.328555500 114 
6719.329111000 139 
6719.329666500 137 
6719.330222000 112 
6719.330777500 124 
6719.331333000 144 
6719.331888500 126 
6719.332444000 112 
6719.332999500 133 
6719.333555000 141 
6719.334110500 117 
6719.334666000 118 
6719.335221500 142 
6719.335777000 131 
6719.336332500 112 
6719.336888000 129 
6719.337443500 144 
6719.337999000 120 
6719.338554500 114 
6719.339110000 139 
6719.339665500 137 
6719.340221000 113 
6719.340776500 123 
6719.341332000 144 
6719.341887500 126 
6719.342443000 112 
6719.342998500 134 
6719.343554000 141 
6719.344109500 116 
6719.344665000 118 
6719.345220500 142 
6719.345776000 132 
6719.346331500 111 
6719.346887000 129 
6719.347442500 143 
6719.347998000 120 
6719.348553500 114 
6719.349109000 139 
6719.349664500 137 
6719.350220000 113 
6719.350775500 123 
6719.351331000 144 
6719.351886500 125 
6719.352442000 111 
6719.352997500 134 
6719.353553000 141 
6719.354108500 117 
6719.354664000 118 
6719.355219500 142 
6719.355775000 132 
6719.356330500 112 
6719.356886000 129 
6719.357441500 144 
6719.357997000 121 
6719.358552500 114 
6719.359108000 139 
6719.359663500 137 
6719.360219000 113 
6719.360774500 123 
6719.361330000 144 
6719.361885500 127 
6719.362441000 112 
6719.362996500 135 
6719.363552000 140 
6719.364107500 116 
6719.364663000 118 
6719.365218500 142 
6719.365774000 132 
6719.366329500 111 
6719.366885000 128 
6719.367440500 144 
6719.367996000 121 
6719.368551500 113 
6719.369107000 139 
6719.369662500 138 
6719.370218000 112 
6719.370773500 123 
6719.371329000 144 
6719.371884500 126 
6719.372440000 111 
6719.372995500 135 
6719.373551000 141 
6719.374106500 117 
6719.374662000 118 
6719.375217500 141 
6719.375773000 133 
6719.376328500 111 
6719.376884000 128 
6719.377439500 144 
6719.377995000 120 
6719.378550500 114 
6719.379106000 139 
6719.379661500 137 
6719.380217000 113 
6719.380772500 122 
6719.381328000 144 
6719.381883500 127 
6719.382439000 112 
6719.382994500 135 
6719.383550000 140 
6719.384105500 115 
6719.384661000 118 
6719.385216500 142 
6719.385772000 131 
6719.386327500 112 
6719.386883000 128 
6719.387438500 144 
6719.387994000 121 
6719.388549500 113 
6719.389105000 139 
6719.389660500 137 
6719.390216000 112 
6719.390771500 123 
6719.391327000 143 
6719.391882500 126 
6719.392438000 111 
6719.392993500 133 
6719.393549000 142 
6719.394104500 117 
6719.394660000 118 
6719.395215500 141 
6719.395771000 132 
6719.396326500 111 
6719.396882000 128 
6719.397437500 144 
6719.397993000 120 
6719.398548500 114 
6719.399104000 138 
6719.399659500 137 
6719.400215000 113 
6719.400770500 123 
6719.401326000 144 
6719.401881500 126 
6719.402437000 111 
6719.402992500 134 
6719.403548000 141 
6719.404103500 115 
6719.404659000 118 
6719.405214500 143 
6719.405770000 132 
6719.406325500 111 
6719.406881000 128 
6719.407436500 143 
6719.407992000 121 
6719.408547500 113 
6719.409103000 139 
6719.409658500 137 
6719.410214000 112 
6719.410769500 123 
6719.411325000 143 
6719.411880500 127 
6719.412436000 111 
6719.412991500 134 
6719.413547000 142 
6719.414102500 116 
6719.414658000 118 
6719.415213500 142 
6719.415769000 132 
6719.416324500 111 
6719.416880000 129 
6719.417435500 143 
6719.417991000 121 
6719.418546500 114 
6719.419102000 139 
6719.419657500 137 
6719.420213000 114 
6719.420768500 122 
6719.421324000 144 
6719.421879500 126 
6719.422435000 111 
6719.422990500 134 
6719.423546000 141 
6719.424101500 116 
6719.424657000 118 
6719.425212500 142 
6719.425768000 132 
6719.426323500 111 
6719.426879000 128 
6719.427434500 143 
6719.427990000 121 
6719.428545500 114 
6719.429101000 139 
6719.429656500 138 
6719.430212000 112 
6719.430767500 123 
6719.431323000 143 
6719.431878500 127 
6719.432434000 112 
6719.432989500 133 
6719.433545000 141 
6719.434100500 118 
6719.434656000 117 
6719.435211500 141 
6719.435767000 132 
6719.436322500 111 
6719.436878000 128 
6719.437433500 143 
6719.437989000 121 
6719.438544500 113 
6719.439100000 139 
6719.439655500 137 
6719.440211000 113 
6719.440766500 123 
6719.441322000 143 
6719.441877500 127 
6719.442433000 111 
6719.442988500 133 
6719.443544000 141 
6719.444099500 116 
6719.444655000 117 
6719.445210500 142 
6719.445766000 133 
6719.446321500 111 
6719.446877000 128 
6719.447432500 144 
6719.447988000 121 
6719.448543500 114 
6719.449099000 138 
6719.449654500 138 
6719.450210000 113 
6719.450765500 123 
6719.451321000 144 
6719.451876500 126 
6719.452432000 111 
6719.452987500 134 
6719.453543000 141 
6719.454098500 118 
6719.454654000 118 
6719.455209500 142 
6719.455765000 133 
6719.456320500 111 
6719.456876000 129 
6719.457431500 144 
6719.457987000 121 
6719.458542500 114 
6719.459098000 138 
6719.459653500 137 
6719.460209000 114 
6719.460764500 122 
6719.461320000 143 
6719.461875500 127 
6719.462431000 112 
6719.462986500 133 
6719.463542000 142 
6719.464097500 115 
6719.464653000 117 
6719.465208500 143 
6719.465764000 133 
6719.466319500 111 
6719.466875000 129 
6719.467430500 143 
6719.467986000 121 
6719.468541500 113 
6719.469097000 138 
6719.469652500 137 
6719.470208000 113 
6719.470763500 122 
6719.471319000 144 
6719.471874500 127 
6719.472430000 111 
6719.472985500 134 
6719.473541000 141 
6719.474096500 117 
6719.474652000 118 
6719.475207500 141 
6719.475763000 133 
6719.476318500 111 
6719.476874000 127 
6719.477429500 144 
6719.477985000 121 
6719.478540500 114 
6719.479096000 138 
6719.479651500 138 
6719.480207000 113 
6719.480762500 122 
6719.481318000 144 
6719.481873500 126 
6719.482429000 112 
6719.482984500 133 
6719.483540000 143 
6719.484095500 116 
6719.484651000 117 
6719.485206500 142 
6719.485762000 132 
6719.486317500 112 
6719.486873000 127 
6719.487428500 144 
6719.487984000 120 
6719.488539500 114 
6719.489095000 138 
6719.489650500 138 
6719.490206000 114 
6719.490761500 122 
6719.491317000 143 
6719.491872500 127 
6719.492428000 111 
6719.492983500 133 
6719.493539000 141 
6719.494094500 117 
6719.494650000 117 
6719.495205500 142 
6719.495761000 134 
6719.496316500 111 
6719.496872000 128 
6719.497427500 143 
6719.497983000 121 
6719.498538500 114 
6719.499094000 138 
6719.499649500 138 
6719.500205000 113 
6719.500760500 122 
6719.501316000 144 
6719.501871500 127 
6719.502427000 112 
6719.502982500 133 
6719.503538000 142 
6719.504093500 115 
6719.504649000 117 
6719.505204500 143 
6719.505760000 133 
6719.506315500 110 
6719.506871000 128 
6719.507426500 144 
6719.507982000 121 
6719.508537500 114 
6719.509093000 138 
6719.509648500 138 
6719.510204000 113 
6719.510759500 121 
6719.511315000 144 
6719.511870500 127 
6719.512426000 110 
6719.512981500 134 
6719.513537000 141 
6719.514092500 117 
6719.514648000 117 
6719.515203500 141 
6719.515759000 132 
6719.516314500 111 
6719.516870000 128 
6719.517425500 143 
6719.517981000 121 
6719.518536500 114 
6719.519092000 137 
6719.519647500 138 
6719.520203000 113 
6719.520758500 123 
6719.521314000 143 
6719.521869500 127 
6719.522425000 111 
6719.522980500 135 
6719.523536000 142 
6719.524091500 115 
6719.524647000 117 
6719.525202500 142 
6719.525758000 133 
6719.526313500 111 
6719.526869000 127 
6719.527424500 143 
6719.527980000 121 
6719.528535500 113 
6719.529091000 138 
6719.529646500 138 
6719.530202000 113 
6719.530757500 123 
6719.531313000 143 
6719.531868500 128 
6719.532424000 112 
6719.532979500 133 
6719.533535000 142 
6719.534090500 117 
6719.534646000 118 
6719.535201500 140 
6719.535757000 133 
6719.536312500 112 
6719.536868000 127 
6719.537423500 143 
6719.537979000 122 
6719.538534500 113 
6719.539090000 138 
6719.539645500 137 
6719.540201000 114 
6719.540756500 121 
6719.541312000 144 
6719.541867500 127 
6719.542423000 112 
6719.542978500 133 
6719.543534000 142 
6719.544089500 116 
6719.544645000 116 
6719.545200500 143 
6719.545756000 134 
6719.546311500 111 
6719.546867000 128 
6719.547422500 143 
6719.547978000 122 
6719.548533500 113 
6719.549089000 139 
6719.549644500 137 
6719.550200000 114 
6719.550755500 121 
6719.551311000 143 
6719.551866500 127 
6719.552422000 112 
6719.552977500 133 
6719.553533000 141 
6719.554088500 118 
6719.554644000 116 
6719.555199500 141 
6719.555755000 133 
6719.556310500 112 
6719.556866000 127 
6719.557421500 144 
6719.557977000 121 
6719.558532500 113 
6719.559088000 139 
6719.559643500 137 
6719.560199000 113 
6719.560754500 122 
6719.561310000 144 
6719.561865500 128 
6719.562421000 111 
6719.562976500 133 
6719.563532000 142 
6719.564087500 116 
6719.564643000 117 
6719.565198500 143 
6719.565754000 132 
6719.566309500 112 
6719.566865000 127 
6719.567420500 144 
6719.567976000 121 
6719.568531500 113 
6719.569087000 138 
6719.569642500 138 
6719.570198000 114 
6719.570753500 122 
6719.571309000 143 
6719.571864500 128 
6719.572420000 110 
6719.572975500 133 
6719.573531000 141 
6719.574086500 118 
6719.574642000 117 
6719.575197500 141 
6719.575753000 133 
6719.576308500 111 
6719.576864000 128 
6719.577419500 143 
6719.577975000 123 
6719.578530500 112 
6719.579086000 138 
6719.579641500 138 
6719.580197000 112 
6719.580752500 122 
6719.581308000 143 
6719.581863500 127 
6719.582419000 111 
6719.582974500 134 
6719.583530000 141 
6719.584085500 116 
6719.584641000 116 
6719.585196500 143 
6719.585752000 133 
6719.586307500 111 
6719.586863000 127 
6719.587418500 143 
6719.587974000 122 
6719.588529500 113 
6719.589085000 138 
6719.589640500 138 
6719.590196000 113 
6719.590751500 123 
6719.591307000 143 
6719.591862500 128 
6719.592418000 110 
6719.592973500 133 
6719.593529000 142 
6719.594084500 118 
6719.594640000 118 
6719.595195500 140 
6719.595751000 134 
6719.596306500 111 
6719.596862000 127 
6719.597417500 143 
6719.597973000 121 
6719.598528500 114 
6719.599084000 137 
6719.599639500 138 
6719.600195000 113 
6719.600750500 121 
6719.601306000 144 
6719.601861500 127 
6719.602417000 112 
6719.602972500 134 
6719.603528000 142 
6719.604083500 116 
6719.604639000 117 
6719.605194500 142 
6719.605750000 133 
6719.606305500 111 
6719.606861000 126 
6719.607416500 144 
6719.607972000 121 
6719.608527500 114 
6719.609083000 138 
6719.609638500 137 
6719.610194000 113 
6719.610749500 122 
6719.611305000 144 
6719.611860500 128 
6719.612416000 110 
6719.612971500 134 
6719.613527000 141 
6719.614082500 118 
6719.614638000 116 
6719.615193500 140 
6719.615749000 134 
6719.616304500 111 
6719.616860000 128 
6719.617415500 143 
6719.617971000 122 
6719.618526500 113 
6719.619082000 138 
6719.619637500 138 
6719.620193000 113 
6719.620748500 122 
6719.621304000 144 
6719.621859500 128 
6719.622415000 112 
6719.622970500 132 
6719.623526000 142 
6719.624081500 116 
6719.624637000 116 
6719.625192500 143 
6719.625748000 132 
6719.626303500 111 
6719.626859000 128 
6719.627414500 143 
6719.627970000 122 
6719.628525500 113 
6719.629081000 138 
6719.629636500 139 
6719.630192000 113 
6719.630747500 121 
6719.631303000 144 
6719.631858500 128 
6719.632414000 110 
6719.632969500 134 
6719.633525000 141 
6719.634080500 119 
6719.634636000 117 
6719.635191500 141 
6719.635747000 133 
6719.636302500 111 
6719.636858000 127 
6719.637413500 144 
6719.637969000 122 
6719.638524500 113 
6719.639080000 139 
6719.639635500 138 
6719.640191000 113 
6719.640746500 121 
6719.641302000 143 
6719.641857500 128 
6719.642413000 112 
6719.642968500 132 
6719.643524000 142 
6719.644079500 116 
6719.644635000 116 
6719.645190500 142 
6719.645746000 133 
6719.646301500 112 
6719.646857000 127 
6719.647412500 144 
6719.647968000 122 
6719.648523500 112 
6719.649079000 138 
6719.649634500 139 
6719.650190000 113 
6719.650745500 122 
6719.651301000 144 
6719.651856500 127 
6719.652412000 112 
6719.652967500 132 
6719.653523000 142 
6719.654078500 119 
6719.654634000 116 
6719.655189500 141 
6719.655745000 133 
6719.656300500 111 
6719.656856000 128 
6719.657411500 143 
6719.657967000 123 
6719.658522500 113 
6719.659078000 138 
6719.659633500 138 
6719.660189000 113 
6719.660744500 121 
6719.661300000 144 
6719.661855500 128 
6719.662411000 111 
6719.662966500 133 
6719.663522000 142 
6719.664077500 116 
6719.664633000 117 
6719.665188500 142 
6719.665744000 133 
6719.666299500 112 
6719.666855000 117 
6719.667410500 123 
6719.667966000 124 
6719.668521500 125 
6719.669077000 125 
6719.669632500 125 
6719.670188000 126 
6719.670743500 126 
6719.671299000 125 
6719.671854500 126 
6719.672410000 126 
6719.672965500 126 
6719.673521000 127 
6719.674076500 127 
6719.674632000 127 
6719.675187500 126 
6719.675743000 127 
6719.676298500 127 
6719.676854000 126 
6719.677409500 128 
6719.677965000 127 
6719.678520500 127 
6719.679076000 128 
6719.679631500 127 
6719.680187000 127 
6719.680742500 127 
6719.681298000 127 
6719.681853500 128 
6719.682409000 127 
6719.682964500 127 
6719.683520000 128 
6719.684075500 127 
6719.684631000 127 
6719.685186500 128 
6719.685742000 127 
6719.686297500 128 
6719.686853000 128 
6719.687408500 127 
6719.687964000 128 
6719.688519500 127 
6719.689075000 127 
6719.689630500 128 
6719.690186000 127 
6719.690741500 128 
6719.691297000 127 
6719.691852500 127 
6719.692408000 128 
6719.692963500 127 
6719.693519000 127 
6719.694074500 128 
6719.694630000 127 
6719.695185500 127 
6719.695741000 128 
6719.696296500 127 
6719.696852000 128 
6719.697407500 127 
6719.697963000 127 
6719.698518500 127 
6719.699074000 127 
6719.699629500 128 
6719.700185000 127 
6719.700740500 128 
6719.701296000 127 
6719.701851500 127 
6719.702407000 128 
6719.702962500 127 
6719.703518000 128 
6719.704073500 126 
6719.704629000 127 
6719.705184500 128 
6719.705740000 128 
6719.706295500 128 
6719.706851000 128 
6719.707406500 127 
6719.707962000 128 
6719.708517500 127 
6719.709073000 128 
6719.709628500 127 
6719.710184000 128 
6719.710739500 127 
6719.711295000 127 
6719.711850500 128 
6719.712406000 127 
6719.712961500 128 
6719.713517000 127 
6719.714072500 129 
6719.714628000 127 
6719.715183500 127 
6719.715739000 128 
6719.716294500 127 
6719.716850000 127 
6719.717405500 128 
6719.717961000 128 
6719.718516500 127 
6719.719072000 128 
6719.719627500 127 
6719.720183000 127 
6719.720738500 127 
6719.721294000 128 
6719.721849500 128 
6719.722405000 127 
6719.722960500 127 
6719.723516000 128 
6719.724071500 127 
6719.724627000 127 
6719.725182500 128 
6719.725738000 127 
6719.726293500 127 
6719.726849000 127 
6719.727404500 127 
6719.727960000 127 
6719.728515500 128 
6719.729071000 127 
6719.729626500 128 
6719.730182000 127 
6719.730737500 128 
6719.731293000 128 
6719.731848500 127 
6719.732404000 128 
6719.732959500 127 
6719.733515000 128 
6719.734070500 128 
6719.734626000 127 
6719.735181500 127 
6719.735737000 127 
6719.736292500 128 
6719.736848000 127 
6719.737403500 128 
6719.737959000 128 
6719.738514500 127 
6719.739070000 128 
6719.739625500 128 
6719.740181000 127 
6719.740736500 128 
6719.741292000 127 
6719.741847500 128 
6719.742403000 127 
6719.742958500 127 
6719.743514000 128 
6719.744069500 127 
6719.744625000 127 
6719.745180500 127 
6719.745736000 127 
6719.746291500 128 
6719.746847000 127 
6719.747402500 128 
6719.747958000 128 
6719.748513500 128 
6719.749069000 127 
6719.749624500 127 
6719.750180000 127 
6719.750735500 127 
6719.751291000 128 
6719.751846500 127 
6719.752402000 127 
6719.752957500 127 
6719.753513000 127 
6719.754068500 128 
6719.754624000 127 
6719.755179500 126 
6719.755735000 128 
6719.756290500 128 
6719.756846000 128 
6719.757401500 128 
6719.757957000 128 
6719.758512500 127 
6719.759068000 128 
6719.759623500 127 
6719.760179000 127 
6719.760734500 127 
6719.761290000 127 
6719.761845500 127 
6719.762401000 128 
6719.762956500 128 
6719.763512000 126 
6719.764067500 127 
6719.764623000 127 
6719.765178500 128 
6719.765734000 127 
6719.766289500 128 
6719.766845000 127 
6719.767400500 127 
6719.767956000 128 
6719.768511500 127 
6719.769067000 128 
6719.769622500 128 
6719.770178000 127 
6719.770733500 128 
6719.771289000 127 
6719.771844500 127 
6719.772400000 128 
6719.772955500 127 
6719.773511000 128 
6719.774066500 128 
6719.774622000 127 
6719.775177500 127 
6719.775733000 128 
6719.776288500 127 
6719.776844000 128 
6719.777399500 128 
6719.777955000 127 
6719.778510500 128 
6719.779066000 127 
6719.779621500 128 
6719.780177000 127 
6719.780732500 127 
6719.781288000 128 
6719.781843500 127 
6719.782399000 128 
6719.782954500 128 
6719.783510000 127 
6719.784065500 127 
6719.784621000 128 
6719.785176500 128 
6719.785732000 127 
6719.786287500 127 
6719.786843000 127 
6719.787398500 128 
6719.787954000 127 
6719.788509500 127 
6719.789065000 128 
6719.789620500 128 
6719.790176000 127 
6719.790731500 127 
6719.791287000 128 
6719.791842500 127 
6719.792398000 127 
6719.792953500 127 
6719.793509000 128 
6719.794064500 129 
6719.794620000 128 
6719.795175500 126 
6719.795731000 128 
6719.796286500 127 
6719.796842000 127 
6719.797397500 128 
6719.797953000 127 
6719.798508500 128 
6719.799064000 127 
6719.799619500 128 
6719.800175000 127 
6719.800730500 127 
6719.801286000 128 
6719.801841500 127 
6719.802397000 127 
6719.802952500 128 
6719.803508000 127 
6719.804063500 127 
6719.804619000 128 
6719.805174500 128 
6719.805730000 127 
6719.806285500 127 
6719.806841000 127 
6719.807396500 128 
6719.807952000 127 
6719.808507500 127 
6719.809063000 128 
6719.809618500 127 
6719.810174000 127 
6719.810729500 128 
6719.811285000 127 
6719.811840500 127 
6719.812396000 127 
6719.812951500 127 
6719.813507000 128 
6719.814062500 127 
6719.814618000 127 
6719.815173500 127 
6719.815729000 128 
6719.816284500 127 
6719.816840000 127 
6719.817395500 127 
6719.817951000 128 
6719.818506500 127 
6719.819062000 127 
6719.819617500 128 
6719.820173000 127 
6719.820728500 127 
6719.821284000 128 
6719.821839500 128 
6719.822395000 127 
6719.822950500 128 
6719.823506000 127 
6719.824061500 127 
6719.824617000 128 
6719.825172500 128 
6719.825728000 128 
6719.826283500 127 
6719.826839000 127 
6719.827394500 128 
6719.827950000 127 
6719.828505500 128 
6719.829061000 127 
6719.829616500 128 
6719.830172000 127 
6719.830727500 128 
6719.831283000 127 
6719.831838500 127 
6719.832394000 128 
6719.832949500 127 
6719.833505000 128 
6719.834060500 127 
6719.834616000 128 
6719.835171500 126 
6719.835727000 128 
6719.836282500 127 
6719.836838000 128 
6719.837393500 127 
6719.837949000 127 
6719.838504500 128 
6719.839060000 128 
6719.839615500 127 
6719.840171000 128 
6719.840726500 127 
6719.841282000 127 
6719.841837500 128 
6719.842393000 128 
6719.842948500 128 
6719.843504000 128 
6719.844059500 127 
6719.844615000 128 
6719.845170500 127 
6719.845726000 127 
6719.846281500 127 
6719.846837000 127 
6719.847392500 127 
6719.847948000 128 
6719.848503500 128 
6719.849059000 128 
6719.849614500 127 
6719.850170000 128 
6719.850725500 127 
6719.851281000 127 
6719.851836500 127 
6719.852392000 128 
6719.852947500 127 
6719.853503000 127 
6719.854058500 128 
6719.854614000 127 
6719.855169500 127 
6719.855725000 127 
6719.856280500 127 
6719.856836000 128 
6719.857391500 127 
6719.857947000 127 
6719.858502500 128 
6719.859058000 127 
6719.859613500 127 
6719.860169000 128 
6719.860724500 127 
6719.861280000 128 
6719.861835500 127 
6719.862391000 128 
6719.862946500 128 
6719.863502000 127 
6719.864057500 128 
6719.864613000 128 
6719.865168500 128 
6719.865724000 128 
6719.866279500 127 
6719.866835000 127 
6719.867390500 127 
6719.867946000 127 
6719.868501500 128 
6719.869057000 127 
6719.869612500 128 
6719.870168000 127 
6719.870723500 128 
6719.871279000 128 
6719.871834500 127 
6719.872390000 127 
6719.872945500 127 
6719.873501000 127 
6719.874056500 127 
6719.874612000 127 
6719.875167500 127 
6719.875723000 127 
6719.876278500 127 
6719.876834000 127 
6719.877389500 127 
6719.877945000 127 
6719.878500500 127 
6719.879056000 128 
6719.879611500 127 
6719.880167000 128 
6719.880722500 127 
6719.881278000 127 
6719.881833500 128 
6719.882389000 127 
6719.882944500 128 
6719.883500000 128 
6719.884055500 127 
6719.884611000 128 
6719.885166500 128 
6719.885722000 127 
6719.886277500 128 
6719.886833000 127 
6719.887388500 127 
6719.887944000 128 
6719.888499500 127 
6719.889055000 128 
6719.889610500 127 
6719.890166000 127 
6719.890721500 128 
6719.891277000 127 
6719.891832500 128 
6719.892388000 127 
6719.892943500 128 
6719.893499000 128 
6719.894054500 127 
6719.894610000 127 
6719.895165500 127 
6719.895721000 128 
6719.896276500 128 
6719.896832000 127 
6719.897387500 127 
6719.897943000 128 
6719.898498500 127 
6719.899054000 128 
6719.899609500 127 
6719.900165000 127 
6719.900720500 128 
6719.901276000 127 
6719.901831500 128 
6719.902387000 128 
6719.902942500 127 
6719.903498000 128 
6719.904053500 127 
6719.904609000 127 
6719.905164500 129 
6719.905720000 127 
6719.906275500 128 
6719.906831000 127 
6719.907386500 128 
6719.907942000 128 
6719.908497500 127 
6719.909053000 128 
6719.909608500 127 
6719.910164000 128 
6719.910719500 127 
6719.911275000 128 
6719.911830500 128 
6719.912386000 127 
6719.912941500 128 
6719.913497000 128 
6719.914052500 128 
6719.914608000 128 
6719.915163500 127 
6719.915719000 127 
6719.916274500 127 
6719.916830000 127 
6719.917385500 127 
6719.917941000 127 
6719.918496500 128 
6719.919052000 128 
6719.919607500 127 
6719.920163000 127 
6719.920718500 127 
6719.921274000 127 
6719.921829500 128 
6719.922385000 128 
6719.922940500 127 
6719.923496000 126 
6719.924051500 127 
6719.924607000 127 
6719.925162500 128 
6719.925718000 127 
6719.926273500 128 
6719.926829000 128 
6719.927384500 127 
6719.927940000 128 
6719.928495500 127 
6719.929051000 127 
6719.929606500 128 
6719.930162000 127 
6719.930717500 127 
6719.931273000 128 
6719.931828500 127 
6719.932384000 128 
6719.932939500 127 
6719.933495000 128 
6719.934050500 129 
6719.934606000 127 
6719.935161500 127 
6719.935717000 127 
6719.936272500 128 
6719.936828000 127 
6719.937383500 128 
6719.937939000 127 
6719.938494500 128 
6719.939050000 127 
6719.939605500 127 
6719.940161000 128 
6719.940716500 127 
6719.941272000 128 
6719.941827500 127 
6719.942383000 127 
6719.942938500 128 
6719.943494000 128 
6719.944049500 126 
6719.944605000 128 
6719.945160500 128 
6719.945716000 128 
6719.946271500 127 
6719.946827000 128 
6719.947382500 128 
6719.947938000 127 
6719.948493500 127 
6719.949049000 127 
6719.949604500 128 
6719.950160000 127 
6719.950715500 128 
6719.951271000 127 
6719.951826500 128 
6719.952382000 127 
6719.952937500 127 
6719.953493000 128 
6719.954048500 127 
6719.954604000 127 
6719.955159500 127 
6719.955715000 127 
6719.956270500 127 
6719.956826000 128 
6719.957381500 127 
6719.957937000 127 
6719.958492500 128 
6719.959048000 127 
6719.959603500 128 
6719.960159000 127 
6719.960714500 128 
6719.961270000 127 
6719.961825500 128 
6719.962381000 128 
6719.962936500 127 
6719.963492000 128 
6719.964047500 127 
6719.964603000 128 
6719.965158500 128 
6719.965714000 128 
6719.966269500 127 
6719.966825000 127 
6719.967380500 128 
6719.967936000 127 
6719.968491500 127 
6719.969047000 128 
6719.969602500 127 
6719.970158000 127 
6719.970713500 128 
6719.971269000 127 
6719.971824500 128 
6719.972380000 126 
6719.972935500 128 
6719.973491000 127 
6719.974046500 127 
6719.974602000 128 
6719.975157500 127 
6719.975713000 128 
6719.976268500 127 
6719.976824000 128 
6719.977379500 127 
6719.977935000 127 
6719.978490500 128 
6719.979046000 127 
6719.979601500 128 
6719.980157000 128 
6719.980712500 127 
6719.981268000 128 
6719.981823500 127 
6719.982379000 128 
6719.982934500 128 
6719.983490000 128 
6719.984045500 127 
6719.984601000 128 
6719.985156500 128 
6719.985712000 127 
6719.986267500 128 
6719.986823000 127 
6719.987378500 128 
6719.987934000 127 
6719.988489500 127 
6719.989045000 128 
6719.989600500 127 
6719.990156000 127 
6719.990711500 128 
6719.991267000 127 
6719.991822500 128 
6719.992378000 127 
6719.992933500 128 
6719.993489000 128 
6719.994044500 128 
6719.994600000 127 
6719.995155500 127 
6719.995711000 127 
6719.996266500 127 
6719.996822000 128 
6719.997377500 127 
6719.997933000 127 
6719.998488500 127 
6719.999044000 128 
6719.999599500 127 
6720.000155000 128 
6720.000710500 127 
6720.001266000 127 
6720.001821500 128 
6720.002377000 128 
6720.002932500 127 
6720.003488000 128 
6720.004043500 126 
6720.004599000 128 
6720.005154500 128 
6720.005710000 128 
6720.006265500 127 
6720.006821000 128 
6720.007376500 127 
6720.007932000 127 
6720.008487500 127 
6720.009043000 127 
6720.009598500 127 
6720.010154000 127 
6720.010709500 128 
6720.011265000 127 
6720.011820500 128 
6720.012376000 127 
6720.012931500 128 
6720.013487000 127 
6720.014042500 127 
6720.014598000 128 
6720.015153500 126 
6720.015709000 127 
6720.016264500 128 
6720.016820000 128 
6720.017375500 127 
6720.017931000 128 
6720.018486500 127 
6720.019042000 128 
6720.019597500 127 
6720.020153000 128 
6720.020708500 127 
6720.021264000 128 
6720.021819500 127 
6720.022375000 128 
6720.022930500 128 
6720.023486000 128 
6720.024041500 127 
6720.024597000 128 
6720.025152500 128 
6720.025708000 127 
6720.026263500 128 
6720.026819000 127 
6720.027374500 128 
6720.027930000 127 
6720.028485500 128 
6720.029041000 127 
6720.029596500 127 
6720.030152000 128 
6720.030707500 128 
6720.031263000 127 
6720.031818500 127 
6720.032374000 127 
6720.032929500 128 
6720.033485000 127 
6720.034040500 128 
6720.034596000 127 
6720.035151500 127 
6720.035707000 127 
6720.036262500 128 
6720.036818000 127 
6720.037373500 127 
6720.037929000 128 
6720.038484500 127 
6720.039040000 128 
6720.039595500 127 
6720.040151000 127 
6720.040706500 128 
6720.041262000 127 
6720.041817500 128 
6720.042373000 127 
6720.042928500 128 
6720.043484000 127 
6720.044039500 126 
6720.044595000 128 
6720.045150500 128 
6720.045706000 127 
6720.046261500 128 
6720.046817000 127 
6720.047372500 128 
6720.047928000 127 
6720.048483500 128 
6720.049039000 128 
6720.049594500 127 
6720.050150000 128 
6720.050705500 127 
6720.051261000 128 
6720.051816500 127 
6720.052372000 128 
6720.052927500 128 
6720.053483000 127 
6720.054038500 128 
6720.054594000 128 
6720.055149500 126 
6720.055705000 128 
6720.056260500 127 
6720.056816000 128 
6720.057371500 127 
6720.057927000 127 
6720.058482500 128 
6720.059038000 127 
6720.059593500 128 
6720.060149000 127 
6720.060704500 127 
6720.061260000 128 
6720.061815500 127 
6720.062371000 128 
6720.062926500 127 
6720.063482000 128 
6720.064037500 126 
6720.064593000 128 
6720.065148500 128 
6720.065704000 128 
6720.066259500 128 
6720.066815000 127 
6720.067370500 127 
6720.067926000 127 
6720.068481500 128 
6720.069037000 127 
6720.069592500 128 
6720.070148000 127 
6720.070703500 128 
6720.071259000 127 
6720.071814500 127 
6720.072370000 128 
6720.072925500 127 
6720.073481000 127 
6720.074036500 128 
6720.074592000 128 
6720.075147500 127 
6720.075703000 127 
6720.076258500 127 
6720.076814000 128 
6720.077369500 127 
6720.077925000 128 
6720.078480500 128 
6720.079036000 127 
6720.079591500 128 
6720.080147000 127 
6720.080702500 127 
6720.081258000 128 
6720.081813500 127 
6720.082369000 128 
6720.082924500 128 
6720.083480000 127 
6720.084035500 128 
6720.084591000 128 
6720.085146500 128 
6720.085702000 127 
6720.086257500 128 
6720.086813000 128 
6720.087368500 127 
6720.087924000 127 
6720.088479500 127 
6720.089035000 127 
6720.089590500 127 
6720.090146000 127 
6720.090701500 128 
6720.091257000 127 
6720.091812500 128 
6720.092368000 126 
6720.092923500 127 
6720.093479000 127 
6720.094034500 127 
6720.094590000 128 
6720.095145500 127 
6720.095701000 127 
6720.096256500 128 
6720.096812000 127 
6720.097367500 127 
6720.097923000 128 
6720.098478500 127 
6720.099034000 128 
6720.099589500 127 
6720.100145000 127 
6720.100700500 128 
6720.101256000 127 
6720.101811500 128 
6720.102367000 128 
6720.102922500 128 
6720.103478000 127 
6720.104033500 128 
6720.104589000 127 
6720.105144500 128 
6720.105700000 128 
6720.106255500 127 
6720.106811000 128 
6720.107366500 127 
6720.107922000 128 
6720.108477500 128 
6720.109033000 127 
6720.109588500 128 
6720.110144000 127 
6720.110699500 127 
6720.111255000 127 
6720.111810500 127 
6720.112366000 128 
6720.112921500 127 
6720.113477000 127 
6720.114032500 127 
6720.114588000 128 
6720.115143500 127 
6720.115699000 127 
6720.116254500 128 
6720.116810000 127 
6720.117365500 127 
6720.117921000 127 
6720.118476500 128 
6720.119032000 127 
6720.119587500 128 
6720.120143000 127 
6720.120698500 128 
6720.121254000 127 
6720.121809500 127 
6720.122365000 128 
6720.122920500 128 
6720.123476000 127 
6720.124031500 128 
6720.124587000 127 
6720.125142500 128 
6720.125698000 128 
6720.126253500 127 
6720.126809000 127 
6720.127364500 128 
6720.127920000 127 
6720.128475500 128 
6720.129031000 128 
6720.129586500 127 
6720.130142000 127 
6720.130697500 128 
6720.131253000 127 
6720.131808500 128 
6720.132364000 127 
6720.132919500 127 
6720.133475000 128 
6720.134030500 127 
6720.134586000 127 
6720.135141500 128 
6720.135697000 127 
6720.136252500 127 
6720.136808000 128 
6720.137363500 127 
6720.137919000 127 
6720.138474500 128 
6720.139030000 127 
6720.139585500 128 
6720.140141000 127 
6720.140696500 128 
6720.141252000 128 
6720.141807500 127 
6720.142363000 127 
6720.142918500 127 
6720.143474000 127 
6720.144029500 128 
6720.144585000 127 
6720.145140500 128 
6720.145696000 128 
6720.146251500 127 
6720.146807000 127 
6720.147362500 127 
6720.147918000 128 
6720.148473500 127 
6720.149029000 128 
6720.149584500 127 
6720.150140000 128 
6720.150695500 127 
6720.151251000 127 
6720.151806500 128 
6720.152362000 128 
6720.152917500 127 
6720.153473000 127 
6720.154028500 128 
6720.154584000 128 
6720.155139500 127 
6720.155695000 127 
6720.156250500 128 
6720.156806000 127 
6720.157361500 128 
6720.157917000 128 
6720.158472500 127 
6720.159028000 128 
6720.159583500 127 
6720.160139000 128 
6720.160694500 127 
6720.161250000 127 
6720.161805500 127 
6720.162361000 127 
6720.162916500 129 
6720.163472000 127 
6720.164027500 128 
6720.164583000 128 
6720.165138500 128 
6720.165694000 127 
6720.166249500 128 
6720.166805000 127 
6720.167360500 126 
6720.167916000 128 
6720.168471500 127 
6720.169027000 127 
6720.169582500 128 
6720.170138000 128 
6720.170693500 127 
6720.171249000 127 
6720.171804500 128 
6720.172360000 127 
6720.172915500 128 
6720.173471000 127 
6720.174026500 128 
6720.174582000 127 
6720.175137500 127 
6720.175693000 127 
6720.176248500 128 
6720.176804000 127 
6720.177359500 128 
6720.177915000 128 
6720.178470500 127 
6720.179026000 127 
6720.179581500 127 
6720.180137000 127 
6720.180692500 128 
6720.181248000 127 
6720.181803500 128 
6720.182359000 127 
6720.182914500 128 
6720.183470000 127 
6720.184025500 128 
6720.184581000 127 
6720.185136500 128 
6720.185692000 127 
6720.186247500 128 
6720.186803000 127 
6720.187358500 127 
6720.187914000 127 
6720.188469500 128 
6720.189025000 127 
6720.189580500 127 
6720.190136000 128 
6720.190691500 127 
6720.191247000 128 
6720.191802500 127 
6720.192358000 128 
6720.192913500 127 
6720.193469000 129 
6720.194024500 127 
6720.194580000 127 
6720.195135500 127 
6720.195691000 127 
6720.196246500 127 
6720.196802000 128 
6720.197357500 127 
6720.197913000 128 
6720.198468500 127 
6720.199024000 127 
6720.199579500 128 
6720.200135000 127 
6720.200690500 128 
6720.201246000 127 
6720.201801500 128 
6720.202357000 128 
6720.202912500 127 
6720.203468000 127 
6720.204023500 127 
6720.204579000 127 
6720.205134500 128 
6720.205690000 127 
6720.206245500 127 
6720.206801000 128 
6720.207356500 128 
6720.207912000 127 
6720.208467500 127 
6720.209023000 128 
6720.209578500 128 
6720.210134000 127 
6720.210689500 128 
6720.211245000 128 
6720.211800500 127 
6720.212356000 128 
6720.212911500 127 
6720.213467000 128 
6720.214022500 128 
6720.214578000 128 
6720.215133500 127 
6720.215689000 127 
6720.216244500 128 
6720.216800000 127 
6720.217355500 128 
6720.217911000 127 
6720.218466500 127 
6720.219022000 128 
6720.219577500 127 
6720.220133000 127 
6720.220688500 127 
6720.221244000 128 
6720.221799500 127 
6720.222355000 127 
6720.222910500 127 
6720.223466000 127 
6720.224021500 127 
6720.224577000 128 
6720.225132500 127 
6720.225688000 127 
6720.226243500 128 
6720.226799000 127 
6720.227354500 127 
6720.227910000 127 
6720.228465500 127 
6720.229021000 127 
6720.229576500 128 
6720.230132000 127 
6720.230687500 128 
6720.231243000 127 
6720.231798500 127 
6720.232354000 127 
6720.232909500 127 
6720.233465000 129 
6720.234020500 127 
6720.234576000 127 
6720.235131500 128 
6720.235687000 127 
6720.236242500 127 
6720.236798000 128 
6720.237353500 128 
6720.237909000 127 
6720.238464500 128 
6720.239020000 128 
6720.239575500 127 
6720.240131000 128 
6720.240686500 127 
6720.241242000 127 
6720.241797500 128 
6720.242353000 128 
6720.242908500 127 
6720.243464000 128 
6720.244019500 128 
6720.244575000 127 
6720.245130500 128 
6720.245686000 128 
6720.246241500 128 
6720.246797000 127 
6720.247352500 127 
6720.247908000 127 
6720.248463500 127 
6720.249019000 127 
6720.249574500 127 
6720.250130000 128 
6720.250685500 127 
6720.251241000 128 
6720.251796500 127 
6720.252352000 128 
6720.252907500 127 
6720.253463000 128 
6720.254018500 127 
6720.254574000 127 
6720.255129500 127 
6720.255685000 128 
6720.256240500 127 
6720.256796000 128 
6720.257351500 127 
6720.257907000 128 
6720.258462500 127 
6720.259018000 128 
6720.259573500 127 
6720.260129000 128 
6720.260684500 128 
6720.261240000 127 
6720.261795500 128 
6720.262351000 127 
6720.262906500 128 
6720.263462000 127 
6720.264017500 128 
6720.264573000 127 
6720.265128500 128 
6720.265684000 127 
6720.266239500 128 
6720.266795000 127 
6720.267350500 127 
6720.267906000 128 
6720.268461500 127 
6720.269017000 127 
6720.269572500 127 
6720.270128000 127 
6720.270683500 127 
6720.271239000 127 
6720.271794500 128 
6720.272350000 128 
6720.272905500 128 
6720.273461000 128 
6720.274016500 128 
6720.274572000 127 
6720.275127500 127 
6720.275683000 127 
6720.276238500 128 
6720.276794000 127 
6720.277349500 128 
6720.277905000 127 
6720.278460500 127 
6720.279016000 128 
6720.279571500 127 
6720.280127000 127 
6720.280682500 128 
6720.281238000 127 
6720.281793500 127 
6720.282349000 128 
6720.282904500 127 
6720.283460000 126 
6720.284015500 127 
6720.284571000 127 
6720.285126500 128 
6720.285682000 128 
6720.286237500 127 
6720.286793000 127 
6720.287348500 128 
6720.287904000 127 
6720.288459500 127 
6720.289015000 128 
6720.289570500 127 
6720.290126000 128 
6720.290681500 127 
6720.291237000 127 
6720.291792500 128 
6720.292348000 127 
6720.292903500 128 
6720.293459000 128 
6720.294014500 127 
6720.294570000 128 
6720.295125500 127 
6720.295681000 127 
6720.296236500 128 
6720.296792000 128 
6720.297347500 128 
6720.297903000 127 
6720.298458500 128 
6720.299014000 127 
6720.299569500 127 
6720.300125000 128 
6720.300680500 127 
6720.301236000 127 
6720.301791500 128 
6720.302347000 127 
6720.302902500 127 
6720.303458000 128 
6720.304013500 128 
6720.304569000 127 
6720.305124500 128 
6720.305680000 127 
6720.306235500 127 
6720.306791000 128 
6720.307346500 127 
6720.307902000 128 
6720.308457500 128 
6720.309013000 127 
6720.309568500 127 
6720.310124000 128 
6720.310679500 127 
6720.311235000 128 
6720.311790500 127 
6720.312346000 127 
6720.312901500 128 
6720.313457000 127 
6720.314012500 128 
6720.314568000 127 
6720.315123500 128 
6720.315679000 128 
6720.316234500 127 
6720.316790000 127 
6720.317345500 128 
6720.317901000 127 
6720.318456500 128 
6720.319012000 128 
6720.319567500 127 
6720.320123000 128 
6720.320678500 127 
6720.321234000 127 
6720.321789500 128 
6720.322345000 127 
6720.322900500 128 
6720.323456000 127 
6720.324011500 127 
6720.324567000 127 
6720.325122500 128 
6720.325678000 127 
6720.326233500 128 
6720.326789000 127 
6720.327344500 128 
6720.327900000 128 
6720.328455500 127 
6720.329011000 128 
6720.329566500 127 
6720.330122000 128 
6720.330677500 128 
6720.331233000 127 
6720.331788500 128 
6720.332344000 127 
6720.332899500 127 
6720.333455000 129 
6720.334010500 127 
6720.334566000 128 
6720.335121500 127 
6720.335677000 127 
6720.336232500 128 
6720.336788000 127 
6720.337343500 128 
6720.337899000 127 
6720.338454500 127 
6720.339010000 128 
6720.339565500 127 
6720.340121000 127 
6720.340676500 127 
6720.341232000 127 
6720.341787500 128 
6720.342343000 127 
6720.342898500 128 
6720.343454000 127 
6720.344009500 127 
6720.344565000 128 
6720.345120500 127 
6720.345676000 127 
6720.346231500 128 
6720.346787000 127 
6720.347342500 127 
6720.347898000 127 
6720.348453500 127 
6720.349009000 127 
6720.349564500 127 
6720.350120000 128 
6720.350675500 127 
6720.351231000 127 
6720.351786500 127 
6720.352342000 127 
6720.352897500 128 
6720.353453000 127 
6720.354008500 128 
6720.354564000 127 
6720.355119500 128 
6720.355675000 127 
6720.356230500 127 
6720.356786000 128 
6720.357341500 127 
6720.357897000 128 
6720.358452500 128 
6720.359008000 128 
6720.359563500 127 
6720.360119000 128 
6720.360674500 127 
6720.361230000 128 
6720.361785500 127 
6720.362341000 128 
6720.362896500 127 
6720.363452000 127 
6720.364007500 127 
6720.364563000 127 
6720.365118500 128 
6720.365674000 127 
6720.366229500 128 
6720.366785000 127 
6720.367340500 128 
6720.367896000 127 
6720.368451500 128 
6720.369007000 126 
6720.369562500 127 
6720.370118000 128 
6720.370673500 127 
6720.371229000 127 
6720.371784500 128 
6720.372340000 128 
6720.372895500 127 
6720.373451000 128 
6720.374006500 128 
6720.374562000 127 
6720.375117500 127 
6720.375673000 127 
6720.376228500 127 
6720.376784000 128 
6720.377339500 127 
6720.377895000 127 
6720.378450500 128 
6720.379006000 127 
6720.379561500 127 
6720.380117000 128 
6720.380672500 127 
6720.381228000 127 
6720.381783500 127 
6720.382339000 128 
6720.382894500 127 
6720.383450000 128 
6720.384005500 127 
6720.384561000 128 
6720.385116500 127 
6720.385672000 127 
6720.386227500 128 
6720.386783000 127 
6720.387338500 127 
6720.387894000 128 
6720.388449500 128 
6720.389005000 128 
6720.389560500 127 
6720.390116000 128 
6720.390671500 127 
6720.391227000 127 
6720.391782500 128 
6720.392338000 127 
6720.392893500 128 
6720.393449000 128 
6720.394004500 127 
6720.394560000 128 
6720.395115500 127 
6720.395671000 128 
6720.396226500 127 
6720.396782000 128 
6720.397337500 127 
6720.397893000 128 
6720.398448500 128 
6720.399004000 127 
6720.399559500 128 
6720.400115000 127 
6720.400670500 128 
6720.401226000 127 
6720.401781500 127 
6720.402337000 127 
6720.402892500 128 
6720.403448000 128 
6720.404003500 127 
6720.404559000 127 
6720.405114500 127 
6720.405670000 127 
6720.406225500 127 
6720.406781000 127 
6720.407336500 128 
6720.407892000 127 
6720.408447500 127 
6720.409003000 128 
6720.409558500 127 
6720.410114000 128 
6720.410669500 127 
6720.411225000 127 
6720.411780500 128 
6720.412336000 126 
6720.412891500 127 
6720.413447000 128 
6720.414002500 127 
6720.414558000 127 
6720.415113500 127 
6720.415669000 128 
6720.416224500 127 
6720.416780000 128 
6720.417335500 127 
6720.417891000 128 
6720.418446500 128 
6720.419002000 127 
6720.419557500 128 
6720.420113000 127 
6720.420668500 127 
6720.421224000 128 
6720.421779500 128 
6720.422335000 128 
6720.422890500 128 
6720.423446000 127 
6720.424001500 128 
6720.424557000 128 
6720.425112500 127 
6720.425668000 128 
6720.426223500 127 
6720.426779000 128 
6720.427334500 127 
6720.427890000 128 
6720.428445500 127 
6720.429001000 127 
6720.429556500 128 
6720.430112000 127 
6720.430667500 127 
6720.431223000 127 
6720.431778500 127 
6720.432334000 128 
6720.432889500 127 
6720.433445000 128 
6720.434000500 127 
6720.434556000 127 
6720.435111500 128 
6720.435667000 127 
6720.436222500 128 
6720.436778000 127 
6720.437333500 127 
6720.437889000 128 
6720.438444500 128 
6720.439000000 127 
6720.439555500 128 
6720.440111000 127 
6720.440666500 127 
6720.441222000 128 
6720.441777500 128 
6720.442333000 127 
6720.442888500 128 
6720.443444000 128 
6720.443999500 127 
6720.444555000 128 
6720.445110500 127 
6720.445666000 128 
6720.446221500 127 
6720.446777000 128 
6720.447332500 128 
6720.447888000 127 
6720.448443500 128 
6720.448999000 127 
6720.449554500 128 
6720.450110000 128 
6720.450665500 127 
6720.451221000 128 
6720.451776500 127 
6720.452332000 127 
6720.452887500 128 
6720.453443000 128 
6720.453998500 127 
6720.454554000 127 
6720.455109500 128 
6720.455665000 127 
6720.456220500 127 
6720.456776000 127 
6720.457331500 127 
6720.457887000 128 
6720.458442500 127 
6720.458998000 127 
6720.459553500 127 
6720.460109000 127 
6720.460664500 128 
6720.461220000 127 
6720.461775500 127 
6720.462331000 128 
6720.462886500 127 
6720.463442000 127 
6720.463997500 127 
6720.464553000 128 
6720.465108500 127 
6720.465664000 128 
6720.466219500 128 
6720.466775000 127 
6720.467330500 127 
6720.467886000 127 
6720.468441500 127 
6720.468997000 127 
6720.469552500 128 
6720.470108000 127 
6720.470663500 128 
6720.471219000 127 
6720.471774500 128 
6720.472330000 127 
6720.472885500 127 
6720.473441000 128 
6720.473996500 128 
6720.474552000 128 
6720.475107500 128 
6720.475663000 127 
6720.476218500 128 
6720.476774000 127 
6720.477329500 127 
6720.477885000 128 
6720.478440500 127 
6720.478996000 127 
6720.479551500 128 
6720.480107000 127 
6720.480662500 127 
6720.481218000 128 
6720.481773500 127 
6720.482329000 127 
6720.482884500 128 
6720.483440000 127 
6720.483995500 128 
6720.484551000 127 
6720.485106500 127 
6720.485662000 127 
6720.486217500 127 
6720.486773000 128 
6720.487328500 127 
6720.487884000 127 
6720.488439500 128 
6720.488995000 127 
6720.489550500 127 
6720.490106000 128 
6720.490661500 127 
6720.491217000 128 
6720.491772500 128 
6720.492328000 127 
6720.492883500 128 
6720.493439000 127 
6720.493994500 128 
6720.494550000 127 
6720.495105500 128 
6720.495661000 127 
6720.496216500 128 
6720.496772000 127 
6720.497327500 127 
6720.497883000 128 
6720.498438500 128 
6720.498994000 127 
6720.499549500 128 
6720.500105000 127 
6720.500660500 127 
6720.501216000 128 
6720.501771500 127 
6720.502327000 127 
6720.502882500 128 
6720.503438000 127 
6720.503993500 128 
6720.504549000 127 
6720.505104500 128 
6720.505660000 127 
6720.506215500 127 
6720.506771000 128 
6720.507326500 127 
6720.507882000 127 
6720.508437500 127 
6720.508993000 127 
6720.509548500 128 
6720.510104000 128 
6720.510659500 127 
6720.511215000 128 
6720.511770500 128 
6720.512326000 127 
6720.512881500 127 
6720.513437000 128 
6720.513992500 128 
6720.514548000 128 
6720.515103500 128 
6720.515659000 127 
6720.516214500 128 
6720.516770000 128 
6720.517325500 128 
6720.517881000 128 
6720.518436500 127 
6720.518992000 127 
6720.519547500 128 
6720.520103000 127 
6720.520658500 128 
6720.521214000 127 
6720.521769500 128 
6720.522325000 128 
6720.522880500 128 
6720.523436000 127 
6720.523991500 127 
6720.524547000 127 
6720.525102500 128 
6720.525658000 127 
6720.526213500 128 
6720.526769000 127 
6720.527324500 127 
6720.527880000 128 
6720.528435500 127 
6720.528991000 128 
6720.529546500 127 
6720.530102000 127 
6720.530657500 128 
6720.531213000 127 
6720.531768500 128 
6720.532324000 127 
6720.532879500 127 
6720.533435000 127 
6720.533990500 127 
6720.534546000 128 
6720.535101500 127 
6720.535657000 127 
6720.536212500 128 
6720.536768000 127 
6720.537323500 128 
6720.537879000 128 
6720.538434500 128 
6720.538990000 127 
6720.539545500 128 
6720.540101000 127 
6720.540656500 127 
6720.541212000 128 
6720.541767500 127 
6720.542323000 128 
6720.542878500 127 
6720.543434000 127 
6720.543989500 128 
6720.544545000 128 
6720.545100500 127 
6720.545656000 128 
6720.546211500 127 
6720.546767000 127 
6720.547322500 127 
6720.547878000 127 
6720.548433500 128 
6720.548989000 128 
6720.549544500 127 
6720.550100000 128 
6720.550655500 127 
6720.551211000 128 
6720.551766500 127 
6720.552322000 128 
6720.552877500 127 
6720.553433000 127 
6720.553988500 127 
6720.554544000 127 
6720.555099500 127 
6720.555655000 128 
6720.556210500 127 
6720.556766000 127 
6720.557321500 127 
6720.557877000 127 
6720.558432500 127 
6720.558988000 128 
6720.559543500 127 
6720.560099000 127 
6720.560654500 128 
6720.561210000 127 
6720.561765500 127 
6720.562321000 128 
6720.562876500 127 
6720.563432000 128 
6720.563987500 128 
6720.564543000 127 
6720.565098500 128 
6720.565654000 127 
6720.566209500 127 
6720.566765000 127 
6720.567320500 128 
6720.567876000 127 
6720.568431500 128 
6720.568987000 128 
6720.569542500 127 
6720.570098000 128 
6720.570653500 127 
6720.571209000 127 
6720.571764500 128 
6720.572320000 127 
6720.572875500 127 
6720.573431000 128 
6720.573986500 128 
6720.574542000 128 
6720.575097500 128 
6720.575653000 127 
6720.576208500 127 
6720.576764000 128 
6720.577319500 127 
6720.577875000 128 
6720.578430500 127 
6720.578986000 128 
6720.579541500 128 
6720.580097000 127 
6720.580652500 127 
6720.581208000 127 
6720.581763500 127 
6720.582319000 128 
6720.582874500 127 
6720.583430000 127 
6720.583985500 128 
6720.584541000 127 
6720.585096500 127 
6720.585652000 128 
6720.586207500 127 
6720.586763000 128 
6720.587318500 127 
6720.587874000 128 
6720.588429500 127 
6720.588985000 127 
6720.589540500 127 
6720.590096000 127 
6720.590651500 128 
6720.591207000 127 
6720.591762500 127 
6720.592318000 127 
6720.592873500 127 
6720.593429000 127 
6720.593984500 128 
6720.594540000 127 
6720.595095500 127 
6720.595651000 128 
6720.596206500 127 
6720.596762000 128 
6720.597317500 127 
6720.597873000 128 
6720.598428500 127 
6720.598984000 128 
6720.599539500 127 
6720.600095000 128 
6720.600650500 127 
6720.601206000 128 
6720.601761500 127 
6720.602317000 127 
6720.602872500 128 
6720.603428000 127 
6720.603983500 127 
6720.604539000 128 
6720.605094500 127 
6720.605650000 128 
6720.606205500 127 
6720.606761000 128 
6720.607316500 128 
6720.607872000 127 
6720.608427500 128 
6720.608983000 127 
6720.609538500 127 
6720.610094000 128 
6720.610649500 127 
6720.611205000 128 
6720.611760500 127 
6720.612316000 127 
6720.612871500 127 
6720.613427000 128 
6720.613982500 127 
6720.614538000 127 
6720.615093500 127 
6720.615649000 127 
6720.616204500 127 
6720.616760000 127 
6720.617315500 128 
6720.617871000 127 
6720.618426500 128 
6720.618982000 128 
6720.619537500 127 
6720.620093000 127 
6720.620648500 127 
6720.621204000 127 
6720.621759500 127 
6720.622315000 129 
6720.622870500 127 
6720.623426000 127 
6720.623981500 127 
6720.624537000 127 
6720.625092500 128 
6720.625648000 127 
6720.626203500 128 
6720.626759000 127 
6720.627314500 127 
6720.627870000 127 
6720.628425500 127 
6720.628981000 127 
6720.629536500 128 
6720.630092000 127 
6720.630647500 128 
6720.631203000 127 
6720.631758500 128 
6720.632314000 127 
6720.632869500 128 
6720.633425000 127 
6720.633980500 128 
6720.634536000 128 
6720.635091500 128 
6720.635647000 128 
6720.636202500 128 
6720.636758000 127 
6720.637313500 127 
6720.637869000 128 
6720.638424500 127 
6720.638980000 128 
6720.639535500 127 
6720.640091000 128 
6720.640646500 127 
6720.641202000 127 
6720.641757500 127 
6720.642313000 128 
6720.642868500 128 
6720.643424000 127 
6720.643979500 127 
6720.644535000 127 
6720.645090500 128 
6720.645646000 128 
6720.646201500 127 
6720.646757000 128 
6720.647312500 128 
6720.647868000 126 
6720.648423500 128 
6720.648979000 127 
6720.649534500 127 
6720.650090000 128 
6720.650645500 128 
6720.651201000 127 
6720.651756500 127 
6720.652312000 127 
6720.652867500 127 
6720.653423000 127 
6720.653978500 127 
6720.654534000 127 
6720.655089500 127 
6720.655645000 127 
6720.656200500 127 
6720.656756000 127 
6720.657311500 127 
6720.657867000 128 
6720.658422500 127 
6720.658978000 127 
6720.659533500 127 
6720.660089000 127 
6720.660644500 127 
6720.661200000 127 
6720.661755500 127 
6720.662311000 128 
6720.662866500 128 
6720.663422000 127 
6720.663977500 128 
6720.664533000 128 
6720.665088500 127 
6720.665644000 127 
6720.666199500 128 
6720.666755000 127 
6720.667310500 128 
6720.667866000 127 
6720.668421500 127 
6720.668977000 127 
6720.669532500 127 
6720.670088000 128 
6720.670643500 128 
6720.671199000 127 
6720.671754500 127 
6720.672310000 127 
6720.672865500 128 
6720.673421000 128 
6720.673976500 128 
6720.674532000 127 
6720.675087500 128 
6720.675643000 127 
6720.676198500 128 
6720.676754000 127 
6720.677309500 127 
6720.677865000 127 
6720.678420500 128 
6720.678976000 127 
6720.679531500 127 
6720.680087000 127 
6720.680642500 127 
6720.681198000 128 
6720.681753500 127 
6720.682309000 127 
6720.682864500 127 
6720.683420000 127 
6720.683975500 128 
6720.684531000 127 
6720.685086500 127 
6720.685642000 128 
6720.686197500 127 
6720.686753000 128 
6720.687308500 127 
6720.687864000 128 
6720.688419500 127 
6720.688975000 127 
6720.689530500 128 
6720.690086000 127 
6720.690641500 128 
6720.691197000 127 
6720.691752500 128 
6720.692308000 127 
6720.692863500 128 
6720.693419000 128 
6720.693974500 128 
6720.694530000 127 
6720.695085500 128 
6720.695641000 127 
6720.696196500 127 
6720.696752000 128 
6720.697307500 127 
6720.697863000 127 
6720.698418500 127 
6720.698974000 127 
6720.699529500 127 
6720.700085000 128 
6720.700640500 127 
6720.701196000 128 
6720.701751500 128 
6720.702307000 127 
6720.702862500 128 
6720.703418000 127 
6720.703973500 127 
6720.704529000 128 
6720.705084500 127 
6720.705640000 127 
6720.706195500 128 
6720.706751000 128 
6720.707306500 128 
6720.707862000 127 
6720.708417500 127 
6720.708973000 128 
6720.709528500 127 
6720.710084000 127 
6720.710639500 128 
6720.711195000 127 
6720.711750500 127 
6720.712306000 127 
6720.712861500 127 
6720.713417000 128 
6720.713972500 127 
6720.714528000 128 
6720.715083500 127 
6720.715639000 128 
6720.716194500 127 
6720.716750000 128 
6720.717305500 127 
6720.717861000 127 
6720.718416500 128 
6720.718972000 128 
6720.719527500 127 
6720.720083000 128 
6720.720638500 128 
6720.721194000 127 
6720.721749500 128 
6720.722305000 128 
6720.722860500 126 
6720.723416000 127 
6720.723971500 127 
6720.724527000 127 
6720.725082500 127 
6720.725638000 128 
6720.726193500 127 
6720.726749000 128 
6720.727304500 127 
6720.727860000 128 
6720.728415500 127 
6720.728971000 128 
6720.729526500 127 
6720.730082000 128 
6720.730637500 127 
6720.731193000 127 
6720.731748500 127 
6720.732304000 128 
6720.732859500 127 
6720.733415000 128 
6720.733970500 127 
6720.734526000 127 
6720.735081500 128 
6720.735637000 127 
6720.736192500 127 
6720.736748000 128 
6720.737303500 128 
6720.737859000 127 
6720.738414500 128 
6720.738970000 127 
6720.739525500 127 
6720.740081000 128 
6720.740636500 128 
6720.741192000 127 
6720.741747500 128 
6720.742303000 127 
6720.742858500 127 
6720.743414000 128 
6720.743969500 127 
6720.744525000 128 
