6698.275105500 128 
6698.275661000 128 
6698.276216500 128 
6698.276772000 128 
6698.277327500 128 
6698.277883000 128 
6698.278438500 128 
6698.278994000 127 
6698.279549500 128 
6698.280105000 128 
6698.280660500 127 
6698.281216000 127 
6698.281771500 128 
6698.282327000 128 
6698.282882500 127 
6698.283438000 128 
6698.283993500 128 
6698.284549000 127 
6698.285104500 127 
6698.285660000 128 
6698.286215500 127 
6698.286771000 127 
6698.287326500 128 
6698.287882000 128 
6698.288437500 127 
6698.288993000 128 
6698.289548500 127 
6698.290104000 127 
6698.290659500 128 
6698.291215000 127 
6698.291770500 128 
6698.292326000 128 
6698.292881500 127 
6698.293437000 127 
6698.293992500 128 
6698.294548000 127 
6698.295103500 127 
6698.295659000 128 
6698.296214500 128 
6698.296770000 128 
6698.297325500 127 
6698.297881000 127 
6698.298436500 127 
6698.298992000 128 
6698.299547500 128 
6698.300103000 128 
6698.300658500 128 
6698.301214000 128 
6698.301769500 127 
6698.302325000 128 
6698.302880500 128 
6698.303436000 128 
6698.303991500 127 
6698.304547000 128 
6698.305102500 127 
6698.305658000 128 
6698.306213500 127 
6698.306769000 128 
6698.307324500 128 
6698.307880000 127 
6698.308435500 128 
6698.308991000 128 
6698.309546500 127 
6698.310102000 128 
6698.310657500 128 
6698.311213000 127 
6698.311768500 128 
6698.312324000 128 
6698.312879500 127 
6698.313435000 128 
6698.313990500 128 
6698.314546000 127 
6698.315101500 127 
6698.315657000 128 
6698.316212500 128 
6698.316768000 128 
6698.317323500 128 
6698.317879000 128 
6698.318434500 127 
6698.318990000 128 
6698.319545500 128 
6698.320101000 127 
6698.320656500 128 
6698.321212000 127 
6698.321767500 127 
6698.322323000 128 
6698.322878500 128 
6698.323434000 127 
6698.323989500 127 
6698.324545000 128 
6698.325100500 127 
6698.325656000 127 
6698.326211500 128 
6698.326767000 128 
6698.327322500 127 
6698.327878000 128 
6698.328433500 128 
6698.328989000 128 
6698.329544500 127 
6698.330100000 127 
6698.330655500 128 
6698.331211000 128 
6698.331766500 127 
6698.332322000 128 
6698.332877500 127 
6698.333433000 128 
6698.333988500 128 
6698.334544000 128 
6698.335099500 127 
6698.335655000 128 
6698.336210500 128 
6698.336766000 128 
6698.337321500 127 
6698.337877000 128 
6698.338432500 128 
6698.338988000 127 
6698.339543500 128 
6698.340099000 128 
6698.340654500 127 
6698.341210000 128 
6698.341765500 128 
6698.342321000 128 
6698.342876500 127 
6698.343432000 128 
6698.343987500 128 
6698.344543000 127 
6698.345098500 128 
6698.345654000 128 
6698.346209500 127 
6698.346765000 128 
6698.347320500 128 
6698.347876000 128 
6698.348431500 127 
6698.348987000 128 
6698.349542500 127 
6698.350098000 127 
6698.350653500 127 
6698.351209000 127 
6698.351764500 128 
6698.352320000 128 
6698.352875500 127 
6698.353431000 128 
6698.353986500 128 
6698.354542000 127 
6698.355097500 127 
6698.355653000 128 
6698.356208500 128 
6698.356764000 127 
6698.357319500 128 
6698.357875000 128 
6698.358430500 127 
6698.358986000 128 
6698.359541500 128 
6698.360097000 128 
6698.360652500 127 
6698.361208000 128 
6698.361763500 127 
6698.362319000 128 
6698.362874500 128 
6698.363430000 128 
6698.363985500 127 
6698.364541000 128 
6698.365096500 128 
6698.365652000 127 
6698.366207500 127 
6698.366763000 128 
6698.367318500 127 
6698.367874000 127 
6698.368429500 128 
6698.368985000 127 
6698.369540500 127 
6698.370096000 128 
6698.370651500 128 
6698.371207000 127 
6698.371762500 128 
6698.372318000 128 
6698.372873500 127 
6698.373429000 129 
6698.373984500 127 
6698.374540000 128 
6698.375095500 127 
6698.375651000 128 
6698.376206500 128 
6698.376762000 128 
6698.377317500 127 
6698.377873000 129 
6698.378428500 128 
6698.378984000 128 
6698.379539500 127 
6698.380095000 128 
6698.380650500 128 
6698.381206000 127 
6698.381761500 127 
6698.382317000 128 
6698.382872500 127 
6698.383428000 128 
6698.383983500 128 
6698.384539000 127 
6698.385094500 127 
6698.385650000 128 
6698.386205500 128 
6698.386761000 127 
6698.387316500 128 
6698.387872000 127 
6698.388427500 128 
6698.388983000 127 
6698.389538500 127 
6698.390094000 128 
6698.390649500 128 
6698.391205000 127 
6698.391760500 128 
6698.392316000 127 
6698.392871500 127 
6698.393427000 128 
6698.393982500 127 
6698.394538000 127 
6698.395093500 129 
6698.395649000 128 
6698.396204500 127 
6698.396760000 128 
6698.397315500 127 
6698.397871000 128 
6698.398426500 128 
6698.398982000 128 
6698.399537500 127 
6698.400093000 128 
6698.400648500 128 
6698.401204000 127 
6698.401759500 128 
6698.402315000 127 
6698.402870500 128 
6698.403426000 127 
6698.403981500 127 
6698.404537000 128 
6698.405092500 128 
6698.405648000 127 
6698.406203500 128 
6698.406759000 128 
6698.407314500 127 
6698.407870000 128 
6698.408425500 128 
6698.408981000 127 
6698.409536500 127 
6698.410092000 128 
6698.410647500 128 
6698.411203000 127 
6698.411758500 128 
6698.412314000 128 
6698.412869500 127 
6698.413425000 127 
6698.413980500 128 
6698.414536000 127 
6698.415091500 128 
6698.415647000 127 
6698.416202500 128 
6698.416758000 128 
6698.417313500 127 
6698.417869000 128 
6698.418424500 128 
6698.418980000 127 
6698.419535500 128 
6698.420091000 128 
6698.420646500 127 
6698.421202000 127 
6698.421757500 128 
6698.422313000 128 
6698.422868500 127 
6698.423424000 127 
6698.423979500 127 
6698.424535000 128 
6698.425090500 127 
6698.425646000 127 
6698.426201500 128 
6698.426757000 128 
6698.427312500 127 
6698.427868000 128 
6698.428423500 128 
6698.428979000 127 
6698.429534500 128 
6698.430090000 127 
6698.430645500 128 
6698.431201000 128 
6698.431756500 127 
6698.432312000 128 
6698.432867500 128 
6698.433423000 128 
6698.433978500 127 
6698.434534000 128 
6698.435089500 128 
6698.435645000 127 
6698.436200500 128 
6698.436756000 127 
6698.437311500 127 
6698.437867000 128 
6698.438422500 128 
6698.438978000 127 
6698.439533500 129 
6698.440089000 128 
6698.440644500 127 
6698.441200000 128 
6698.441755500 128 
6698.442311000 128 
6698.442866500 127 
6698.443422000 128 
6698.443977500 128 
6698.444533000 128 
6698.445088500 128 
6698.445644000 127 
6698.446199500 128 
6698.446755000 128 
6698.447310500 127 
6698.447866000 127 
6698.448421500 128 
6698.448977000 128 
6698.449532500 127 
6698.450088000 128 
6698.450643500 128 
6698.451199000 128 
6698.451754500 128 
6698.452310000 127 
6698.452865500 128 
6698.453421000 127 
6698.453976500 127 
6698.454532000 128 
6698.455087500 128 
6698.455643000 128 
6698.456198500 127 
6698.456754000 128 
6698.457309500 127 
6698.457865000 128 
6698.458420500 127 
6698.458976000 127 
6698.459531500 129 
6698.460087000 128 
6698.460642500 127 
6698.461198000 127 
6698.461753500 128 
6698.462309000 128 
6698.462864500 127 
6698.463420000 127 
6698.463975500 128 
6698.464531000 128 
6698.465086500 127 
6698.465642000 128 
6698.466197500 128 
6698.466753000 128 
6698.467308500 127 
6698.467864000 128 
6698.468419500 128 
6698.468975000 128 
6698.469530500 127 
6698.470086000 128 
6698.470641500 128 
6698.471197000 128 
6698.471752500 128 
6698.472308000 127 
6698.472863500 128 
6698.473419000 127 
6698.473974500 127 
6698.474530000 128 
6698.475085500 128 
6698.475641000 127 
6698.476196500 128 
6698.476752000 128 
6698.477307500 127 
6698.477863000 127 
6698.478418500 128 
6698.478974000 128 
6698.479529500 128 
6698.480085000 128 
6698.480640500 128 
6698.481196000 127 
6698.481751500 127 
6698.482307000 128 
6698.482862500 127 
6698.483418000 128 
6698.483973500 128 
6698.484529000 127 
6698.485084500 128 
6698.485640000 128 
6698.486195500 127 
6698.486751000 128 
6698.487306500 128 
6698.487862000 128 
6698.488417500 128 
6698.488973000 128 
6698.489528500 127 
6698.490084000 128 
6698.490639500 128 
6698.491195000 127 
6698.491750500 128 
6698.492306000 128 
6698.492861500 127 
6698.493417000 127 
6698.493972500 128 
6698.494528000 128 
6698.495083500 127 
6698.495639000 128 
6698.496194500 128 
6698.496750000 128 
6698.497305500 127 
6698.497861000 128 
6698.498416500 127 
6698.498972000 128 
6698.499527500 128 
6698.500083000 128 
6698.500638500 128 
6698.501194000 127 
6698.501749500 128 
6698.502305000 128 
6698.502860500 128 
6698.503416000 128 
6698.503971500 128 
6698.504527000 127 
6698.505082500 129 
6698.505638000 128 
6698.506193500 128 
6698.506749000 127 
6698.507304500 128 
6698.507860000 127 
6698.508415500 127 
6698.508971000 128 
6698.509526500 128 
6698.510082000 127 
6698.510637500 128 
6698.511193000 128 
6698.511748500 128 
6698.512304000 127 
6698.512859500 128 
6698.513415000 127 
6698.513970500 128 
6698.514526000 127 
6698.515081500 128 
6698.515637000 128 
6698.516192500 127 
6698.516748000 127 
6698.517303500 128 
6698.517859000 128 
6698.518414500 127 
6698.518970000 127 
6698.519525500 128 
6698.520081000 127 
6698.520636500 128 
6698.521192000 127 
6698.521747500 128 
6698.522303000 128 
6698.522858500 128 
6698.523414000 127 
6698.523969500 128 
6698.524525000 128 
6698.525080500 128 
6698.525636000 127 
6698.526191500 128 
6698.526747000 128 
6698.527302500 128 
6698.527858000 128 
6698.528413500 127 
6698.528969000 128 
6698.529524500 128 
6698.530080000 128 
6698.530635500 128 
6698.531191000 128 
6698.531746500 128 
6698.532302000 127 
6698.532857500 128 
6698.533413000 128 
6698.533968500 128 
6698.534524000 128 
6698.535079500 128 
6698.535635000 127 
6698.536190500 128 
6698.536746000 128 
6698.537301500 127 
6698.537857000 128 
6698.538412500 128 
6698.538968000 127 
6698.539523500 129 
6698.540079000 128 
6698.540634500 127 
6698.541190000 128 
6698.541745500 128 
6698.542301000 127 
6698.542856500 128 
6698.543412000 127 
6698.543967500 128 
6698.544523000 128 
6698.545078500 127 
6698.545634000 127 
6698.546189500 128 
6698.546745000 128 
6698.547300500 127 
6698.547856000 128 
6698.548411500 127 
6698.548967000 127 
6698.549522500 128 
6698.550078000 127 
6698.550633500 128 
6698.551189000 127 
6698.551744500 128 
6698.552300000 127 
6698.552855500 127 
6698.553411000 128 
6698.553966500 127 
6698.554522000 128 
6698.555077500 128 
6698.555633000 128 
6698.556188500 128 
6698.556744000 128 
6698.557299500 127 
6698.557855000 128 
6698.558410500 128 
6698.558966000 128 
6698.559521500 128 
6698.560077000 128 
6698.560632500 127 
6698.561188000 128 
6698.561743500 128 
6698.562299000 128 
6698.562854500 128 
6698.563410000 127 
6698.563965500 128 
6698.564521000 128 
6698.565076500 127 
6698.565632000 128 
6698.566187500 128 
6698.566743000 127 
6698.567298500 129 
6698.567854000 128 
6698.568409500 127 
6698.568965000 128 
6698.569520500 128 
6698.570076000 127 
6698.570631500 129 
6698.571187000 128 
6698.571742500 128 
6698.572298000 127 
6698.572853500 127 
6698.573409000 128 
6698.573964500 128 
6698.574520000 127 
6698.575075500 128 
6698.575631000 128 
6698.576186500 128 
6698.576742000 128 
6698.577297500 128 
6698.577853000 128 
6698.578408500 127 
6698.578964000 127 
6698.579519500 127 
6698.580075000 128 
6698.580630500 127 
6698.581186000 127 
6698.581741500 128 
6698.582297000 127 
6698.582852500 128 
6698.583408000 127 
6698.583963500 128 
6698.584519000 128 
6698.585074500 127 
6698.585630000 128 
6698.586185500 128 
6698.586741000 127 
6698.587296500 127 
6698.587852000 128 
6698.588407500 127 
6698.588963000 127 
6698.589518500 128 
6698.590074000 128 
6698.590629500 128 
6698.591185000 127 
6698.591740500 128 
6698.592296000 127 
6698.592851500 127 
6698.593407000 128 
6698.593962500 128 
6698.594518000 127 
6698.595073500 128 
6698.595629000 127 
6698.596184500 128 
6698.596740000 128 
6698.597295500 128 
6698.597851000 127 
6698.598406500 128 
6698.598962000 128 
6698.599517500 128 
6698.600073000 127 
6698.600628500 128 
6698.601184000 128 
6698.601739500 127 
6698.602295000 128 
6698.602850500 128 
6698.603406000 127 
6698.603961500 127 
6698.604517000 127 
6698.605072500 128 
6698.605628000 128 
6698.606183500 127 
6698.606739000 128 
6698.607294500 128 
6698.607850000 127 
6698.608405500 127 
6698.608961000 128 
6698.609516500 128 
6698.610072000 128 
6698.610627500 128 
6698.611183000 128 
6698.611738500 128 
6698.612294000 127 
6698.612849500 128 
6698.613405000 128 
6698.613960500 127 
6698.614516000 128 
6698.615071500 128 
6698.615627000 127 
6698.616182500 127 
6698.616738000 128 
6698.617293500 128 
6698.617849000 127 
6698.618404500 128 
6698.618960000 128 
6698.619515500 127 
6698.620071000 127 
6698.620626500 128 
6698.621182000 127 
6698.621737500 128 
6698.622293000 128 
6698.622848500 127 
6698.623404000 128 
6698.623959500 128 
6698.624515000 128 
6698.625070500 128 
6698.625626000 127 
6698.626181500 128 
6698.626737000 128 
6698.627292500 127 
6698.627848000 128 
6698.628403500 128 
6698.628959000 127 
6698.629514500 127 
6698.630070000 128 
6698.630625500 128 
6698.631181000 127 
6698.631736500 127 
6698.632292000 128 
6698.632847500 128 
6698.633403000 127 
6698.633958500 128 
6698.634514000 128 
6698.635069500 127 
6698.635625000 128 
6698.636180500 128 
6698.636736000 127 
6698.637291500 128 
6698.637847000 127 
6698.638402500 127 
6698.638958000 128 
6698.639513500 127 
6698.640069000 127 
6698.640624500 128 
6698.641180000 127 
6698.641735500 127 
6698.642291000 128 
6698.642846500 128 
6698.643402000 127 
6698.643957500 127 
6698.644513000 128 
6698.645068500 128 
6698.645624000 127 
6698.646179500 128 
6698.646735000 128 
6698.647290500 127 
6698.647846000 128 
6698.648401500 128 
6698.648957000 127 
6698.649512500 128 
6698.650068000 128 
6698.650623500 128 
6698.651179000 128 
6698.651734500 128 
6698.652290000 128 
6698.652845500 128 
6698.653401000 127 
6698.653956500 129 
6698.654512000 128 
6698.655067500 127 
6698.655623000 127 
6698.656178500 128 
6698.656734000 127 
6698.657289500 128 
6698.657845000 128 
6698.658400500 128 
6698.658956000 128 
6698.659511500 128 
6698.660067000 128 
6698.660622500 127 
6698.661178000 127 
6698.661733500 128 
6698.662289000 127 
6698.662844500 127 
6698.663400000 128 
6698.663955500 128 
6698.664511000 127 
6698.665066500 128 
6698.665622000 127 
6698.666177500 128 
6698.666733000 127 
6698.667288500 128 
6698.667844000 128 
6698.668399500 127 
6698.668955000 127 
6698.669510500 128 
6698.670066000 128 
6698.670621500 127 
6698.671177000 128 
6698.671732500 128 
6698.672288000 127 
6698.672843500 129 
6698.673399000 128 
6698.673954500 127 
6698.674510000 128 
6698.675065500 128 
6698.675621000 128 
6698.676176500 127 
6698.676732000 128 
6698.677287500 127 
6698.677843000 128 
6698.678398500 128 
6698.678954000 127 
6698.679509500 128 
6698.680065000 128 
6698.680620500 127 
6698.681176000 128 
6698.681731500 127 
6698.682287000 127 
6698.682842500 128 
6698.683398000 128 
6698.683953500 127 
6698.684509000 128 
6698.685064500 128 
6698.685620000 127 
6698.686175500 128 
6698.686731000 128 
6698.687286500 127 
6698.687842000 128 
6698.688397500 128 
6698.688953000 128 
6698.689508500 127 
6698.690064000 128 
6698.690619500 128 
6698.691175000 127 
6698.691730500 128 
6698.692286000 128 
6698.692841500 127 
6698.693397000 128 
6698.693952500 127 
6698.694508000 127 
6698.695063500 128 
6698.695619000 128 
6698.696174500 127 
6698.696730000 128 
6698.697285500 128 
6698.697841000 127 
6698.698396500 127 
6698.698952000 128 
6698.699507500 128 
6698.700063000 128 
6698.700618500 127 
6698.701174000 128 
6698.701729500 127 
6698.702285000 128 
6698.702840500 128 
6698.703396000 127 
6698.703951500 128 
6698.704507000 128 
6698.705062500 127 
6698.705618000 128 
6698.706173500 128 
6698.706729000 127 
6698.707284500 128 
6698.707840000 127 
6698.708395500 128 
6698.708951000 128 
6698.709506500 127 
6698.710062000 128 
6698.710617500 128 
6698.711173000 127 
6698.711728500 128 
6698.712284000 128 
6698.712839500 127 
6698.713395000 127 
6698.713950500 128 
6698.714506000 128 
6698.715061500 127 
6698.715617000 127 
6698.716172500 128 
6698.716728000 127 
6698.717283500 127 
6698.717839000 128 
6698.718394500 128 
6698.718950000 128 
6698.719505500 127 
6698.720061000 128 
6698.720616500 127 
6698.721172000 128 
6698.721727500 128 
6698.722283000 128 
6698.722838500 128 
6698.723394000 128 
6698.723949500 127 
6698.724505000 128 
6698.725060500 128 
6698.725616000 127 
6698.726171500 128 
6698.726727000 128 
6698.727282500 127 
6698.727838000 128 
6698.728393500 127 
6698.728949000 127 
6698.729504500 128 
6698.730060000 128 
6698.730615500 127 
6698.731171000 128 
6698.731726500 128 
6698.732282000 128 
6698.732837500 127 
6698.733393000 128 
6698.733948500 128 
6698.734504000 127 
6698.735059500 128 
6698.735615000 127 
6698.736170500 128 
6698.736726000 128 
6698.737281500 127 
6698.737837000 127 
6698.738392500 128 
6698.738948000 127 
6698.739503500 128 
6698.740059000 128 
6698.740614500 127 
6698.741170000 128 
6698.741725500 127 
6698.742281000 127 
6698.742836500 128 
6698.743392000 128 
6698.743947500 127 
6698.744503000 128 
6698.745058500 128 
6698.745614000 127 
6698.746169500 127 
6698.746725000 128 
6698.747280500 128 
6698.747836000 128 
6698.748391500 128 
6698.748947000 127 
6698.749502500 128 
6698.750058000 128 
6698.750613500 127 
6698.751169000 127 
6698.751724500 128 
6698.752280000 127 
6698.752835500 127 
6698.753391000 128 
6698.753946500 128 
6698.754502000 127 
6698.755057500 128 
6698.755613000 128 
6698.756168500 127 
6698.756724000 128 
6698.757279500 128 
6698.757835000 128 
6698.758390500 127 
6698.758946000 128 
6698.759501500 128 
6698.760057000 128 
6698.760612500 127 
6698.761168000 128 
6698.761723500 127 
6698.762279000 128 
6698.762834500 128 
6698.763390000 128 
6698.763945500 128 
6698.764501000 128 
6698.765056500 128 
6698.765612000 127 
6698.766167500 128 
6698.766723000 128 
6698.767278500 128 
6698.767834000 127 
6698.768389500 128 
6698.768945000 128 
6698.769500500 128 
6698.770056000 127 
6698.770611500 127 
6698.771167000 127 
6698.771722500 128 
6698.772278000 128 
6698.772833500 127 
6698.773389000 128 
6698.773944500 128 
6698.774500000 127 
6698.775055500 128 
6698.775611000 127 
6698.776166500 128 
6698.776722000 128 
6698.777277500 127 
6698.777833000 128 
6698.778388500 127 
6698.778944000 128 
6698.779499500 128 
6698.780055000 127 
6698.780610500 128 
6698.781166000 128 
6698.781721500 127 
6698.782277000 128 
6698.782832500 128 
6698.783388000 127 
6698.783943500 127 
6698.784499000 128 
6698.785054500 128 
6698.785610000 128 
6698.786165500 127 
6698.786721000 128 
6698.787276500 128 
6698.787832000 127 
6698.788387500 128 
6698.788943000 128 
6698.789498500 128 
6698.790054000 128 
6698.790609500 128 
6698.791165000 127 
6698.791720500 128 
6698.792276000 127 
6698.792831500 128 
6698.793387000 128 
6698.793942500 128 
6698.794498000 127 
6698.795053500 127 
6698.795609000 128 
6698.796164500 128 
6698.796720000 128 
6698.797275500 127 
6698.797831000 127 
6698.798386500 128 
6698.798942000 127 
6698.799497500 127 
6698.800053000 128 
6698.800608500 128 
6698.801164000 127 
6698.801719500 128 
6698.802275000 128 
6698.802830500 127 
6698.803386000 128 
6698.803941500 128 
6698.804497000 127 
6698.805052500 128 
6698.805608000 127 
6698.806163500 128 
6698.806719000 127 
6698.807274500 127 
6698.807830000 128 
6698.808385500 128 
6698.808941000 127 
6698.809496500 128 
6698.810052000 128 
6698.810607500 127 
6698.811163000 127 
6698.811718500 128 
6698.812274000 128 
6698.812829500 128 
6698.813385000 127 
6698.813940500 127 
6698.814496000 128 
6698.815051500 128 
6698.815607000 127 
6698.816162500 128 
6698.816718000 128 
6698.817273500 128 
6698.817829000 128 
6698.818384500 128 
6698.818940000 127 
6698.819495500 128 
6698.820051000 128 
6698.820606500 127 
6698.821162000 128 
6698.821717500 128 
6698.822273000 128 
6698.822828500 127 
6698.823384000 128 
6698.823939500 128 
6698.824495000 127 
6698.825050500 127 
6698.825606000 128 
6698.826161500 128 
6698.826717000 127 
6698.827272500 127 
6698.827828000 128 
6698.828383500 127 
6698.828939000 127 
6698.829494500 128 
6698.830050000 128 
6698.830605500 127 
6698.831161000 128 
6698.831716500 128 
6698.832272000 128 
6698.832827500 128 
6698.833383000 127 
6698.833938500 128 
6698.834494000 128 
6698.835049500 127 
6698.835605000 128 
6698.836160500 128 
6698.836716000 127 
6698.837271500 128 
6698.837827000 128 
6698.838382500 128 
6698.838938000 127 
6698.839493500 128 
6698.840049000 128 
6698.840604500 127 
6698.841160000 128 
6698.841715500 128 
6698.842271000 128 
6698.842826500 127 
6698.843382000 128 
6698.843937500 128 
6698.844493000 128 
6698.845048500 127 
6698.845604000 128 
6698.846159500 127 
6698.846715000 128 
6698.847270500 127 
6698.847826000 128 
6698.848381500 128 
6698.848937000 127 
6698.849492500 128 
6698.850048000 127 
6698.850603500 128 
6698.851159000 128 
6698.851714500 127 
6698.852270000 128 
6698.852825500 128 
6698.853381000 128 
6698.853936500 127 
6698.854492000 127 
6698.855047500 128 
6698.855603000 128 
6698.856158500 127 
6698.856714000 127 
6698.857269500 128 
6698.857825000 128 
6698.858380500 127 
6698.858936000 128 
6698.859491500 128 
6698.860047000 127 
6698.860602500 127 
6698.861158000 128 
6698.861713500 128 
6698.862269000 127 
6698.862824500 127 
6698.863380000 128 
6698.863935500 127 
6698.864491000 128 
6698.865046500 128 
6698.865602000 127 
6698.866157500 128 
6698.866713000 128 
6698.867268500 128 
6698.867824000 127 
6698.868379500 127 
6698.868935000 128 
6698.869490500 127 
6698.870046000 127 
6698.870601500 128 
6698.871157000 128 
6698.871712500 127 
6698.872268000 128 
6698.872823500 128 
6698.873379000 128 
6698.873934500 128 
6698.874490000 127 
6698.875045500 128 
6698.875601000 127 
6698.876156500 128 
6698.876712000 128 
6698.877267500 128 
6698.877823000 128 
6698.878378500 128 
6698.878934000 128 
6698.879489500 127 
6698.880045000 127 
6698.880600500 128 
6698.881156000 127 
6698.881711500 127 
6698.882267000 128 
6698.882822500 128 
6698.883378000 127 
6698.883933500 128 
6698.884489000 128 
6698.885044500 127 
6698.885600000 128 
6698.886155500 128 
6698.886711000 127 
6698.887266500 128 
6698.887822000 128 
6698.888377500 128 
6698.888933000 127 
6698.889488500 127 
6698.890044000 128 
6698.890599500 128 
6698.891155000 127 
6698.891710500 128 
6698.892266000 128 
6698.892821500 127 
6698.893377000 127 
6698.893932500 127 
6698.894488000 128 
6698.895043500 128 
6698.895599000 127 
6698.896154500 127 
6698.896710000 128 
6698.897265500 127 
6698.897821000 128 
6698.898376500 128 
6698.898932000 127 
6698.899487500 127 
6698.900043000 128 
6698.900598500 128 
6698.901154000 127 
6698.901709500 128 
6698.902265000 127 
6698.902820500 128 
6698.903376000 127 
6698.903931500 127 
6698.904487000 128 
6698.905042500 127 
6698.905598000 128 
6698.906153500 128 
6698.906709000 127 
6698.907264500 127 
6698.907820000 128 
6698.908375500 128 
6698.908931000 127 
6698.909486500 127 
6698.910042000 128 
6698.910597500 128 
6698.911153000 127 
6698.911708500 128 
6698.912264000 128 
6698.912819500 127 
6698.913375000 128 
6698.913930500 127 
6698.914486000 128 
6698.915041500 128 
6698.915597000 127 
6698.916152500 128 
6698.916708000 127 
6698.917263500 128 
6698.917819000 127 
6698.918374500 127 
6698.918930000 128 
6698.919485500 128 
6698.920041000 127 
6698.920596500 128 
6698.921152000 128 
6698.921707500 127 
6698.922263000 128 
6698.922818500 127 
6698.923374000 127 
6698.923929500 127 
6698.924485000 128 
6698.925040500 127 
6698.925596000 128 
6698.926151500 128 
6698.926707000 128 
6698.927262500 128 
6698.927818000 128 
6698.928373500 128 
6698.928929000 128 
6698.929484500 127 
6698.930040000 129 
6698.930595500 128 
6698.931151000 127 
6698.931706500 128 
6698.932262000 128 
6698.932817500 128 
6698.933373000 128 
6698.933928500 128 
6698.934484000 128 
6698.935039500 127 
6698.935595000 128 
6698.936150500 128 
6698.936706000 127 
6698.937261500 127 
6698.937817000 128 
6698.938372500 128 
6698.938928000 127 
6698.939483500 128 
6698.940039000 127 
6698.940594500 128 
6698.941150000 128 
6698.941705500 128 
6698.942261000 128 
6698.942816500 128 
6698.943372000 128 
6698.943927500 128 
6698.944483000 128 
6698.945038500 128 
6698.945594000 127 
6698.946149500 128 
6698.946705000 128 
6698.947260500 127 
6698.947816000 128 
6698.948371500 128 
6698.948927000 127 
6698.949482500 128 
6698.950038000 127 
6698.950593500 127 
6698.951149000 127 
6698.951704500 128 
6698.952260000 127 
6698.952815500 127 
6698.953371000 128 
6698.953926500 128 
6698.954482000 127 
6698.955037500 128 
6698.955593000 128 
6698.956148500 127 
6698.956704000 128 
6698.957259500 128 
6698.957815000 127 
6698.958370500 128 
6698.958926000 128 
6698.959481500 127 
6698.960037000 128 
6698.960592500 128 
6698.961148000 127 
6698.961703500 128 
6698.962259000 128 
6698.962814500 127 
6698.963370000 128 
6698.963925500 128 
6698.964481000 128 
6698.965036500 128 
6698.965592000 127 
6698.966147500 128 
6698.966703000 128 
6698.967258500 127 
6698.967814000 127 
6698.968369500 128 
6698.968925000 128 
6698.969480500 128 
6698.970036000 127 
6698.970591500 128 
6698.971147000 127 
6698.971702500 128 
6698.972258000 127 
6698.972813500 127 
6698.973369000 128 
6698.973924500 127 
6698.974480000 128 
6698.975035500 127 
6698.975591000 127 
6698.976146500 128 
6698.976702000 128 
6698.977257500 127 
6698.977813000 127 
6698.978368500 128 
6698.978924000 128 
6698.979479500 127 
6698.980035000 128 
6698.980590500 128 
6698.981146000 127 
6698.981701500 128 
6698.982257000 127 
6698.982812500 127 
6698.983368000 128 
6698.983923500 128 
6698.984479000 128 
6698.985034500 128 
6698.985590000 128 
6698.986145500 131 
6698.986701000 139 
6698.987256500 115 
6698.987812000 115 
6698.988367500 142 
6698.988923000 133 
6698.989478500 111 
6698.990034000 128 
6698.990589500 144 
6698.991145000 121 
6698.991700500 113 
6698.992256000 139 
6698.992811500 139 
6698.993367000 113 
6698.993922500 122 
6698.994478000 144 
6698.995033500 128 
6698.995589000 111 
6698.996144500 132 
6698.996700000 143 
6698.997255500 117 
6698.997811000 116 
6698.998366500 141 
6698.998922000 134 
6698.999477500 111 
6699.000033000 128 
6699.000588500 144 
6699.001144000 121 
6699.001699500 113 
6699.002255000 138 
6699.002810500 139 
6699.003366000 113 
6699.003921500 122 
6699.004477000 144 
6699.005032500 127 
6699.005588000 111 
6699.006143500 133 
6699.006699000 142 
6699.007254500 117 
6699.007810000 117 
6699.008365500 141 
6699.008921000 134 
6699.009476500 112 
6699.010032000 127 
6699.010587500 145 
6699.011143000 122 
6699.011698500 113 
6699.012254000 139 
6699.012809500 138 
6699.013365000 114 
6699.013920500 122 
6699.014476000 143 
6699.015031500 128 
6699.015587000 111 
6699.016142500 133 
6699.016698000 143 
6699.017253500 117 
6699.017809000 116 
6699.018364500 142 
6699.018920000 133 
6699.019475500 111 
6699.020031000 128 
6699.020586500 144 
6699.021142000 122 
6699.021697500 113 
6699.022253000 138 
6699.022808500 139 
6699.023364000 113 
6699.023919500 121 
6699.024475000 145 
6699.025030500 128 
6699.025586000 111 
6699.026141500 134 
6699.026697000 142 
6699.027252500 117 
6699.027808000 117 
6699.028363500 142 
6699.028919000 133 
6699.029474500 112 
6699.030030000 128 
6699.030585500 144 
6699.031141000 122 
6699.031696500 113 
6699.032252000 138 
6699.032807500 138 
6699.033363000 113 
6699.033918500 122 
6699.034474000 144 
6699.035029500 128 
6699.035585000 111 
6699.036140500 133 
6699.036696000 142 
6699.037251500 117 
6699.037807000 116 
6699.038362500 142 
6699.038918000 135 
6699.039473500 112 
6699.040029000 127 
6699.040584500 145 
6699.041140000 123 
6699.041695500 114 
6699.042251000 138 
6699.042806500 138 
6699.043362000 114 
6699.043917500 122 
6699.044473000 144 
6699.045028500 129 
6699.045584000 112 
6699.046139500 133 
6699.046695000 142 
6699.047250500 117 
6699.047806000 117 
6699.048361500 142 
6699.048917000 133 
6699.049472500 111 
6699.050028000 128 
6699.050583500 144 
6699.051139000 122 
6699.051694500 113 
6699.052250000 139 
6699.052805500 139 
6699.053361000 114 
6699.053916500 122 
6699.054472000 144 
6699.055027500 128 
6699.055583000 112 
6699.056138500 132 
6699.056694000 142 
6699.057249500 118 
6699.057805000 117 
6699.058360500 141 
6699.058916000 134 
6699.059471500 111 
6699.060027000 127 
6699.060582500 145 
6699.061138000 122 
6699.061693500 112 
6699.062249000 138 
6699.062804500 139 
6699.063360000 114 
6699.063915500 121 
6699.064471000 143 
6699.065026500 129 
6699.065582000 112 
6699.066137500 132 
6699.066693000 143 
6699.067248500 117 
6699.067804000 117 
6699.068359500 142 
6699.068915000 133 
6699.069470500 112 
6699.070026000 127 
6699.070581500 144 
6699.071137000 123 
6699.071692500 113 
6699.072248000 137 
6699.072803500 139 
6699.073359000 114 
6699.073914500 121 
6699.074470000 144 
6699.075025500 129 
6699.075581000 111 
6699.076136500 133 
6699.076692000 142 
6699.077247500 118 
6699.077803000 116 
6699.078358500 142 
6699.078914000 134 
6699.079469500 111 
6699.080025000 126 
6699.080580500 145 
6699.081136000 123 
6699.081691500 113 
6699.082247000 138 
6699.082802500 138 
6699.083358000 114 
6699.083913500 121 
6699.084469000 144 
6699.085024500 128 
6699.085580000 112 
6699.086135500 132 
6699.086691000 142 
6699.087246500 118 
6699.087802000 117 
6699.088357500 141 
6699.088913000 134 
6699.089468500 112 
6699.090024000 127 
6699.090579500 143 
6699.091135000 123 
6699.091690500 113 
6699.092246000 137 
6699.092801500 140 
6699.093357000 114 
6699.093912500 121 
6699.094468000 145 
6699.095023500 129 
6699.095579000 112 
6699.096134500 133 
6699.096690000 142 
6699.097245500 118 
6699.097801000 116 
6699.098356500 141 
6699.098912000 134 
6699.099467500 112 
6699.100023000 127 
6699.100578500 144 
6699.101134000 123 
6699.101689500 113 
6699.102245000 137 
6699.102800500 139 
6699.103356000 114 
6699.103911500 120 
6699.104467000 144 
6699.105022500 129 
6699.105578000 111 
6699.106133500 132 
6699.106689000 143 
6699.107244500 118 
6699.107800000 116 
6699.108355500 141 
6699.108911000 135 
6699.109466500 112 
6699.110022000 126 
6699.110577500 144 
6699.111133000 122 
6699.111688500 112 
6699.112244000 138 
6699.112799500 140 
6699.113355000 114 
6699.113910500 120 
6699.114466000 144 
6699.115021500 128 
6699.115577000 111 
6699.116132500 133 
6699.116688000 142 
6699.117243500 117 
6699.117799000 116 
6699.118354500 142 
6699.118910000 133 
6699.119465500 112 
6699.120021000 127 
6699.120576500 144 
6699.121132000 123 
6699.121687500 113 
6699.122243000 137 
6699.122798500 140 
6699.123354000 114 
6699.123909500 121 
6699.124465000 143 
6699.125020500 128 
6699.125576000 111 
6699.126131500 133 
6699.126687000 142 
6699.127242500 117 
6699.127798000 116 
6699.128353500 141 
6699.128909000 134 
6699.129464500 111 
6699.130020000 128 
6699.130575500 144 
6699.131131000 122 
6699.131686500 113 
6699.132242000 138 
6699.132797500 139 
6699.133353000 113 
6699.133908500 121 
6699.134464000 144 
6699.135019500 128 
6699.135575000 112 
6699.136130500 132 
6699.136686000 142 
6699.137241500 118 
6699.137797000 117 
6699.138352500 142 
6699.138908000 134 
6699.139463500 112 
6699.140019000 127 
6699.140574500 144 
6699.141130000 122 
6699.141685500 113 
6699.142241000 137 
6699.142796500 139 
6699.143352000 114 
6699.143907500 121 
6699.144463000 144 
6699.145018500 129 
6699.145574000 112 
6699.146129500 132 
6699.146685000 142 
6699.147240500 118 
6699.147796000 117 
6699.148351500 141 
6699.148907000 134 
6699.149462500 112 
6699.150018000 127 
6699.150573500 144 
6699.151129000 123 
6699.151684500 112 
6699.152240000 138 
6699.152795500 139 
6699.153351000 114 
6699.153906500 121 
6699.154462000 143 
6699.155017500 128 
6699.155573000 112 
6699.156128500 132 
6699.156684000 142 
6699.157239500 119 
6699.157795000 116 
6699.158350500 141 
6699.158906000 135 
6699.159461500 112 
6699.160017000 127 
6699.160572500 144 
6699.161128000 123 
6699.161683500 112 
6699.162239000 138 
6699.162794500 139 
6699.163350000 114 
6699.163905500 120 
6699.164461000 144 
6699.165016500 129 
6699.165572000 112 
6699.166127500 132 
6699.166683000 143 
6699.167238500 118 
6699.167794000 116 
6699.168349500 141 
6699.168905000 134 
6699.169460500 111 
6699.170016000 127 
6699.170571500 144 
6699.171127000 123 
6699.171682500 113 
6699.172238000 138 
6699.172793500 139 
6699.173349000 114 
6699.173904500 121 
6699.174460000 144 
6699.175015500 129 
6699.175571000 111 
6699.176126500 132 
6699.176682000 143 
6699.177237500 117 
6699.177793000 115 
6699.178348500 142 
6699.178904000 135 
6699.179459500 112 
6699.180015000 127 
6699.180570500 145 
6699.181126000 123 
6699.181681500 112 
6699.182237000 138 
6699.182792500 139 
6699.183348000 114 
6699.183903500 121 
6699.184459000 143 
6699.185014500 129 
6699.185570000 111 
6699.186125500 132 
6699.186681000 143 
6699.187236500 118 
6699.187792000 115 
6699.188347500 142 
6699.188903000 135 
6699.189458500 112 
6699.190014000 126 
6699.190569500 144 
6699.191125000 123 
6699.191680500 113 
6699.192236000 137 
6699.192791500 138 
6699.193347000 115 
6699.193902500 121 
6699.194458000 144 
6699.195013500 129 
6699.195569000 111 
6699.196124500 133 
6699.196680000 143 
6699.197235500 118 
6699.197791000 115 
6699.198346500 142 
6699.198902000 135 
6699.199457500 111 
6699.200013000 127 
6699.200568500 145 
6699.201124000 123 
6699.201679500 112 
6699.202235000 138 
6699.202790500 139 
6699.203346000 113 
6699.203901500 121 
6699.204457000 143 
6699.205012500 128 
6699.205568000 112 
6699.206123500 132 
6699.206679000 142 
6699.207234500 119 
6699.207790000 116 
6699.208345500 142 
6699.208901000 134 
6699.209456500 112 
6699.210012000 127 
6699.210567500 144 
6699.211123000 123 
6699.211678500 113 
6699.212234000 137 
6699.212789500 139 
6699.213345000 115 
6699.213900500 121 
6699.214456000 143 
6699.215011500 129 
6699.215567000 111 
6699.216122500 133 
6699.216678000 143 
6699.217233500 118 
6699.217789000 116 
6699.218344500 142 
6699.218900000 135 
6699.219455500 111 
6699.220011000 126 
6699.220566500 145 
6699.221122000 123 
6699.221677500 113 
6699.222233000 137 
6699.222788500 139 
6699.223344000 114 
6699.223899500 121 
6699.224455000 144 
6699.225010500 129 
6699.225566000 111 
6699.226121500 132 
6699.226677000 143 
6699.227232500 118 
6699.227788000 115 
6699.228343500 142 
6699.228899000 135 
6699.229454500 111 
6699.230010000 127 
6699.230565500 144 
6699.231121000 123 
6699.231676500 112 
6699.232232000 137 
6699.232787500 139 
6699.233343000 115 
6699.233898500 121 
6699.234454000 144 
6699.235009500 130 
6699.235565000 111 
6699.236120500 133 
6699.236676000 143 
6699.237231500 118 
6699.237787000 115 
6699.238342500 142 
6699.238898000 135 
6699.239453500 112 
6699.240009000 126 
6699.240564500 145 
6699.241120000 123 
6699.241675500 112 
6699.242231000 138 
6699.242786500 140 
6699.243342000 115 
6699.243897500 121 
6699.244453000 143 
6699.245008500 129 
6699.245564000 112 
6699.246119500 131 
6699.246675000 142 
6699.247230500 119 
6699.247786000 116 
6699.248341500 141 
6699.248897000 135 
6699.249452500 111 
6699.250008000 126 
6699.250563500 143 
6699.251119000 124 
6699.251674500 113 
6699.252230000 137 
6699.252785500 139 
6699.253341000 114 
6699.253896500 121 
6699.254452000 143 
6699.255007500 130 
6699.255563000 111 
6699.256118500 132 
6699.256674000 142 
6699.257229500 118 
6699.257785000 116 
6699.258340500 141 
6699.258896000 134 
6699.259451500 112 
6699.260007000 127 
6699.260562500 144 
6699.261118000 123 
6699.261673500 113 
6699.262229000 137 
6699.262784500 140 
6699.263340000 114 
6699.263895500 121 
6699.264451000 144 
6699.265006500 129 
6699.265562000 110 
6699.266117500 131 
6699.266673000 143 
6699.267228500 118 
6699.267784000 116 
6699.268339500 141 
6699.268895000 135 
6699.269450500 112 
6699.270006000 127 
6699.270561500 144 
6699.271117000 123 
6699.271672500 113 
6699.272228000 137 
6699.272783500 139 
6699.273339000 114 
6699.273894500 120 
6699.274450000 143 
6699.275005500 130 
6699.275561000 111 
6699.276116500 132 
6699.276672000 143 
6699.277227500 118 
6699.277783000 115 
6699.278338500 141 
6699.278894000 135 
6699.279449500 112 
6699.280005000 125 
6699.280560500 145 
6699.281116000 124 
6699.281671500 112 
6699.282227000 136 
6699.282782500 140 
6699.283338000 114 
6699.283893500 120 
6699.284449000 144 
6699.285004500 130 
6699.285560000 111 
6699.286115500 131 
6699.286671000 143 
6699.287226500 119 
6699.287782000 116 
6699.288337500 140 
6699.288893000 135 
6699.289448500 112 
6699.290004000 125 
6699.290559500 145 
6699.291115000 124 
6699.291670500 113 
6699.292226000 137 
6699.292781500 139 
6699.293337000 115 
6699.293892500 121 
6699.294448000 143 
6699.295003500 130 
6699.295559000 112 
6699.296114500 131 
6699.296670000 143 
6699.297225500 119 
6699.297781000 116 
6699.298336500 140 
6699.298892000 135 
6699.299447500 112 
6699.300003000 126 
6699.300558500 144 
6699.301114000 124 
6699.301669500 113 
6699.302225000 137 
6699.302780500 140 
6699.303336000 114 
6699.303891500 121 
6699.304447000 143 
6699.305002500 130 
6699.305558000 110 
6699.306113500 132 
6699.306669000 143 
6699.307224500 118 
6699.307780000 116 
6699.308335500 141 
6699.308891000 135 
6699.309446500 112 
6699.310002000 125 
6699.310557500 145 
6699.311113000 124 
6699.311668500 112 
6699.312224000 137 
6699.312779500 140 
6699.313335000 114 
6699.313890500 120 
6699.314446000 144 
6699.315001500 130 
6699.315557000 111 
6699.316112500 132 
6699.316668000 143 
6699.317223500 118 
6699.317779000 116 
6699.318334500 140 
6699.318890000 135 
6699.319445500 112 
6699.320001000 125 
6699.320556500 144 
6699.321112000 123 
6699.321667500 113 
6699.322223000 137 
6699.322778500 140 
6699.323334000 114 
6699.323889500 121 
6699.324445000 144 
6699.325000500 129 
6699.325556000 111 
6699.326111500 132 
6699.326667000 143 
6699.327222500 119 
6699.327778000 115 
6699.328333500 142 
6699.328889000 136 
6699.329444500 112 
6699.330000000 125 
6699.330555500 145 
6699.331111000 124 
6699.331666500 112 
6699.332222000 137 
6699.332777500 139 
6699.333333000 115 
6699.333888500 120 
6699.334444000 143 
6699.334999500 130 
6699.335555000 111 
6699.336110500 131 
6699.336666000 144 
6699.337221500 119 
6699.337777000 115 
6699.338332500 140 
6699.338888000 136 
6699.339443500 112 
6699.339999000 125 
6699.340554500 144 
6699.341110000 125 
6699.341665500 113 
6699.342221000 136 
6699.342776500 140 
6699.343332000 115 
6699.343887500 120 
6699.344443000 143 
6699.344998500 130 
6699.345554000 111 
6699.346109500 131 
6699.346665000 144 
6699.347220500 119 
6699.347776000 116 
6699.348331500 140 
6699.348887000 135 
6699.349442500 112 
6699.349998000 126 
6699.350553500 143 
6699.351109000 125 
6699.351664500 113 
6699.352220000 136 
6699.352775500 140 
6699.353331000 115 
6699.353886500 120 
6699.354442000 143 
6699.354997500 129 
6699.355553000 110 
6699.356108500 132 
6699.356664000 143 
6699.357219500 118 
6699.357775000 116 
6699.358330500 141 
6699.358886000 136 
6699.359441500 112 
6699.359997000 126 
6699.360552500 144 
6699.361108000 124 
6699.361663500 112 
6699.362219000 136 
6699.362774500 140 
6699.363330000 115 
6699.363885500 120 
6699.364441000 143 
6699.364996500 130 
6699.365552000 111 
6699.366107500 131 
6699.366663000 144 
6699.367218500 119 
6699.367774000 115 
6699.368329500 141 
6699.368885000 136 
6699.369440500 112 
6699.369996000 126 
6699.370551500 144 
6699.371107000 124 
6699.371662500 113 
6699.372218000 136 
6699.372773500 140 
6699.373329000 115 
6699.373884500 120 
6699.374440000 144 
6699.374995500 130 
6699.375551000 111 
6699.376106500 132 
6699.376662000 143 
6699.377217500 118 
6699.377773000 116 
6699.378328500 141 
6699.378884000 135 
6699.379439500 113 
6699.379995000 126 
6699.380550500 144 
6699.381106000 124 
6699.381661500 113 
6699.382217000 137 
6699.382772500 139 
6699.383328000 115 
6699.383883500 120 
6699.384439000 143 
6699.384994500 131 
6699.385550000 111 
6699.386105500 130 
6699.386661000 143 
6699.387216500 119 
6699.387772000 115 
6699.388327500 140 
6699.388883000 136 
6699.389438500 112 
6699.389994000 125 
6699.390549500 144 
6699.391105000 125 
6699.391660500 112 
6699.392216000 137 
6699.392771500 140 
6699.393327000 114 
6699.393882500 119 
6699.394438000 143 
6699.394993500 130 
6699.395549000 111 
6699.396104500 131 
6699.396660000 143 
6699.397215500 118 
6699.397771000 115 
6699.398326500 141 
6699.398882000 135 
6699.399437500 112 
6699.399993000 126 
6699.400548500 144 
6699.401104000 124 
6699.401659500 112 
6699.402215000 136 
6699.402770500 141 
6699.403326000 115 
6699.403881500 119 
6699.404437000 143 
6699.404992500 130 
6699.405548000 111 
6699.406103500 131 
6699.406659000 143 
6699.407214500 119 
6699.407770000 115 
6699.408325500 141 
6699.408881000 136 
6699.409436500 112 
6699.409992000 125 
6699.410547500 145 
6699.411103000 125 
6699.411658500 112 
6699.412214000 137 
6699.412769500 140 
6699.413325000 115 
6699.413880500 119 
6699.414436000 144 
6699.414991500 130 
6699.415547000 112 
6699.416102500 130 
6699.416658000 143 
6699.417213500 119 
6699.417769000 115 
6699.418324500 141 
6699.418880000 136 
6699.419435500 112 
6699.419991000 126 
6699.420546500 144 
6699.421102000 124 
6699.421657500 112 
6699.422213000 136 
6699.422768500 140 
6699.423324000 115 
6699.423879500 119 
6699.424435000 144 
6699.424990500 130 
6699.425546000 110 
6699.426101500 131 
6699.426657000 143 
6699.427212500 119 
6699.427768000 115 
6699.428323500 140 
6699.428879000 135 
6699.429434500 113 
6699.429990000 124 
6699.430545500 144 
6699.431101000 124 
6699.431656500 112 
6699.432212000 136 
6699.432767500 139 
6699.433323000 115 
6699.433878500 120 
6699.434434000 143 
6699.434989500 130 
6699.435545000 112 
6699.436100500 131 
6699.436656000 143 
6699.437211500 119 
6699.437767000 115 
6699.438322500 141 
6699.438878000 136 
6699.439433500 112 
6699.439989000 124 
6699.440544500 145 
6699.441100000 124 
6699.441655500 112 
6699.442211000 136 
6699.442766500 140 
6699.443322000 114 
6699.443877500 120 
6699.444433000 143 
6699.444988500 130 
6699.445544000 112 
6699.446099500 131 
6699.446655000 143 
6699.447210500 119 
6699.447766000 116 
6699.448321500 140 
6699.448877000 135 
6699.449432500 113 
6699.449988000 125 
6699.450543500 144 
6699.451099000 124 
6699.451654500 112 
6699.452210000 136 
6699.452765500 140 
6699.453321000 115 
6699.453876500 119 
6699.454432000 143 
6699.454987500 131 
6699.455543000 111 
6699.456098500 131 
6699.456654000 143 
6699.457209500 119 
6699.457765000 115 
6699.458320500 141 
6699.458876000 136 
6699.459431500 112 
6699.459987000 126 
6699.460542500 144 
6699.461098000 124 
6699.461653500 113 
6699.462209000 136 
6699.462764500 140 
6699.463320000 115 
6699.463875500 120 
6699.464431000 143 
6699.464986500 130 
6699.465542000 112 
6699.466097500 131 
6699.466653000 143 
6699.467208500 120 
6699.467764000 115 
6699.468319500 140 
6699.468875000 136 
6699.469430500 113 
6699.469986000 124 
6699.470541500 144 
6699.471097000 124 
6699.471652500 113 
6699.472208000 135 
6699.472763500 141 
6699.473319000 116 
6699.473874500 119 
6699.474430000 143 
6699.474985500 130 
6699.475541000 112 
6699.476096500 131 
6699.476652000 143 
6699.477207500 119 
6699.477763000 115 
6699.478318500 140 
6699.478874000 136 
6699.479429500 112 
6699.479985000 124 
6699.480540500 145 
6699.481096000 125 
6699.481651500 112 
6699.482207000 136 
6699.482762500 141 
6699.483318000 115 
6699.483873500 119 
6699.484429000 143 
6699.484984500 130 
6699.485540000 112 
6699.486095500 130 
6699.486651000 143 
6699.487206500 120 
6699.487762000 115 
6699.488317500 140 
6699.488873000 136 
6699.489428500 112 
6699.489984000 124 
6699.490539500 145 
6699.491095000 125 
6699.491650500 112 
6699.492206000 136 
6699.492761500 141 
6699.493317000 114 
6699.493872500 120 
6699.494428000 143 
6699.494983500 130 
6699.495539000 111 
6699.496094500 131 
6699.496650000 143 
6699.497205500 119 
6699.497761000 114 
6699.498316500 141 
6699.498872000 136 
6699.499427500 111 
6699.499983000 125 
6699.500538500 144 
6699.501094000 124 
6699.501649500 113 
6699.502205000 136 
6699.502760500 140 
6699.503316000 115 
6699.503871500 119 
6699.504427000 143 
6699.504982500 130 
6699.505538000 112 
6699.506093500 131 
6699.506649000 143 
6699.507204500 119 
6699.507760000 116 
6699.508315500 140 
6699.508871000 135 
6699.509426500 113 
6699.509982000 125 
6699.510537500 143 
6699.511093000 125 
6699.511648500 112 
6699.512204000 135 
6699.512759500 141 
6699.513315000 115 
6699.513870500 120 
6699.514426000 143 
6699.514981500 130 
6699.515537000 112 
6699.516092500 131 
6699.516648000 143 
6699.517203500 120 
6699.517759000 115 
6699.518314500 140 
6699.518870000 137 
6699.519425500 113 
6699.519981000 124 
6699.520536500 144 
6699.521092000 125 
6699.521647500 112 
6699.522203000 135 
6699.522758500 140 
6699.523314000 116 
6699.523869500 119 
6699.524425000 143 
6699.524980500 131 
6699.525536000 111 
6699.526091500 129 
6699.526647000 144 
6699.527202500 119 
6699.527758000 116 
6699.528313500 140 
6699.528869000 136 
6699.529424500 113 
6699.529980000 124 
6699.530535500 144 
6699.531091000 126 
6699.531646500 112 
6699.532202000 136 
6699.532757500 140 
6699.533313000 115 
6699.533868500 119 
6699.534424000 143 
6699.534979500 131 
6699.535535000 111 
6699.536090500 129 
6699.536646000 144 
6699.537201500 120 
6699.537757000 114 
6699.538312500 140 
6699.538868000 136 
6699.539423500 112 
6699.539979000 125 
6699.540534500 144 
6699.541090000 124 
6699.541645500 112 
6699.542201000 135 
6699.542756500 140 
6699.543312000 116 
6699.543867500 119 
6699.544423000 143 
6699.544978500 131 
6699.545534000 112 
6699.546089500 130 
6699.546645000 144 
6699.547200500 120 
6699.547756000 115 
6699.548311500 140 
6699.548867000 136 
6699.549422500 112 
6699.549978000 124 
6699.550533500 145 
6699.551089000 125 
6699.551644500 111 
6699.552200000 136 
6699.552755500 141 
6699.553311000 115 
6699.553866500 118 
6699.554422000 143 
6699.554977500 130 
6699.555533000 112 
6699.556088500 130 
6699.556644000 143 
6699.557199500 120 
6699.557755000 115 
6699.558310500 140 
6699.558866000 136 
6699.559421500 113 
6699.559977000 124 
6699.560532500 144 
6699.561088000 125 
6699.561643500 112 
6699.562199000 136 
6699.562754500 140 
6699.563310000 116 
6699.563865500 119 
6699.564421000 143 
6699.564976500 132 
6699.565532000 111 
6699.566087500 130 
6699.566643000 143 
6699.567198500 121 
6699.567754000 114 
6699.568309500 140 
6699.568865000 136 
6699.569420500 113 
6699.569976000 125 
6699.570531500 144 
6699.571087000 125 
6699.571642500 112 
6699.572198000 135 
6699.572753500 140 
6699.573309000 115 
6699.573864500 119 
6699.574420000 142 
6699.574975500 131 
6699.575531000 112 
6699.576086500 130 
6699.576642000 143 
6699.577197500 119 
6699.577753000 115 
6699.578308500 140 
6699.578864000 136 
6699.579419500 113 
6699.579975000 124 
6699.580530500 144 
6699.581086000 125 
6699.581641500 112 
6699.582197000 135 
6699.582752500 140 
6699.583308000 115 
6699.583863500 118 
6699.584419000 143 
6699.584974500 131 
6699.585530000 111 
6699.586085500 131 
6699.586641000 143 
6699.587196500 120 
6699.587752000 115 
6699.588307500 140 
6699.588863000 136 
6699.589418500 113 
6699.589974000 125 
6699.590529500 143 
6699.591085000 125 
6699.591640500 112 
6699.592196000 135 
6699.592751500 140 
6699.593307000 116 
6699.593862500 119 
6699.594418000 143 
6699.594973500 132 
6699.595529000 111 
6699.596084500 130 
6699.596640000 144 
6699.597195500 119 
6699.597751000 115 
6699.598306500 139 
6699.598862000 137 
6699.599417500 113 
6699.599973000 124 
6699.600528500 144 
6699.601084000 126 
6699.601639500 112 
6699.602195000 135 
6699.602750500 142 
6699.603306000 116 
6699.603861500 119 
6699.604417000 143 
6699.604972500 131 
6699.605528000 111 
6699.606083500 130 
6699.606639000 143 
6699.607194500 121 
6699.607750000 115 
6699.608305500 140 
6699.608861000 137 
6699.609416500 113 
6699.609972000 123 
6699.610527500 144 
6699.611083000 125 
6699.611638500 112 
6699.612194000 136 
6699.612749500 141 
6699.613305000 115 
6699.613860500 118 
6699.614416000 143 
6699.614971500 132 
6699.615527000 111 
6699.616082500 130 
6699.616638000 143 
6699.617193500 120 
6699.617749000 115 
6699.618304500 140 
6699.618860000 137 
6699.619415500 113 
6699.619971000 124 
6699.620526500 144 
6699.621082000 126 
6699.621637500 112 
6699.622193000 135 
6699.622748500 141 
6699.623304000 116 
6699.623859500 119 
6699.624415000 143 
6699.624970500 132 
6699.625526000 111 
6699.626081500 129 
6699.626637000 143 
6699.627192500 120 
6699.627748000 114 
6699.628303500 139 
6699.628859000 137 
6699.629414500 113 
6699.629970000 124 
6699.630525500 144 
6699.631081000 126 
6699.631636500 112 
6699.632192000 135 
6699.632747500 141 
6699.633303000 116 
6699.633858500 118 
6699.634414000 143 
6699.634969500 131 
6699.635525000 111 
6699.636080500 130 
6699.636636000 143 
6699.637191500 120 
6699.637747000 114 
6699.638302500 139 
6699.638858000 136 
6699.639413500 112 
6699.639969000 124 
6699.640524500 145 
6699.641080000 125 
6699.641635500 112 
6699.642191000 135 
6699.642746500 140 
6699.643302000 115 
6699.643857500 119 
6699.644413000 143 
6699.644968500 131 
6699.645524000 112 
6699.646079500 130 
6699.646635000 143 
6699.647190500 120 
6699.647746000 115 
6699.648301500 140 
6699.648857000 136 
6699.649412500 113 
6699.649968000 124 
6699.650523500 145 
6699.651079000 126 
6699.651634500 111 
6699.652190000 135 
6699.652745500 141 
6699.653301000 115 
6699.653856500 119 
6699.654412000 143 
6699.654967500 132 
6699.655523000 112 
6699.656078500 129 
6699.656634000 143 
6699.657189500 121 
6699.657745000 115 
6699.658300500 139 
6699.658856000 137 
6699.659411500 113 
6699.659967000 124 
6699.660522500 145 
6699.661078000 126 
6699.661633500 111 
6699.662189000 135 
6699.662744500 141 
6699.663300000 116 
6699.663855500 118 
6699.664411000 143 
6699.664966500 131 
6699.665522000 111 
6699.666077500 129 
6699.666633000 143 
6699.667188500 121 
6699.667744000 114 
6699.668299500 140 
6699.668855000 137 
6699.669410500 112 
6699.669966000 124 
6699.670521500 144 
6699.671077000 126 
6699.671632500 111 
6699.672188000 135 
6699.672743500 141 
6699.673299000 115 
6699.673854500 118 
6699.674410000 143 
6699.674965500 132 
6699.675521000 111 
6699.676076500 130 
6699.676632000 144 
6699.677187500 120 
6699.677743000 115 
6699.678298500 140 
6699.678854000 137 
6699.679409500 113 
6699.679965000 124 
6699.680520500 145 
6699.681076000 126 
6699.681631500 111 
6699.682187000 135 
6699.682742500 141 
6699.683298000 115 
6699.683853500 119 
6699.684409000 143 
6699.684964500 132 
6699.685520000 111 
6699.686075500 130 
6699.686631000 143 
6699.687186500 121 
6699.687742000 114 
6699.688297500 140 
6699.688853000 136 
6699.689408500 112 
6699.689964000 124 
6699.690519500 144 
6699.691075000 126 
6699.691630500 111 
6699.692186000 135 
6699.692741500 140 
6699.693297000 116 
6699.693852500 118 
6699.694408000 143 
6699.694963500 131 
6699.695519000 111 
6699.696074500 129 
6699.696630000 143 
6699.697185500 121 
6699.697741000 114 
6699.698296500 139 
6699.698852000 138 
6699.699407500 113 
6699.699963000 123 
6699.700518500 145 
6699.701074000 127 
6699.701629500 112 
6699.702185000 134 
6699.702740500 141 
6699.703296000 116 
6699.703851500 118 
6699.704407000 142 
6699.704962500 132 
6699.705518000 111 
6699.706073500 130 
6699.706629000 143 
6699.707184500 121 
6699.707740000 114 
6699.708295500 140 
6699.708851000 137 
6699.709406500 112 
6699.709962000 123 
6699.710517500 144 
6699.711073000 126 
6699.711628500 112 
6699.712184000 135 
6699.712739500 140 
6699.713295000 117 
6699.713850500 119 
6699.714406000 142 
6699.714961500 131 
6699.715517000 112 
6699.716072500 129 
6699.716628000 144 
6699.717183500 120 
6699.717739000 115 
6699.718294500 139 
6699.718850000 137 
6699.719405500 112 
6699.719961000 124 
6699.720516500 144 
6699.721072000 126 
6699.721627500 112 
6699.722183000 134 
6699.722738500 141 
6699.723294000 116 
6699.723849500 118 
6699.724405000 142 
6699.724960500 132 
6699.725516000 112 
6699.726071500 129 
6699.726627000 143 
6699.727182500 121 
6699.727738000 114 
6699.728293500 140 
6699.728849000 136 
6699.729404500 112 
6699.729960000 124 
6699.730515500 144 
6699.731071000 126 
6699.731626500 112 
6699.732182000 135 
6699.732737500 142 
6699.733293000 117 
6699.733848500 118 
6699.734404000 142 
6699.734959500 132 
6699.735515000 112 
6699.736070500 129 
6699.736626000 143 
6699.737181500 121 
6699.737737000 114 
6699.738292500 140 
6699.738848000 137 
6699.739403500 113 
6699.739959000 124 
6699.740514500 144 
6699.741070000 126 
6699.741625500 112 
6699.742181000 135 
6699.742736500 142 
6699.743292000 116 
6699.743847500 117 
6699.744403000 143 
6699.744958500 132 
6699.745514000 111 
6699.746069500 129 
6699.746625000 144 
6699.747180500 120 
6699.747736000 114 
6699.748291500 139 
6699.748847000 136 
6699.749402500 113 
6699.749958000 123 
6699.750513500 144 
6699.751069000 127 
6699.751624500 111 
6699.752180000 135 
6699.752735500 141 
6699.753291000 116 
6699.753846500 119 
6699.754402000 142 
6699.754957500 132 
6699.755513000 112 
6699.756068500 129 
6699.756624000 143 
6699.757179500 120 
6699.757735000 115 
6699.758290500 139 
6699.758846000 137 
6699.759401500 113 
6699.759957000 124 
6699.760512500 144 
6699.761068000 127 
6699.761623500 112 
6699.762179000 134 
6699.762734500 141 
6699.763290000 116 
6699.763845500 118 
6699.764401000 142 
6699.764956500 133 
6699.765512000 111 
6699.766067500 128 
6699.766623000 144 
6699.767178500 121 
6699.767734000 113 
6699.768289500 139 
6699.768845000 137 
6699.769400500 113 
6699.769956000 123 
6699.770511500 143 
6699.771067000 127 
6699.771622500 112 
6699.772178000 134 
6699.772733500 141 
6699.773289000 116 
6699.773844500 118 
6699.774400000 142 
6699.774955500 133 
6699.775511000 111 
6699.776066500 129 
6699.776622000 144 
6699.777177500 120 
6699.777733000 114 
6699.778288500 139 
6699.778844000 138 
6699.779399500 113 
6699.779955000 123 
6699.780510500 143 
6699.781066000 127 
6699.781621500 112 
6699.782177000 134 
6699.782732500 141 
6699.783288000 117 
6699.783843500 119 
6699.784399000 143 
6699.784954500 133 
6699.785510000 111 
6699.786065500 128 
6699.786621000 144 
6699.787176500 121 
6699.787732000 114 
6699.788287500 139 
6699.788843000 137 
6699.789398500 113 
6699.789954000 123 
6699.790509500 144 
6699.791065000 126 
6699.791620500 112 
6699.792176000 134 
6699.792731500 141 
6699.793287000 117 
6699.793842500 117 
6699.794398000 142 
6699.794953500 133 
6699.795509000 111 
6699.796064500 129 
6699.796620000 144 
6699.797175500 121 
6699.797731000 113 
6699.798286500 140 
6699.798842000 138 
6699.799397500 112 
6699.799953000 123 
6699.800508500 145 
6699.801064000 126 
6699.801619500 112 
6699.802175000 135 
6699.802730500 142 
6699.803286000 116 
6699.803841500 118 
6699.804397000 143 
6699.804952500 132 
6699.805508000 112 
6699.806063500 128 
6699.806619000 143 
6699.807174500 122 
6699.807730000 114 
6699.808285500 139 
6699.808841000 138 
6699.809396500 113 
6699.809952000 122 
6699.810507500 143 
6699.811063000 127 
6699.811618500 111 
6699.812174000 134 
6699.812729500 142 
6699.813285000 116 
6699.813840500 117 
6699.814396000 143 
6699.814951500 133 
6699.815507000 111 
6699.816062500 128 
6699.816618000 144 
6699.817173500 121 
6699.817729000 113 
6699.818284500 139 
6699.818840000 138 
6699.819395500 114 
6699.819951000 123 
6699.820506500 144 
6699.821062000 127 
6699.821617500 112 
6699.822173000 134 
6699.822728500 141 
6699.823284000 116 
6699.823839500 117 
6699.824395000 142 
6699.824950500 133 
6699.825506000 111 
6699.826061500 128 
6699.826617000 144 
6699.827172500 121 
6699.827728000 113 
6699.828283500 139 
6699.828839000 137 
6699.829394500 112 
6699.829950000 123 
6699.830505500 144 
6699.831061000 127 
6699.831616500 111 
6699.832172000 134 
6699.832727500 142 
6699.833283000 116 
6699.833838500 118 
6699.834394000 142 
6699.834949500 132 
6699.835505000 112 
6699.836060500 129 
6699.836616000 143 
6699.837171500 122 
6699.837727000 113 
6699.838282500 139 
6699.838838000 138 
6699.839393500 113 
6699.839949000 122 
6699.840504500 145 
6699.841060000 127 
6699.841615500 111 
6699.842171000 134 
6699.842726500 142 
6699.843282000 117 
6699.843837500 117 
6699.844393000 142 
6699.844948500 133 
6699.845504000 111 
6699.846059500 129 
6699.846615000 143 
6699.847170500 121 
6699.847726000 114 
6699.848281500 139 
6699.848837000 138 
6699.849392500 113 
6699.849948000 122 
6699.850503500 143 
6699.851059000 127 
6699.851614500 111 
6699.852170000 133 
6699.852725500 142 
6699.853281000 117 
6699.853836500 118 
6699.854392000 142 
6699.854947500 133 
6699.855503000 111 
6699.856058500 128 
6699.856614000 143 
6699.857169500 122 
6699.857725000 114 
6699.858280500 138 
6699.858836000 138 
6699.859391500 112 
6699.859947000 123 
6699.860502500 144 
6699.861058000 128 
6699.861613500 111 
6699.862169000 133 
6699.862724500 141 
6699.863280000 117 
6699.863835500 118 
6699.864391000 142 
6699.864946500 132 
6699.865502000 112 
6699.866057500 128 
6699.866613000 143 
6699.867168500 122 
6699.867724000 114 
6699.868279500 138 
6699.868835000 137 
6699.869390500 113 
6699.869946000 122 
6699.870501500 144 
6699.871057000 127 
6699.871612500 112 
6699.872168000 134 
6699.872723500 142 
6699.873279000 117 
6699.873834500 117 
6699.874390000 142 
6699.874945500 132 
6699.875501000 112 
6699.876056500 129 
6699.876612000 144 
6699.877167500 121 
6699.877723000 114 
6699.878278500 138 
6699.878834000 138 
6699.879389500 113 
6699.879945000 123 
6699.880500500 143 
6699.881056000 128 
6699.881611500 112 
6699.882167000 134 
6699.882722500 141 
6699.883278000 117 
6699.883833500 118 
6699.884389000 142 
6699.884944500 132 
6699.885500000 112 
6699.886055500 128 
6699.886611000 144 
6699.887166500 121 
6699.887722000 114 
6699.888277500 138 
6699.888833000 138 
6699.889388500 113 
6699.889944000 123 
6699.890499500 144 
6699.891055000 127 
6699.891610500 112 
6699.892166000 134 
6699.892721500 142 
6699.893277000 116 
6699.893832500 118 
6699.894388000 142 
6699.894943500 133 
6699.895499000 112 
6699.896054500 128 
6699.896610000 144 
6699.897165500 121 
6699.897721000 114 
6699.898276500 139 
6699.898832000 138 
6699.899387500 114 
6699.899943000 122 
6699.900498500 144 
6699.901054000 128 
6699.901609500 112 
6699.902165000 133 
6699.902720500 142 
6699.903276000 116 
6699.903831500 118 
6699.904387000 143 
6699.904942500 133 
6699.905498000 111 
6699.906053500 128 
6699.906609000 144 
6699.907164500 121 
6699.907720000 113 
6699.908275500 139 
6699.908831000 138 
6699.909386500 113 
6699.909942000 123 
6699.910497500 144 
6699.911053000 127 
6699.911608500 111 
6699.912164000 134 
6699.912719500 141 
6699.913275000 116 
6699.913830500 118 
6699.914386000 142 
6699.914941500 133 
6699.915497000 112 
6699.916052500 128 
6699.916608000 145 
6699.917163500 121 
6699.917719000 113 
6699.918274500 138 
6699.918830000 138 
6699.919385500 113 
6699.919941000 122 
6699.920496500 144 
6699.921052000 127 
6699.921607500 111 
6699.922163000 133 
6699.922718500 143 
6699.923274000 117 
6699.923829500 117 
6699.924385000 142 
6699.924940500 134 
6699.925496000 111 
6699.926051500 127 
6699.926607000 144 
6699.927162500 122 
6699.927718000 113 
6699.928273500 139 
6699.928829000 138 
6699.929384500 113 
6699.929940000 123 
6699.930495500 144 
6699.931051000 127 
6699.931606500 112 
6699.932162000 134 
6699.932717500 141 
6699.933273000 118 
6699.933828500 118 
6699.934384000 141 
6699.934939500 133 
6699.935495000 112 
6699.936050500 128 
6699.936606000 143 
6699.937161500 122 
6699.937717000 114 
6699.938272500 138 
6699.938828000 139 
6699.939383500 113 
6699.939939000 121 
6699.940494500 144 
6699.941050000 127 
6699.941605500 111 
6699.942161000 134 
6699.942716500 141 
6699.943272000 117 
6699.943827500 118 
6699.944383000 142 
6699.944938500 133 
6699.945494000 111 
6699.946049500 129 
6699.946605000 144 
6699.947160500 121 
6699.947716000 114 
6699.948271500 139 
6699.948827000 137 
6699.949382500 114 
6699.949938000 122 
6699.950493500 144 
6699.951049000 127 
6699.951604500 111 
6699.952160000 133 
6699.952715500 142 
6699.953271000 117 
6699.953826500 118 
6699.954382000 142 
6699.954937500 133 
6699.955493000 112 
6699.956048500 128 
6699.956604000 144 
6699.957159500 122 
6699.957715000 113 
6699.958270500 138 
6699.958826000 138 
6699.959381500 114 
6699.959937000 122 
6699.960492500 144 
6699.961048000 128 
6699.961603500 112 
6699.962159000 133 
6699.962714500 141 
6699.963270000 117 
6699.963825500 117 
6699.964381000 141 
6699.964936500 134 
6699.965492000 111 
6699.966047500 127 
6699.966603000 145 
6699.967158500 122 
6699.967714000 113 
6699.968269500 139 
6699.968825000 138 
6699.969380500 114 
6699.969936000 122 
6699.970491500 143 
6699.971047000 128 
6699.971602500 111 
6699.972158000 134 
6699.972713500 142 
6699.973269000 116 
6699.973824500 118 
6699.974380000 142 
6699.974935500 133 
6699.975491000 112 
6699.976046500 128 
6699.976602000 144 
6699.977157500 122 
6699.977713000 113 
6699.978268500 138 
6699.978824000 138 
6699.979379500 114 
6699.979935000 122 
6699.980490500 144 
6699.981046000 128 
6699.981601500 112 
6699.982157000 133 
6699.982712500 141 
6699.983268000 117 
6699.983823500 116 
6699.984379000 142 
6699.984934500 134 
6699.985490000 112 
6699.986045500 128 
6699.986601000 144 
6699.987156500 123 
6699.987712000 113 
6699.988267500 137 
6699.988823000 138 
6699.989378500 113 
6699.989934000 121 
6699.990489500 144 
6699.991045000 128 
6699.991600500 111 
6699.992156000 133 
6699.992711500 143 
6699.993267000 117 
6699.993822500 116 
6699.994378000 142 
6699.994933500 134 
6699.995489000 111 
6699.996044500 127 
6699.996600000 144 
6699.997155500 122 
6699.997711000 114 
6699.998266500 138 
6699.998822000 138 
6699.999377500 113 
6699.999933000 121 
6700.000488500 144 
6700.001044000 128 
6700.001599500 111 
6700.002155000 133 
6700.002710500 142 
6700.003266000 118 
6700.003821500 117 
6700.004377000 141 
6700.004932500 134 
6700.005488000 112 
6700.006043500 127 
6700.006599000 145 
6700.007154500 122 
6700.007710000 113 
6700.008265500 138 
6700.008821000 139 
6700.009376500 114 
6700.009932000 121 
6700.010487500 143 
6700.011043000 128 
6700.011598500 111 
6700.012154000 133 
6700.012709500 143 
6700.013265000 117 
6700.013820500 117 
6700.014376000 142 
6700.014931500 133 
6700.015487000 112 
6700.016042500 127 
6700.016598000 143 
6700.017153500 123 
6700.017709000 113 
6700.018264500 138 
6700.018820000 139 
6700.019375500 113 
6700.019931000 121 
6700.020486500 144 
6700.021042000 128 
6700.021597500 111 
6700.022153000 133 
6700.022708500 142 
6700.023264000 117 
6700.023819500 117 
6700.024375000 142 
6700.024930500 133 
6700.025486000 112 
6700.026041500 127 
6700.026597000 143 
6700.027152500 123 
6700.027708000 113 
6700.028263500 139 
6700.028819000 138 
6700.029374500 113 
6700.029930000 122 
6700.030485500 144 
6700.031041000 127 
6700.031596500 112 
6700.032152000 134 
6700.032707500 142 
6700.033263000 117 
6700.033818500 117 
6700.034374000 142 
6700.034929500 133 
6700.035485000 112 
6700.036040500 128 
6700.036596000 144 
6700.037151500 122 
6700.037707000 114 
6700.038262500 138 
6700.038818000 138 
6700.039373500 114 
6700.039929000 121 
6700.040484500 144 
6700.041040000 127 
6700.041595500 112 
6700.042151000 133 
6700.042706500 142 
6700.043262000 117 
6700.043817500 117 
6700.044373000 142 
6700.044928500 133 
6700.045484000 112 
6700.046039500 127 
6700.046595000 144 
6700.047150500 122 
6700.047706000 114 
6700.048261500 138 
6700.048817000 138 
6700.049372500 114 
6700.049928000 121 
6700.050483500 143 
6700.051039000 127 
6700.051594500 112 
6700.052150000 133 
6700.052705500 142 
6700.053261000 118 
6700.053816500 117 
6700.054372000 141 
6700.054927500 134 
6700.055483000 111 
6700.056038500 128 
6700.056594000 144 
6700.057149500 122 
6700.057705000 112 
6700.058260500 138 
6700.058816000 139 
6700.059371500 113 
6700.059927000 122 
6700.060482500 144 
6700.061038000 128 
6700.061593500 112 
6700.062149000 133 
6700.062704500 142 
6700.063260000 118 
6700.063815500 117 
6700.064371000 142 
6700.064926500 133 
6700.065482000 111 
6700.066037500 127 
6700.066593000 144 
6700.067148500 123 
6700.067704000 114 
6700.068259500 138 
6700.068815000 138 
6700.069370500 114 
6700.069926000 122 
6700.070481500 144 
6700.071037000 128 
6700.071592500 112 
6700.072148000 132 
6700.072703500 142 
6700.073259000 118 
6700.073814500 117 
6700.074370000 141 
6700.074925500 133 
6700.075481000 112 
6700.076036500 127 
6700.076592000 143 
6700.077147500 123 
6700.077703000 113 
6700.078258500 137 
6700.078814000 140 
6700.079369500 114 
6700.079925000 121 
6700.080480500 143 
6700.081036000 129 
6700.081591500 111 
6700.082147000 133 
6700.082702500 142 
6700.083258000 117 
6700.083813500 116 
6700.084369000 142 
6700.084924500 133 
6700.085480000 111 
6700.086035500 128 
6700.086591000 144 
6700.087146500 122 
6700.087702000 113 
6700.088257500 138 
6700.088813000 138 
6700.089368500 114 
6700.089924000 122 
6700.090479500 144 
6700.091035000 128 
6700.091590500 112 
6700.092146000 133 
6700.092701500 142 
6700.093257000 117 
6700.093812500 117 
6700.094368000 142 
6700.094923500 134 
6700.095479000 112 
6700.096034500 127 
6700.096590000 143 
6700.097145500 123 
6700.097701000 113 
6700.098256500 137 
6700.098812000 140 
6700.099367500 114 
6700.099923000 121 
6700.100478500 143 
6700.101034000 129 
6700.101589500 112 
6700.102145000 133 
6700.102700500 142 
6700.103256000 118 
6700.103811500 116 
6700.104367000 141 
6700.104922500 135 
6700.105478000 112 
6700.106033500 126 
6700.106589000 145 
6700.107144500 123 
6700.107700000 112 
6700.108255500 138 
6700.108811000 139 
6700.109366500 113 
6700.109922000 122 
6700.110477500 143 
6700.111033000 129 
6700.111588500 111 
6700.112144000 132 
6700.112699500 143 
6700.113255000 118 
6700.113810500 116 
6700.114366000 141 
6700.114921500 134 
6700.115477000 112 
6700.116032500 127 
6700.116588000 145 
6700.117143500 123 
6700.117699000 113 
6700.118254500 137 
6700.118810000 140 
6700.119365500 114 
6700.119921000 120 
6700.120476500 144 
6700.121032000 129 
6700.121587500 111 
6700.122143000 132 
6700.122698500 143 
6700.123254000 117 
6700.123809500 117 
6700.124365000 142 
6700.124920500 134 
6700.125476000 112 
6700.126031500 127 
6700.126587000 144 
6700.127142500 122 
6700.127698000 113 
6700.128253500 138 
6700.128809000 138 
6700.129364500 114 
6700.129920000 122 
6700.130475500 143 
6700.131031000 129 
6700.131586500 112 
6700.132142000 133 
6700.132697500 142 
6700.133253000 118 
6700.133808500 117 
6700.134364000 141 
6700.134919500 134 
6700.135475000 112 
6700.136030500 126 
6700.136586000 145 
6700.137141500 123 
6700.137697000 112 
6700.138252500 138 
6700.138808000 140 
6700.139363500 114 
6700.139919000 120 
6700.140474500 145 
6700.141030000 129 
6700.141585500 111 
6700.142141000 133 
6700.142696500 142 
6700.143252000 117 
6700.143807500 116 
6700.144363000 142 
6700.144918500 134 
6700.145474000 112 
6700.146029500 126 
6700.146585000 145 
6700.147140500 123 
6700.147696000 112 
6700.148251500 137 
6700.148807000 139 
6700.149362500 114 
6700.149918000 121 
6700.150473500 144 
6700.151029000 129 
6700.151584500 111 
6700.152140000 133 
6700.152695500 142 
6700.153251000 118 
6700.153806500 117 
6700.154362000 141 
6700.154917500 134 
6700.155473000 112 
6700.156028500 127 
6700.156584000 144 
6700.157139500 123 
6700.157695000 112 
6700.158250500 139 
6700.158806000 139 
6700.159361500 113 
6700.159917000 121 
6700.160472500 144 
6700.161028000 128 
6700.161583500 112 
6700.162139000 133 
6700.162694500 143 
6700.163250000 118 
6700.163805500 116 
6700.164361000 142 
6700.164916500 134 
6700.165472000 112 
6700.166027500 127 
6700.166583000 145 
6700.167138500 123 
6700.167694000 112 
6700.168249500 137 
6700.168805000 138 
6700.169360500 114 
6700.169916000 120 
6700.170471500 144 
6700.171027000 129 
6700.171582500 111 
6700.172138000 132 
6700.172693500 142 
6700.173249000 118 
6700.173804500 116 
6700.174360000 141 
6700.174915500 135 
6700.175471000 112 
6700.176026500 126 
6700.176582000 144 
6700.177137500 123 
6700.177693000 113 
6700.178248500 137 
6700.178804000 139 
6700.179359500 114 
6700.179915000 120 
6700.180470500 144 
6700.181026000 128 
6700.181581500 111 
6700.182137000 132 
6700.182692500 142 
6700.183248000 119 
6700.183803500 116 
6700.184359000 141 
6700.184914500 134 
6700.185470000 112 
6700.186025500 126 
6700.186581000 144 
6700.187136500 124 
6700.187692000 113 
6700.188247500 137 
6700.188803000 140 
6700.189358500 115 
6700.189914000 121 
6700.190469500 143 
6700.191025000 129 
6700.191580500 111 
6700.192136000 132 
6700.192691500 143 
6700.193247000 118 
6700.193802500 116 
6700.194358000 142 
6700.194913500 134 
6700.195469000 112 
6700.196024500 127 
6700.196580000 144 
6700.197135500 123 
6700.197691000 113 
6700.198246500 137 
6700.198802000 139 
6700.199357500 115 
6700.199913000 121 
6700.200468500 143 
6700.201024000 129 
6700.201579500 112 
6700.202135000 132 
6700.202690500 142 
6700.203246000 118 
6700.203801500 116 
6700.204357000 141 
6700.204912500 135 
6700.205468000 112 
6700.206023500 127 
6700.206579000 144 
6700.207134500 123 
6700.207690000 113 
6700.208245500 137 
6700.208801000 139 
6700.209356500 114 
6700.209912000 122 
6700.210467500 144 
6700.211023000 129 
6700.211578500 111 
6700.212134000 132 
6700.212689500 143 
6700.213245000 118 
6700.213800500 117 
6700.214356000 141 
6700.214911500 134 
6700.215467000 111 
6700.216022500 127 
6700.216578000 144 
6700.217133500 123 
6700.217689000 113 
6700.218244500 137 
6700.218800000 139 
6700.219355500 115 
6700.219911000 120 
6700.220466500 144 
6700.221022000 129 
6700.221577500 111 
6700.222133000 132 
6700.222688500 142 
6700.223244000 119 
6700.223799500 115 
6700.224355000 141 
6700.224910500 135 
6700.225466000 112 
6700.226021500 126 
6700.226577000 144 
6700.227132500 124 
6700.227688000 112 
6700.228243500 138 
6700.228799000 140 
6700.229354500 115 
6700.229910000 121 
6700.230465500 143 
6700.231021000 129 
6700.231576500 111 
6700.232132000 132 
6700.232687500 143 
6700.233243000 118 
6700.233798500 117 
6700.234354000 141 
6700.234909500 134 
6700.235465000 112 
6700.236020500 126 
6700.236576000 144 
6700.237131500 124 
6700.237687000 112 
6700.238242500 138 
6700.238798000 140 
6700.239353500 114 
6700.239909000 121 
6700.240464500 144 
6700.241020000 129 
6700.241575500 111 
6700.242131000 132 
6700.242686500 143 
6700.243242000 118 
6700.243797500 117 
6700.244353000 141 
6700.244908500 134 
6700.245464000 112 
6700.246019500 126 
6700.246575000 144 
6700.247130500 123 
6700.247686000 113 
6700.248241500 137 
6700.248797000 139 
6700.249352500 115 
6700.249908000 120 
6700.250463500 143 
6700.251019000 130 
6700.251574500 111 
6700.252130000 131 
6700.252685500 143 
6700.253241000 119 
6700.253796500 116 
6700.254352000 141 
6700.254907500 135 
6700.255463000 112 
6700.256018500 126 
6700.256574000 144 
6700.257129500 124 
6700.257685000 112 
6700.258240500 137 
6700.258796000 140 
6700.259351500 114 
6700.259907000 121 
6700.260462500 144 
6700.261018000 129 
6700.261573500 111 
6700.262129000 133 
6700.262684500 143 
6700.263240000 118 
6700.263795500 116 
6700.264351000 140 
6700.264906500 135 
6700.265462000 112 
6700.266017500 126 
6700.266573000 144 
6700.267128500 124 
6700.267684000 112 
6700.268239500 138 
6700.268795000 139 
6700.269350500 114 
6700.269906000 121 
6700.270461500 144 
6700.271017000 129 
6700.271572500 111 
6700.272128000 132 
6700.272683500 143 
6700.273239000 119 
6700.273794500 115 
6700.274350000 142 
6700.274905500 135 
6700.275461000 113 
6700.276016500 126 
6700.276572000 144 
6700.277127500 124 
6700.277683000 112 
6700.278238500 138 
6700.278794000 140 
6700.279349500 115 
6700.279905000 120 
6700.280460500 143 
6700.281016000 130 
6700.281571500 111 
6700.282127000 131 
6700.282682500 143 
6700.283238000 119 
6700.283793500 116 
6700.284349000 140 
6700.284904500 135 
6700.285460000 111 
6700.286015500 126 
6700.286571000 144 
6700.287126500 123 
6700.287682000 113 
6700.288237500 137 
6700.288793000 139 
6700.289348500 115 
6700.289904000 120 
6700.290459500 144 
6700.291015000 130 
6700.291570500 111 
6700.292126000 132 
6700.292681500 143 
6700.293237000 118 
6700.293792500 116 
6700.294348000 141 
6700.294903500 135 
6700.295459000 112 
6700.296014500 126 
6700.296570000 144 
6700.297125500 124 
6700.297681000 113 
6700.298236500 136 
6700.298792000 140 
6700.299347500 115 
6700.299903000 120 
6700.300458500 143 
6700.301014000 130 
6700.301569500 112 
6700.302125000 131 
6700.302680500 142 
6700.303236000 119 
6700.303791500 115 
6700.304347000 141 
6700.304902500 135 
6700.305458000 112 
6700.306013500 126 
6700.306569000 144 
6700.307124500 124 
6700.307680000 113 
6700.308235500 136 
6700.308791000 140 
6700.309346500 114 
6700.309902000 120 
6700.310457500 143 
6700.311013000 130 
6700.311568500 111 
6700.312124000 131 
6700.312679500 143 
6700.313235000 118 
6700.313790500 115 
6700.314346000 141 
6700.314901500 135 
6700.315457000 111 
6700.316012500 126 
6700.316568000 143 
6700.317123500 125 
6700.317679000 112 
6700.318234500 136 
6700.318790000 141 
6700.319345500 114 
6700.319901000 120 
6700.320456500 144 
6700.321012000 129 
6700.321567500 111 
6700.322123000 132 
6700.322678500 143 
6700.323234000 118 
6700.323789500 116 
6700.324345000 141 
6700.324900500 135 
6700.325456000 111 
6700.326011500 126 
6700.326567000 144 
6700.327122500 124 
6700.327678000 112 
6700.328233500 137 
6700.328789000 140 
6700.329344500 114 
6700.329900000 120 
6700.330455500 144 
6700.331011000 130 
6700.331566500 111 
6700.332122000 132 
6700.332677500 143 
6700.333233000 120 
6700.333788500 116 
6700.334344000 140 
6700.334899500 135 
6700.335455000 112 
6700.336010500 125 
6700.336566000 145 
6700.337121500 124 
6700.337677000 112 
6700.338232500 136 
6700.338788000 140 
6700.339343500 114 
6700.339899000 119 
6700.340454500 143 
6700.341010000 130 
6700.341565500 111 
6700.342121000 131 
6700.342676500 143 
6700.343232000 119 
6700.343787500 115 
6700.344343000 141 
6700.344898500 135 
6700.345454000 111 
6700.346009500 126 
6700.346565000 144 
6700.347120500 125 
6700.347676000 112 
6700.348231500 137 
6700.348787000 140 
6700.349342500 114 
6700.349898000 120 
6700.350453500 144 
6700.351009000 129 
6700.351564500 111 
6700.352120000 132 
6700.352675500 143 
6700.353231000 118 
6700.353786500 116 
6700.354342000 141 
6700.354897500 135 
6700.355453000 111 
6700.356008500 126 
6700.356564000 144 
6700.357119500 124 
6700.357675000 113 
6700.358230500 136 
6700.358786000 140 
6700.359341500 115 
6700.359897000 119 
6700.360452500 143 
6700.361008000 129 
6700.361563500 112 
6700.362119000 131 
6700.362674500 143 
6700.363230000 118 
6700.363785500 115 
6700.364341000 141 
6700.364896500 134 
6700.365452000 113 
6700.366007500 125 
6700.366563000 143 
6700.367118500 125 
6700.367674000 112 
6700.368229500 136 
6700.368785000 139 
6700.369340500 115 
6700.369896000 120 
6700.370451500 143 
6700.371007000 129 
6700.371562500 112 
6700.372118000 131 
6700.372673500 143 
6700.373229000 119 
6700.373784500 116 
6700.374340000 140 
6700.374895500 136 
6700.375451000 112 
6700.376006500 125 
6700.376562000 145 
6700.377117500 124 
6700.377673000 112 
6700.378228500 136 
6700.378784000 141 
6700.379339500 115 
6700.379895000 119 
6700.380450500 143 
6700.381006000 131 
6700.381561500 111 
6700.382117000 131 
6700.382672500 143 
6700.383228000 119 
6700.383783500 115 
6700.384339000 141 
6700.384894500 135 
6700.385450000 112 
6700.386005500 125 
6700.386561000 144 
6700.387116500 124 
6700.387672000 113 
6700.388227500 136 
6700.388783000 140 
6700.389338500 115 
6700.389894000 120 
6700.390449500 143 
6700.391005000 129 
6700.391560500 112 
6700.392116000 131 
6700.392671500 142 
6700.393227000 120 
6700.393782500 115 
6700.394338000 140 
6700.394893500 136 
6700.395449000 112 
6700.396004500 125 
6700.396560000 145 
6700.397115500 124 
6700.397671000 112 
6700.398226500 137 
6700.398782000 140 
6700.399337500 114 
6700.399893000 120 
6700.400448500 143 
6700.401004000 130 
6700.401559500 111 
6700.402115000 131 
6700.402670500 143 
6700.403226000 119 
6700.403781500 115 
6700.404337000 141 
6700.404892500 136 
6700.405448000 112 
6700.406003500 125 
6700.406559000 145 
6700.407114500 124 
6700.407670000 112 
6700.408225500 137 
6700.408781000 140 
6700.409336500 115 
6700.409892000 119 
6700.410447500 144 
6700.411003000 130 
6700.411558500 111 
6700.412114000 130 
6700.412669500 143 
6700.413225000 120 
6700.413780500 115 
6700.414336000 140 
6700.414891500 136 
6700.415447000 112 
6700.416002500 126 
6700.416558000 143 
6700.417113500 124 
6700.417669000 112 
6700.418224500 136 
6700.418780000 141 
6700.419335500 115 
6700.419891000 119 
6700.420446500 143 
6700.421002000 130 
6700.421557500 111 
6700.422113000 130 
6700.422668500 143 
6700.423224000 119 
6700.423779500 114 
6700.424335000 141 
6700.424890500 136 
6700.425446000 112 
6700.426001500 125 
6700.426557000 144 
6700.427112500 124 
6700.427668000 112 
6700.428223500 136 
6700.428779000 140 
6700.429334500 114 
6700.429890000 120 
6700.430445500 143 
6700.431001000 131 
6700.431556500 111 
6700.432112000 130 
6700.432667500 144 
6700.433223000 119 
6700.433778500 115 
6700.434334000 141 
6700.434889500 135 
6700.435445000 113 
6700.436000500 125 
6700.436556000 144 
6700.437111500 125 
6700.437667000 112 
6700.438222500 136 
6700.438778000 141 
6700.439333500 115 
6700.439889000 120 
6700.440444500 144 
6700.441000000 130 
6700.441555500 111 
6700.442111000 131 
6700.442666500 143 
6700.443222000 120 
6700.443777500 115 
6700.444333000 140 
6700.444888500 136 
6700.445444000 112 
6700.445999500 125 
6700.446555000 144 
6700.447110500 124 
6700.447666000 112 
6700.448221500 137 
6700.448777000 140 
6700.449332500 114 
6700.449888000 120 
6700.450443500 143 
6700.450999000 130 
6700.451554500 112 
6700.452110000 131 
6700.452665500 143 
6700.453221000 119 
6700.453776500 116 
6700.454332000 140 
6700.454887500 136 
6700.455443000 113 
6700.455998500 125 
6700.456554000 144 
6700.457109500 124 
6700.457665000 113 
6700.458220500 136 
6700.458776000 141 
6700.459331500 116 
6700.459887000 120 
6700.460442500 143 
6700.460998000 130 
6700.461553500 112 
6700.462109000 131 
6700.462664500 143 
6700.463220000 120 
6700.463775500 115 
6700.464331000 140 
6700.464886500 136 
6700.465442000 112 
6700.465997500 125 
6700.466553000 144 
6700.467108500 125 
6700.467664000 112 
6700.468219500 136 
6700.468775000 140 
6700.469330500 115 
6700.469886000 119 
6700.470441500 143 
6700.470997000 130 
6700.471552500 112 
6700.472108000 130 
6700.472663500 144 
6700.473219000 120 
6700.473774500 115 
6700.474330000 140 
6700.474885500 136 
6700.475441000 113 
6700.475996500 125 
6700.476552000 144 
6700.477107500 125 
6700.477663000 113 
6700.478218500 135 
6700.478774000 140 
6700.479329500 114 
6700.479885000 120 
6700.480440500 143 
6700.480996000 131 
6700.481551500 111 
6700.482107000 131 
6700.482662500 144 
6700.483218000 120 
6700.483773500 115 
6700.484329000 141 
6700.484884500 136 
6700.485440000 113 
6700.485995500 125 
6700.486551000 143 
6700.487106500 125 
6700.487662000 112 
6700.488217500 136 
6700.488773000 141 
6700.489328500 116 
6700.489884000 119 
6700.490439500 143 
6700.490995000 130 
6700.491550500 112 
6700.492106000 131 
6700.492661500 143 
6700.493217000 119 
6700.493772500 116 
6700.494328000 140 
6700.494883500 136 
6700.495439000 112 
6700.495994500 125 
6700.496550000 144 
6700.497105500 124 
6700.497661000 113 
6700.498216500 136 
6700.498772000 140 
6700.499327500 116 
6700.499883000 118 
6700.500438500 144 
6700.500994000 131 
6700.501549500 110 
6700.502105000 130 
6700.502660500 144 
6700.503216000 120 
6700.503771500 115 
6700.504327000 139 
6700.504882500 136 
6700.505438000 112 
6700.505993500 124 
6700.506549000 145 
6700.507104500 125 
6700.507660000 112 
6700.508215500 136 
6700.508771000 140 
6700.509326500 115 
6700.509882000 119 
6700.510437500 144 
6700.510993000 131 
6700.511548500 111 
6700.512104000 130 
6700.512659500 143 
6700.513215000 119 
6700.513770500 115 
6700.514326000 140 
6700.514881500 136 
6700.515437000 112 
6700.515992500 124 
6700.516548000 145 
6700.517103500 125 
6700.517659000 111 
6700.518214500 136 
6700.518770000 141 
6700.519325500 115 
6700.519881000 118 
6700.520436500 144 
6700.520992000 130 
6700.521547500 111 
6700.522103000 131 
6700.522658500 143 
6700.523214000 119 
6700.523769500 115 
6700.524325000 141 
6700.524880500 136 
6700.525436000 112 
6700.525991500 125 
6700.526547000 144 
6700.527102500 125 
6700.527658000 112 
6700.528213500 136 
6700.528769000 140 
6700.529324500 115 
6700.529880000 120 
6700.530435500 143 
6700.530991000 132 
6700.531546500 112 
6700.532102000 130 
6700.532657500 143 
6700.533213000 119 
6700.533768500 115 
6700.534324000 140 
6700.534879500 136 
6700.535435000 113 
6700.535990500 125 
6700.536546000 144 
6700.537101500 126 
6700.537657000 112 
6700.538212500 135 
6700.538768000 141 
6700.539323500 115 
6700.539879000 119 
6700.540434500 143 
6700.540990000 130 
6700.541545500 112 
6700.542101000 130 
6700.542656500 143 
6700.543212000 119 
6700.543767500 115 
6700.544323000 141 
6700.544878500 136 
6700.545434000 112 
6700.545989500 125 
6700.546545000 144 
6700.547100500 125 
6700.547656000 112 
6700.548211500 136 
6700.548767000 140 
6700.549322500 116 
6700.549878000 120 
6700.550433500 143 
6700.550989000 132 
6700.551544500 111 
6700.552100000 129 
6700.552655500 144 
6700.553211000 120 
6700.553766500 114 
6700.554322000 141 
6700.554877500 136 
6700.555433000 113 
6700.555988500 124 
6700.556544000 144 
6700.557099500 126 
6700.557655000 112 
6700.558210500 135 
6700.558766000 140 
6700.559321500 115 
6700.559877000 119 
6700.560432500 142 
6700.560988000 132 
6700.561543500 111 
6700.562099000 129 
6700.562654500 144 
6700.563210000 120 
6700.563765500 114 
6700.564321000 140 
6700.564876500 137 
6700.565432000 112 
6700.565987500 124 
6700.566543000 145 
6700.567098500 125 
6700.567654000 113 
6700.568209500 135 
6700.568765000 140 
6700.569320500 116 
6700.569876000 119 
6700.570431500 143 
6700.570987000 132 
6700.571542500 110 
6700.572098000 130 
6700.572653500 144 
6700.573209000 120 
6700.573764500 114 
6700.574320000 140 
6700.574875500 136 
6700.575431000 112 
6700.575986500 123 
6700.576542000 145 
6700.577097500 125 
6700.577653000 113 
6700.578208500 135 
6700.578764000 140 
6700.579319500 116 
6700.579875000 118 
6700.580430500 143 
6700.580986000 132 
6700.581541500 111 
6700.582097000 131 
6700.582652500 144 
6700.583208000 121 
6700.583763500 115 
6700.584319000 140 
6700.584874500 136 
6700.585430000 113 
6700.585985500 124 
6700.586541000 144 
6700.587096500 125 
6700.587652000 112 
6700.588207500 135 
6700.588763000 141 
6700.589318500 115 
6700.589874000 119 
6700.590429500 143 
6700.590985000 131 
6700.591540500 111 
6700.592096000 131 
6700.592651500 143 
6700.593207000 119 
6700.593762500 115 
6700.594318000 140 
6700.594873500 136 
6700.595429000 112 
6700.595984500 124 
6700.596540000 144 
6700.597095500 125 
6700.597651000 112 
6700.598206500 136 
6700.598762000 140 
6700.599317500 116 
6700.599873000 119 
6700.600428500 143 
6700.600984000 131 
6700.601539500 111 
6700.602095000 130 
6700.602650500 143 
6700.603206000 120 
6700.603761500 114 
6700.604317000 140 
6700.604872500 137 
6700.605428000 112 
6700.605983500 123 
6700.606539000 145 
6700.607094500 126 
6700.607650000 111 
6700.608205500 136 
6700.608761000 141 
6700.609316500 115 
6700.609872000 119 
6700.610427500 142 
6700.610983000 131 
6700.611538500 111 
6700.612094000 130 
6700.612649500 143 
6700.613205000 119 
6700.613760500 115 
6700.614316000 139 
6700.614871500 137 
6700.615427000 113 
6700.615982500 124 
6700.616538000 144 
6700.617093500 126 
6700.617649000 113 
6700.618204500 135 
6700.618760000 140 
6700.619315500 116 
6700.619871000 119 
6700.620426500 143 
6700.620982000 131 
6700.621537500 111 
6700.622093000 130 
6700.622648500 144 
6700.623204000 121 
6700.623759500 114 
6700.624315000 140 
6700.624870500 136 
6700.625426000 112 
6700.625981500 124 
6700.626537000 144 
6700.627092500 125 
6700.627648000 112 
6700.628203500 135 
6700.628759000 141 
6700.629314500 116 
6700.629870000 120 
6700.630425500 143 
6700.630981000 131 
6700.631536500 112 
6700.632092000 130 
6700.632647500 143 
6700.633203000 121 
6700.633758500 115 
6700.634314000 139 
6700.634869500 136 
6700.635425000 113 
6700.635980500 124 
6700.636536000 145 
6700.637091500 125 
6700.637647000 111 
6700.638202500 135 
6700.638758000 141 
6700.639313500 115 
6700.639869000 119 
6700.640424500 143 
6700.640980000 131 
6700.641535500 111 
6700.642091000 130 
6700.642646500 143 
6700.643202000 120 
6700.643757500 115 
6700.644313000 140 
6700.644868500 136 
6700.645424000 112 
6700.645979500 124 
6700.646535000 144 
6700.647090500 126 
6700.647646000 111 
6700.648201500 135 
6700.648757000 141 
6700.649312500 116 
6700.649868000 118 
6700.650423500 143 
6700.650979000 131 
6700.651534500 111 
6700.652090000 130 
6700.652645500 143 
6700.653201000 120 
6700.653756500 115 
6700.654312000 140 
6700.654867500 138 
6700.655423000 113 
6700.655978500 123 
6700.656534000 144 
6700.657089500 126 
6700.657645000 112 
6700.658200500 135 
6700.658756000 141 
6700.659311500 115 
6700.659867000 119 
6700.660422500 143 
6700.660978000 132 
6700.661533500 111 
6700.662089000 130 
6700.662644500 144 
6700.663200000 120 
6700.663755500 114 
6700.664311000 140 
6700.664866500 137 
6700.665422000 112 
6700.665977500 124 
6700.666533000 144 
6700.667088500 126 
6700.667644000 111 
6700.668199500 135 
6700.668755000 141 
6700.669310500 115 
6700.669866000 118 
6700.670421500 143 
6700.670977000 132 
6700.671532500 111 
6700.672088000 128 
6700.672643500 143 
6700.673199000 121 
6700.673754500 115 
6700.674310000 140 
6700.674865500 136 
6700.675421000 112 
6700.675976500 124 
6700.676532000 144 
6700.677087500 126 
6700.677643000 112 
6700.678198500 135 
6700.678754000 140 
6700.679309500 116 
6700.679865000 118 
6700.680420500 142 
6700.680976000 132 
6700.681531500 111 
6700.682087000 129 
6700.682642500 144 
6700.683198000 121 
6700.683753500 114 
6700.684309000 139 
6700.684864500 136 
6700.685420000 113 
6700.685975500 123 
6700.686531000 145 
6700.687086500 127 
6700.687642000 112 
6700.688197500 135 
6700.688753000 142 
6700.689308500 116 
6700.689864000 118 
6700.690419500 143 
6700.690975000 132 
6700.691530500 111 
6700.692086000 129 
6700.692641500 145 
6700.693197000 120 
6700.693752500 114 
6700.694308000 139 
6700.694863500 138 
6700.695419000 113 
6700.695974500 123 
6700.696530000 145 
6700.697085500 127 
6700.697641000 111 
6700.698196500 134 
6700.698752000 142 
6700.699307500 116 
6700.699863000 117 
6700.700418500 142 
6700.700974000 132 
6700.701529500 111 
6700.702085000 129 
6700.702640500 143 
6700.703196000 121 
6700.703751500 114 
6700.704307000 140 
6700.704862500 137 
6700.705418000 113 
6700.705973500 123 
6700.706529000 144 
6700.707084500 126 
6700.707640000 112 
6700.708195500 134 
6700.708751000 142 
6700.709306500 116 
6700.709862000 118 
6700.710417500 142 
6700.710973000 132 
6700.711528500 112 
6700.712084000 129 
6700.712639500 144 
6700.713195000 121 
6700.713750500 114 
6700.714306000 140 
6700.714861500 138 
6700.715417000 113 
6700.715972500 123 
6700.716528000 143 
6700.717083500 127 
6700.717639000 111 
6700.718194500 135 
6700.718750000 141 
6700.719305500 116 
6700.719861000 117 
6700.720416500 143 
6700.720972000 132 
6700.721527500 112 
6700.722083000 128 
6700.722638500 144 
6700.723194000 121 
6700.723749500 114 
6700.724305000 139 
6700.724860500 137 
6700.725416000 113 
6700.725971500 123 
6700.726527000 145 
6700.727082500 126 
6700.727638000 111 
6700.728193500 135 
6700.728749000 141 
6700.729304500 116 
6700.729860000 118 
6700.730415500 143 
6700.730971000 132 
6700.731526500 110 
6700.732082000 130 
6700.732637500 144 
6700.733193000 120 
6700.733748500 115 
6700.734304000 139 
6700.734859500 136 
6700.735415000 113 
6700.735970500 123 
6700.736526000 144 
6700.737081500 126 
6700.737637000 111 
6700.738192500 135 
6700.738748000 141 
6700.739303500 117 
6700.739859000 118 
6700.740414500 143 
6700.740970000 131 
6700.741525500 111 
6700.742081000 129 
6700.742636500 144 
6700.743192000 121 
6700.743747500 114 
6700.744303000 140 
6700.744858500 137 
6700.745414000 112 
6700.745969500 124 
6700.746525000 144 
6700.747080500 126 
6700.747636000 112 
6700.748191500 134 
6700.748747000 142 
6700.749302500 116 
6700.749858000 118 
6700.750413500 143 
6700.750969000 132 
6700.751524500 111 
6700.752080000 129 
6700.752635500 144 
6700.753191000 120 
6700.753746500 114 
6700.754302000 140 
6700.754857500 137 
6700.755413000 113 
6700.755968500 122 
6700.756524000 145 
6700.757079500 127 
6700.757635000 112 
6700.758190500 134 
6700.758746000 142 
6700.759301500 116 
6700.759857000 118 
6700.760412500 143 
6700.760968000 132 
6700.761523500 111 
6700.762079000 128 
6700.762634500 144 
6700.763190000 121 
6700.763745500 115 
6700.764301000 139 
6700.764856500 137 
6700.765412000 114 
6700.765967500 123 
6700.766523000 143 
6700.767078500 127 
6700.767634000 112 
6700.768189500 134 
6700.768745000 141 
6700.769300500 117 
6700.769856000 118 
6700.770411500 142 
6700.770967000 132 
6700.771522500 112 
6700.772078000 129 
6700.772633500 143 
6700.773189000 120 
6700.773744500 113 
6700.774300000 139 
6700.774855500 137 
6700.775411000 113 
6700.775966500 123 
6700.776522000 144 
6700.777077500 127 
6700.777633000 112 
6700.778188500 134 
6700.778744000 142 
6700.779299500 116 
6700.779855000 117 
6700.780410500 143 
6700.780966000 132 
6700.781521500 110 
6700.782077000 129 
6700.782632500 144 
6700.783188000 120 
6700.783743500 114 
6700.784299000 140 
6700.784854500 137 
6700.785410000 112 
6700.785965500 124 
6700.786521000 145 
6700.787076500 127 
6700.787632000 111 
6700.788187500 135 
6700.788743000 141 
6700.789298500 116 
6700.789854000 118 
6700.790409500 142 
6700.790965000 133 
6700.791520500 111 
6700.792076000 129 
6700.792631500 144 
6700.793187000 121 
6700.793742500 113 
6700.794298000 140 
6700.794853500 138 
6700.795409000 112 
6700.795964500 124 
6700.796520000 144 
6700.797075500 127 
6700.797631000 112 
6700.798186500 134 
6700.798742000 141 
6700.799297500 116 
6700.799853000 118 
6700.800408500 143 
6700.800964000 132 
6700.801519500 112 
6700.802075000 129 
6700.802630500 144 
6700.803186000 121 
6700.803741500 114 
6700.804297000 139 
6700.804852500 138 
6700.805408000 114 
6700.805963500 123 
6700.806519000 144 
6700.807074500 126 
6700.807630000 111 
6700.808185500 134 
6700.808741000 141 
6700.809296500 116 
6700.809852000 118 
6700.810407500 142 
6700.810963000 132 
6700.811518500 112 
6700.812074000 129 
6700.812629500 144 
6700.813185000 121 
6700.813740500 114 
6700.814296000 139 
6700.814851500 138 
6700.815407000 113 
6700.815962500 123 
6700.816518000 144 
6700.817073500 128 
6700.817629000 111 
6700.818184500 134 
6700.818740000 142 
6700.819295500 116 
6700.819851000 118 
6700.820406500 142 
6700.820962000 132 
6700.821517500 112 
6700.822073000 129 
6700.822628500 144 
6700.823184000 122 
6700.823739500 114 
6700.824295000 139 
6700.824850500 137 
6700.825406000 114 
6700.825961500 123 
6700.826517000 144 
6700.827072500 127 
6700.827628000 112 
6700.828183500 133 
6700.828739000 142 
6700.829294500 117 
6700.829850000 117 
6700.830405500 143 
6700.830961000 133 
6700.831516500 111 
6700.832072000 129 
6700.832627500 144 
6700.833183000 121 
6700.833738500 115 
6700.834294000 139 
6700.834849500 137 
6700.835405000 112 
6700.835960500 123 
6700.836516000 144 
6700.837071500 126 
6700.837627000 112 
6700.838182500 120 
6700.838738000 123 
6700.839293500 124 
6700.839849000 125 
6700.840404500 126 
6700.840960000 125 
6700.841515500 125 
6700.842071000 127 
6700.842626500 126 
6700.843182000 126 
6700.843737500 127 
6700.844293000 127 
6700.844848500 127 
6700.845404000 127 
6700.845959500 127 
6700.846515000 127 
6700.847070500 128 
6700.847626000 128 
6700.848181500 126 
6700.848737000 128 
6700.849292500 127 
6700.849848000 127 
6700.850403500 128 
6700.850959000 128 
6700.851514500 127 
6700.852070000 127 
6700.852625500 128 
6700.853181000 128 
6700.853736500 127 
6700.854292000 128 
6700.854847500 128 
6700.855403000 127 
6700.855958500 127 
6700.856514000 128 
6700.857069500 128 
6700.857625000 128 
6700.858180500 128 
6700.858736000 128 
6700.859291500 127 
6700.859847000 128 
6700.860402500 128 
6700.860958000 127 
6700.861513500 128 
6700.862069000 128 
6700.862624500 127 
6700.863180000 128 
6700.863735500 128 
6700.864291000 127 
6700.864846500 127 
6700.865402000 128 
6700.865957500 127 
6700.866513000 128 
6700.867068500 128 
6700.867624000 128 
6700.868179500 127 
6700.868735000 128 
6700.869290500 128 
6700.869846000 127 
6700.870401500 127 
6700.870957000 128 
6700.871512500 128 
6700.872068000 128 
6700.872623500 128 
6700.873179000 128 
6700.873734500 128 
6700.874290000 128 
6700.874845500 128 
6700.875401000 127 
6700.875956500 128 
6700.876512000 128 
6700.877067500 127 
6700.877623000 127 
6700.878178500 128 
6700.878734000 128 
6700.879289500 127 
6700.879845000 128 
6700.880400500 128 
6700.880956000 128 
6700.881511500 128 
6700.882067000 128 
6700.882622500 127 
6700.883178000 129 
6700.883733500 128 
6700.884289000 128 
6700.884844500 127 
6700.885400000 128 
6700.885955500 128 
6700.886511000 127 
6700.887066500 128 
6700.887622000 128 
6700.888177500 127 
6700.888733000 127 
6700.889288500 127 
6700.889844000 128 
6700.890399500 128 
6700.890955000 127 
6700.891510500 127 
6700.892066000 128 
6700.892621500 128 
6700.893177000 127 
6700.893732500 127 
6700.894288000 128 
6700.894843500 128 
6700.895399000 127 
6700.895954500 127 
6700.896510000 128 
6700.897065500 127 
6700.897621000 127 
6700.898176500 128 
6700.898732000 128 
6700.899287500 127 
6700.899843000 128 
6700.900398500 128 
6700.900954000 127 
6700.901509500 128 
6700.902065000 127 
6700.902620500 128 
6700.903176000 128 
6700.903731500 127 
6700.904287000 128 
6700.904842500 128 
6700.905398000 127 
6700.905953500 128 
6700.906509000 128 
6700.907064500 128 
6700.907620000 127 
6700.908175500 128 
6700.908731000 128 
6700.909286500 127 
6700.909842000 127 
6700.910397500 128 
6700.910953000 127 
6700.911508500 128 
6700.912064000 128 
6700.912619500 127 
6700.913175000 128 
6700.913730500 127 
6700.914286000 127 
6700.914841500 128 
6700.915397000 128 
6700.915952500 127 
6700.916508000 128 
6700.917063500 127 
6700.917619000 127 
6700.918174500 128 
6700.918730000 128 
6700.919285500 127 
6700.919841000 128 
6700.920396500 127 
6700.920952000 127 
6700.921507500 128 
6700.922063000 127 
6700.922618500 128 
6700.923174000 128 
6700.923729500 128 
6700.924285000 127 
6700.924840500 127 
6700.925396000 128 
6700.925951500 127 
6700.926507000 128 
6700.927062500 128 
6700.927618000 128 
6700.928173500 128 
6700.928729000 127 
6700.929284500 128 
6700.929840000 127 
6700.930395500 128 
6700.930951000 127 
6700.931506500 128 
6700.932062000 128 
6700.932617500 127 
6700.933173000 128 
6700.933728500 128 
6700.934284000 127 
6700.934839500 127 
6700.935395000 128 
6700.935950500 128 
6700.936506000 128 
6700.937061500 128 
6700.937617000 127 
6700.938172500 128 
6700.938728000 128 
6700.939283500 128 
6700.939839000 128 
6700.940394500 128 
6700.940950000 127 
6700.941505500 128 
6700.942061000 128 
6700.942616500 127 
6700.943172000 128 
6700.943727500 127 
6700.944283000 128 
6700.944838500 127 
6700.945394000 128 
6700.945949500 128 
6700.946505000 128 
6700.947060500 127 
6700.947616000 128 
6700.948171500 127 
6700.948727000 128 
6700.949282500 128 
6700.949838000 128 
6700.950393500 128 
6700.950949000 127 
6700.951504500 128 
6700.952060000 128 
6700.952615500 128 
6700.953171000 127 
6700.953726500 128 
6700.954282000 128 
6700.954837500 127 
6700.955393000 128 
6700.955948500 128 
6700.956504000 127 
6700.957059500 128 
6700.957615000 127 
6700.958170500 128 
6700.958726000 128 
6700.959281500 127 
6700.959837000 128 
6700.960392500 128 
6700.960948000 127 
6700.961503500 128 
6700.962059000 128 
6700.962614500 128 
6700.963170000 128 
6700.963725500 128 
6700.964281000 127 
6700.964836500 127 
6700.965392000 128 
6700.965947500 128 
6700.966503000 128 
6700.967058500 128 
6700.967614000 127 
6700.968169500 128 
6700.968725000 128 
6700.969280500 128 
6700.969836000 128 
6700.970391500 128 
6700.970947000 128 
6700.971502500 128 
6700.972058000 127 
6700.972613500 127 
6700.973169000 128 
6700.973724500 128 
6700.974280000 127 
6700.974835500 128 
6700.975391000 128 
6700.975946500 127 
6700.976502000 128 
6700.977057500 128 
6700.977613000 127 
6700.978168500 127 
6700.978724000 128 
6700.979279500 128 
6700.979835000 127 
6700.980390500 128 
6700.980946000 128 
6700.981501500 127 
6700.982057000 129 
6700.982612500 128 
6700.983168000 127 
6700.983723500 128 
6700.984279000 127 
6700.984834500 128 
6700.985390000 127 
6700.985945500 128 
6700.986501000 128 
6700.987056500 127 
6700.987612000 128 
6700.988167500 128 
6700.988723000 127 
6700.989278500 128 
6700.989834000 128 
6700.990389500 127 
6700.990945000 128 
6700.991500500 128 
6700.992056000 127 
6700.992611500 128 
6700.993167000 128 
6700.993722500 128 
6700.994278000 127 
6700.994833500 128 
6700.995389000 128 
6700.995944500 127 
6700.996500000 128 
6700.997055500 128 
6700.997611000 127 
6700.998166500 128 
6700.998722000 127 
6700.999277500 128 
6700.999833000 128 
6701.000388500 127 
6701.000944000 128 
6701.001499500 128 
6701.002055000 128 
6701.002610500 127 
6701.003166000 128 
6701.003721500 128 
6701.004277000 127 
6701.004832500 127 
6701.005388000 128 
6701.005943500 127 
6701.006499000 128 
6701.007054500 127 
6701.007610000 127 
6701.008165500 128 
6701.008721000 128 
6701.009276500 128 
6701.009832000 128 
6701.010387500 128 
6701.010943000 127 
6701.011498500 127 
6701.012054000 128 
6701.012609500 128 
6701.013165000 127 
6701.013720500 128 
6701.014276000 128 
6701.014831500 128 
6701.015387000 128 
6701.015942500 127 
6701.016498000 128 
6701.017053500 128 
6701.017609000 127 
6701.018164500 128 
6701.018720000 127 
6701.019275500 128 
6701.019831000 127 
6701.020386500 128 
6701.020942000 128 
6701.021497500 127 
6701.022053000 128 
6701.022608500 128 
6701.023164000 127 
6701.023719500 127 
6701.024275000 128 
6701.024830500 128 
6701.025386000 127 
6701.025941500 128 
6701.026497000 128 
6701.027052500 128 
6701.027608000 129 
6701.028163500 128 
6701.028719000 128 
6701.029274500 127 
6701.029830000 128 
6701.030385500 128 
6701.030941000 128 
6701.031496500 127 
6701.032052000 128 
6701.032607500 128 
6701.033163000 127 
6701.033718500 128 
6701.034274000 128 
6701.034829500 128 
6701.035385000 127 
6701.035940500 128 
6701.036496000 127 
6701.037051500 128 
6701.037607000 128 
6701.038162500 127 
6701.038718000 127 
6701.039273500 128 
6701.039829000 128 
6701.040384500 127 
6701.040940000 127 
6701.041495500 128 
6701.042051000 128 
6701.042606500 127 
6701.043162000 128 
6701.043717500 128 
6701.044273000 127 
6701.044828500 127 
6701.045384000 127 
6701.045939500 127 
6701.046495000 128 
6701.047050500 128 
6701.047606000 128 
6701.048161500 128 
6701.048717000 127 
6701.049272500 128 
6701.049828000 128 
6701.050383500 127 
6701.050939000 128 
6701.051494500 128 
6701.052050000 128 
6701.052605500 128 
6701.053161000 128 
6701.053716500 128 
6701.054272000 128 
6701.054827500 127 
6701.055383000 128 
6701.055938500 127 
6701.056494000 128 
6701.057049500 128 
6701.057605000 128 
6701.058160500 127 
6701.058716000 127 
6701.059271500 128 
6701.059827000 128 
6701.060382500 127 
6701.060938000 128 
6701.061493500 128 
6701.062049000 128 
6701.062604500 127 
6701.063160000 128 
6701.063715500 128 
6701.064271000 127 
6701.064826500 128 
6701.065382000 128 
6701.065937500 127 
6701.066493000 128 
6701.067048500 128 
6701.067604000 127 
6701.068159500 128 
6701.068715000 127 
6701.069270500 128 
6701.069826000 127 
6701.070381500 128 
6701.070937000 128 
6701.071492500 127 
6701.072048000 128 
6701.072603500 128 
6701.073159000 128 
6701.073714500 127 
6701.074270000 128 
6701.074825500 128 
6701.075381000 127 
6701.075936500 128 
6701.076492000 128 
6701.077047500 127 
6701.077603000 128 
6701.078158500 128 
6701.078714000 128 
6701.079269500 127 
6701.079825000 128 
6701.080380500 128 
6701.080936000 127 
6701.081491500 127 
6701.082047000 128 
6701.082602500 129 
6701.083158000 128 
6701.083713500 127 
6701.084269000 128 
6701.084824500 128 
6701.085380000 127 
6701.085935500 128 
6701.086491000 128 
6701.087046500 128 
6701.087602000 129 
6701.088157500 128 
6701.088713000 127 
6701.089268500 127 
6701.089824000 128 
6701.090379500 128 
6701.090935000 127 
6701.091490500 128 
6701.092046000 128 
6701.092601500 128 
6701.093157000 127 
6701.093712500 127 
6701.094268000 128 
6701.094823500 128 
6701.095379000 127 
6701.095934500 128 
6701.096490000 128 
6701.097045500 127 
6701.097601000 127 
6701.098156500 128 
6701.098712000 128 
6701.099267500 127 
6701.099823000 128 
6701.100378500 128 
6701.100934000 128 
6701.101489500 127 
6701.102045000 128 
6701.102600500 128 
6701.103156000 127 
6701.103711500 127 
6701.104267000 128 
6701.104822500 128 
6701.105378000 127 
6701.105933500 127 
6701.106489000 128 
6701.107044500 128 
6701.107600000 128 
6701.108155500 128 
6701.108711000 128 
6701.109266500 128 
6701.109822000 128 
6701.110377500 127 
6701.110933000 128 
6701.111488500 127 
6701.112044000 127 
6701.112599500 129 
6701.113155000 128 
6701.113710500 127 
6701.114266000 128 
6701.114821500 128 
6701.115377000 127 
6701.115932500 128 
6701.116488000 127 
6701.117043500 128 
6701.117599000 128 
6701.118154500 127 
6701.118710000 128 
6701.119265500 128 
6701.119821000 127 
6701.120376500 127 
6701.120932000 128 
6701.121487500 127 
6701.122043000 127 
6701.122598500 127 
6701.123154000 128 
6701.123709500 128 
6701.124265000 128 
6701.124820500 128 
6701.125376000 127 
6701.125931500 128 
6701.126487000 127 
6701.127042500 128 
6701.127598000 128 
6701.128153500 128 
6701.128709000 127 
6701.129264500 128 
6701.129820000 128 
6701.130375500 128 
6701.130931000 127 
6701.131486500 127 
6701.132042000 128 
6701.132597500 128 
6701.133153000 127 
6701.133708500 128 
6701.134264000 128 
6701.134819500 127 
6701.135375000 128 
6701.135930500 128 
6701.136486000 128 
6701.137041500 128 
6701.137597000 128 
6701.138152500 128 
6701.138708000 128 
6701.139263500 128 
6701.139819000 127 
6701.140374500 128 
6701.140930000 128 
6701.141485500 128 
6701.142041000 127 
6701.142596500 128 
6701.143152000 128 
6701.143707500 127 
6701.144263000 128 
6701.144818500 128 
6701.145374000 127 
6701.145929500 127 
6701.146485000 128 
6701.147040500 128 
6701.147596000 127 
6701.148151500 128 
6701.148707000 128 
6701.149262500 127 
6701.149818000 128 
6701.150373500 128 
6701.150929000 127 
6701.151484500 128 
6701.152040000 127 
6701.152595500 128 
6701.153151000 127 
6701.153706500 127 
6701.154262000 128 
6701.154817500 128 
6701.155373000 128 
6701.155928500 127 
6701.156484000 128 
6701.157039500 128 
6701.157595000 127 
6701.158150500 127 
6701.158706000 128 
6701.159261500 128 
6701.159817000 127 
6701.160372500 127 
6701.160928000 128 
6701.161483500 127 
6701.162039000 127 
6701.162594500 127 
6701.163150000 128 
6701.163705500 127 
6701.164261000 128 
6701.164816500 128 
6701.165372000 127 
6701.165927500 128 
6701.166483000 127 
6701.167038500 127 
6701.167594000 128 
6701.168149500 128 
6701.168705000 127 
6701.169260500 128 
6701.169816000 128 
6701.170371500 127 
6701.170927000 128 
6701.171482500 128 
6701.172038000 128 
6701.172593500 128 
6701.173149000 128 
6701.173704500 128 
6701.174260000 128 
6701.174815500 128 
6701.175371000 128 
6701.175926500 128 
6701.176482000 127 
6701.177037500 128 
6701.177593000 128 
6701.178148500 128 
6701.178704000 128 
6701.179259500 128 
6701.179815000 127 
6701.180370500 128 
6701.180926000 127 
6701.181481500 127 
6701.182037000 128 
6701.182592500 127 
6701.183148000 127 
6701.183703500 127 
6701.184259000 128 
6701.184814500 127 
6701.185370000 127 
6701.185925500 128 
6701.186481000 128 
6701.187036500 127 
6701.187592000 127 
6701.188147500 128 
6701.188703000 127 
6701.189258500 127 
6701.189814000 128 
6701.190369500 128 
6701.190925000 127 
6701.191480500 128 
6701.192036000 128 
6701.192591500 127 
6701.193147000 128 
6701.193702500 128 
6701.194258000 128 
6701.194813500 128 
6701.195369000 127 
6701.195924500 127 
6701.196480000 128 
6701.197035500 128 
6701.197591000 127 
6701.198146500 128 
6701.198702000 128 
6701.199257500 128 
6701.199813000 128 
6701.200368500 128 
6701.200924000 127 
6701.201479500 129 
6701.202035000 128 
6701.202590500 128 
6701.203146000 127 
6701.203701500 128 
6701.204257000 128 
6701.204812500 127 
6701.205368000 128 
6701.205923500 128 
6701.206479000 128 
6701.207034500 128 
6701.207590000 128 
6701.208145500 128 
6701.208701000 127 
6701.209256500 127 
6701.209812000 128 
6701.210367500 127 
6701.210923000 128 
6701.211478500 128 
6701.212034000 127 
6701.212589500 127 
6701.213145000 127 
6701.213700500 128 
6701.214256000 128 
6701.214811500 128 
6701.215367000 128 
6701.215922500 127 
6701.216478000 128 
6701.217033500 128 
6701.217589000 128 
6701.218144500 127 
6701.218700000 128 
6701.219255500 127 
6701.219811000 128 
6701.220366500 128 
6701.220922000 128 
6701.221477500 128 
6701.222033000 128 
6701.222588500 128 
6701.223144000 127 
6701.223699500 128 
6701.224255000 128 
6701.224810500 128 
6701.225366000 128 
6701.225921500 127 
6701.226477000 128 
6701.227032500 128 
6701.227588000 128 
6701.228143500 127 
6701.228699000 128 
6701.229254500 128 
6701.229810000 127 
6701.230365500 127 
6701.230921000 128 
6701.231476500 128 
6701.232032000 127 
6701.232587500 128 
6701.233143000 128 
6701.233698500 128 
6701.234254000 127 
6701.234809500 128 
6701.235365000 128 
6701.235920500 128 
6701.236476000 128 
6701.237031500 127 
6701.237587000 128 
6701.238142500 128 
6701.238698000 127 
6701.239253500 127 
6701.239809000 128 
6701.240364500 128 
6701.240920000 127 
6701.241475500 128 
6701.242031000 128 
6701.242586500 127 
6701.243142000 128 
6701.243697500 127 
6701.244253000 127 
6701.244808500 128 
6701.245364000 128 
6701.245919500 128 
6701.246475000 128 
6701.247030500 127 
6701.247586000 128 
6701.248141500 128 
6701.248697000 128 
6701.249252500 128 
6701.249808000 128 
6701.250363500 128 
6701.250919000 128 
6701.251474500 127 
6701.252030000 128 
6701.252585500 128 
6701.253141000 128 
6701.253696500 128 
6701.254252000 128 
6701.254807500 128 
6701.255363000 127 
6701.255918500 127 
6701.256474000 128 
6701.257029500 128 
6701.257585000 128 
6701.258140500 127 
6701.258696000 128 
6701.259251500 128 
6701.259807000 127 
6701.260362500 127 
6701.260918000 128 
6701.261473500 128 
6701.262029000 127 
6701.262584500 128 
6701.263140000 128 
6701.263695500 128 
6701.264251000 128 
6701.264806500 127 
6701.265362000 128 
6701.265917500 128 
6701.266473000 127 
6701.267028500 128 
6701.267584000 128 
6701.268139500 127 
6701.268695000 128 
6701.269250500 128 
6701.269806000 127 
6701.270361500 127 
6701.270917000 128 
6701.271472500 128 
6701.272028000 127 
6701.272583500 127 
6701.273139000 128 
6701.273694500 128 
6701.274250000 127 
6701.274805500 128 
6701.275361000 127 
6701.275916500 128 
6701.276472000 127 
6701.277027500 128 
6701.277583000 128 
6701.278138500 128 
6701.278694000 127 
6701.279249500 127 
6701.279805000 128 
6701.280360500 128 
6701.280916000 127 
6701.281471500 128 
6701.282027000 128 
6701.282582500 128 
6701.283138000 128 
6701.283693500 127 
6701.284249000 128 
6701.284804500 128 
6701.285360000 128 
6701.285915500 128 
6701.286471000 127 
6701.287026500 128 
6701.287582000 128 
6701.288137500 128 
6701.288693000 128 
6701.289248500 128 
6701.289804000 128 
6701.290359500 127 
6701.290915000 128 
6701.291470500 127 
6701.292026000 128 
6701.292581500 127 
6701.293137000 127 
6701.293692500 128 
6701.294248000 127 
6701.294803500 128 
6701.295359000 128 
6701.295914500 127 
6701.296470000 127 
6701.297025500 128 
6701.297581000 128 
6701.298136500 127 
6701.298692000 128 
6701.299247500 128 
6701.299803000 127 
6701.300358500 127 
6701.300914000 128 
6701.301469500 128 
6701.302025000 127 
6701.302580500 128 
6701.303136000 128 
6701.303691500 128 
6701.304247000 127 
6701.304802500 128 
6701.305358000 128 
6701.305913500 127 
6701.306469000 128 
6701.307024500 128 
6701.307580000 127 
6701.308135500 128 
6701.308691000 128 
6701.309246500 127 
6701.309802000 128 
6701.310357500 128 
6701.310913000 128 
6701.311468500 127 
6701.312024000 127 
6701.312579500 128 
6701.313135000 128 
6701.313690500 128 
6701.314246000 127 
6701.314801500 128 
6701.315357000 127 
6701.315912500 127 
6701.316468000 128 
6701.317023500 128 
6701.317579000 127 
6701.318134500 128 
6701.318690000 127 
6701.319245500 128 
6701.319801000 127 
6701.320356500 128 
6701.320912000 128 
6701.321467500 127 
6701.322023000 128 
6701.322578500 128 
6701.323134000 127 
6701.323689500 127 
6701.324245000 128 
6701.324800500 128 
6701.325356000 127 
6701.325911500 127 
6701.326467000 128 
6701.327022500 128 
6701.327578000 127 
6701.328133500 128 
6701.328689000 128 
6701.329244500 128 
6701.329800000 127 
6701.330355500 128 
6701.330911000 127 
6701.331466500 128 
6701.332022000 128 
6701.332577500 127 
6701.333133000 128 
6701.333688500 127 
6701.334244000 127 
6701.334799500 128 
6701.335355000 127 
6701.335910500 127 
6701.336466000 128 
6701.337021500 128 
6701.337577000 127 
6701.338132500 128 
6701.338688000 128 
6701.339243500 127 
6701.339799000 128 
6701.340354500 128 
6701.340910000 128 
6701.341465500 127 
6701.342021000 127 
6701.342576500 128 
6701.343132000 128 
6701.343687500 127 
6701.344243000 128 
6701.344798500 128 
6701.345354000 128 
6701.345909500 128 
6701.346465000 128 
6701.347020500 128 
6701.347576000 128 
6701.348131500 127 
6701.348687000 127 
6701.349242500 128 
6701.349798000 128 
6701.350353500 128 
6701.350909000 127 
6701.351464500 128 
6701.352020000 127 
6701.352575500 127 
6701.353131000 128 
6701.353686500 128 
6701.354242000 127 
6701.354797500 127 
6701.355353000 128 
6701.355908500 128 
6701.356464000 127 
6701.357019500 127 
6701.357575000 128 
6701.358130500 128 
6701.358686000 127 
6701.359241500 128 
6701.359797000 128 
6701.360352500 127 
6701.360908000 128 
6701.361463500 128 
6701.362019000 127 
6701.362574500 128 
6701.363130000 128 
6701.363685500 127 
6701.364241000 127 
6701.364796500 128 
6701.365352000 128 
6701.365907500 128 
6701.366463000 128 
6701.367018500 127 
6701.367574000 127 
6701.368129500 128 
6701.368685000 128 
6701.369240500 127 
6701.369796000 128 
6701.370351500 128 
6701.370907000 127 
6701.371462500 128 
6701.372018000 127 
6701.372573500 128 
6701.373129000 128 
6701.373684500 127 
6701.374240000 128 
6701.374795500 128 
6701.375351000 128 
6701.375906500 128 
6701.376462000 127 
6701.377017500 128 
6701.377573000 128 
6701.378128500 128 
6701.378684000 128 
6701.379239500 128 
6701.379795000 128 
6701.380350500 127 
6701.380906000 128 
6701.381461500 128 
6701.382017000 127 
6701.382572500 127 
6701.383128000 128 
6701.383683500 127 
6701.384239000 127 
6701.384794500 128 
6701.385350000 128 
6701.385905500 127 
6701.386461000 127 
6701.387016500 128 
6701.387572000 127 
6701.388127500 128 
6701.388683000 127 
6701.389238500 128 
6701.389794000 128 
6701.390349500 127 
6701.390905000 128 
6701.391460500 128 
6701.392016000 127 
6701.392571500 127 
6701.393127000 128 
6701.393682500 127 
6701.394238000 128 
6701.394793500 128 
6701.395349000 127 
6701.395904500 128 
6701.396460000 127 
6701.397015500 128 
6701.397571000 127 
6701.398126500 128 
6701.398682000 128 
6701.399237500 127 
6701.399793000 128 
6701.400348500 128 
6701.400904000 128 
6701.401459500 128 
6701.402015000 128 
6701.402570500 128 
6701.403126000 127 
6701.403681500 128 
6701.404237000 128 
6701.404792500 127 
6701.405348000 127 
6701.405903500 128 
6701.406459000 128 
6701.407014500 127 
6701.407570000 128 
6701.408125500 128 
6701.408681000 127 
6701.409236500 127 
6701.409792000 128 
6701.410347500 127 
6701.410903000 127 
6701.411458500 127 
6701.412014000 128 
6701.412569500 128 
6701.413125000 127 
6701.413680500 127 
6701.414236000 128 
6701.414791500 127 
6701.415347000 128 
6701.415902500 128 
6701.416458000 128 
6701.417013500 128 
6701.417569000 127 
6701.418124500 127 
6701.418680000 128 
6701.419235500 127 
6701.419791000 127 
6701.420346500 127 
6701.420902000 128 
6701.421457500 128 
6701.422013000 127 
6701.422568500 127 
6701.423124000 128 
6701.423679500 128 
6701.424235000 128 
6701.424790500 127 
6701.425346000 128 
6701.425901500 128 
6701.426457000 127 
6701.427012500 128 
6701.427568000 128 
6701.428123500 127 
6701.428679000 128 
6701.429234500 127 
6701.429790000 128 
6701.430345500 128 
6701.430901000 128 
6701.431456500 128 
6701.432012000 128 
6701.432567500 128 
6701.433123000 128 
6701.433678500 128 
6701.434234000 127 
6701.434789500 128 
6701.435345000 128 
6701.435900500 127 
6701.436456000 128 
6701.437011500 128 
6701.437567000 128 
6701.438122500 127 
6701.438678000 128 
6701.439233500 127 
6701.439789000 128 
6701.440344500 128 
6701.440900000 127 
6701.441455500 127 
6701.442011000 127 
6701.442566500 128 
6701.443122000 128 
6701.443677500 128 
6701.444233000 127 
6701.444788500 127 
6701.445344000 128 
6701.445899500 127 
6701.446455000 128 
6701.447010500 128 
6701.447566000 127 
6701.448121500 128 
6701.448677000 128 
6701.449232500 128 
6701.449788000 127 
6701.450343500 127 
6701.450899000 127 
6701.451454500 127 
6701.452010000 128 
6701.452565500 128 
6701.453121000 127 
6701.453676500 128 
6701.454232000 128 
6701.454787500 127 
6701.455343000 128 
6701.455898500 128 
6701.456454000 127 
6701.457009500 128 
6701.457565000 128 
6701.458120500 128 
6701.458676000 128 
6701.459231500 127 
6701.459787000 128 
6701.460342500 128 
6701.460898000 128 
6701.461453500 127 
6701.462009000 128 
6701.462564500 128 
6701.463120000 127 
6701.463675500 128 
6701.464231000 128 
6701.464786500 128 
6701.465342000 127 
6701.465897500 127 
6701.466453000 128 
6701.467008500 127 
6701.467564000 128 
6701.468119500 128 
6701.468675000 127 
6701.469230500 127 
6701.469786000 128 
6701.470341500 128 
6701.470897000 128 
6701.471452500 127 
6701.472008000 128 
6701.472563500 128 
6701.473119000 128 
6701.473674500 127 
6701.474230000 127 
6701.474785500 128 
6701.475341000 127 
6701.475896500 127 
6701.476452000 128 
6701.477007500 127 
6701.477563000 127 
6701.478118500 128 
6701.478674000 128 
6701.479229500 128 
6701.479785000 127 
6701.480340500 127 
6701.480896000 128 
6701.481451500 127 
6701.482007000 127 
6701.482562500 128 
6701.483118000 127 
6701.483673500 128 
6701.484229000 128 
6701.484784500 127 
6701.485340000 128 
6701.485895500 127 
6701.486451000 128 
6701.487006500 128 
6701.487562000 127 
6701.488117500 127 
6701.488673000 128 
6701.489228500 128 
6701.489784000 127 
6701.490339500 129 
6701.490895000 128 
6701.491450500 127 
6701.492006000 128 
6701.492561500 128 
6701.493117000 127 
6701.493672500 127 
6701.494228000 128 
6701.494783500 127 
6701.495339000 128 
6701.495894500 128 
6701.496450000 127 
6701.497005500 128 
6701.497561000 128 
6701.498116500 127 
6701.498672000 128 
6701.499227500 128 
6701.499783000 128 
6701.500338500 127 
6701.500894000 127 
6701.501449500 128 
6701.502005000 127 
6701.502560500 128 
6701.503116000 127 
6701.503671500 127 
6701.504227000 128 
6701.504782500 128 
6701.505338000 127 
6701.505893500 127 
6701.506449000 128 
6701.507004500 128 
6701.507560000 127 
6701.508115500 127 
6701.508671000 128 
6701.509226500 128 
6701.509782000 127 
6701.510337500 128 
6701.510893000 127 
6701.511448500 128 
6701.512004000 127 
6701.512559500 128 
6701.513115000 128 
6701.513670500 127 
6701.514226000 128 
6701.514781500 128 
6701.515337000 128 
6701.515892500 128 
6701.516448000 127 
6701.517003500 128 
6701.517559000 128 
6701.518114500 127 
6701.518670000 127 
6701.519225500 128 
6701.519781000 128 
6701.520336500 127 
6701.520892000 128 
6701.521447500 128 
6701.522003000 128 
6701.522558500 127 
6701.523114000 128 
6701.523669500 128 
6701.524225000 127 
6701.524780500 127 
6701.525336000 128 
6701.525891500 127 
6701.526447000 128 
6701.527002500 128 
6701.527558000 128 
6701.528113500 127 
6701.528669000 127 
6701.529224500 128 
6701.529780000 128 
6701.530335500 127 
6701.530891000 127 
6701.531446500 128 
6701.532002000 127 
6701.532557500 128 
6701.533113000 128 
6701.533668500 128 
6701.534224000 128 
6701.534779500 127 
6701.535335000 128 
6701.535890500 128 
6701.536446000 127 
6701.537001500 128 
6701.537557000 128 
6701.538112500 127 
6701.538668000 128 
6701.539223500 128 
6701.539779000 127 
6701.540334500 128 
6701.540890000 127 
6701.541445500 128 
6701.542001000 128 
6701.542556500 128 
6701.543112000 127 
6701.543667500 128 
6701.544223000 128 
6701.544778500 127 
6701.545334000 128 
6701.545889500 127 
6701.546445000 128 
6701.547000500 128 
6701.547556000 127 
6701.548111500 127 
6701.548667000 128 
6701.549222500 128 
6701.549778000 127 
6701.550333500 127 
6701.550889000 128 
6701.551444500 128 
6701.552000000 127 
6701.552555500 128 
6701.553111000 128 
6701.553666500 128 
6701.554222000 128 
6701.554777500 128 
6701.555333000 128 
6701.555888500 128 
6701.556444000 127 
6701.556999500 129 
6701.557555000 128 
6701.558110500 127 
6701.558666000 128 
6701.559221500 128 
6701.559777000 127 
6701.560332500 127 
6701.560888000 128 
6701.561443500 128 
6701.561999000 128 
6701.562554500 127 
6701.563110000 128 
6701.563665500 128 
6701.564221000 127 
6701.564776500 128 
6701.565332000 128 
6701.565887500 127 
6701.566443000 128 
6701.566998500 128 
6701.567554000 127 
6701.568109500 128 
6701.568665000 127 
6701.569220500 128 
6701.569776000 127 
6701.570331500 128 
6701.570887000 128 
6701.571442500 127 
6701.571998000 128 
6701.572553500 128 
6701.573109000 127 
6701.573664500 128 
6701.574220000 127 
6701.574775500 128 
6701.575331000 127 
6701.575886500 127 
6701.576442000 127 
6701.576997500 128 
6701.577553000 127 
6701.578108500 129 
6701.578664000 128 
6701.579219500 127 
6701.579775000 128 
6701.580330500 128 
6701.580886000 127 
6701.581441500 128 
6701.581997000 127 
6701.582552500 127 
6701.583108000 128 
6701.583663500 127 
6701.584219000 128 
6701.584774500 128 
6701.585330000 127 
6701.585885500 128 
6701.586441000 128 
6701.586996500 128 
6701.587552000 127 
6701.588107500 128 
6701.588663000 128 
6701.589218500 127 
6701.589774000 127 
6701.590329500 127 
6701.590885000 128 
6701.591440500 128 
6701.591996000 127 
6701.592551500 128 
6701.593107000 128 
6701.593662500 127 
6701.594218000 127 
6701.594773500 128 
6701.595329000 127 
6701.595884500 128 
6701.596440000 128 
6701.596995500 128 
6701.597551000 128 
6701.598106500 128 
6701.598662000 128 
6701.599217500 128 
6701.599773000 127 
6701.600328500 127 
6701.600884000 128 
6701.601439500 128 
6701.601995000 127 
6701.602550500 127 
6701.603106000 128 
6701.603661500 128 
6701.604217000 128 
6701.604772500 128 
6701.605328000 127 
6701.605883500 127 
6701.606439000 128 
6701.606994500 127 
6701.607550000 127 
6701.608105500 128 
6701.608661000 128 
6701.609216500 128 
6701.609772000 128 
6701.610327500 127 
6701.610883000 128 
6701.611438500 127 
6701.611994000 129 
6701.612549500 128 
6701.613105000 128 
6701.613660500 127 
6701.614216000 128 
6701.614771500 128 
6701.615327000 127 
6701.615882500 128 
6701.616438000 128 
6701.616993500 127 
6701.617549000 127 
6701.618104500 127 
6701.618660000 128 
6701.619215500 127 
6701.619771000 127 
6701.620326500 128 
6701.620882000 128 
6701.621437500 127 
6701.621993000 127 
6701.622548500 128 
6701.623104000 128 
6701.623659500 128 
6701.624215000 128 
6701.624770500 127 
6701.625326000 128 
6701.625881500 128 
6701.626437000 127 
6701.626992500 127 
6701.627548000 128 
6701.628103500 128 
6701.628659000 127 
6701.629214500 127 
6701.629770000 128 
6701.630325500 128 
6701.630881000 127 
6701.631436500 127 
6701.631992000 129 
6701.632547500 128 
6701.633103000 127 
6701.633658500 128 
6701.634214000 128 
6701.634769500 127 
6701.635325000 128 
6701.635880500 128 
6701.636436000 128 
6701.636991500 127 
6701.637547000 128 
6701.638102500 127 
6701.638658000 128 
6701.639213500 128 
6701.639769000 128 
6701.640324500 127 
6701.640880000 128 
6701.641435500 128 
6701.641991000 127 
6701.642546500 128 
6701.643102000 127 
6701.643657500 127 
6701.644213000 128 
6701.644768500 128 
6701.645324000 127 
6701.645879500 128 
6701.646435000 128 
6701.646990500 127 
6701.647546000 127 
6701.648101500 128 
6701.648657000 127 
6701.649212500 127 
6701.649768000 128 
6701.650323500 128 
6701.650879000 127 
6701.651434500 128 
6701.651990000 128 
6701.652545500 128 
6701.653101000 128 
6701.653656500 127 
6701.654212000 128 
6701.654767500 128 
6701.655323000 127 
6701.655878500 128 
6701.656434000 128 
6701.656989500 127 
6701.657545000 128 
6701.658100500 128 
6701.658656000 128 
6701.659211500 127 
6701.659767000 127 
6701.660322500 128 
6701.660878000 128 
6701.661433500 128 
6701.661989000 127 
6701.662544500 128 
6701.663100000 128 
6701.663655500 128 
6701.664211000 127 
6701.664766500 128 
6701.665322000 128 
6701.665877500 127 
6701.666433000 128 
6701.666988500 127 
6701.667544000 127 
6701.668099500 128 
6701.668655000 128 
6701.669210500 127 
6701.669766000 127 
6701.670321500 128 
6701.670877000 127 
6701.671432500 127 
6701.671988000 128 
6701.672543500 128 
6701.673099000 128 
6701.673654500 127 
6701.674210000 127 
6701.674765500 128 
6701.675321000 128 
6701.675876500 127 
6701.676432000 128 
6701.676987500 128 
6701.677543000 127 
6701.678098500 128 
6701.678654000 128 
6701.679209500 127 
6701.679765000 127 
6701.680320500 128 
6701.680876000 128 
6701.681431500 127 
6701.681987000 128 
6701.682542500 128 
6701.683098000 127 
6701.683653500 127 
6701.684209000 128 
6701.684764500 128 
6701.685320000 127 
6701.685875500 128 
6701.686431000 128 
6701.686986500 128 
6701.687542000 127 
6701.688097500 128 
6701.688653000 128 
6701.689208500 127 
6701.689764000 128 
6701.690319500 128 
6701.690875000 127 
6701.691430500 128 
6701.691986000 128 
6701.692541500 127 
6701.693097000 127 
6701.693652500 128 
6701.694208000 127 
6701.694763500 128 
6701.695319000 128 
6701.695874500 127 
6701.696430000 128 
6701.696985500 128 
6701.697541000 127 
6701.698096500 127 
6701.698652000 128 
6701.699207500 127 
6701.699763000 128 
6701.700318500 128 
6701.700874000 128 
6701.701429500 128 
6701.701985000 127 
6701.702540500 128 
6701.703096000 127 
6701.703651500 128 
6701.704207000 128 
6701.704762500 127 
6701.705318000 128 
6701.705873500 128 
6701.706429000 128 
6701.706984500 128 
6701.707540000 128 
6701.708095500 127 
6701.708651000 128 
6701.709206500 127 
6701.709762000 127 
6701.710317500 128 
6701.710873000 128 
6701.711428500 127 
6701.711984000 128 
6701.712539500 128 
6701.713095000 128 
6701.713650500 127 
6701.714206000 129 
6701.714761500 128 
6701.715317000 127 
6701.715872500 127 
6701.716428000 128 
6701.716983500 128 
6701.717539000 127 
6701.718094500 127 
6701.718650000 128 
6701.719205500 128 
6701.719761000 129 
6701.720316500 128 
6701.720872000 127 
6701.721427500 128 
6701.721983000 128 
6701.722538500 127 
6701.723094000 128 
6701.723649500 128 
6701.724205000 127 
6701.724760500 128 
6701.725316000 128 
6701.725871500 127 
6701.726427000 129 
6701.726982500 128 
6701.727538000 127 
6701.728093500 127 
6701.728649000 128 
6701.729204500 128 
6701.729760000 127 
6701.730315500 127 
6701.730871000 128 
6701.731426500 127 
6701.731982000 127 
6701.732537500 128 
6701.733093000 128 
6701.733648500 128 
6701.734204000 128 
6701.734759500 127 
6701.735315000 128 
6701.735870500 127 
6701.736426000 128 
6701.736981500 128 
6701.737537000 127 
6701.738092500 127 
6701.738648000 128 
6701.739203500 127 
6701.739759000 128 
6701.740314500 128 
6701.740870000 127 
6701.741425500 128 
6701.741981000 128 
6701.742536500 127 
6701.743092000 128 
6701.743647500 128 
6701.744203000 127 
6701.744758500 128 
6701.745314000 128 
6701.745869500 127 
6701.746425000 128 
6701.746980500 128 
6701.747536000 128 
6701.748091500 128 
6701.748647000 128 
6701.749202500 128 
6701.749758000 128 
6701.750313500 127 
6701.750869000 127 
6701.751424500 128 
6701.751980000 128 
6701.752535500 128 
6701.753091000 127 
6701.753646500 128 
6701.754202000 128 
6701.754757500 127 
6701.755313000 128 
6701.755868500 128 
6701.756424000 127 
6701.756979500 128 
6701.757535000 127 
6701.758090500 127 
6701.758646000 128 
6701.759201500 128 
6701.759757000 128 
6701.760312500 127 
6701.760868000 128 
6701.761423500 128 
6701.761979000 127 
6701.762534500 128 
6701.763090000 127 
6701.763645500 128 
6701.764201000 127 
6701.764756500 128 
6701.765312000 128 
6701.765867500 127 
6701.766423000 127 
6701.766978500 128 
6701.767534000 127 
6701.768089500 127 
6701.768645000 127 
6701.769200500 128 
6701.769756000 127 
6701.770311500 128 
6701.770867000 127 
6701.771422500 128 
6701.771978000 128 
6701.772533500 127 
6701.773089000 128 
6701.773644500 128 
6701.774200000 127 
6701.774755500 128 
6701.775311000 128 
6701.775866500 128 
6701.776422000 128 
6701.776977500 128 
6701.777533000 128 
6701.778088500 127 
6701.778644000 128 
6701.779199500 127 
6701.779755000 128 
6701.780310500 128 
6701.780866000 128 
6701.781421500 127 
6701.781977000 128 
6701.782532500 128 
6701.783088000 127 
6701.783643500 128 
6701.784199000 128 
6701.784754500 127 
6701.785310000 128 
6701.785865500 128 
6701.786421000 127 
6701.786976500 128 
6701.787532000 128 
6701.788087500 127 
6701.788643000 128 
6701.789198500 128 
6701.789754000 127 
6701.790309500 128 
6701.790865000 128 
6701.791420500 128 
6701.791976000 128 
6701.792531500 127 
6701.793087000 128 
6701.793642500 128 
6701.794198000 127 
6701.794753500 128 
6701.795309000 128 
6701.795864500 127 
6701.796420000 127 
6701.796975500 128 
6701.797531000 128 
6701.798086500 127 
6701.798642000 128 
6701.799197500 128 
6701.799753000 127 
6701.800308500 127 
6701.800864000 128 
6701.801419500 128 
6701.801975000 127 
6701.802530500 128 
6701.803086000 128 
6701.803641500 127 
6701.804197000 128 
6701.804752500 127 
6701.805308000 128 
6701.805863500 127 
6701.806419000 127 
6701.806974500 128 
6701.807530000 128 
6701.808085500 127 
6701.808641000 128 
6701.809196500 128 
6701.809752000 127 
6701.810307500 128 
6701.810863000 128 
6701.811418500 128 
6701.811974000 127 
6701.812529500 128 
6701.813085000 128 
6701.813640500 128 
6701.814196000 127 
6701.814751500 128 
6701.815307000 128 
6701.815862500 127 
6701.816418000 127 
6701.816973500 128 
6701.817529000 127 
6701.818084500 127 
6701.818640000 128 
6701.819195500 127 
6701.819751000 128 
6701.820306500 127 
6701.820862000 127 
6701.821417500 128 
6701.821973000 127 
6701.822528500 128 
6701.823084000 128 
6701.823639500 128 
6701.824195000 127 
6701.824750500 127 
6701.825306000 128 
6701.825861500 128 
6701.826417000 127 
6701.826972500 127 
6701.827528000 128 
6701.828083500 128 
6701.828639000 128 
6701.829194500 128 
6701.829750000 127 
6701.830305500 127 
6701.830861000 128 
6701.831416500 128 
6701.831972000 128 
6701.832527500 127 
6701.833083000 128 
6701.833638500 128 
6701.834194000 127 
6701.834749500 128 
6701.835305000 128 
6701.835860500 128 
6701.836416000 127 
6701.836971500 127 
6701.837527000 128 
6701.838082500 127 
6701.838638000 128 
6701.839193500 128 
6701.839749000 128 
6701.840304500 127 
6701.840860000 128 
6701.841415500 128 
6701.841971000 127 
6701.842526500 128 
6701.843082000 128 
6701.843637500 127 
6701.844193000 127 
6701.844748500 128 
6701.845304000 127 
6701.845859500 128 
6701.846415000 128 
6701.846970500 127 
6701.847526000 128 
6701.848081500 128 
6701.848637000 127 
6701.849192500 127 
6701.849748000 128 
6701.850303500 128 
6701.850859000 127 
6701.851414500 128 
6701.851970000 127 
6701.852525500 127 
6701.853081000 128 
6701.853636500 128 
6701.854192000 127 
6701.854747500 127 
6701.855303000 128 
6701.855858500 128 
6701.856414000 127 
6701.856969500 128 
6701.857525000 128 
6701.858080500 128 
6701.858636000 128 
6701.859191500 128 
6701.859747000 128 
6701.860302500 127 
6701.860858000 128 
6701.861413500 128 
6701.861969000 128 
6701.862524500 127 
6701.863080000 128 
6701.863635500 128 
6701.864191000 127 
6701.864746500 128 
6701.865302000 128 
6701.865857500 128 
6701.866413000 127 
6701.866968500 128 
6701.867524000 128 
6701.868079500 128 
6701.868635000 127 
6701.869190500 128 
6701.869746000 128 
6701.870301500 127 
6701.870857000 127 
6701.871412500 128 
6701.871968000 127 
6701.872523500 128 
6701.873079000 128 
6701.873634500 128 
6701.874190000 127 
6701.874745500 127 
6701.875301000 128 
6701.875856500 128 
6701.876412000 127 
6701.876967500 128 
6701.877523000 128 
6701.878078500 128 
6701.878634000 127 
6701.879189500 128 
6701.879745000 128 
6701.880300500 127 
6701.880856000 128 
6701.881411500 128 
6701.881967000 128 
6701.882522500 128 
6701.883078000 127 
6701.883633500 128 
6701.884189000 127 
6701.884744500 127 
6701.885300000 128 
6701.885855500 128 
6701.886411000 128 
6701.886966500 128 
6701.887522000 128 
6701.888077500 127 
6701.888633000 128 
6701.889188500 128 
6701.889744000 128 
6701.890299500 128 
6701.890855000 128 
6701.891410500 127 
6701.891966000 128 
6701.892521500 128 
6701.893077000 128 
6701.893632500 127 
6701.894188000 128 
6701.894743500 127 
6701.895299000 127 
6701.895854500 127 
6701.896410000 128 
6701.896965500 128 
6701.897521000 127 
6701.898076500 128 
6701.898632000 127 
6701.899187500 127 
6701.899743000 129 
6701.900298500 128 
6701.900854000 127 
6701.901409500 128 
6701.901965000 127 
6701.902520500 128 
6701.903076000 127 
6701.903631500 128 
6701.904187000 128 
6701.904742500 127 
6701.905298000 128 
6701.905853500 128 
6701.906409000 128 
6701.906964500 127 
6701.907520000 128 
6701.908075500 128 
6701.908631000 127 
6701.909186500 127 
6701.909742000 127 
6701.910297500 128 
6701.910853000 127 
6701.911408500 127 
6701.911964000 127 
6701.912519500 127 
6701.913075000 128 
6701.913630500 128 
6701.914186000 127 
6701.914741500 128 
6701.915297000 128 
6701.915852500 128 
6701.916408000 127 
6701.916963500 128 
6701.917519000 128 
6701.918074500 127 
6701.918630000 127 
6701.919185500 128 
6701.919741000 128 
6701.920296500 127 
6701.920852000 128 
6701.921407500 128 
6701.921963000 127 
6701.922518500 127 
6701.923074000 127 
6701.923629500 128 
6701.924185000 127 
6701.924740500 127 
6701.925296000 128 
6701.925851500 128 
6701.926407000 127 
6701.926962500 128 
6701.927518000 128 
6701.928073500 127 
6701.928629000 128 
6701.929184500 127 
6701.929740000 128 
6701.930295500 127 
6701.930851000 128 
6701.931406500 127 
6701.931962000 127 
6701.932517500 128 
6701.933073000 128 
6701.933628500 128 
6701.934184000 127 
6701.934739500 128 
6701.935295000 128 
6701.935850500 127 
6701.936406000 128 
6701.936961500 128 
6701.937517000 128 
6701.938072500 127 
6701.938628000 128 
6701.939183500 128 
6701.939739000 127 
6701.940294500 128 
6701.940850000 128 
6701.941405500 127 
6701.941961000 128 
6701.942516500 128 
6701.943072000 128 
6701.943627500 128 
6701.944183000 128 
6701.944738500 128 
6701.945294000 128 
6701.945849500 127 
6701.946405000 129 
6701.946960500 128 
6701.947516000 127 
6701.948071500 127 
6701.948627000 128 
6701.949182500 127 
6701.949738000 127 
6701.950293500 128 
6701.950849000 128 
6701.951404500 127 
6701.951960000 128 
6701.952515500 128 
6701.953071000 127 
6701.953626500 127 
6701.954182000 128 
6701.954737500 128 
6701.955293000 127 
6701.955848500 128 
6701.956404000 128 
6701.956959500 127 
6701.957515000 127 
6701.958070500 127 
6701.958626000 127 
6701.959181500 127 
6701.959737000 129 
6701.960292500 128 
6701.960848000 127 
6701.961403500 128 
6701.961959000 127 
6701.962514500 127 
6701.963070000 128 
6701.963625500 128 
6701.964181000 127 
6701.964736500 128 
6701.965292000 128 
6701.965847500 127 
6701.966403000 128 
6701.966958500 128 
6701.967514000 128 
6701.968069500 127 
6701.968625000 128 
6701.969180500 127 
6701.969736000 128 
6701.970291500 128 
6701.970847000 127 
6701.971402500 127 
6701.971958000 128 
6701.972513500 127 
6701.973069000 127 
6701.973624500 128 
6701.974180000 127 
6701.974735500 128 
6701.975291000 128 
6701.975846500 127 
6701.976402000 127 
6701.976957500 128 
6701.977513000 128 
6701.978068500 127 
6701.978624000 128 
6701.979179500 128 
6701.979735000 127 
6701.980290500 127 
6701.980846000 128 
6701.981401500 128 
6701.981957000 127 
6701.982512500 128 
6701.983068000 127 
6701.983623500 127 
6701.984179000 127 
6701.984734500 128 
6701.985290000 127 
6701.985845500 127 
6701.986401000 128 
6701.986956500 128 
6701.987512000 128 
6701.988067500 127 
6701.988623000 128 
6701.989178500 128 
6701.989734000 127 
6701.990289500 128 
6701.990845000 128 
6701.991400500 128 
6701.991956000 129 
6701.992511500 128 
6701.993067000 128 
6701.993622500 127 
6701.994178000 129 
6701.994733500 128 
6701.995289000 127 
6701.995844500 129 
6701.996400000 128 
6701.996955500 127 
6701.997511000 128 
6701.998066500 128 
6701.998622000 127 
6701.999177500 128 
6701.999733000 127 
6702.000288500 128 
6702.000844000 128 
6702.001399500 127 
6702.001955000 129 
6702.002510500 128 
6702.003066000 127 
6702.003621500 128 
6702.004177000 128 
6702.004732500 127 
6702.005288000 128 
6702.005843500 128 
6702.006399000 128 
6702.006954500 127 
6702.007510000 128 
6702.008065500 128 
6702.008621000 127 
6702.009176500 128 
6702.009732000 128 
6702.010287500 127 
6702.010843000 128 
6702.011398500 128 
6702.011954000 128 
6702.012509500 127 
6702.013065000 127 
6702.013620500 128 
6702.014176000 127 
6702.014731500 127 
6702.015287000 128 
6702.015842500 128 
6702.016398000 127 
6702.016953500 128 
6702.017509000 128 
6702.018064500 128 
6702.018620000 127 
6702.019175500 127 
6702.019731000 128 
6702.020286500 128 
6702.020842000 128 
6702.021397500 128 
6702.021953000 128 
6702.022508500 127 
6702.023064000 127 
6702.023619500 128 
6702.024175000 128 
6702.024730500 127 
6702.025286000 128 
6702.025841500 127 
6702.026397000 128 
6702.026952500 128 
6702.027508000 128 
6702.028063500 128 
6702.028619000 128 
6702.029174500 127 
6702.029730000 128 
6702.030285500 128 
6702.030841000 128 
6702.031396500 127 
6702.031952000 127 
6702.032507500 128 
6702.033063000 128 
6702.033618500 127 
6702.034174000 128 
6702.034729500 128 
6702.035285000 128 
6702.035840500 128 
6702.036396000 127 
6702.036951500 128 
6702.037507000 128 
6702.038062500 128 
6702.038618000 128 
6702.039173500 128 
6702.039729000 127 
6702.040284500 128 
6702.040840000 127 
6702.041395500 128 
6702.041951000 127 
6702.042506500 128 
6702.043062000 128 
6702.043617500 127 
6702.044173000 127 
6702.044728500 128 
6702.045284000 128 
6702.045839500 127 
6702.046395000 129 
6702.046950500 127 
6702.047506000 127 
6702.048061500 127 
6702.048617000 128 
6702.049172500 128 
6702.049728000 127 
6702.050283500 128 
6702.050839000 128 
6702.051394500 128 
6702.051950000 127 
6702.052505500 128 
6702.053061000 128 
6702.053616500 127 
6702.054172000 128 
6702.054727500 127 
6702.055283000 128 
6702.055838500 128 
6702.056394000 127 
6702.056949500 128 
6702.057505000 127 
6702.058060500 128 
6702.058616000 127 
6702.059171500 128 
6702.059727000 128 
6702.060282500 127 
6702.060838000 128 
6702.061393500 127 
6702.061949000 128 
6702.062504500 128 
6702.063060000 127 
6702.063615500 129 
6702.064171000 127 
6702.064726500 127 
6702.065282000 128 
6702.065837500 128 
6702.066393000 127 
6702.066948500 128 
6702.067504000 128 
6702.068059500 127 
6702.068615000 128 
6702.069170500 128 
6702.069726000 127 
6702.070281500 128 
6702.070837000 128 
6702.071392500 127 
6702.071948000 128 
6702.072503500 128 
6702.073059000 127 
6702.073614500 128 
6702.074170000 128 
6702.074725500 127 
6702.075281000 127 
6702.075836500 128 
6702.076392000 128 
6702.076947500 127 
6702.077503000 127 
6702.078058500 128 
6702.078614000 128 
6702.079169500 127 
6702.079725000 128 
6702.080280500 128 
6702.080836000 127 
6702.081391500 128 
6702.081947000 128 
6702.082502500 127 
6702.083058000 128 
6702.083613500 127 
6702.084169000 128 
6702.084724500 128 
6702.085280000 127 
6702.085835500 128 
6702.086391000 128 
6702.086946500 127 
6702.087502000 128 
6702.088057500 127 
6702.088613000 128 
6702.089168500 128 
6702.089724000 127 
6702.090279500 128 
6702.090835000 128 
6702.091390500 127 
6702.091946000 128 
6702.092501500 128 
6702.093057000 128 
6702.093612500 128 
6702.094168000 127 
6702.094723500 128 
6702.095279000 128 
6702.095834500 127 
6702.096390000 128 
6702.096945500 128 
6702.097501000 127 
6702.098056500 128 
6702.098612000 128 
6702.099167500 127 
6702.099723000 129 
6702.100278500 128 
6702.100834000 127 
6702.101389500 127 
6702.101945000 128 
6702.102500500 128 
6702.103056000 127 
6702.103611500 128 
6702.104167000 127 
6702.104722500 128 
6702.105278000 128 
6702.105833500 128 
6702.106389000 127 
6702.106944500 128 
6702.107500000 128 
6702.108055500 127 
6702.108611000 128 
6702.109166500 128 
6702.109722000 127 
6702.110277500 128 
6702.110833000 128 
6702.111388500 127 
6702.111944000 128 
6702.112499500 128 
6702.113055000 127 
6702.113610500 127 
6702.114166000 128 
6702.114721500 127 
6702.115277000 127 
6702.115832500 128 
6702.116388000 128 
6702.116943500 128 
6702.117499000 128 
6702.118054500 128 
6702.118610000 127 
6702.119165500 128 
6702.119721000 128 
6702.120276500 127 
6702.120832000 127 
6702.121387500 128 
6702.121943000 128 
6702.122498500 128 
6702.123054000 127 
6702.123609500 128 
6702.124165000 128 
6702.124720500 128 
6702.125276000 128 
6702.125831500 128 
6702.126387000 127 
6702.126942500 128 
6702.127498000 127 
6702.128053500 127 
6702.128609000 128 
6702.129164500 128 
6702.129720000 127 
6702.130275500 128 
6702.130831000 127 
6702.131386500 128 
6702.131942000 128 
6702.132497500 127 
6702.133053000 128 
6702.133608500 128 
6702.134164000 127 
6702.134719500 127 
6702.135275000 128 
6702.135830500 128 
6702.136386000 127 
6702.136941500 128 
6702.137497000 127 
6702.138052500 129 
6702.138608000 128 
6702.139163500 128 
6702.139719000 128 
6702.140274500 128 
6702.140830000 127 
6702.141385500 128 
6702.141941000 128 
6702.142496500 127 
6702.143052000 128 
6702.143607500 128 
6702.144163000 127 
6702.144718500 128 
6702.145274000 128 
6702.145829500 127 
6702.146385000 127 
6702.146940500 128 
6702.147496000 128 
6702.148051500 127 
6702.148607000 128 
6702.149162500 128 
6702.149718000 127 
6702.150273500 127 
6702.150829000 128 
6702.151384500 127 
6702.151940000 128 
6702.152495500 127 
6702.153051000 127 
6702.153606500 128 
6702.154162000 128 
6702.154717500 127 
6702.155273000 128 
6702.155828500 128 
6702.156384000 127 
6702.156939500 129 
6702.157495000 128 
6702.158050500 127 
6702.158606000 128 
6702.159161500 128 
6702.159717000 127 
6702.160272500 128 
6702.160828000 127 
6702.161383500 127 
6702.161939000 128 
6702.162494500 128 
6702.163050000 127 
6702.163605500 128 
6702.164161000 127 
6702.164716500 128 
6702.165272000 128 
6702.165827500 127 
6702.166383000 128 
6702.166938500 128 
6702.167494000 127 
6702.168049500 127 
6702.168605000 128 
6702.169160500 128 
6702.169716000 127 
6702.170271500 127 
6702.170827000 128 
6702.171382500 127 
6702.171938000 128 
6702.172493500 128 
6702.173049000 127 
6702.173604500 128 
6702.174160000 128 
6702.174715500 127 
6702.175271000 128 
6702.175826500 129 
6702.176382000 128 
6702.176937500 127 
6702.177493000 127 
6702.178048500 128 
6702.178604000 127 
6702.179159500 128 
6702.179715000 128 
6702.180270500 128 
6702.180826000 128 
6702.181381500 128 
6702.181937000 128 
6702.182492500 128 
6702.183048000 128 
6702.183603500 127 
6702.184159000 128 
6702.184714500 128 
6702.185270000 127 
6702.185825500 128 
6702.186381000 128 
6702.186936500 127 
6702.187492000 128 
6702.188047500 128 
6702.188603000 127 
6702.189158500 128 
6702.189714000 128 
6702.190269500 128 
6702.190825000 127 
6702.191380500 128 
6702.191936000 127 
6702.192491500 129 
6702.193047000 128 
6702.193602500 127 
6702.194158000 127 
6702.194713500 127 
6702.195269000 128 
6702.195824500 128 
6702.196380000 127 
6702.196935500 127 
6702.197491000 128 
6702.198046500 128 
6702.198602000 128 
6702.199157500 127 
6702.199713000 128 
6702.200268500 127 
6702.200824000 127 
6702.201379500 128 
6702.201935000 128 
6702.202490500 127 
6702.203046000 128 
6702.203601500 128 
6702.204157000 127 
6702.204712500 128 
6702.205268000 128 
6702.205823500 127 
6702.206379000 128 
6702.206934500 128 
6702.207490000 127 
6702.208045500 127 
6702.208601000 128 
6702.209156500 128 
6702.209712000 127 
6702.210267500 128 
6702.210823000 128 
6702.211378500 127 
6702.211934000 128 
6702.212489500 128 
6702.213045000 127 
6702.213600500 128 
6702.214156000 128 
6702.214711500 128 
6702.215267000 127 
6702.215822500 128 
6702.216378000 128 
6702.216933500 127 
6702.217489000 129 
6702.218044500 128 
6702.218600000 127 
6702.219155500 128 
6702.219711000 128 
6702.220266500 127 
6702.220822000 128 
6702.221377500 128 
6702.221933000 128 
6702.222488500 128 
6702.223044000 127 
6702.223599500 128 
6702.224155000 128 
6702.224710500 127 
6702.225266000 127 
6702.225821500 128 
6702.226377000 128 
6702.226932500 127 
6702.227488000 128 
6702.228043500 127 
6702.228599000 127 
6702.229154500 127 
6702.229710000 128 
6702.230265500 128 
6702.230821000 127 
6702.231376500 128 
6702.231932000 128 
6702.232487500 127 
6702.233043000 128 
6702.233598500 128 
6702.234154000 128 
6702.234709500 128 
6702.235265000 128 
6702.235820500 127 
6702.236376000 128 
6702.236931500 128 
6702.237487000 127 
6702.238042500 127 
6702.238598000 128 
6702.239153500 127 
6702.239709000 127 
6702.240264500 128 
6702.240820000 128 
6702.241375500 128 
6702.241931000 127 
6702.242486500 128 
6702.243042000 128 
6702.243597500 128 
6702.244153000 127 
6702.244708500 128 
6702.245264000 128 
6702.245819500 127 
6702.246375000 129 
6702.246930500 128 
6702.247486000 127 
6702.248041500 128 
6702.248597000 128 
6702.249152500 128 
6702.249708000 127 
6702.250263500 128 
6702.250819000 128 
6702.251374500 127 
6702.251930000 129 
6702.252485500 127 
6702.253041000 127 
6702.253596500 128 
6702.254152000 128 
6702.254707500 128 
6702.255263000 127 
6702.255818500 128 
6702.256374000 128 
6702.256929500 127 
6702.257485000 128 
6702.258040500 128 
6702.258596000 128 
6702.259151500 127 
6702.259707000 128 
6702.260262500 128 
6702.260818000 128 
6702.261373500 127 
6702.261929000 128 
6702.262484500 128 
6702.263040000 128 
6702.263595500 128 
6702.264151000 127 
6702.264706500 128 
6702.265262000 128 
6702.265817500 127 
6702.266373000 127 
6702.266928500 127 
6702.267484000 128 
6702.268039500 128 
6702.268595000 127 
6702.269150500 128 
6702.269706000 128 
6702.270261500 128 
6702.270817000 127 
6702.271372500 128 
6702.271928000 127 
6702.272483500 128 
6702.273039000 128 
6702.273594500 127 
6702.274150000 128 
6702.274705500 128 
6702.275261000 127 
6702.275816500 128 
6702.276372000 127 
6702.276927500 128 
6702.277483000 127 
6702.278038500 128 
6702.278594000 128 
6702.279149500 128 
6702.279705000 127 
6702.280260500 128 
6702.280816000 128 
6702.281371500 127 
6702.281927000 127 
6702.282482500 128 
6702.283038000 128 
6702.283593500 127 
6702.284149000 128 
6702.284704500 128 
6702.285260000 127 
6702.285815500 128 
6702.286371000 128 
6702.286926500 127 
6702.287482000 127 
6702.288037500 128 
6702.288593000 128 
6702.289148500 127 
6702.289704000 128 
6702.290259500 128 
6702.290815000 128 
6702.291370500 128 
6702.291926000 127 
6702.292481500 127 
6702.293037000 128 
6702.293592500 128 
6702.294148000 128 
6702.294703500 127 
6702.295259000 127 
6702.295814500 128 
6702.296370000 128 
6702.296925500 127 
6702.297481000 128 
6702.298036500 128 
6702.298592000 128 
6702.299147500 127 
6702.299703000 128 
6702.300258500 128 
6702.300814000 127 
6702.301369500 128 
6702.301925000 128 
6702.302480500 128 
6702.303036000 127 
6702.303591500 128 
6702.304147000 127 
6702.304702500 128 
6702.305258000 127 
6702.305813500 127 
6702.306369000 128 
6702.306924500 128 
6702.307480000 127 
6702.308035500 127 
6702.308591000 128 
6702.309146500 128 
6702.309702000 127 
6702.310257500 128 
6702.310813000 128 
6702.311368500 127 
6702.311924000 128 
6702.312479500 128 
6702.313035000 127 
6702.313590500 128 
6702.314146000 128 
6702.314701500 127 
6702.315257000 127 
6702.315812500 128 
6702.316368000 128 
6702.316923500 128 
6702.317479000 128 
6702.318034500 128 
6702.318590000 127 
6702.319145500 127 
6702.319701000 127 
6702.320256500 128 
6702.320812000 127 
6702.321367500 128 
6702.321923000 128 
6702.322478500 128 
6702.323034000 127 
6702.323589500 128 
6702.324145000 127 
6702.324700500 127 
6702.325256000 128 
6702.325811500 128 
6702.326367000 128 
6702.326922500 127 
6702.327478000 128 
6702.328033500 128 
6702.328589000 128 
6702.329144500 128 
6702.329700000 127 
6702.330255500 128 
6702.330811000 128 
6702.331366500 128 
6702.331922000 128 
6702.332477500 127 
6702.333033000 128 
6702.333588500 128 
6702.334144000 128 
6702.334699500 127 
6702.335255000 128 
6702.335810500 128 
6702.336366000 127 
6702.336921500 128 
6702.337477000 128 
6702.338032500 128 
6702.338588000 127 
6702.339143500 128 
6702.339699000 128 
6702.340254500 128 
6702.340810000 127 
6702.341365500 128 
6702.341921000 128 
6702.342476500 128 
6702.343032000 127 
6702.343587500 127 
6702.344143000 128 
6702.344698500 128 
6702.345254000 127 
6702.345809500 128 
6702.346365000 127 
6702.346920500 128 
6702.347476000 127 
6702.348031500 128 
6702.348587000 128 
6702.349142500 128 
6702.349698000 128 
6702.350253500 128 
6702.350809000 127 
6702.351364500 128 
6702.351920000 127 
6702.352475500 127 
6702.353031000 128 
6702.353586500 128 
6702.354142000 128 
6702.354697500 127 
6702.355253000 127 
6702.355808500 128 
6702.356364000 128 
6702.356919500 129 
6702.357475000 128 
6702.358030500 128 
6702.358586000 128 
6702.359141500 127 
6702.359697000 128 
6702.360252500 128 
6702.360808000 128 
6702.361363500 128 
6702.361919000 128 
6702.362474500 128 
6702.363030000 127 
6702.363585500 128 
6702.364141000 128 
6702.364696500 127 
6702.365252000 128 
6702.365807500 127 
6702.366363000 128 
6702.366918500 128 
6702.367474000 127 
6702.368029500 128 
6702.368585000 128 
6702.369140500 128 
6702.369696000 127 
6702.370251500 128 
6702.370807000 127 
6702.371362500 127 
6702.371918000 128 
6702.372473500 128 
6702.373029000 127 
6702.373584500 128 
6702.374140000 128 
6702.374695500 127 
6702.375251000 128 
6702.375806500 128 
6702.376362000 128 
6702.376917500 127 
6702.377473000 128 
6702.378028500 128 
6702.378584000 127 
6702.379139500 127 
6702.379695000 128 
6702.380250500 128 
6702.380806000 127 
6702.381361500 128 
6702.381917000 128 
6702.382472500 127 
6702.383028000 128 
6702.383583500 128 
6702.384139000 128 
6702.384694500 128 
6702.385250000 128 
6702.385805500 127 
6702.386361000 128 
6702.386916500 128 
6702.387472000 128 
6702.388027500 127 
6702.388583000 128 
6702.389138500 128 
6702.389694000 127 
6702.390249500 127 
6702.390805000 128 
6702.391360500 128 
6702.391916000 128 
6702.392471500 128 
6702.393027000 127 
6702.393582500 128 
6702.394138000 128 
6702.394693500 127 
6702.395249000 127 
6702.395804500 128 
6702.396360000 128 
6702.396915500 127 
6702.397471000 127 
6702.398026500 128 
6702.398582000 128 
6702.399137500 127 
6702.399693000 128 
6702.400248500 128 
6702.400804000 127 
6702.401359500 128 
6702.401915000 127 
6702.402470500 128 
6702.403026000 128 
6702.403581500 127 
6702.404137000 128 
6702.404692500 128 
6702.405248000 127 
6702.405803500 127 
6702.406359000 128 
6702.406914500 128 
6702.407470000 128 
6702.408025500 127 
6702.408581000 128 
6702.409136500 128 
6702.409692000 127 
6702.410247500 128 
6702.410803000 128 
6702.411358500 127 
6702.411914000 127 
6702.412469500 128 
6702.413025000 128 
6702.413580500 128 
6702.414136000 128 
6702.414691500 127 
6702.415247000 129 
6702.415802500 128 
6702.416358000 127 
6702.416913500 127 
6702.417469000 128 
6702.418024500 128 
6702.418580000 128 
6702.419135500 128 
6702.419691000 128 
6702.420246500 127 
6702.420802000 128 
6702.421357500 128 
6702.421913000 127 
6702.422468500 128 
6702.423024000 127 
6702.423579500 127 
6702.424135000 128 
6702.424690500 128 
6702.425246000 127 
6702.425801500 128 
6702.426357000 128 
6702.426912500 127 
6702.427468000 128 
6702.428023500 128 
6702.428579000 127 
6702.429134500 129 
6702.429690000 128 
6702.430245500 128 
6702.430801000 128 
6702.431356500 128 
6702.431912000 129 
6702.432467500 128 
6702.433023000 128 
6702.433578500 127 
6702.434134000 128 
6702.434689500 128 
6702.435245000 127 
6702.435800500 128 
6702.436356000 128 
6702.436911500 128 
6702.437467000 127 
6702.438022500 129 
6702.438578000 128 
6702.439133500 127 
6702.439689000 127 
6702.440244500 128 
6702.440800000 128 
6702.441355500 127 
6702.441911000 128 
6702.442466500 128 
6702.443022000 128 
6702.443577500 128 
6702.444133000 128 
6702.444688500 128 
6702.445244000 127 
6702.445799500 128 
6702.446355000 128 
6702.446910500 128 
6702.447466000 127 
6702.448021500 128 
6702.448577000 128 
6702.449132500 127 
6702.449688000 128 
6702.450243500 128 
6702.450799000 127 
6702.451354500 128 
6702.451910000 128 
6702.452465500 127 
6702.453021000 127 
6702.453576500 128 
6702.454132000 127 
6702.454687500 127 
6702.455243000 127 
6702.455798500 128 
6702.456354000 128 
6702.456909500 128 
6702.457465000 128 
6702.458020500 128 
6702.458576000 128 
6702.459131500 127 
6702.459687000 127 
6702.460242500 128 
6702.460798000 128 
6702.461353500 127 
6702.461909000 128 
6702.462464500 127 
6702.463020000 128 
6702.463575500 128 
6702.464131000 128 
6702.464686500 127 
6702.465242000 127 
6702.465797500 128 
6702.466353000 128 
6702.466908500 127 
6702.467464000 128 
6702.468019500 128 
6702.468575000 127 
6702.469130500 129 
6702.469686000 128 
6702.470241500 127 
6702.470797000 128 
6702.471352500 128 
6702.471908000 129 
6702.472463500 128 
6702.473019000 127 
6702.473574500 128 
6702.474130000 128 
6702.474685500 127 
6702.475241000 128 
6702.475796500 128 
6702.476352000 127 
6702.476907500 128 
6702.477463000 127 
6702.478018500 128 
6702.478574000 128 
6702.479129500 128 
6702.479685000 127 
6702.480240500 127 
6702.480796000 128 
6702.481351500 128 
6702.481907000 128 
6702.482462500 127 
6702.483018000 127 
6702.483573500 128 
6702.484129000 127 
6702.484684500 128 
6702.485240000 128 
6702.485795500 128 
6702.486351000 128 
6702.486906500 127 
6702.487462000 128 
6702.488017500 127 
6702.488573000 127 
6702.489128500 129 
6702.489684000 128 
6702.490239500 127 
6702.490795000 128 
6702.491350500 128 
6702.491906000 128 
6702.492461500 127 
6702.493017000 128 
6702.493572500 128 
6702.494128000 128 
6702.494683500 127 
6702.495239000 127 
6702.495794500 128 
6702.496350000 127 
6702.496905500 128 
6702.497461000 128 
6702.498016500 128 
6702.498572000 128 
6702.499127500 127 
6702.499683000 128 
6702.500238500 128 
6702.500794000 128 
6702.501349500 127 
6702.501905000 128 
6702.502460500 128 
6702.503016000 127 
6702.503571500 128 
6702.504127000 128 
6702.504682500 128 
6702.505238000 127 
6702.505793500 128 
6702.506349000 128 
6702.506904500 127 
6702.507460000 128 
6702.508015500 128 
6702.508571000 127 
6702.509126500 127 
6702.509682000 128 
6702.510237500 127 
6702.510793000 128 
6702.511348500 128 
6702.511904000 128 
6702.512459500 127 
6702.513015000 128 
6702.513570500 127 
6702.514126000 127 
6702.514681500 128 
6702.515237000 128 
6702.515792500 127 
6702.516348000 128 
6702.516903500 128 
6702.517459000 127 
6702.518014500 127 
6702.518570000 127 
6702.519125500 128 
6702.519681000 128 
6702.520236500 127 
6702.520792000 127 
6702.521347500 128 
6702.521903000 128 
6702.522458500 127 
6702.523014000 127 
6702.523569500 128 
6702.524125000 128 
6702.524680500 127 
6702.525236000 128 
6702.525791500 128 
6702.526347000 128 
6702.526902500 128 
6702.527458000 128 
6702.528013500 128 
6702.528569000 127 
6702.529124500 129 
6702.529680000 128 
6702.530235500 127 
6702.530791000 127 
6702.531346500 128 
6702.531902000 127 
6702.532457500 127 
6702.533013000 127 
6702.533568500 128 
6702.534124000 127 
6702.534679500 127 
6702.535235000 128 
6702.535790500 128 
6702.536346000 127 
6702.536901500 128 
6702.537457000 127 
6702.538012500 128 
6702.538568000 128 
6702.539123500 127 
6702.539679000 128 
6702.540234500 128 
6702.540790000 127 
6702.541345500 128 
6702.541901000 127 
6702.542456500 127 
6702.543012000 128 
6702.543567500 128 
6702.544123000 128 
6702.544678500 128 
6702.545234000 128 
6702.545789500 128 
6702.546345000 127 
6702.546900500 128 
6702.547456000 127 
6702.548011500 127 
6702.548567000 128 
6702.549122500 128 
6702.549678000 127 
6702.550233500 128 
6702.550789000 128 
6702.551344500 128 
6702.551900000 128 
6702.552455500 128 
6702.553011000 127 
6702.553566500 128 
6702.554122000 127 
6702.554677500 128 
6702.555233000 127 
6702.555788500 128 
6702.556344000 128 
6702.556899500 128 
6702.557455000 128 
6702.558010500 128 
6702.558566000 128 
6702.559121500 127 
6702.559677000 127 
6702.560232500 128 
6702.560788000 127 
6702.561343500 127 
6702.561899000 127 
6702.562454500 128 
6702.563010000 127 
6702.563565500 128 
6702.564121000 128 
6702.564676500 128 
6702.565232000 127 
6702.565787500 128 
6702.566343000 128 
6702.566898500 127 
6702.567454000 128 
6702.568009500 127 
6702.568565000 128 
6702.569120500 128 
6702.569676000 128 
6702.570231500 128 
6702.570787000 128 
6702.571342500 127 
6702.571898000 127 
6702.572453500 128 
6702.573009000 127 
6702.573564500 127 
6702.574120000 128 
6702.574675500 128 
6702.575231000 127 
6702.575786500 128 
6702.576342000 128 
6702.576897500 128 
6702.577453000 127 
6702.578008500 128 
6702.578564000 128 
6702.579119500 127 
6702.579675000 128 
6702.580230500 128 
6702.580786000 128 
6702.581341500 127 
6702.581897000 128 
6702.582452500 127 
6702.583008000 128 
6702.583563500 127 
6702.584119000 128 
6702.584674500 128 
6702.585230000 128 
6702.585785500 127 
6702.586341000 129 
6702.586896500 128 
6702.587452000 127 
6702.588007500 127 
6702.588563000 128 
6702.589118500 129 
6702.589674000 128 
6702.590229500 127 
6702.590785000 128 
6702.591340500 128 
6702.591896000 127 
6702.592451500 127 
6702.593007000 128 
6702.593562500 128 
6702.594118000 127 
6702.594673500 127 
6702.595229000 128 
6702.595784500 127 
6702.596340000 128 
6702.596895500 127 
6702.597451000 128 
6702.598006500 128 
6702.598562000 127 
6702.599117500 128 
6702.599673000 128 
6702.600228500 127 
6702.600784000 128 
6702.601339500 128 
6702.601895000 128 
6702.602450500 127 
6702.603006000 128 
6702.603561500 128 
6702.604117000 128 
6702.604672500 127 
6702.605228000 128 
6702.605783500 128 
6702.606339000 128 
6702.606894500 127 
6702.607450000 128 
6702.608005500 128 
6702.608561000 128 
6702.609116500 128 
6702.609672000 128 
6702.610227500 127 
6702.610783000 128 
6702.611338500 127 
6702.611894000 127 
6702.612449500 127 
6702.613005000 128 
6702.613560500 128 
6702.614116000 127 
6702.614671500 127 
6702.615227000 128 
6702.615782500 127 
6702.616338000 127 
6702.616893500 128 
6702.617449000 128 
6702.618004500 128 
6702.618560000 127 
6702.619115500 128 
6702.619671000 127 
6702.620226500 128 
6702.620782000 128 
6702.621337500 127 
6702.621893000 128 
6702.622448500 128 
6702.623004000 127 
6702.623559500 128 
6702.624115000 127 
6702.624670500 128 
6702.625226000 128 
6702.625781500 127 
6702.626337000 127 
6702.626892500 128 
6702.627448000 127 
6702.628003500 127 
6702.628559000 127 
6702.629114500 128 
6702.629670000 127 
6702.630225500 127 
6702.630781000 128 
6702.631336500 127 
6702.631892000 128 
6702.632447500 128 
6702.633003000 128 
6702.633558500 127 
6702.634114000 127 
6702.634669500 128 
6702.635225000 128 
6702.635780500 127 
6702.636336000 128 
6702.636891500 128 
6702.637447000 127 
6702.638002500 128 
6702.638558000 128 
6702.639113500 127 
6702.639669000 128 
6702.640224500 128 
6702.640780000 127 
6702.641335500 128 
6702.641891000 128 
6702.642446500 128 
6702.643002000 127 
6702.643557500 128 
6702.644113000 128 
6702.644668500 127 
6702.645224000 127 
6702.645779500 128 
6702.646335000 127 
6702.646890500 128 
6702.647446000 128 
6702.648001500 127 
6702.648557000 128 
6702.649112500 128 
6702.649668000 128 
6702.650223500 128 
6702.650779000 127 
6702.651334500 128 
6702.651890000 127 
6702.652445500 128 
6702.653001000 127 
6702.653556500 127 
6702.654112000 128 
6702.654667500 128 
6702.655223000 128 
6702.655778500 127 
6702.656334000 128 
6702.656889500 128 
6702.657445000 127 
6702.658000500 127 
6702.658556000 128 
6702.659111500 128 
6702.659667000 128 
6702.660222500 127 
6702.660778000 128 
6702.661333500 128 
6702.661889000 127 
6702.662444500 128 
6702.663000000 128 
6702.663555500 127 
6702.664111000 128 
6702.664666500 128 
6702.665222000 127 
6702.665777500 128 
6702.666333000 127 
6702.666888500 127 
6702.667444000 128 
6702.667999500 127 
6702.668555000 127 
6702.669110500 129 
6702.669666000 127 
6702.670221500 128 
6702.670777000 128 
6702.671332500 128 
6702.671888000 127 
6702.672443500 128 
6702.672999000 127 
6702.673554500 128 
6702.674110000 128 
6702.674665500 127 
6702.675221000 127 
6702.675776500 128 
6702.676332000 127 
6702.676887500 127 
6702.677443000 127 
6702.677998500 128 
6702.678554000 127 
6702.679109500 128 
6702.679665000 128 
6702.680220500 127 
6702.680776000 128 
6702.681331500 128 
6702.681887000 128 
6702.682442500 127 
6702.682998000 128 
6702.683553500 128 
6702.684109000 127 
6702.684664500 128 
6702.685220000 128 
6702.685775500 128 
6702.686331000 128 
6702.686886500 128 
6702.687442000 127 
6702.687997500 128 
6702.688553000 128 
6702.689108500 128 
6702.689664000 127 
6702.690219500 127 
6702.690775000 127 
6702.691330500 128 
6702.691886000 128 
6702.692441500 127 
6702.692997000 128 
6702.693552500 127 
6702.694108000 128 
6702.694663500 127 
6702.695219000 128 
6702.695774500 127 
6702.696330000 127 
6702.696885500 128 
6702.697441000 128 
6702.697996500 127 
6702.698552000 128 
6702.699107500 128 
6702.699663000 127 
6702.700218500 128 
6702.700774000 128 
6702.701329500 128 
6702.701885000 127 
6702.702440500 127 
6702.702996000 128 
6702.703551500 127 
6702.704107000 127 
6702.704662500 128 
6702.705218000 128 
6702.705773500 127 
6702.706329000 128 
6702.706884500 128 
6702.707440000 128 
6702.707995500 127 
6702.708551000 127 
6702.709106500 128 
6702.709662000 127 
6702.710217500 127 
6702.710773000 127 
6702.711328500 128 
6702.711884000 128 
6702.712439500 127 
6702.712995000 128 
6702.713550500 128 
6702.714106000 127 
6702.714661500 128 
6702.715217000 128 
6702.715772500 127 
6702.716328000 128 
6702.716883500 128 
6702.717439000 128 
6702.717994500 128 
6702.718550000 127 
6702.719105500 127 
6702.719661000 128 
6702.720216500 127 
6702.720772000 128 
6702.721327500 128 
6702.721883000 127 
6702.722438500 128 
6702.722994000 128 
6702.723549500 127 
6702.724105000 128 
6702.724660500 128 
6702.725216000 127 
6702.725771500 128 
6702.726327000 128 
6702.726882500 127 
6702.727438000 128 
6702.727993500 127 
6702.728549000 127 
6702.729104500 128 
6702.729660000 128 
6702.730215500 127 
6702.730771000 128 
6702.731326500 128 
6702.731882000 127 
6702.732437500 127 
6702.732993000 128 
6702.733548500 128 
6702.734104000 128 
6702.734659500 127 
6702.735215000 128 
6702.735770500 128 
6702.736326000 127 
6702.736881500 127 
6702.737437000 128 
6702.737992500 128 
6702.738548000 127 
6702.739103500 128 
6702.739659000 128 
6702.740214500 127 
6702.740770000 128 
6702.741325500 128 
6702.741881000 127 
6702.742436500 128 
6702.742992000 128 
6702.743547500 128 
6702.744103000 127 
6702.744658500 127 
6702.745214000 128 
6702.745769500 128 
6702.746325000 127 
6702.746880500 128 
6702.747436000 128 
6702.747991500 127 
6702.748547000 128 
6702.749102500 127 
6702.749658000 128 
6702.750213500 128 
6702.750769000 128 
6702.751324500 127 
6702.751880000 128 
6702.752435500 128 
6702.752991000 128 
6702.753546500 127 
6702.754102000 128 
6702.754657500 127 
6702.755213000 128 
6702.755768500 128 
6702.756324000 128 
6702.756879500 127 
6702.757435000 128 
6702.757990500 128 
6702.758546000 127 
6702.759101500 127 
6702.759657000 128 
6702.760212500 128 
6702.760768000 128 
6702.761323500 128 
6702.761879000 127 
6702.762434500 128 
6702.762990000 127 
6702.763545500 127 
6702.764101000 127 
6702.764656500 128 
6702.765212000 128 
6702.765767500 127 
6702.766323000 128 
6702.766878500 127 
6702.767434000 128 
6702.767989500 128 
6702.768545000 127 
6702.769100500 129 
6702.769656000 127 
6702.770211500 127 
6702.770767000 127 
6702.771322500 128 
6702.771878000 128 
6702.772433500 127 
6702.772989000 127 
6702.773544500 128 
6702.774100000 128 
6702.774655500 128 
6702.775211000 128 
6702.775766500 128 
6702.776322000 127 
6702.776877500 128 
6702.777433000 127 
6702.777988500 128 
6702.778544000 128 
6702.779099500 127 
6702.779655000 127 
6702.780210500 128 
6702.780766000 128 
6702.781321500 128 
6702.781877000 127 
6702.782432500 128 
6702.782988000 127 
6702.783543500 128 
6702.784099000 127 
6702.784654500 127 
6702.785210000 127 
6702.785765500 128 
6702.786321000 127 
6702.786876500 127 
6702.787432000 128 
6702.787987500 127 
6702.788543000 127 
6702.789098500 128 
6702.789654000 127 
6702.790209500 127 
6702.790765000 128 
6702.791320500 127 
6702.791876000 128 
6702.792431500 127 
6702.792987000 127 
6702.793542500 128 
6702.794098000 128 
6702.794653500 128 
6702.795209000 128 
6702.795764500 128 
6702.796320000 127 
6702.796875500 128 
6702.797431000 128 
6702.797986500 127 
6702.798542000 127 
6702.799097500 128 
6702.799653000 127 
6702.800208500 127 
6702.800764000 128 
6702.801319500 128 
6702.801875000 128 
6702.802430500 128 
6702.802986000 127 
6702.803541500 128 
6702.804097000 128 
6702.804652500 128 
6702.805208000 127 
6702.805763500 128 
6702.806319000 127 
6702.806874500 127 
6702.807430000 128 
6702.807985500 127 
6702.808541000 128 
6702.809096500 128 
6702.809652000 127 
6702.810207500 128 
6702.810763000 128 
6702.811318500 127 
6702.811874000 127 
6702.812429500 128 
6702.812985000 127 
6702.813540500 128 
6702.814096000 128 
6702.814651500 128 
6702.815207000 128 
6702.815762500 128 
6702.816318000 127 
6702.816873500 128 
6702.817429000 127 
6702.817984500 128 
6702.818540000 128 
6702.819095500 128 
6702.819651000 128 
6702.820206500 127 
6702.820762000 127 
6702.821317500 128 
6702.821873000 128 
6702.822428500 127 
6702.822984000 127 
6702.823539500 128 
6702.824095000 127 
6702.824650500 127 
6702.825206000 128 
6702.825761500 128 
6702.826317000 128 
6702.826872500 127 
6702.827428000 127 
6702.827983500 128 
6702.828539000 128 
6702.829094500 128 
6702.829650000 128 
6702.830205500 128 
6702.830761000 128 
6702.831316500 129 
6702.831872000 128 
6702.832427500 128 
6702.832983000 128 
6702.833538500 127 
6702.834094000 128 
6702.834649500 128 
6702.835205000 127 
6702.835760500 129 
6702.836316000 128 
6702.836871500 127 
6702.837427000 128 
6702.837982500 128 
6702.838538000 127 
6702.839093500 128 
6702.839649000 128 
6702.840204500 127 
6702.840760000 129 
6702.841315500 128 
6702.841871000 127 
6702.842426500 128 
6702.842982000 128 
6702.843537500 127 
6702.844093000 128 
6702.844648500 128 
6702.845204000 127 
6702.845759500 128 
6702.846315000 127 
6702.846870500 128 
6702.847426000 127 
6702.847981500 128 
6702.848537000 128 
6702.849092500 128 
6702.849648000 127 
6702.850203500 128 
6702.850759000 127 
6702.851314500 128 
6702.851870000 128 
6702.852425500 127 
6702.852981000 129 
6702.853536500 128 
6702.854092000 128 
6702.854647500 127 
6702.855203000 128 
6702.855758500 128 
6702.856314000 128 
6702.856869500 129 
6702.857425000 128 
6702.857980500 127 
6702.858536000 128 
6702.859091500 127 
6702.859647000 127 
6702.860202500 128 
6702.860758000 127 
6702.861313500 128 
6702.861869000 128 
6702.862424500 127 
6702.862980000 128 
6702.863535500 128 
6702.864091000 127 
6702.864646500 128 
6702.865202000 128 
6702.865757500 127 
6702.866313000 128 
6702.866868500 128 
6702.867424000 127 
6702.867979500 127 
6702.868535000 128 
6702.869090500 128 
6702.869646000 128 
6702.870201500 127 
6702.870757000 127 
6702.871312500 128 
6702.871868000 127 
6702.872423500 128 
6702.872979000 127 
6702.873534500 127 
6702.874090000 128 
6702.874645500 128 
6702.875201000 127 
6702.875756500 129 
6702.876312000 128 
6702.876867500 128 
6702.877423000 128 
6702.877978500 128 
6702.878534000 141 
6702.879089500 126 
6702.879645000 111 
6702.880200500 134 
6702.880756000 142 
6702.881311500 116 
6702.881867000 118 
6702.882422500 143 
6702.882978000 133 
6702.883533500 111 
6702.884089000 129 
6702.884644500 144 
6702.885200000 121 
6702.885755500 114 
6702.886311000 139 
6702.886866500 139 
6702.887422000 114 
6702.887977500 123 
6702.888533000 144 
6702.889088500 128 
6702.889644000 112 
6702.890199500 134 
6702.890755000 142 
6702.891310500 118 
6702.891866000 118 
6702.892421500 142 
6702.892977000 133 
6702.893532500 112 
6702.894088000 128 
6702.894643500 144 
6702.895199000 121 
6702.895754500 114 
6702.896310000 139 
6702.896865500 138 
6702.897421000 112 
6702.897976500 123 
6702.898532000 144 
6702.899087500 126 
6702.899643000 112 
6702.900198500 134 
6702.900754000 141 
6702.901309500 117 
6702.901865000 117 
6702.902420500 143 
6702.902976000 132 
6702.903531500 112 
6702.904087000 129 
6702.904642500 144 
6702.905198000 121 
6702.905753500 114 
6702.906309000 139 
6702.906864500 138 
6702.907420000 114 
6702.907975500 122 
6702.908531000 144 
6702.909086500 128 
6702.909642000 112 
6702.910197500 133 
6702.910753000 142 
6702.911308500 117 
6702.911864000 117 
6702.912419500 142 
6702.912975000 134 
6702.913530500 111 
6702.914086000 129 
6702.914641500 144 
6702.915197000 121 
6702.915752500 114 
6702.916308000 138 
6702.916863500 138 
6702.917419000 114 
6702.917974500 123 
6702.918530000 144 
6702.919085500 128 
6702.919641000 112 
6702.920196500 133 
6702.920752000 143 
6702.921307500 117 
6702.921863000 117 
6702.922418500 142 
6702.922974000 134 
6702.923529500 111 
6702.924085000 127 
6702.924640500 144 
6702.925196000 122 
6702.925751500 113 
6702.926307000 139 
6702.926862500 138 
6702.927418000 113 
6702.927973500 123 
6702.928529000 144 
6702.929084500 128 
6702.929640000 111 
6702.930195500 134 
6702.930751000 141 
6702.931306500 118 
6702.931862000 117 
6702.932417500 142 
6702.932973000 132 
6702.933528500 112 
6702.934084000 128 
6702.934639500 144 
6702.935195000 122 
6702.935750500 114 
6702.936306000 138 
6702.936861500 138 
6702.937417000 114 
6702.937972500 123 
6702.938528000 144 
6702.939083500 127 
6702.939639000 111 
6702.940194500 134 
6702.940750000 142 
6702.941305500 116 
6702.941861000 118 
6702.942416500 142 
6702.942972000 134 
6702.943527500 111 
6702.944083000 128 
6702.944638500 144 
6702.945194000 121 
6702.945749500 114 
6702.946305000 139 
6702.946860500 139 
6702.947416000 113 
6702.947971500 122 
6702.948527000 144 
6702.949082500 128 
6702.949638000 111 
6702.950193500 133 
6702.950749000 141 
6702.951304500 117 
6702.951860000 117 
6702.952415500 141 
6702.952971000 133 
6702.953526500 112 
6702.954082000 128 
6702.954637500 143 
6702.955193000 123 
6702.955748500 114 
6702.956304000 138 
6702.956859500 139 
6702.957415000 113 
6702.957970500 121 
6702.958526000 144 
6702.959081500 127 
6702.959637000 112 
6702.960192500 134 
6702.960748000 141 
6702.961303500 118 
6702.961859000 118 
6702.962414500 141 
6702.962970000 134 
6702.963525500 111 
6702.964081000 127 
6702.964636500 144 
6702.965192000 122 
6702.965747500 113 
6702.966303000 138 
6702.966858500 138 
6702.967414000 113 
6702.967969500 122 
6702.968525000 144 
6702.969080500 128 
6702.969636000 112 
6702.970191500 133 
6702.970747000 142 
6702.971302500 118 
6702.971858000 116 
6702.972413500 142 
6702.972969000 134 
6702.973524500 111 
6702.974080000 127 
6702.974635500 144 
6702.975191000 122 
6702.975746500 113 
6702.976302000 139 
6702.976857500 139 
6702.977413000 113 
6702.977968500 122 
6702.978524000 143 
6702.979079500 128 
6702.979635000 111 
6702.980190500 133 
6702.980746000 142 
6702.981301500 118 
6702.981857000 118 
6702.982412500 142 
6702.982968000 133 
6702.983523500 111 
6702.984079000 127 
6702.984634500 144 
6702.985190000 122 
6702.985745500 114 
6702.986301000 138 
6702.986856500 139 
6702.987412000 114 
6702.987967500 121 
6702.988523000 143 
6702.989078500 128 
6702.989634000 111 
6702.990189500 134 
6702.990745000 142 
6702.991300500 117 
6702.991856000 117 
6702.992411500 142 
6702.992967000 134 
6702.993522500 111 
6702.994078000 128 
6702.994633500 144 
6702.995189000 121 
6702.995744500 113 
6702.996300000 138 
6702.996855500 138 
6702.997411000 114 
6702.997966500 122 
6702.998522000 144 
6702.999077500 127 
6702.999633000 111 
6703.000188500 134 
6703.000744000 142 
6703.001299500 117 
6703.001855000 117 
6703.002410500 142 
6703.002966000 133 
6703.003521500 112 
6703.004077000 128 
6703.004632500 143 
6703.005188000 123 
6703.005743500 114 
6703.006299000 138 
6703.006854500 138 
6703.007410000 114 
6703.007965500 122 
6703.008521000 144 
6703.009076500 129 
6703.009632000 112 
6703.010187500 133 
6703.010743000 143 
6703.011298500 117 
6703.011854000 117 
6703.012409500 143 
6703.012965000 133 
6703.013520500 112 
6703.014076000 128 
6703.014631500 144 
6703.015187000 122 
6703.015742500 113 
6703.016298000 139 
6703.016853500 139 
6703.017409000 114 
6703.017964500 121 
6703.018520000 144 
6703.019075500 127 
6703.019631000 111 
6703.020186500 133 
6703.020742000 142 
6703.021297500 117 
6703.021853000 117 
6703.022408500 142 
6703.022964000 134 
6703.023519500 111 
6703.024075000 128 
6703.024630500 144 
6703.025186000 123 
6703.025741500 113 
6703.026297000 139 
6703.026852500 138 
6703.027408000 114 
6703.027963500 122 
6703.028519000 143 
6703.029074500 129 
6703.029630000 112 
6703.030185500 133 
6703.030741000 143 
6703.031296500 117 
6703.031852000 116 
6703.032407500 142 
6703.032963000 133 
6703.033518500 111 
6703.034074000 128 
6703.034629500 144 
6703.035185000 122 
6703.035740500 114 
6703.036296000 138 
6703.036851500 138 
6703.037407000 114 
6703.037962500 122 
6703.038518000 143 
6703.039073500 128 
6703.039629000 111 
6703.040184500 134 
6703.040740000 142 
6703.041295500 117 
6703.041851000 117 
6703.042406500 141 
6703.042962000 134 
6703.043517500 111 
6703.044073000 127 
6703.044628500 144 
6703.045184000 122 
6703.045739500 114 
6703.046295000 138 
6703.046850500 138 
6703.047406000 114 
6703.047961500 122 
6703.048517000 144 
6703.049072500 128 
6703.049628000 112 
6703.050183500 133 
6703.050739000 142 
6703.051294500 117 
6703.051850000 117 
6703.052405500 142 
6703.052961000 134 
6703.053516500 112 
6703.054072000 127 
6703.054627500 144 
6703.055183000 122 
6703.055738500 113 
6703.056294000 138 
6703.056849500 138 
6703.057405000 114 
6703.057960500 122 
6703.058516000 144 
6703.059071500 127 
6703.059627000 111 
6703.060182500 133 
6703.060738000 142 
6703.061293500 117 
6703.061849000 116 
6703.062404500 142 
6703.062960000 134 
6703.063515500 111 
6703.064071000 127 
6703.064626500 144 
6703.065182000 123 
6703.065737500 113 
6703.066293000 137 
6703.066848500 140 
6703.067404000 113 
6703.067959500 122 
6703.068515000 144 
6703.069070500 129 
6703.069626000 112 
6703.070181500 133 
6703.070737000 142 
6703.071292500 118 
6703.071848000 116 
6703.072403500 141 
6703.072959000 135 
6703.073514500 112 
6703.074070000 127 
6703.074625500 144 
6703.075181000 122 
6703.075736500 113 
6703.076292000 138 
6703.076847500 138 
6703.077403000 114 
6703.077958500 121 
6703.078514000 143 
6703.079069500 128 
6703.079625000 112 
6703.080180500 133 
6703.080736000 142 
6703.081291500 117 
6703.081847000 117 
6703.082402500 141 
6703.082958000 134 
6703.083513500 112 
6703.084069000 127 
6703.084624500 144 
6703.085180000 123 
6703.085735500 112 
6703.086291000 138 
6703.086846500 139 
6703.087402000 113 
6703.087957500 122 
6703.088513000 144 
6703.089068500 128 
6703.089624000 111 
6703.090179500 133 
6703.090735000 142 
6703.091290500 117 
6703.091846000 116 
6703.092401500 142 
6703.092957000 134 
6703.093512500 112 
6703.094068000 127 
6703.094623500 145 
6703.095179000 123 
6703.095734500 112 
6703.096290000 138 
6703.096845500 139 
6703.097401000 113 
6703.097956500 122 
6703.098512000 144 
6703.099067500 128 
6703.099623000 112 
6703.100178500 133 
6703.100734000 142 
6703.101289500 118 
6703.101845000 117 
6703.102400500 142 
6703.102956000 134 
6703.103511500 112 
6703.104067000 127 
6703.104622500 144 
6703.105178000 122 
6703.105733500 113 
6703.106289000 138 
6703.106844500 139 
6703.107400000 113 
6703.107955500 121 
6703.108511000 144 
6703.109066500 128 
6703.109622000 112 
6703.110177500 133 
6703.110733000 142 
6703.111288500 118 
6703.111844000 117 
6703.112399500 141 
6703.112955000 135 
6703.113510500 112 
6703.114066000 127 
6703.114621500 144 
6703.115177000 123 
6703.115732500 113 
6703.116288000 137 
6703.116843500 139 
6703.117399000 115 
6703.117954500 121 
6703.118510000 143 
6703.119065500 129 
6703.119621000 112 
6703.120176500 133 
6703.120732000 142 
6703.121287500 119 
6703.121843000 116 
6703.122398500 142 
6703.122954000 134 
6703.123509500 112 
6703.124065000 126 
6703.124620500 144 
6703.125176000 123 
6703.125731500 112 
6703.126287000 138 
6703.126842500 140 
6703.127398000 113 
6703.127953500 121 
6703.128509000 144 
6703.129064500 128 
6703.129620000 111 
6703.130175500 133 
6703.130731000 142 
6703.131286500 117 
6703.131842000 117 
6703.132397500 141 
6703.132953000 134 
6703.133508500 111 
6703.134064000 127 
6703.134619500 144 
6703.135175000 123 
6703.135730500 113 
6703.136286000 138 
6703.136841500 139 
6703.137397000 115 
6703.137952500 121 
6703.138508000 144 
6703.139063500 129 
6703.139619000 111 
6703.140174500 133 
6703.140730000 143 
6703.141285500 118 
6703.141841000 116 
6703.142396500 142 
6703.142952000 134 
6703.143507500 112 
6703.144063000 127 
6703.144618500 143 
6703.145174000 122 
6703.145729500 114 
6703.146285000 138 
6703.146840500 139 
6703.147396000 114 
6703.147951500 121 
6703.148507000 143 
6703.149062500 129 
6703.149618000 111 
6703.150173500 132 
6703.150729000 143 
6703.151284500 118 
6703.151840000 117 
6703.152395500 141 
6703.152951000 134 
6703.153506500 112 
6703.154062000 127 
6703.154617500 144 
6703.155173000 123 
6703.155728500 113 
6703.156284000 137 
6703.156839500 140 
6703.157395000 113 
6703.157950500 120 
6703.158506000 144 
6703.159061500 129 
6703.159617000 111 
6703.160172500 132 
6703.160728000 143 
6703.161283500 118 
6703.161839000 116 
6703.162394500 141 
6703.162950000 135 
6703.163505500 112 
6703.164061000 126 
6703.164616500 144 
6703.165172000 123 
6703.165727500 113 
6703.166283000 137 
6703.166838500 138 
6703.167394000 113 
6703.167949500 121 
6703.168505000 143 
6703.169060500 129 
6703.169616000 112 
6703.170171500 132 
6703.170727000 142 
6703.171282500 118 
6703.171838000 117 
6703.172393500 142 
6703.172949000 134 
6703.173504500 111 
6703.174060000 127 
6703.174615500 144 
6703.175171000 122 
6703.175726500 113 
6703.176282000 138 
6703.176837500 139 
6703.177393000 114 
6703.177948500 121 
6703.178504000 143 
6703.179059500 129 
6703.179615000 111 
6703.180170500 132 
6703.180726000 142 
6703.181281500 119 
6703.181837000 116 
6703.182392500 141 
6703.182948000 134 
6703.183503500 112 
6703.184059000 126 
6703.184614500 143 
6703.185170000 124 
6703.185725500 113 
6703.186281000 137 
6703.186836500 139 
6703.187392000 114 
6703.187947500 121 
6703.188503000 143 
6703.189058500 129 
6703.189614000 112 
6703.190169500 132 
6703.190725000 142 
6703.191280500 119 
6703.191836000 116 
6703.192391500 141 
6703.192947000 135 
6703.193502500 111 
6703.194058000 127 
6703.194613500 144 
6703.195169000 122 
6703.195724500 114 
6703.196280000 137 
6703.196835500 139 
6703.197391000 114 
6703.197946500 121 
6703.198502000 144 
6703.199057500 129 
6703.199613000 110 
6703.200168500 132 
6703.200724000 143 
6703.201279500 118 
6703.201835000 116 
6703.202390500 141 
6703.202946000 135 
6703.203501500 112 
6703.204057000 126 
6703.204612500 145 
6703.205168000 123 
6703.205723500 112 
6703.206279000 138 
6703.206834500 140 
6703.207390000 114 
6703.207945500 121 
6703.208501000 144 
6703.209056500 128 
6703.209612000 112 
6703.210167500 132 
6703.210723000 142 
6703.211278500 119 
6703.211834000 116 
6703.212389500 141 
6703.212945000 135 
6703.213500500 111 
6703.214056000 127 
6703.214611500 144 
6703.215167000 123 
6703.215722500 112 
6703.216278000 137 
6703.216833500 140 
6703.217389000 114 
6703.217944500 121 
6703.218500000 143 
6703.219055500 129 
6703.219611000 111 
6703.220166500 131 
6703.220722000 143 
6703.221277500 118 
6703.221833000 116 
6703.222388500 141 
6703.222944000 135 
6703.223499500 111 
6703.224055000 126 
6703.224610500 144 
6703.225166000 124 
6703.225721500 112 
6703.226277000 137 
6703.226832500 140 
6703.227388000 114 
6703.227943500 120 
6703.228499000 143 
6703.229054500 129 
6703.229610000 111 
6703.230165500 132 
6703.230721000 143 
6703.231276500 118 
6703.231832000 115 
6703.232387500 142 
6703.232943000 135 
6703.233498500 112 
6703.234054000 126 
6703.234609500 144 
6703.235165000 123 
6703.235720500 113 
6703.236276000 137 
6703.236831500 140 
6703.237387000 114 
6703.237942500 121 
6703.238498000 144 
6703.239053500 129 
6703.239609000 111 
6703.240164500 132 
6703.240720000 143 
6703.241275500 118 
6703.241831000 117 
6703.242386500 142 
6703.242942000 135 
6703.243497500 111 
6703.244053000 126 
6703.244608500 144 
6703.245164000 124 
6703.245719500 112 
6703.246275000 137 
6703.246830500 139 
6703.247386000 115 
6703.247941500 121 
6703.248497000 143 
6703.249052500 130 
6703.249608000 111 
6703.250163500 132 
6703.250719000 143 
6703.251274500 118 
6703.251830000 115 
6703.252385500 142 
6703.252941000 134 
6703.253496500 111 
6703.254052000 127 
6703.254607500 144 
6703.255163000 123 
6703.255718500 113 
6703.256274000 137 
6703.256829500 139 
6703.257385000 113 
6703.257940500 120 
6703.258496000 144 
6703.259051500 129 
6703.259607000 111 
6703.260162500 131 
6703.260718000 143 
6703.261273500 118 
6703.261829000 116 
6703.262384500 140 
6703.262940000 135 
6703.263495500 112 
6703.264051000 125 
6703.264606500 145 
6703.265162000 124 
6703.265717500 112 
6703.266273000 137 
6703.266828500 139 
6703.267384000 114 
6703.267939500 121 
6703.268495000 144 
6703.269050500 129 
6703.269606000 112 
6703.270161500 131 
6703.270717000 143 
6703.271272500 119 
6703.271828000 115 
6703.272383500 140 
6703.272939000 136 
6703.273494500 112 
6703.274050000 126 
6703.274605500 144 
6703.275161000 124 
6703.275716500 112 
6703.276272000 137 
6703.276827500 140 
6703.277383000 115 
6703.277938500 121 
6703.278494000 143 
6703.279049500 130 
6703.279605000 110 
6703.280160500 132 
6703.280716000 143 
6703.281271500 118 
6703.281827000 115 
6703.282382500 141 
6703.282938000 135 
6703.283493500 112 
6703.284049000 126 
6703.284604500 144 
6703.285160000 124 
6703.285715500 112 
6703.286271000 137 
6703.286826500 139 
6703.287382000 115 
6703.287937500 120 
6703.288493000 143 
6703.289048500 130 
6703.289604000 111 
6703.290159500 132 
6703.290715000 143 
6703.291270500 119 
6703.291826000 115 
6703.292381500 141 
6703.292937000 135 
6703.293492500 112 
6703.294048000 125 
6703.294603500 144 
6703.295159000 124 
6703.295714500 113 
6703.296270000 136 
6703.296825500 140 
6703.297381000 114 
6703.297936500 121 
6703.298492000 143 
6703.299047500 129 
6703.299603000 112 
6703.300158500 132 
6703.300714000 143 
6703.301269500 118 
6703.301825000 116 
6703.302380500 141 
6703.302936000 135 
6703.303491500 113 
6703.304047000 126 
6703.304602500 144 
6703.305158000 124 
6703.305713500 112 
6703.306269000 136 
6703.306824500 140 
6703.307380000 115 
6703.307935500 120 
6703.308491000 144 
6703.309046500 130 
6703.309602000 111 
6703.310157500 132 
6703.310713000 142 
6703.311268500 119 
6703.311824000 115 
6703.312379500 140 
6703.312935000 135 
6703.313490500 112 
6703.314046000 126 
6703.314601500 145 
6703.315157000 124 
6703.315712500 112 
6703.316268000 137 
6703.316823500 140 
6703.317379000 115 
6703.317934500 120 
6703.318490000 144 
6703.319045500 129 
6703.319601000 111 
6703.320156500 132 
6703.320712000 142 
6703.321267500 119 
6703.321823000 116 
6703.322378500 141 
6703.322934000 135 
6703.323489500 111 
6703.324045000 126 
6703.324600500 145 
6703.325156000 124 
6703.325711500 112 
6703.326267000 137 
6703.326822500 140 
6703.327378000 114 
6703.327933500 121 
6703.328489000 143 
6703.329044500 129 
6703.329600000 112 
6703.330155500 131 
6703.330711000 143 
6703.331266500 119 
6703.331822000 115 
6703.332377500 141 
6703.332933000 135 
6703.333488500 112 
6703.334044000 125 
6703.334599500 145 
6703.335155000 124 
6703.335710500 112 
6703.336266000 136 
6703.336821500 140 
6703.337377000 115 
6703.337932500 120 
6703.338488000 144 
6703.339043500 129 
6703.339599000 112 
6703.340154500 132 
6703.340710000 142 
6703.341265500 118 
6703.341821000 116 
6703.342376500 141 
6703.342932000 135 
6703.343487500 112 
6703.344043000 125 
6703.344598500 145 
6703.345154000 124 
6703.345709500 112 
6703.346265000 137 
6703.346820500 140 
6703.347376000 115 
6703.347931500 120 
6703.348487000 143 
6703.349042500 130 
6703.349598000 111 
6703.350153500 131 
6703.350709000 143 
6703.351264500 119 
6703.351820000 114 
6703.352375500 141 
6703.352931000 135 
6703.353486500 111 
6703.354042000 126 
6703.354597500 144 
6703.355153000 123 
6703.355708500 112 
6703.356264000 136 
6703.356819500 139 
6703.357375000 114 
6703.357930500 120 
6703.358486000 143 
6703.359041500 129 
6703.359597000 112 
6703.360152500 131 
6703.360708000 143 
6703.361263500 119 
6703.361819000 115 
6703.362374500 142 
6703.362930000 136 
6703.363485500 112 
6703.364041000 125 
6703.364596500 145 
6703.365152000 125 
6703.365707500 112 
6703.366263000 136 
6703.366818500 140 
6703.367374000 115 
6703.367929500 120 
6703.368485000 143 
6703.369040500 130 
6703.369596000 111 
6703.370151500 130 
6703.370707000 143 
6703.371262500 119 
6703.371818000 115 
6703.372373500 141 
6703.372929000 135 
6703.373484500 113 
6703.374040000 125 
6703.374595500 144 
6703.375151000 124 
6703.375706500 112 
6703.376262000 136 
6703.376817500 140 
6703.377373000 115 
6703.377928500 119 
6703.378484000 144 
6703.379039500 130 
6703.379595000 111 
6703.380150500 131 
6703.380706000 143 
6703.381261500 119 
6703.381817000 115 
6703.382372500 141 
6703.382928000 135 
6703.383483500 112 
6703.384039000 126 
6703.384594500 144 
6703.385150000 123 
6703.385705500 113 
6703.386261000 136 
6703.386816500 139 
6703.387372000 115 
6703.387927500 119 
6703.388483000 143 
6703.389038500 130 
6703.389594000 111 
6703.390149500 132 
6703.390705000 143 
6703.391260500 118 
6703.391816000 116 
6703.392371500 140 
6703.392927000 135 
6703.393482500 112 
6703.394038000 125 
6703.394593500 144 
6703.395149000 124 
6703.395704500 113 
6703.396260000 136 
6703.396815500 139 
6703.397371000 115 
6703.397926500 120 
6703.398482000 143 
6703.399037500 130 
6703.399593000 111 
6703.400148500 132 
6703.400704000 143 
6703.401259500 119 
6703.401815000 116 
6703.402370500 140 
6703.402926000 135 
6703.403481500 113 
6703.404037000 125 
6703.404592500 144 
6703.405148000 125 
6703.405703500 113 
6703.406259000 136 
6703.406814500 141 
6703.407370000 115 
6703.407925500 120 
6703.408481000 144 
6703.409036500 131 
6703.409592000 111 
6703.410147500 131 
6703.410703000 143 
6703.411258500 119 
6703.411814000 115 
6703.412369500 141 
6703.412925000 135 
6703.413480500 111 
6703.414036000 126 
6703.414591500 144 
6703.415147000 124 
6703.415702500 112 
6703.416258000 137 
6703.416813500 140 
6703.417369000 115 
6703.417924500 120 
6703.418480000 143 
6703.419035500 130 
6703.419591000 110 
6703.420146500 132 
6703.420702000 143 
6703.421257500 119 
6703.421813000 114 
6703.422368500 141 
6703.422924000 136 
6703.423479500 112 
6703.424035000 125 
6703.424590500 144 
6703.425146000 124 
6703.425701500 112 
6703.426257000 136 
6703.426812500 140 
6703.427368000 115 
6703.427923500 120 
6703.428479000 143 
6703.429034500 131 
6703.429590000 111 
6703.430145500 130 
6703.430701000 144 
6703.431256500 119 
6703.431812000 114 
6703.432367500 141 
6703.432923000 136 
6703.433478500 112 
6703.434034000 125 
6703.434589500 145 
6703.435145000 125 
6703.435700500 112 
6703.436256000 137 
6703.436811500 141 
6703.437367000 115 
6703.437922500 119 
6703.438478000 144 
6703.439033500 130 
6703.439589000 111 
6703.440144500 131 
6703.440700000 143 
6703.441255500 119 
6703.441811000 116 
6703.442366500 140 
6703.442922000 137 
6703.443477500 111 
6703.444033000 125 
6703.444588500 144 
6703.445144000 124 
6703.445699500 113 
6703.446255000 136 
6703.446810500 140 
6703.447366000 115 
6703.447921500 120 
6703.448477000 143 
6703.449032500 130 
6703.449588000 111 
6703.450143500 130 
6703.450699000 144 
6703.451254500 119 
6703.451810000 115 
6703.452365500 141 
6703.452921000 135 
6703.453476500 111 
6703.454032000 125 
6703.454587500 144 
6703.455143000 125 
6703.455698500 112 
6703.456254000 136 
6703.456809500 140 
6703.457365000 115 
6703.457920500 119 
6703.458476000 143 
6703.459031500 130 
6703.459587000 111 
6703.460142500 131 
6703.460698000 143 
6703.461253500 119 
6703.461809000 115 
6703.462364500 141 
6703.462920000 135 
6703.463475500 112 
6703.464031000 125 
6703.464586500 144 
6703.465142000 125 
6703.465697500 113 
6703.466253000 136 
6703.466808500 140 
6703.467364000 114 
6703.467919500 120 
6703.468475000 143 
6703.469030500 130 
6703.469586000 111 
6703.470141500 131 
6703.470697000 144 
6703.471252500 120 
6703.471808000 115 
6703.472363500 141 
6703.472919000 136 
6703.473474500 112 
6703.474030000 125 
6703.474585500 145 
6703.475141000 125 
6703.475696500 112 
6703.476252000 136 
6703.476807500 141 
6703.477363000 115 
6703.477918500 119 
6703.478474000 143 
6703.479029500 130 
6703.479585000 112 
6703.480140500 131 
6703.480696000 143 
6703.481251500 120 
6703.481807000 114 
6703.482362500 141 
6703.482918000 136 
6703.483473500 112 
6703.484029000 125 
6703.484584500 144 
6703.485140000 124 
6703.485695500 112 
6703.486251000 135 
6703.486806500 141 
6703.487362000 115 
6703.487917500 120 
6703.488473000 143 
6703.489028500 130 
6703.489584000 111 
6703.490139500 131 
6703.490695000 143 
6703.491250500 119 
6703.491806000 115 
6703.492361500 139 
6703.492917000 136 
6703.493472500 112 
6703.494028000 124 
6703.494583500 145 
6703.495139000 125 
6703.495694500 112 
6703.496250000 135 
6703.496805500 141 
6703.497361000 115 
6703.497916500 119 
6703.498472000 143 
6703.499027500 130 
6703.499583000 111 
6703.500138500 131 
6703.500694000 144 
6703.501249500 120 
6703.501805000 114 
6703.502360500 141 
6703.502916000 136 
6703.503471500 112 
6703.504027000 124 
6703.504582500 144 
6703.505138000 124 
6703.505693500 112 
6703.506249000 136 
6703.506804500 141 
6703.507360000 115 
6703.507915500 119 
6703.508471000 143 
6703.509026500 130 
6703.509582000 111 
6703.510137500 131 
6703.510693000 144 
6703.511248500 119 
6703.511804000 115 
6703.512359500 140 
6703.512915000 136 
6703.513470500 112 
6703.514026000 124 
6703.514581500 145 
6703.515137000 125 
6703.515692500 112 
6703.516248000 136 
6703.516803500 140 
6703.517359000 116 
6703.517914500 119 
6703.518470000 142 
6703.519025500 131 
6703.519581000 111 
6703.520136500 130 
6703.520692000 143 
6703.521247500 120 
6703.521803000 114 
6703.522358500 141 
6703.522914000 136 
6703.523469500 112 
6703.524025000 124 
6703.524580500 145 
6703.525136000 125 
6703.525691500 113 
6703.526247000 136 
6703.526802500 140 
6703.527358000 115 
6703.527913500 119 
6703.528469000 143 
6703.529024500 131 
6703.529580000 111 
6703.530135500 130 
6703.530691000 144 
6703.531246500 120 
6703.531802000 115 
6703.532357500 141 
6703.532913000 136 
6703.533468500 112 
6703.534024000 124 
6703.534579500 145 
6703.535135000 125 
6703.535690500 112 
6703.536246000 135 
6703.536801500 141 
6703.537357000 115 
6703.537912500 120 
6703.538468000 143 
6703.539023500 131 
6703.539579000 112 
6703.540134500 130 
6703.540690000 143 
6703.541245500 120 
6703.541801000 115 
6703.542356500 140 
6703.542912000 137 
6703.543467500 112 
6703.544023000 124 
6703.544578500 145 
6703.545134000 125 
6703.545689500 112 
6703.546245000 136 
6703.546800500 140 
6703.547356000 116 
6703.547911500 119 
6703.548467000 143 
6703.549022500 131 
6703.549578000 112 
6703.550133500 130 
6703.550689000 143 
6703.551244500 120 
6703.551800000 115 
6703.552355500 140 
6703.552911000 137 
6703.553466500 112 
6703.554022000 125 
6703.554577500 144 
6703.555133000 126 
6703.555688500 113 
6703.556244000 135 
6703.556799500 140 
6703.557355000 116 
6703.557910500 119 
6703.558466000 142 
6703.559021500 132 
6703.559577000 111 
6703.560132500 130 
6703.560688000 144 
6703.561243500 120 
6703.561799000 115 
6703.562354500 140 
6703.562910000 136 
6703.563465500 113 
6703.564021000 124 
6703.564576500 144 
6703.565132000 126 
6703.565687500 112 
6703.566243000 135 
6703.566798500 141 
6703.567354000 115 
6703.567909500 120 
6703.568465000 143 
6703.569020500 130 
6703.569576000 112 
6703.570131500 130 
6703.570687000 143 
6703.571242500 120 
6703.571798000 115 
6703.572353500 140 
6703.572909000 136 
6703.573464500 113 
6703.574020000 124 
6703.574575500 145 
6703.575131000 126 
6703.575686500 112 
6703.576242000 135 
6703.576797500 141 
6703.577353000 115 
6703.577908500 119 
6703.578464000 143 
6703.579019500 132 
6703.579575000 111 
6703.580130500 130 
6703.580686000 144 
6703.581241500 120 
6703.581797000 114 
6703.582352500 141 
6703.582908000 136 
6703.583463500 112 
6703.584019000 125 
6703.584574500 144 
6703.585130000 125 
6703.585685500 112 
6703.586241000 136 
6703.586796500 141 
6703.587352000 115 
6703.587907500 120 
6703.588463000 143 
6703.589018500 131 
6703.589574000 111 
6703.590129500 131 
6703.590685000 144 
6703.591240500 120 
6703.591796000 114 
6703.592351500 140 
6703.592907000 137 
6703.593462500 113 
6703.594018000 124 
6703.594573500 144 
6703.595129000 126 
6703.595684500 112 
6703.596240000 136 
6703.596795500 141 
6703.597351000 116 
6703.597906500 119 
6703.598462000 143 
6703.599017500 131 
6703.599573000 111 
6703.600128500 130 
6703.600684000 144 
6703.601239500 120 
6703.601795000 114 
6703.602350500 140 
6703.602906000 136 
6703.603461500 112 
6703.604017000 124 
6703.604572500 145 
6703.605128000 126 
6703.605683500 111 
6703.606239000 136 
6703.606794500 140 
6703.607350000 115 
6703.607905500 119 
6703.608461000 143 
6703.609016500 132 
6703.609572000 111 
6703.610127500 130 
6703.610683000 144 
6703.611238500 120 
6703.611794000 114 
6703.612349500 140 
6703.612905000 136 
6703.613460500 113 
6703.614016000 124 
6703.614571500 144 
6703.615127000 125 
6703.615682500 112 
6703.616238000 135 
6703.616793500 140 
6703.617349000 116 
6703.617904500 119 
6703.618460000 143 
6703.619015500 132 
6703.619571000 111 
6703.620126500 129 
6703.620682000 144 
6703.621237500 120 
6703.621793000 114 
6703.622348500 140 
6703.622904000 136 
6703.623459500 113 
6703.624015000 124 
6703.624570500 145 
6703.625126000 126 
6703.625681500 112 
6703.626237000 135 
6703.626792500 142 
6703.627348000 115 
6703.627903500 118 
6703.628459000 143 
6703.629014500 131 
6703.629570000 110 
6703.630125500 130 
6703.630681000 144 
6703.631236500 120 
6703.631792000 113 
6703.632347500 139 
6703.632903000 137 
6703.633458500 112 
6703.634014000 123 
6703.634569500 144 
6703.635125000 126 
6703.635680500 112 
6703.636236000 135 
6703.636791500 141 
6703.637347000 115 
6703.637902500 119 
6703.638458000 143 
6703.639013500 131 
6703.639569000 112 
6703.640124500 130 
6703.640680000 143 
6703.641235500 120 
6703.641791000 114 
6703.642346500 140 
6703.642902000 137 
6703.643457500 113 
6703.644013000 123 
6703.644568500 144 
6703.645124000 126 
6703.645679500 112 
6703.646235000 135 
6703.646790500 141 
6703.647346000 116 
6703.647901500 119 
6703.648457000 143 
6703.649012500 131 
6703.649568000 112 
6703.650123500 130 
6703.650679000 143 
6703.651234500 120 
6703.651790000 114 
6703.652345500 140 
6703.652901000 136 
6703.653456500 112 
6703.654012000 125 
6703.654567500 144 
6703.655123000 126 
6703.655678500 111 
6703.656234000 136 
6703.656789500 141 
6703.657345000 115 
6703.657900500 119 
6703.658456000 143 
6703.659011500 131 
6703.659567000 112 
6703.660122500 130 
6703.660678000 143 
6703.661233500 121 
6703.661789000 115 
6703.662344500 139 
6703.662900000 136 
6703.663455500 113 
6703.664011000 123 
6703.664566500 144 
6703.665122000 125 
6703.665677500 112 
6703.666233000 135 
6703.666788500 141 
6703.667344000 115 
6703.667899500 118 
6703.668455000 143 
6703.669010500 132 
6703.669566000 111 
6703.670121500 130 
6703.670677000 144 
6703.671232500 120 
6703.671788000 113 
6703.672343500 140 
6703.672899000 138 
6703.673454500 113 
6703.674010000 123 
6703.674565500 145 
6703.675121000 126 
6703.675676500 111 
6703.676232000 135 
6703.676787500 142 
6703.677343000 116 
6703.677898500 118 
6703.678454000 143 
6703.679009500 132 
6703.679565000 111 
6703.680120500 130 
6703.680676000 144 
6703.681231500 120 
6703.681787000 115 
6703.682342500 140 
6703.682898000 136 
6703.683453500 113 
6703.684009000 124 
6703.684564500 144 
6703.685120000 127 
6703.685675500 112 
6703.686231000 135 
6703.686786500 141 
6703.687342000 116 
6703.687897500 118 
6703.688453000 142 
6703.689008500 132 
6703.689564000 112 
6703.690119500 129 
6703.690675000 144 
6703.691230500 120 
6703.691786000 114 
6703.692341500 139 
6703.692897000 137 
6703.693452500 113 
6703.694008000 123 
6703.694563500 144 
6703.695119000 127 
6703.695674500 111 
6703.696230000 134 
6703.696785500 141 
6703.697341000 116 
6703.697896500 118 
6703.698452000 143 
6703.699007500 132 
6703.699563000 112 
6703.700118500 129 
6703.700674000 143 
6703.701229500 121 
6703.701785000 114 
6703.702340500 139 
6703.702896000 137 
6703.703451500 113 
6703.704007000 123 
6703.704562500 144 
6703.705118000 126 
6703.705673500 112 
6703.706229000 135 
6703.706784500 141 
6703.707340000 116 
6703.707895500 118 
6703.708451000 143 
6703.709006500 132 
6703.709562000 111 
6703.710117500 130 
6703.710673000 144 
6703.711228500 120 
6703.711784000 115 
6703.712339500 140 
6703.712895000 137 
6703.713450500 113 
6703.714006000 124 
6703.714561500 144 
6703.715117000 126 
6703.715672500 111 
6703.716228000 135 
6703.716783500 141 
6703.717339000 117 
6703.717894500 118 
6703.718450000 142 
6703.719005500 132 
6703.719561000 111 
6703.720116500 129 
6703.720672000 144 
6703.721227500 121 
6703.721783000 113 
6703.722338500 140 
6703.722894000 137 
6703.723449500 112 
6703.724005000 124 
6703.724560500 144 
6703.725116000 126 
6703.725671500 112 
6703.726227000 135 
6703.726782500 141 
6703.727338000 116 
6703.727893500 118 
6703.728449000 142 
6703.729004500 131 
6703.729560000 112 
6703.730115500 129 
6703.730671000 143 
6703.731226500 120 
6703.731782000 115 
6703.732337500 140 
6703.732893000 137 
6703.733448500 112 
6703.734004000 124 
6703.734559500 144 
6703.735115000 126 
6703.735670500 112 
6703.736226000 135 
6703.736781500 141 
6703.737337000 116 
6703.737892500 118 
6703.738448000 143 
6703.739003500 132 
6703.739559000 111 
6703.740114500 130 
6703.740670000 144 
6703.741225500 120 
6703.741781000 113 
6703.742336500 139 
6703.742892000 138 
6703.743447500 113 
6703.744003000 123 
6703.744558500 143 
6703.745114000 127 
6703.745669500 112 
6703.746225000 134 
6703.746780500 142 
6703.747336000 116 
6703.747891500 117 
6703.748447000 143 
6703.749002500 132 
6703.749558000 111 
6703.750113500 129 
6703.750669000 144 
6703.751224500 120 
6703.751780000 113 
6703.752335500 139 
6703.752891000 137 
6703.753446500 112 
6703.754002000 124 
6703.754557500 144 
6703.755113000 126 
6703.755668500 111 
6703.756224000 135 
6703.756779500 142 
6703.757335000 116 
6703.757890500 117 
6703.758446000 143 
6703.759001500 133 
6703.759557000 111 
6703.760112500 129 
6703.760668000 143 
6703.761223500 121 
6703.761779000 114 
6703.762334500 140 
6703.762890000 137 
6703.763445500 113 
6703.764001000 123 
6703.764556500 144 
6703.765112000 127 
6703.765667500 112 
6703.766223000 134 
6703.766778500 141 
6703.767334000 116 
6703.767889500 118 
6703.768445000 142 
6703.769000500 132 
6703.769556000 111 
6703.770111500 128 
6703.770667000 144 
6703.771222500 121 
6703.771778000 114 
6703.772333500 139 
6703.772889000 138 
6703.773444500 113 
6703.774000000 123 
6703.774555500 143 
6703.775111000 127 
6703.775666500 111 
6703.776222000 134 
6703.776777500 142 
6703.777333000 116 
6703.777888500 118 
6703.778444000 142 
6703.778999500 132 
6703.779555000 112 
6703.780110500 129 
6703.780666000 143 
6703.781221500 121 
6703.781777000 113 
6703.782332500 139 
6703.782888000 138 
6703.783443500 113 
6703.783999000 123 
6703.784554500 145 
6703.785110000 127 
6703.785665500 111 
6703.786221000 135 
6703.786776500 141 
6703.787332000 116 
6703.787887500 118 
6703.788443000 143 
6703.788998500 132 
6703.789554000 111 
6703.790109500 129 
6703.790665000 144 
6703.791220500 122 
6703.791776000 114 
6703.792331500 139 
6703.792887000 138 
6703.793442500 113 
6703.793998000 123 
6703.794553500 144 
6703.795109000 127 
6703.795664500 111 
6703.796220000 135 
6703.796775500 142 
6703.797331000 116 
6703.797886500 119 
6703.798442000 143 
6703.798997500 132 
6703.799553000 111 
6703.800108500 129 
6703.800664000 143 
6703.801219500 121 
6703.801775000 114 
6703.802330500 139 
6703.802886000 137 
6703.803441500 113 
6703.803997000 122 
6703.804552500 144 
6703.805108000 126 
6703.805663500 112 
6703.806219000 134 
6703.806774500 141 
6703.807330000 117 
6703.807885500 118 
6703.808441000 142 
6703.808996500 132 
6703.809552000 112 
6703.810107500 129 
6703.810663000 143 
6703.811218500 122 
6703.811774000 114 
6703.812329500 139 
6703.812885000 137 
6703.813440500 113 
6703.813996000 122 
6703.814551500 144 
6703.815107000 127 
6703.815662500 111 
6703.816218000 134 
6703.816773500 142 
6703.817329000 116 
6703.817884500 117 
6703.818440000 143 
6703.818995500 132 
6703.819551000 112 
6703.820106500 129 
6703.820662000 143 
6703.821217500 122 
6703.821773000 114 
6703.822328500 139 
6703.822884000 138 
6703.823439500 113 
6703.823995000 122 
6703.824550500 145 
6703.825106000 127 
6703.825661500 112 
6703.826217000 134 
6703.826772500 141 
6703.827328000 117 
6703.827883500 117 
6703.828439000 142 
6703.828994500 132 
6703.829550000 111 
6703.830105500 129 
6703.830661000 144 
6703.831216500 121 
6703.831772000 114 
6703.832327500 138 
6703.832883000 138 
6703.833438500 113 
6703.833994000 122 
6703.834549500 143 
6703.835105000 127 
6703.835660500 112 
6703.836216000 133 
6703.836771500 142 
6703.837327000 116 
6703.837882500 117 
6703.838438000 142 
6703.838993500 133 
6703.839549000 111 
6703.840104500 128 
6703.840660000 144 
6703.841215500 121 
6703.841771000 113 
6703.842326500 139 
6703.842882000 138 
6703.843437500 113 
6703.843993000 122 
6703.844548500 144 
6703.845104000 127 
6703.845659500 112 
6703.846215000 134 
6703.846770500 142 
6703.847326000 117 
6703.847881500 118 
6703.848437000 142 
6703.848992500 132 
6703.849548000 111 
6703.850103500 127 
6703.850659000 145 
6703.851214500 122 
6703.851770000 113 
6703.852325500 140 
6703.852881000 138 
6703.853436500 113 
6703.853992000 122 
6703.854547500 144 
6703.855103000 127 
6703.855658500 111 
6703.856214000 134 
6703.856769500 142 
6703.857325000 117 
6703.857880500 118 
6703.858436000 143 
6703.858991500 133 
6703.859547000 112 
6703.860102500 129 
6703.860658000 143 
6703.861213500 122 
6703.861769000 114 
6703.862324500 138 
6703.862880000 138 
6703.863435500 114 
6703.863991000 122 
6703.864546500 143 
6703.865102000 128 
6703.865657500 112 
6703.866213000 134 
6703.866768500 142 
6703.867324000 117 
6703.867879500 117 
6703.868435000 142 
6703.868990500 133 
6703.869546000 111 
6703.870101500 128 
6703.870657000 145 
6703.871212500 121 
6703.871768000 113 
6703.872323500 139 
6703.872879000 138 
6703.873434500 113 
6703.873990000 123 
6703.874545500 144 
6703.875101000 127 
6703.875656500 111 
6703.876212000 134 
6703.876767500 141 
6703.877323000 116 
6703.877878500 118 
6703.878434000 143 
6703.878989500 132 
6703.879545000 110 
6703.880100500 129 
6703.880656000 143 
6703.881211500 121 
6703.881767000 114 
6703.882322500 139 
6703.882878000 139 
6703.883433500 114 
6703.883989000 122 
6703.884544500 143 
6703.885100000 128 
6703.885655500 112 
6703.886211000 133 
6703.886766500 142 
6703.887322000 116 
6703.887877500 118 
6703.888433000 142 
6703.888988500 133 
6703.889544000 112 
6703.890099500 128 
6703.890655000 145 
6703.891210500 122 
6703.891766000 114 
6703.892321500 138 
6703.892877000 138 
6703.893432500 114 
6703.893988000 122 
6703.894543500 144 
6703.895099000 128 
6703.895654500 111 
6703.896210000 134 
6703.896765500 142 
6703.897321000 117 
6703.897876500 117 
6703.898432000 142 
6703.898987500 133 
6703.899543000 112 
6703.900098500 129 
6703.900654000 143 
6703.901209500 122 
6703.901765000 113 
6703.902320500 139 
6703.902876000 138 
6703.903431500 113 
6703.903987000 123 
6703.904542500 144 
6703.905098000 127 
6703.905653500 112 
6703.906209000 134 
6703.906764500 142 
6703.907320000 117 
6703.907875500 117 
6703.908431000 142 
6703.908986500 133 
6703.909542000 111 
6703.910097500 128 
6703.910653000 144 
6703.911208500 121 
6703.911764000 113 
6703.912319500 139 
6703.912875000 138 
6703.913430500 113 
6703.913986000 123 
6703.914541500 144 
6703.915097000 128 
6703.915652500 111 
6703.916208000 134 
6703.916763500 142 
6703.917319000 116 
6703.917874500 118 
6703.918430000 142 
6703.918985500 133 
6703.919541000 112 
6703.920096500 128 
6703.920652000 143 
6703.921207500 123 
6703.921763000 113 
6703.922318500 138 
6703.922874000 138 
6703.923429500 114 
6703.923985000 123 
6703.924540500 144 
6703.925096000 127 
6703.925651500 112 
6703.926207000 134 
6703.926762500 142 
6703.927318000 116 
6703.927873500 117 
6703.928429000 142 
6703.928984500 133 
6703.929540000 111 
6703.930095500 129 
6703.930651000 144 
6703.931206500 121 
6703.931762000 114 
6703.932317500 139 
6703.932873000 138 
6703.933428500 113 
6703.933984000 122 
6703.934539500 145 
6703.935095000 128 
6703.935650500 111 
6703.936206000 134 
6703.936761500 142 
6703.937317000 117 
6703.937872500 117 
6703.938428000 142 
6703.938983500 134 
6703.939539000 111 
6703.940094500 128 
6703.940650000 144 
6703.941205500 122 
6703.941761000 113 
6703.942316500 139 
6703.942872000 138 
6703.943427500 113 
6703.943983000 122 
6703.944538500 144 
6703.945094000 128 
6703.945649500 111 
6703.946205000 133 
6703.946760500 142 
6703.947316000 117 
6703.947871500 117 
6703.948427000 142 
6703.948982500 133 
6703.949538000 112 
6703.950093500 128 
6703.950649000 144 
6703.951204500 122 
6703.951760000 114 
6703.952315500 137 
6703.952871000 139 
6703.953426500 114 
6703.953982000 122 
6703.954537500 143 
6703.955093000 128 
6703.955648500 111 
6703.956204000 133 
6703.956759500 142 
6703.957315000 117 
6703.957870500 118 
6703.958426000 142 
6703.958981500 133 
6703.959537000 111 
6703.960092500 128 
6703.960648000 144 
6703.961203500 122 
6703.961759000 113 
6703.962314500 139 
6703.962870000 138 
6703.963425500 114 
6703.963981000 123 
6703.964536500 144 
6703.965092000 127 
6703.965647500 110 
6703.966203000 134 
6703.966758500 142 
6703.967314000 117 
6703.967869500 117 
6703.968425000 143 
6703.968980500 133 
6703.969536000 111 
6703.970091500 128 
6703.970647000 144 
6703.971202500 122 
6703.971758000 114 
6703.972313500 138 
6703.972869000 138 
6703.973424500 114 
6703.973980000 122 
6703.974535500 144 
6703.975091000 128 
6703.975646500 112 
6703.976202000 133 
6703.976757500 143 
6703.977313000 118 
6703.977868500 117 
6703.978424000 141 
6703.978979500 133 
6703.979535000 110 
6703.980090500 128 
6703.980646000 144 
6703.981201500 121 
6703.981757000 114 
6703.982312500 138 
6703.982868000 138 
6703.983423500 114 
6703.983979000 121 
6703.984534500 144 
6703.985090000 128 
6703.985645500 111 
6703.986201000 134 
6703.986756500 142 
6703.987312000 117 
6703.987867500 117 
6703.988423000 142 
6703.988978500 134 
6703.989534000 112 
6703.990089500 127 
6703.990645000 144 
6703.991200500 123 
6703.991756000 113 
6703.992311500 138 
6703.992867000 139 
6703.993422500 113 
6703.993978000 121 
6703.994533500 145 
6703.995089000 128 
6703.995644500 111 
6703.996200000 133 
6703.996755500 142 
6703.997311000 117 
6703.997866500 118 
6703.998422000 142 
6703.998977500 133 
6703.999533000 112 
6704.000088500 128 
6704.000644000 143 
6704.001199500 122 
6704.001755000 114 
6704.002310500 138 
6704.002866000 138 
6704.003421500 113 
6704.003977000 122 
6704.004532500 144 
6704.005088000 127 
6704.005643500 111 
6704.006199000 134 
6704.006754500 143 
6704.007310000 117 
6704.007865500 116 
6704.008421000 142 
6704.008976500 133 
6704.009532000 112 
6704.010087500 128 
6704.010643000 143 
6704.011198500 123 
6704.011754000 113 
6704.012309500 138 
6704.012865000 139 
6704.013420500 113 
6704.013976000 122 
6704.014531500 144 
6704.015087000 127 
6704.015642500 112 
6704.016198000 133 
6704.016753500 142 
6704.017309000 118 
6704.017864500 117 
6704.018420000 141 
6704.018975500 134 
6704.019531000 112 
6704.020086500 127 
6704.020642000 143 
6704.021197500 121 
6704.021753000 114 
6704.022308500 138 
6704.022864000 138 
6704.023419500 114 
6704.023975000 122 
6704.024530500 143 
6704.025086000 128 
6704.025641500 111 
6704.026197000 134 
6704.026752500 142 
6704.027308000 118 
6704.027863500 116 
6704.028419000 143 
6704.028974500 134 
6704.029530000 111 
6704.030085500 127 
6704.030641000 144 
6704.031196500 123 
6704.031752000 112 
6704.032307500 137 
6704.032863000 139 
6704.033418500 114 
6704.033974000 122 
6704.034529500 143 
6704.035085000 127 
6704.035640500 112 
6704.036196000 133 
6704.036751500 142 
6704.037307000 118 
6704.037862500 116 
6704.038418000 142 
6704.038973500 134 
6704.039529000 111 
6704.040084500 128 
6704.040640000 143 
6704.041195500 123 
6704.041751000 113 
6704.042306500 137 
6704.042862000 139 
6704.043417500 113 
6704.043973000 121 
6704.044528500 144 
6704.045084000 128 
6704.045639500 112 
6704.046195000 133 
6704.046750500 142 
6704.047306000 118 
6704.047861500 117 
6704.048417000 142 
6704.048972500 133 
6704.049528000 112 
6704.050083500 127 
6704.050639000 143 
6704.051194500 123 
6704.051750000 113 
6704.052305500 137 
6704.052861000 139 
6704.053416500 114 
6704.053972000 122 
6704.054527500 144 
6704.055083000 128 
6704.055638500 112 
6704.056194000 133 
6704.056749500 142 
6704.057305000 117 
6704.057860500 117 
6704.058416000 141 
6704.058971500 135 
6704.059527000 112 
6704.060082500 127 
6704.060638000 144 
6704.061193500 123 
6704.061749000 114 
6704.062304500 138 
6704.062860000 138 
6704.063415500 114 
6704.063971000 121 
6704.064526500 143 
6704.065082000 129 
6704.065637500 111 
6704.066193000 132 
6704.066748500 143 
6704.067304000 117 
6704.067859500 117 
6704.068415000 141 
6704.068970500 134 
6704.069526000 111 
6704.070081500 127 
6704.070637000 145 
6704.071192500 122 
6704.071748000 112 
6704.072303500 138 
6704.072859000 139 
6704.073414500 114 
6704.073970000 122 
6704.074525500 144 
6704.075081000 128 
6704.075636500 111 
6704.076192000 132 
6704.076747500 143 
6704.077303000 117 
6704.077858500 116 
6704.078414000 142 
6704.078969500 134 
6704.079525000 111 
6704.080080500 126 
6704.080636000 144 
6704.081191500 123 
6704.081747000 114 
6704.082302500 137 
6704.082858000 139 
6704.083413500 114 
6704.083969000 121 
6704.084524500 143 
6704.085080000 129 
6704.085635500 111 
6704.086191000 132 
6704.086746500 142 
6704.087302000 118 
6704.087857500 116 
6704.088413000 141 
6704.088968500 134 
6704.089524000 112 
6704.090079500 127 
6704.090635000 144 
6704.091190500 123 
6704.091746000 113 
6704.092301500 138 
6704.092857000 139 
6704.093412500 114 
6704.093968000 121 
6704.094523500 144 
6704.095079000 129 
6704.095634500 111 
6704.096190000 133 
6704.096745500 143 
6704.097301000 118 
6704.097856500 116 
6704.098412000 142 
6704.098967500 134 
6704.099523000 111 
6704.100078500 128 
6704.100634000 144 
6704.101189500 123 
6704.101745000 113 
6704.102300500 138 
6704.102856000 139 
6704.103411500 113 
6704.103967000 121 
6704.104522500 144 
6704.105078000 128 
6704.105633500 111 
6704.106189000 133 
6704.106744500 142 
6704.107300000 118 
6704.107855500 117 
6704.108411000 142 
6704.108966500 134 
6704.109522000 112 
6704.110077500 126 
6704.110633000 145 
6704.111188500 123 
6704.111744000 112 
6704.112299500 138 
6704.112855000 139 
6704.113410500 113 
6704.113966000 121 
6704.114521500 144 
6704.115077000 128 
6704.115632500 112 
6704.116188000 132 
6704.116743500 142 
6704.117299000 118 
6704.117854500 117 
6704.118410000 141 
6704.118965500 133 
6704.119521000 112 
6704.120076500 127 
6704.120632000 143 
6704.121187500 123 
6704.121743000 113 
6704.122298500 137 
6704.122854000 139 
6704.123409500 114 
6704.123965000 120 
6704.124520500 144 
6704.125076000 129 
6704.125631500 111 
6704.126187000 132 
6704.126742500 143 
6704.127298000 118 
6704.127853500 116 
6704.128409000 142 
6704.128964500 134 
6704.129520000 111 
6704.130075500 127 
6704.130631000 144 
6704.131186500 122 
6704.131742000 113 
6704.132297500 138 
6704.132853000 139 
6704.133408500 113 
6704.133964000 122 
6704.134519500 144 
6704.135075000 128 
6704.135630500 111 
6704.136186000 132 
6704.136741500 143 
6704.137297000 118 
6704.137852500 117 
6704.138408000 141 
6704.138963500 134 
6704.139519000 112 
6704.140074500 127 
6704.140630000 144 
6704.141185500 123 
6704.141741000 113 
6704.142296500 138 
6704.142852000 139 
6704.143407500 113 
6704.143963000 122 
6704.144518500 144 
6704.145074000 128 
6704.145629500 112 
6704.146185000 132 
6704.146740500 142 
6704.147296000 118 
6704.147851500 117 
6704.148407000 141 
6704.148962500 134 
6704.149518000 112 
6704.150073500 126 
6704.150629000 144 
6704.151184500 123 
6704.151740000 112 
6704.152295500 137 
6704.152851000 140 
6704.153406500 114 
6704.153962000 121 
6704.154517500 143 
6704.155073000 129 
6704.155628500 111 
6704.156184000 132 
6704.156739500 143 
6704.157295000 118 
6704.157850500 115 
6704.158406000 142 
6704.158961500 135 
6704.159517000 112 
6704.160072500 126 
6704.160628000 144 
6704.161183500 123 
6704.161739000 112 
6704.162294500 137 
6704.162850000 140 
6704.163405500 114 
6704.163961000 121 
6704.164516500 144 
6704.165072000 129 
6704.165627500 112 
6704.166183000 132 
6704.166738500 142 
6704.167294000 118 
6704.167849500 116 
6704.168405000 141 
6704.168960500 134 
6704.169516000 111 
6704.170071500 126 
6704.170627000 145 
6704.171182500 123 
6704.171738000 113 
6704.172293500 137 
6704.172849000 138 
6704.173404500 115 
6704.173960000 121 
6704.174515500 143 
6704.175071000 130 
6704.175626500 111 
6704.176182000 132 
6704.176737500 142 
6704.177293000 118 
6704.177848500 116 
6704.178404000 141 
6704.178959500 134 
6704.179515000 112 
6704.180070500 126 
6704.180626000 144 
6704.181181500 123 
6704.181737000 112 
6704.182292500 137 
6704.182848000 139 
6704.183403500 113 
6704.183959000 120 
6704.184514500 144 
6704.185070000 129 
6704.185625500 111 
6704.186181000 132 
6704.186736500 143 
6704.187292000 117 
6704.187847500 117 
6704.188403000 142 
6704.188958500 134 
6704.189514000 111 
6704.190069500 127 
6704.190625000 144 
6704.191180500 124 
6704.191736000 112 
6704.192291500 138 
6704.192847000 139 
6704.193402500 115 
6704.193958000 121 
6704.194513500 143 
6704.195069000 128 
6704.195624500 112 
6704.196180000 132 
6704.196735500 143 
6704.197291000 118 
6704.197846500 116 
6704.198402000 142 
6704.198957500 135 
6704.199513000 111 
6704.200068500 127 
6704.200624000 144 
6704.201179500 123 
6704.201735000 113 
6704.202290500 137 
6704.202846000 139 
6704.203401500 114 
6704.203957000 121 
6704.204512500 144 
6704.205068000 129 
6704.205623500 112 
6704.206179000 132 
6704.206734500 143 
6704.207290000 118 
6704.207845500 116 
6704.208401000 142 
6704.208956500 135 
6704.209512000 112 
6704.210067500 126 
6704.210623000 145 
6704.211178500 123 
6704.211734000 112 
6704.212289500 137 
6704.212845000 139 
6704.213400500 113 
6704.213956000 121 
6704.214511500 144 
6704.215067000 129 
6704.215622500 112 
6704.216178000 132 
6704.216733500 142 
6704.217289000 118 
6704.217844500 117 
6704.218400000 141 
6704.218955500 134 
6704.219511000 111 
6704.220066500 126 
6704.220622000 144 
6704.221177500 124 
6704.221733000 112 
6704.222288500 137 
6704.222844000 140 
6704.223399500 114 
6704.223955000 120 
6704.224510500 144 
6704.225066000 129 
6704.225621500 111 
6704.226177000 132 
6704.226732500 143 
6704.227288000 117 
6704.227843500 116 
6704.228399000 142 
6704.228954500 135 
6704.229510000 111 
6704.230065500 127 
6704.230621000 144 
6704.231176500 124 
6704.231732000 112 
6704.232287500 138 
6704.232843000 140 
6704.233398500 114 
6704.233954000 121 
6704.234509500 144 
6704.235065000 128 
6704.235620500 111 
6704.236176000 131 
6704.236731500 143 
6704.237287000 119 
6704.237842500 116 
6704.238398000 141 
6704.238953500 135 
6704.239509000 112 
6704.240064500 126 
6704.240620000 145 
6704.241175500 123 
6704.241731000 112 
6704.242286500 138 
6704.242842000 140 
6704.243397500 114 
6704.243953000 120 
6704.244508500 144 
6704.245064000 129 
6704.245619500 111 
6704.246175000 132 
6704.246730500 143 
6704.247286000 119 
6704.247841500 116 
6704.248397000 141 
6704.248952500 135 
6704.249508000 112 
6704.250063500 126 
6704.250619000 144 
6704.251174500 124 
6704.251730000 112 
6704.252285500 137 
6704.252841000 139 
6704.253396500 115 
6704.253952000 121 
6704.254507500 144 
6704.255063000 129 
6704.255618500 112 
6704.256174000 132 
6704.256729500 143 
6704.257285000 118 
6704.257840500 117 
6704.258396000 141 
6704.258951500 135 
6704.259507000 112 
6704.260062500 126 
6704.260618000 144 
6704.261173500 123 
6704.261729000 113 
6704.262284500 137 
6704.262840000 139 
6704.263395500 115 
6704.263951000 120 
6704.264506500 143 
6704.265062000 130 
6704.265617500 111 
6704.266173000 131 
6704.266728500 143 
6704.267284000 118 
6704.267839500 115 
6704.268395000 141 
6704.268950500 134 
6704.269506000 111 
6704.270061500 126 
6704.270617000 144 
6704.271172500 124 
6704.271728000 112 
6704.272283500 138 
6704.272839000 140 
6704.273394500 115 
6704.273950000 120 
6704.274505500 143 
6704.275061000 130 
6704.275616500 111 
6704.276172000 131 
6704.276727500 143 
6704.277283000 118 
6704.277838500 116 
6704.278394000 141 
6704.278949500 134 
6704.279505000 111 
6704.280060500 127 
6704.280616000 144 
6704.281171500 123 
6704.281727000 112 
6704.282282500 137 
6704.282838000 140 
6704.283393500 114 
6704.283949000 120 
6704.284504500 144 
6704.285060000 130 
6704.285615500 111 
6704.286171000 131 
6704.286726500 143 
6704.287282000 118 
6704.287837500 115 
6704.288393000 142 
6704.288948500 135 
6704.289504000 113 
6704.290059500 126 
6704.290615000 144 
6704.291170500 124 
6704.291726000 113 
6704.292281500 137 
6704.292837000 139 
6704.293392500 115 
6704.293948000 120 
6704.294503500 144 
6704.295059000 129 
6704.295614500 111 
6704.296170000 132 
6704.296725500 143 
6704.297281000 118 
6704.297836500 115 
6704.298392000 141 
6704.298947500 135 
6704.299503000 112 
6704.300058500 125 
6704.300614000 144 
6704.301169500 123 
6704.301725000 113 
6704.302280500 137 
6704.302836000 139 
6704.303391500 115 
6704.303947000 120 
6704.304502500 143 
6704.305058000 130 
6704.305613500 111 
6704.306169000 131 
6704.306724500 143 
6704.307280000 118 
6704.307835500 115 
6704.308391000 142 
6704.308946500 135 
6704.309502000 112 
6704.310057500 125 
6704.310613000 144 
6704.311168500 124 
6704.311724000 112 
6704.312279500 137 
6704.312835000 140 
6704.313390500 114 
6704.313946000 120 
6704.314501500 144 
6704.315057000 129 
6704.315612500 112 
6704.316168000 131 
6704.316723500 143 
6704.317279000 119 
6704.317834500 116 
6704.318390000 140 
6704.318945500 136 
6704.319501000 112 
6704.320056500 126 
6704.320612000 143 
6704.321167500 124 
6704.321723000 113 
6704.322278500 136 
6704.322834000 140 
6704.323389500 115 
6704.323945000 120 
6704.324500500 143 
6704.325056000 130 
6704.325611500 111 
6704.326167000 131 
6704.326722500 143 
6704.327278000 119 
6704.327833500 115 
6704.328389000 141 
6704.328944500 135 
6704.329500000 112 
6704.330055500 125 
6704.330611000 145 
6704.331166500 124 
6704.331722000 112 
6704.332277500 137 
6704.332833000 140 
6704.333388500 114 
6704.333944000 120 
6704.334499500 143 
6704.335055000 129 
6704.335610500 112 
6704.336166000 131 
6704.336721500 143 
6704.337277000 118 
6704.337832500 116 
6704.338388000 141 
6704.338943500 135 
6704.339499000 111 
6704.340054500 126 
6704.340610000 144 
6704.341165500 124 
6704.341721000 112 
6704.342276500 136 
6704.342832000 140 
6704.343387500 114 
6704.343943000 120 
6704.344498500 143 
6704.345054000 129 
6704.345609500 111 
6704.346165000 131 
6704.346720500 143 
6704.347276000 119 
6704.347831500 116 
6704.348387000 141 
6704.348942500 135 
6704.349498000 113 
6704.350053500 126 
6704.350609000 144 
6704.351164500 124 
6704.351720000 113 
6704.352275500 137 
6704.352831000 140 
6704.353386500 114 
6704.353942000 121 
6704.354497500 144 
6704.355053000 129 
6704.355608500 112 
6704.356164000 131 
6704.356719500 143 
6704.357275000 119 
6704.357830500 116 
6704.358386000 141 
6704.358941500 136 
6704.359497000 111 
6704.360052500 125 
6704.360608000 144 
6704.361163500 123 
6704.361719000 113 
6704.362274500 136 
6704.362830000 139 
6704.363385500 114 
6704.363941000 120 
6704.364496500 143 
6704.365052000 130 
6704.365607500 112 
6704.366163000 131 
6704.366718500 143 
6704.367274000 118 
6704.367829500 116 
6704.368385000 141 
6704.368940500 135 
6704.369496000 112 
6704.370051500 125 
6704.370607000 144 
6704.371162500 125 
6704.371718000 113 
6704.372273500 136 
6704.372829000 141 
6704.373384500 115 
6704.373940000 120 
6704.374495500 144 
6704.375051000 130 
6704.375606500 112 
6704.376162000 132 
6704.376717500 143 
6704.377273000 118 
6704.377828500 116 
6704.378384000 140 
6704.378939500 135 
6704.379495000 112 
6704.380050500 126 
6704.380606000 144 
6704.381161500 124 
6704.381717000 113 
6704.382272500 137 
6704.382828000 140 
6704.383383500 115 
6704.383939000 120 
6704.384494500 143 
6704.385050000 131 
6704.385605500 112 
6704.386161000 131 
6704.386716500 143 
6704.387272000 119 
6704.387827500 116 
6704.388383000 140 
6704.388938500 135 
6704.389494000 113 
6704.390049500 125 
6704.390605000 144 
6704.391160500 125 
6704.391716000 112 
6704.392271500 135 
6704.392827000 140 
6704.393382500 115 
6704.393938000 120 
6704.394493500 143 
6704.395049000 130 
6704.395604500 112 
6704.396160000 131 
6704.396715500 143 
6704.397271000 120 
6704.397826500 116 
6704.398382000 141 
6704.398937500 135 
6704.399493000 111 
6704.400048500 126 
6704.400604000 144 
6704.401159500 124 
6704.401715000 113 
6704.402270500 137 
6704.402826000 141 
6704.403381500 115 
6704.403937000 119 
6704.404492500 143 
6704.405048000 130 
6704.405603500 110 
6704.406159000 132 
6704.406714500 143 
6704.407270000 118 
6704.407825500 116 
6704.408381000 140 
6704.408936500 135 
6704.409492000 113 
6704.410047500 125 
6704.410603000 145 
6704.411158500 125 
6704.411714000 112 
6704.412269500 136 
6704.412825000 140 
6704.413380500 115 
6704.413936000 119 
6704.414491500 144 
6704.415047000 130 
6704.415602500 111 
6704.416158000 131 
6704.416713500 142 
6704.417269000 120 
6704.417824500 114 
6704.418380000 141 
6704.418935500 136 
6704.419491000 112 
6704.420046500 124 
6704.420602000 145 
6704.421157500 125 
6704.421713000 112 
6704.422268500 135 
6704.422824000 141 
6704.423379500 115 
6704.423935000 119 
6704.424490500 144 
6704.425046000 130 
6704.425601500 111 
6704.426157000 131 
6704.426712500 143 
6704.427268000 119 
6704.427823500 116 
6704.428379000 140 
6704.428934500 135 
6704.429490000 113 
6704.430045500 125 
6704.430601000 144 
6704.431156500 125 
6704.431712000 112 
6704.432267500 136 
6704.432823000 141 
6704.433378500 115 
6704.433934000 119 
6704.434489500 143 
6704.435045000 131 
6704.435600500 111 
6704.436156000 130 
6704.436711500 143 
6704.437267000 120 
6704.437822500 115 
6704.438378000 140 
6704.438933500 136 
6704.439489000 112 
6704.440044500 125 
6704.440600000 145 
6704.441155500 125 
6704.441711000 112 
6704.442266500 136 
6704.442822000 140 
6704.443377500 114 
6704.443933000 120 
6704.444488500 143 
6704.445044000 131 
6704.445599500 111 
6704.446155000 130 
6704.446710500 144 
6704.447266000 119 
6704.447821500 115 
6704.448377000 140 
6704.448932500 136 
6704.449488000 112 
6704.450043500 125 
6704.450599000 144 
6704.451154500 125 
6704.451710000 112 
6704.452265500 137 
6704.452821000 140 
6704.453376500 114 
6704.453932000 120 
6704.454487500 143 
6704.455043000 130 
6704.455598500 112 
6704.456154000 131 
6704.456709500 143 
6704.457265000 120 
6704.457820500 114 
6704.458376000 141 
6704.458931500 136 
6704.459487000 111 
6704.460042500 125 
6704.460598000 145 
6704.461153500 125 
6704.461709000 112 
6704.462264500 136 
6704.462820000 140 
6704.463375500 115 
6704.463931000 119 
6704.464486500 143 
6704.465042000 131 
6704.465597500 112 
6704.466153000 131 
6704.466708500 143 
6704.467264000 119 
6704.467819500 115 
6704.468375000 141 
6704.468930500 136 
6704.469486000 112 
6704.470041500 124 
6704.470597000 144 
6704.471152500 124 
6704.471708000 112 
6704.472263500 136 
6704.472819000 140 
6704.473374500 116 
6704.473930000 119 
6704.474485500 143 
6704.475041000 131 
6704.475596500 111 
6704.476152000 130 
6704.476707500 143 
6704.477263000 120 
6704.477818500 115 
6704.478374000 140 
6704.478929500 136 
6704.479485000 112 
6704.480040500 124 
6704.480596000 144 
6704.481151500 125 
6704.481707000 112 
6704.482262500 135 
6704.482818000 141 
6704.483373500 115 
6704.483929000 119 
6704.484484500 144 
6704.485040000 130 
6704.485595500 111 
6704.486151000 131 
6704.486706500 143 
6704.487262000 120 
6704.487817500 115 
6704.488373000 141 
6704.488928500 136 
6704.489484000 112 
6704.490039500 125 
6704.490595000 144 
6704.491150500 124 
6704.491706000 113 
6704.492261500 136 
6704.492817000 140 
6704.493372500 115 
6704.493928000 119 
6704.494483500 143 
6704.495039000 131 
6704.495594500 111 
6704.496150000 131 
6704.496705500 142 
6704.497261000 120 
6704.497816500 115 
6704.498372000 141 
6704.498927500 137 
6704.499483000 112 
6704.500038500 124 
6704.500594000 144 
6704.501149500 125 
6704.501705000 112 
6704.502260500 136 
6704.502816000 141 
6704.503371500 115 
6704.503927000 119 
6704.504482500 143 
6704.505038000 130 
6704.505593500 111 
6704.506149000 131 
6704.506704500 144 
6704.507260000 119 
6704.507815500 115 
6704.508371000 140 
6704.508926500 136 
6704.509482000 112 
6704.510037500 125 
6704.510593000 144 
6704.511148500 124 
6704.511704000 112 
6704.512259500 135 
6704.512815000 141 
6704.513370500 115 
6704.513926000 119 
6704.514481500 143 
6704.515037000 131 
6704.515592500 111 
6704.516148000 131 
6704.516703500 143 
6704.517259000 120 
6704.517814500 115 
6704.518370000 141 
6704.518925500 136 
6704.519481000 112 
6704.520036500 125 
6704.520592000 144 
6704.521147500 124 
6704.521703000 112 
6704.522258500 136 
6704.522814000 141 
6704.523369500 115 
6704.523925000 118 
6704.524480500 143 
6704.525036000 131 
6704.525591500 111 
6704.526147000 130 
6704.526702500 143 
6704.527258000 119 
6704.527813500 114 
6704.528369000 141 
6704.528924500 136 
6704.529480000 113 
6704.530035500 124 
6704.530591000 145 
6704.531146500 125 
6704.531702000 112 
6704.532257500 136 
6704.532813000 140 
6704.533368500 115 
6704.533924000 119 
6704.534479500 143 
6704.535035000 131 
6704.535590500 111 
6704.536146000 130 
6704.536701500 144 
6704.537257000 120 
6704.537812500 114 
6704.538368000 141 
6704.538923500 136 
6704.539479000 112 
6704.540034500 124 
6704.540590000 145 
6704.541145500 125 
6704.541701000 112 
6704.542256500 136 
6704.542812000 140 
6704.543367500 114 
6704.543923000 119 
6704.544478500 143 
6704.545034000 130 
6704.545589500 111 
6704.546145000 130 
6704.546700500 144 
6704.547256000 120 
6704.547811500 115 
6704.548367000 140 
6704.548922500 137 
6704.549478000 113 
6704.550033500 124 
6704.550589000 144 
6704.551144500 125 
6704.551700000 112 
6704.552255500 136 
6704.552811000 141 
6704.553366500 115 
6704.553922000 118 
6704.554477500 143 
6704.555033000 130 
6704.555588500 111 
6704.556144000 131 
6704.556699500 142 
6704.557255000 119 
6704.557810500 115 
6704.558366000 140 
6704.558921500 136 
6704.559477000 113 
6704.560032500 124 
6704.560588000 145 
6704.561143500 126 
6704.561699000 112 
6704.562254500 135 
6704.562810000 141 
6704.563365500 115 
6704.563921000 118 
6704.564476500 143 
6704.565032000 131 
6704.565587500 111 
6704.566143000 129 
6704.566698500 144 
6704.567254000 119 
6704.567809500 115 
6704.568365000 140 
6704.568920500 137 
6704.569476000 112 
6704.570031500 124 
6704.570587000 144 
6704.571142500 126 
6704.571698000 113 
6704.572253500 135 
6704.572809000 140 
6704.573364500 116 
6704.573920000 119 
6704.574475500 142 
6704.575031000 132 
6704.575586500 112 
6704.576142000 130 
6704.576697500 143 
6704.577253000 119 
6704.577808500 115 
6704.578364000 140 
6704.578919500 136 
6704.579475000 112 
6704.580030500 125 
6704.580586000 144 
6704.581141500 125 
6704.581697000 112 
6704.582252500 135 
6704.582808000 141 
6704.583363500 115 
6704.583919000 118 
6704.584474500 143 
6704.585030000 132 
6704.585585500 112 
6704.586141000 129 
6704.586696500 144 
6704.587252000 119 
6704.587807500 114 
6704.588363000 141 
6704.588918500 137 
6704.589474000 112 
6704.590029500 125 
6704.590585000 144 
6704.591140500 125 
6704.591696000 111 
6704.592251500 135 
6704.592807000 140 
6704.593362500 116 
6704.593918000 119 
6704.594473500 143 
6704.595029000 131 
6704.595584500 112 
6704.596140000 130 
6704.596695500 144 
6704.597251000 121 
6704.597806500 114 
6704.598362000 139 
6704.598917500 137 
6704.599473000 112 
6704.600028500 124 
6704.600584000 145 
6704.601139500 126 
6704.601695000 112 
6704.602250500 136 
6704.602806000 141 
6704.603361500 115 
6704.603917000 118 
6704.604472500 144 
6704.605028000 131 
6704.605583500 111 
6704.606139000 130 
6704.606694500 143 
6704.607250000 119 
6704.607805500 115 
6704.608361000 140 
6704.608916500 136 
6704.609472000 113 
6704.610027500 124 
6704.610583000 144 
6704.611138500 125 
6704.611694000 112 
6704.612249500 136 
6704.612805000 141 
6704.613360500 115 
6704.613916000 119 
6704.614471500 143 
6704.615027000 131 
6704.615582500 111 
6704.616138000 130 
6704.616693500 143 
6704.617249000 120 
6704.617804500 114 
6704.618360000 140 
6704.618915500 137 
6704.619471000 112 
6704.620026500 124 
6704.620582000 144 
6704.621137500 125 
6704.621693000 111 
6704.622248500 136 
6704.622804000 141 
6704.623359500 115 
6704.623915000 119 
6704.624470500 142 
6704.625026000 132 
6704.625581500 111 
6704.626137000 129 
6704.626692500 144 
6704.627248000 120 
6704.627803500 114 
6704.628359000 139 
6704.628914500 137 
6704.629470000 112 
6704.630025500 123 
6704.630581000 144 
6704.631136500 126 
6704.631692000 112 
6704.632247500 135 
6704.632803000 141 
6704.633358500 116 
6704.633914000 118 
6704.634469500 143 
6704.635025000 131 
6704.635580500 112 
6704.636136000 130 
6704.636691500 143 
6704.637247000 121 
6704.637802500 114 
6704.638358000 140 
6704.638913500 137 
6704.639469000 112 
6704.640024500 125 
6704.640580000 144 
6704.641135500 126 
6704.641691000 112 
6704.642246500 135 
6704.642802000 140 
6704.643357500 115 
6704.643913000 119 
6704.644468500 143 
6704.645024000 131 
6704.645579500 111 
6704.646135000 130 
6704.646690500 144 
6704.647246000 120 
6704.647801500 114 
6704.648357000 140 
6704.648912500 137 
6704.649468000 113 
6704.650023500 123 
6704.650579000 145 
6704.651134500 125 
6704.651690000 112 
6704.652245500 135 
6704.652801000 140 
6704.653356500 116 
6704.653912000 119 
6704.654467500 142 
6704.655023000 131 
6704.655578500 112 
6704.656134000 130 
6704.656689500 143 
6704.657245000 120 
6704.657800500 115 
6704.658356000 139 
6704.658911500 136 
6704.659467000 112 
6704.660022500 124 
6704.660578000 144 
6704.661133500 126 
6704.661689000 113 
6704.662244500 136 
6704.662800000 141 
6704.663355500 115 
6704.663911000 119 
6704.664466500 143 
6704.665022000 131 
6704.665577500 112 
6704.666133000 129 
6704.666688500 144 
6704.667244000 120 
6704.667799500 114 
6704.668355000 140 
6704.668910500 137 
6704.669466000 112 
6704.670021500 124 
6704.670577000 144 
6704.671132500 126 
6704.671688000 112 
6704.672243500 135 
6704.672799000 141 
6704.673354500 116 
6704.673910000 119 
6704.674465500 143 
6704.675021000 131 
6704.675576500 111 
6704.676132000 130 
6704.676687500 143 
6704.677243000 120 
6704.677798500 115 
6704.678354000 139 
6704.678909500 137 
6704.679465000 113 
6704.680020500 124 
6704.680576000 144 
6704.681131500 126 
6704.681687000 111 
6704.682242500 135 
6704.682798000 141 
6704.683353500 116 
6704.683909000 118 
6704.684464500 142 
6704.685020000 131 
6704.685575500 112 
6704.686131000 129 
6704.686686500 143 
6704.687242000 121 
6704.687797500 114 
6704.688353000 139 
6704.688908500 137 
6704.689464000 113 
6704.690019500 123 
6704.690575000 144 
6704.691130500 126 
6704.691686000 112 
6704.692241500 134 
6704.692797000 142 
6704.693352500 116 
6704.693908000 118 
6704.694463500 143 
6704.695019000 131 
6704.695574500 110 
6704.696130000 129 
6704.696685500 144 
6704.697241000 121 
6704.697796500 114 
6704.698352000 140 
6704.698907500 137 
6704.699463000 112 
6704.700018500 124 
6704.700574000 144 
6704.701129500 126 
6704.701685000 111 
6704.702240500 135 
6704.702796000 141 
6704.703351500 116 
6704.703907000 118 
6704.704462500 143 
6704.705018000 131 
6704.705573500 112 
6704.706129000 129 
6704.706684500 144 
6704.707240000 120 
6704.707795500 115 
6704.708351000 140 
6704.708906500 137 
6704.709462000 112 
6704.710017500 124 
6704.710573000 144 
6704.711128500 126 
6704.711684000 113 
6704.712239500 135 
6704.712795000 141 
6704.713350500 116 
6704.713906000 119 
6704.714461500 143 
6704.715017000 132 
6704.715572500 112 
6704.716128000 129 
6704.716683500 144 
6704.717239000 122 
6704.717794500 114 
6704.718350000 139 
6704.718905500 138 
6704.719461000 113 
6704.720016500 123 
6704.720572000 144 
6704.721127500 126 
6704.721683000 112 
6704.722238500 134 
6704.722794000 141 
6704.723349500 116 
6704.723905000 118 
6704.724460500 143 
6704.725016000 132 
6704.725571500 111 
6704.726127000 129 
6704.726682500 144 
6704.727238000 121 
6704.727793500 114 
6704.728349000 140 
6704.728904500 137 
6704.729460000 113 
6704.730015500 117 
6704.730571000 122 
6704.731126500 124 
6704.731682000 126 
6704.732237500 125 
6704.732793000 125 
6704.733348500 126 
6704.733904000 125 
6704.734459500 127 
6704.735015000 126 
6704.735570500 127 
6704.736126000 126 
6704.736681500 127 
6704.737237000 127 
6704.737792500 127 
6704.738348000 126 
6704.738903500 127 
6704.739459000 128 
6704.740014500 127 
6704.740570000 127 
6704.741125500 127 
6704.741681000 128 
6704.742236500 127 
6704.742792000 127 
6704.743347500 128 
6704.743903000 127 
6704.744458500 127 
6704.745014000 127 
6704.745569500 128 
6704.746125000 128 
6704.746680500 128 
6704.747236000 127 
6704.747791500 128 
6704.748347000 128 
6704.748902500 128 
6704.749458000 128 
6704.750013500 127 
6704.750569000 128 
6704.751124500 128 
6704.751680000 127 
6704.752235500 128 
6704.752791000 128 
6704.753346500 127 
6704.753902000 128 
6704.754457500 128 
6704.755013000 127 
6704.755568500 128 
6704.756124000 128 
6704.756679500 127 
6704.757235000 127 
6704.757790500 128 
6704.758346000 128 
6704.758901500 128 
6704.759457000 127 
6704.760012500 128 
6704.760568000 128 
6704.761123500 128 
6704.761679000 127 
6704.762234500 128 
6704.762790000 128 
6704.763345500 127 
6704.763901000 128 
6704.764456500 128 
6704.765012000 127 
6704.765567500 127 
6704.766123000 128 
6704.766678500 128 
6704.767234000 127 
6704.767789500 128 
6704.768345000 128 
6704.768900500 127 
6704.769456000 128 
6704.770011500 129 
6704.770567000 127 
6704.771122500 127 
6704.771678000 129 
6704.772233500 128 
6704.772789000 128 
6704.773344500 127 
6704.773900000 128 
6704.774455500 128 
6704.775011000 127 
6704.775566500 128 
6704.776122000 127 
6704.776677500 128 
6704.777233000 128 
6704.777788500 127 
6704.778344000 128 
6704.778899500 127 
6704.779455000 128 
6704.780010500 128 
6704.780566000 128 
6704.781121500 127 
6704.781677000 128 
6704.782232500 128 
6704.782788000 127 
6704.783343500 128 
6704.783899000 128 
6704.784454500 128 
6704.785010000 127 
6704.785565500 128 
6704.786121000 127 
6704.786676500 128 
6704.787232000 128 
6704.787787500 127 
6704.788343000 127 
6704.788898500 128 
6704.789454000 128 
6704.790009500 128 
6704.790565000 127 
6704.791120500 128 
6704.791676000 127 
6704.792231500 128 
6704.792787000 128 
6704.793342500 127 
6704.793898000 128 
6704.794453500 128 
6704.795009000 127 
6704.795564500 128 
6704.796120000 128 
6704.796675500 127 
6704.797231000 128 
6704.797786500 128 
6704.798342000 127 
6704.798897500 127 
6704.799453000 128 
6704.800008500 128 
6704.800564000 128 
6704.801119500 128 
6704.801675000 128 
6704.802230500 127 
6704.802786000 128 
6704.803341500 127 
6704.803897000 128 
6704.804452500 127 
6704.805008000 128 
6704.805563500 127 
6704.806119000 128 
6704.806674500 128 
6704.807230000 127 
6704.807785500 128 
6704.808341000 128 
6704.808896500 127 
6704.809452000 127 
6704.810007500 128 
6704.810563000 127 
6704.811118500 127 
6704.811674000 128 
6704.812229500 127 
6704.812785000 127 
6704.813340500 128 
6704.813896000 128 
6704.814451500 127 
6704.815007000 128 
6704.815562500 128 
6704.816118000 127 
6704.816673500 128 
6704.817229000 127 
6704.817784500 128 
6704.818340000 127 
6704.818895500 128 
6704.819451000 128 
6704.820006500 127 
6704.820562000 128 
6704.821117500 128 
6704.821673000 128 
6704.822228500 127 
6704.822784000 128 
6704.823339500 128 
6704.823895000 128 
6704.824450500 127 
6704.825006000 128 
6704.825561500 128 
6704.826117000 128 
6704.826672500 127 
6704.827228000 127 
6704.827783500 128 
6704.828339000 128 
6704.828894500 127 
6704.829450000 128 
6704.830005500 128 
6704.830561000 127 
6704.831116500 128 
6704.831672000 127 
6704.832227500 128 
6704.832783000 128 
6704.833338500 127 
6704.833894000 128 
6704.834449500 128 
6704.835005000 127 
6704.835560500 128 
6704.836116000 128 
6704.836671500 127 
6704.837227000 128 
6704.837782500 128 
6704.838338000 127 
6704.838893500 128 
6704.839449000 128 
6704.840004500 128 
6704.840560000 127 
6704.841115500 128 
6704.841671000 128 
6704.842226500 127 
6704.842782000 128 
6704.843337500 128 
6704.843893000 127 
6704.844448500 128 
6704.845004000 127 
6704.845559500 128 
6704.846115000 127 
6704.846670500 127 
6704.847226000 127 
6704.847781500 128 
6704.848337000 128 
6704.848892500 127 
6704.849448000 127 
6704.850003500 128 
6704.850559000 128 
6704.851114500 127 
6704.851670000 127 
6704.852225500 128 
6704.852781000 127 
6704.853336500 127 
6704.853892000 127 
6704.854447500 128 
6704.855003000 127 
6704.855558500 127 
6704.856114000 128 
6704.856669500 128 
6704.857225000 128 
6704.857780500 127 
6704.858336000 128 
6704.858891500 128 
6704.859447000 128 
6704.860002500 128 
6704.860558000 127 
6704.861113500 127 
6704.861669000 128 
6704.862224500 128 
6704.862780000 127 
6704.863335500 128 
6704.863891000 128 
6704.864446500 127 
6704.865002000 128 
6704.865557500 128 
6704.866113000 128 
6704.866668500 127 
6704.867224000 127 
6704.867779500 127 
6704.868335000 128 
6704.868890500 127 
6704.869446000 128 
6704.870001500 128 
6704.870557000 127 
6704.871112500 127 
6704.871668000 128 
6704.872223500 128 
6704.872779000 127 
6704.873334500 128 
6704.873890000 128 
6704.874445500 128 
6704.875001000 128 
6704.875556500 128 
6704.876112000 128 
6704.876667500 128 
6704.877223000 127 
6704.877778500 128 
6704.878334000 128 
6704.878889500 127 
6704.879445000 128 
6704.880000500 128 
6704.880556000 127 
6704.881111500 128 
6704.881667000 128 
6704.882222500 127 
6704.882778000 128 
6704.883333500 128 
6704.883889000 128 
6704.884444500 127 
6704.885000000 128 
6704.885555500 128 
6704.886111000 128 
6704.886666500 128 
6704.887222000 127 
6704.887777500 127 
6704.888333000 128 
6704.888888500 127 
6704.889444000 128 
6704.889999500 128 
6704.890555000 127 
6704.891110500 129 
6704.891666000 128 
6704.892221500 127 
6704.892777000 128 
6704.893332500 128 
6704.893888000 127 
6704.894443500 128 
6704.894999000 128 
6704.895554500 128 
6704.896110000 127 
6704.896665500 128 
6704.897221000 128 
6704.897776500 127 
6704.898332000 128 
6704.898887500 128 
6704.899443000 127 
6704.899998500 128 
6704.900554000 127 
6704.901109500 128 
6704.901665000 128 
6704.902220500 128 
6704.902776000 127 
6704.903331500 127 
6704.903887000 128 
6704.904442500 128 
6704.904998000 128 
6704.905553500 127 
6704.906109000 128 
6704.906664500 128 
6704.907220000 127 
6704.907775500 128 
6704.908331000 128 
6704.908886500 128 
6704.909442000 127 
6704.909997500 127 
6704.910553000 128 
6704.911108500 128 
6704.911664000 127 
6704.912219500 128 
6704.912775000 128 
6704.913330500 127 
6704.913886000 128 
6704.914441500 127 
6704.914997000 128 
6704.915552500 128 
6704.916108000 128 
6704.916663500 128 
6704.917219000 128 
6704.917774500 128 
6704.918330000 128 
6704.918885500 128 
6704.919441000 127 
6704.919996500 127 
6704.920552000 128 
6704.921107500 128 
6704.921663000 127 
6704.922218500 128 
6704.922774000 128 
6704.923329500 127 
6704.923885000 128 
6704.924440500 128 
6704.924996000 128 
6704.925551500 128 
6704.926107000 128 
6704.926662500 127 
6704.927218000 127 
6704.927773500 128 
6704.928329000 128 
6704.928884500 127 
6704.929440000 128 
6704.929995500 127 
6704.930551000 128 
6704.931106500 128 
6704.931662000 127 
6704.932217500 128 
6704.932773000 128 
6704.933328500 127 
6704.933884000 128 
6704.934439500 128 
6704.934995000 128 
6704.935550500 128 
6704.936106000 127 
6704.936661500 127 
6704.937217000 128 
6704.937772500 128 
6704.938328000 127 
6704.938883500 127 
6704.939439000 128 
6704.939994500 128 
6704.940550000 127 
6704.941105500 128 
6704.941661000 128 
6704.942216500 128 
6704.942772000 128 
6704.943327500 128 
6704.943883000 128 
6704.944438500 128 
6704.944994000 127 
6704.945549500 128 
6704.946105000 128 
6704.946660500 127 
6704.947216000 128 
6704.947771500 128 
6704.948327000 128 
6704.948882500 127 
6704.949438000 128 
6704.949993500 128 
6704.950549000 128 
6704.951104500 127 
6704.951660000 128 
6704.952215500 128 
6704.952771000 127 
6704.953326500 128 
6704.953882000 128 
6704.954437500 127 
6704.954993000 128 
6704.955548500 128 
6704.956104000 127 
6704.956659500 128 
6704.957215000 128 
6704.957770500 128 
6704.958326000 128 
6704.958881500 127 
6704.959437000 127 
6704.959992500 129 
6704.960548000 128 
6704.961103500 127 
6704.961659000 127 
6704.962214500 128 
6704.962770000 128 
6704.963325500 127 
6704.963881000 128 
6704.964436500 127 
6704.964992000 127 
6704.965547500 128 
6704.966103000 127 
6704.966658500 128 
6704.967214000 127 
6704.967769500 127 
6704.968325000 128 
6704.968880500 128 
6704.969436000 128 
6704.969991500 128 
6704.970547000 127 
6704.971102500 128 
6704.971658000 128 
6704.972213500 128 
6704.972769000 127 
6704.973324500 128 
6704.973880000 128 
6704.974435500 127 
6704.974991000 128 
6704.975546500 128 
6704.976102000 127 
6704.976657500 128 
6704.977213000 128 
6704.977768500 127 
6704.978324000 127 
6704.978879500 128 
6704.979435000 128 
6704.979990500 127 
6704.980546000 127 
6704.981101500 128 
6704.981657000 128 
6704.982212500 127 
6704.982768000 128 
6704.983323500 128 
6704.983879000 127 
6704.984434500 128 
6704.984990000 127 
6704.985545500 128 
6704.986101000 128 
6704.986656500 127 
6704.987212000 128 
6704.987767500 128 
6704.988323000 127 
6704.988878500 127 
6704.989434000 127 
6704.989989500 128 
6704.990545000 127 
6704.991100500 128 
6704.991656000 128 
6704.992211500 128 
6704.992767000 128 
6704.993322500 127 
6704.993878000 128 
6704.994433500 128 
6704.994989000 127 
6704.995544500 127 
6704.996100000 128 
6704.996655500 128 
6704.997211000 128 
6704.997766500 129 
6704.998322000 127 
6704.998877500 128 
6704.999433000 127 
6704.999988500 128 
6705.000544000 128 
6705.001099500 127 
6705.001655000 128 
6705.002210500 128 
6705.002766000 128 
6705.003321500 127 
6705.003877000 127 
6705.004432500 128 
6705.004988000 127 
6705.005543500 128 
6705.006099000 128 
6705.006654500 127 
6705.007210000 127 
6705.007765500 128 
6705.008321000 128 
6705.008876500 127 
6705.009432000 128 
6705.009987500 128 
6705.010543000 127 
6705.011098500 128 
6705.011654000 127 
6705.012209500 128 
6705.012765000 127 
6705.013320500 128 
6705.013876000 127 
6705.014431500 127 
6705.014987000 128 
6705.015542500 127 
6705.016098000 127 
6705.016653500 128 
6705.017209000 128 
6705.017764500 127 
6705.018320000 128 
6705.018875500 128 
6705.019431000 127 
6705.019986500 129 
6705.020542000 128 
6705.021097500 128 
6705.021653000 127 
6705.022208500 128 
6705.022764000 128 
6705.023319500 127 
6705.023875000 128 
6705.024430500 128 
6705.024986000 128 
6705.025541500 128 
6705.026097000 128 
6705.026652500 128 
6705.027208000 128 
6705.027763500 128 
6705.028319000 127 
6705.028874500 127 
6705.029430000 128 
6705.029985500 128 
6705.030541000 128 
6705.031096500 127 
6705.031652000 128 
6705.032207500 128 
6705.032763000 127 
6705.033318500 128 
6705.033874000 128 
6705.034429500 128 
6705.034985000 127 
6705.035540500 128 
6705.036096000 128 
6705.036651500 127 
6705.037207000 128 
6705.037762500 128 
6705.038318000 127 
6705.038873500 127 
6705.039429000 128 
6705.039984500 128 
6705.040540000 128 
6705.041095500 127 
6705.041651000 127 
6705.042206500 128 
6705.042762000 128 
6705.043317500 127 
6705.043873000 128 
6705.044428500 128 
6705.044984000 127 
6705.045539500 127 
6705.046095000 128 
6705.046650500 128 
6705.047206000 127 
6705.047761500 127 
6705.048317000 128 
6705.048872500 128 
6705.049428000 127 
6705.049983500 128 
6705.050539000 129 
6705.051094500 127 
6705.051650000 127 
6705.052205500 128 
6705.052761000 127 
6705.053316500 128 
6705.053872000 127 
6705.054427500 128 
6705.054983000 128 
6705.055538500 127 
6705.056094000 128 
6705.056649500 128 
6705.057205000 128 
6705.057760500 128 
6705.058316000 127 
6705.058871500 127 
6705.059427000 128 
6705.059982500 128 
6705.060538000 127 
6705.061093500 128 
6705.061649000 128 
6705.062204500 128 
6705.062760000 127 
6705.063315500 127 
6705.063871000 128 
6705.064426500 128 
6705.064982000 127 
6705.065537500 129 
6705.066093000 128 
6705.066648500 127 
6705.067204000 127 
6705.067759500 127 
6705.068315000 128 
6705.068870500 127 
6705.069426000 128 
6705.069981500 128 
6705.070537000 127 
6705.071092500 128 
6705.071648000 128 
6705.072203500 127 
6705.072759000 128 
6705.073314500 128 
6705.073870000 127 
6705.074425500 128 
6705.074981000 128 
6705.075536500 127 
6705.076092000 127 
6705.076647500 128 
6705.077203000 128 
6705.077758500 127 
6705.078314000 128 
6705.078869500 128 
6705.079425000 128 
6705.079980500 128 
6705.080536000 127 
6705.081091500 128 
6705.081647000 128 
6705.082202500 127 
6705.082758000 128 
6705.083313500 127 
6705.083869000 128 
6705.084424500 128 
6705.084980000 127 
6705.085535500 128 
6705.086091000 128 
6705.086646500 127 
6705.087202000 128 
6705.087757500 127 
6705.088313000 128 
6705.088868500 128 
6705.089424000 127 
6705.089979500 128 
6705.090535000 128 
6705.091090500 127 
6705.091646000 128 
6705.092201500 128 
6705.092757000 127 
6705.093312500 128 
6705.093868000 128 
6705.094423500 127 
6705.094979000 128 
6705.095534500 127 
6705.096090000 128 
6705.096645500 127 
6705.097201000 128 
6705.097756500 128 
6705.098312000 127 
6705.098867500 128 
6705.099423000 128 
6705.099978500 128 
6705.100534000 127 
6705.101089500 128 
6705.101645000 128 
6705.102200500 127 
6705.102756000 128 
6705.103311500 128 
6705.103867000 127 
6705.104422500 128 
6705.104978000 128 
6705.105533500 127 
6705.106089000 128 
6705.106644500 128 
6705.107200000 127 
6705.107755500 128 
6705.108311000 128 
6705.108866500 128 
6705.109422000 127 
6705.109977500 128 
6705.110533000 128 
6705.111088500 128 
6705.111644000 127 
6705.112199500 128 
6705.112755000 128 
6705.113310500 128 
6705.113866000 127 
6705.114421500 127 
6705.114977000 128 
6705.115532500 127 
6705.116088000 127 
6705.116643500 128 
6705.117199000 128 
6705.117754500 127 
6705.118310000 127 
6705.118865500 128 
6705.119421000 128 
6705.119976500 127 
6705.120532000 127 
6705.121087500 128 
6705.121643000 127 
6705.122198500 128 
6705.122754000 128 
6705.123309500 128 
6705.123865000 128 
6705.124420500 127 
6705.124976000 128 
6705.125531500 128 
6705.126087000 127 
6705.126642500 128 
6705.127198000 127 
6705.127753500 127 
6705.128309000 128 
6705.128864500 128 
6705.129420000 127 
6705.129975500 128 
6705.130531000 128 
6705.131086500 128 
6705.131642000 127 
6705.132197500 128 
6705.132753000 128 
6705.133308500 128 
6705.133864000 128 
6705.134419500 128 
6705.134975000 128 
6705.135530500 127 
6705.136086000 128 
6705.136641500 127 
6705.137197000 128 
6705.137752500 128 
6705.138308000 127 
6705.138863500 127 
6705.139419000 128 
6705.139974500 128 
6705.140530000 127 
6705.141085500 127 
6705.141641000 128 
6705.142196500 128 
6705.142752000 127 
6705.143307500 128 
6705.143863000 128 
6705.144418500 127 
6705.144974000 127 
6705.145529500 128 
6705.146085000 128 
6705.146640500 127 
6705.147196000 128 
6705.147751500 128 
6705.148307000 128 
6705.148862500 127 
6705.149418000 128 
6705.149973500 128 
6705.150529000 127 
6705.151084500 128 
6705.151640000 127 
6705.152195500 128 
6705.152751000 128 
6705.153306500 127 
6705.153862000 128 
6705.154417500 128 
6705.154973000 128 
6705.155528500 127 
6705.156084000 128 
6705.156639500 128 
6705.157195000 128 
6705.157750500 127 
6705.158306000 128 
6705.158861500 128 
6705.159417000 127 
6705.159972500 127 
6705.160528000 128 
6705.161083500 128 
6705.161639000 127 
6705.162194500 127 
6705.162750000 128 
6705.163305500 128 
6705.163861000 128 
6705.164416500 128 
6705.164972000 128 
6705.165527500 128 
6705.166083000 127 
6705.166638500 128 
6705.167194000 128 
6705.167749500 127 
6705.168305000 128 
6705.168860500 128 
6705.169416000 127 
6705.169971500 127 
6705.170527000 128 
6705.171082500 128 
6705.171638000 127 
6705.172193500 127 
6705.172749000 128 
6705.173304500 128 
6705.173860000 128 
6705.174415500 128 
6705.174971000 128 
6705.175526500 127 
6705.176082000 128 
6705.176637500 128 
6705.177193000 128 
6705.177748500 127 
6705.178304000 128 
6705.178859500 127 
6705.179415000 128 
6705.179970500 128 
6705.180526000 127 
6705.181081500 127 
6705.181637000 128 
6705.182192500 128 
6705.182748000 127 
6705.183303500 128 
6705.183859000 127 
6705.184414500 128 
6705.184970000 128 
6705.185525500 128 
6705.186081000 128 
6705.186636500 128 
6705.187192000 128 
6705.187747500 127 
6705.188303000 128 
6705.188858500 128 
6705.189414000 128 
6705.189969500 127 
6705.190525000 127 
6705.191080500 128 
6705.191636000 128 
6705.192191500 127 
6705.192747000 128 
6705.193302500 127 
6705.193858000 128 
6705.194413500 127 
6705.194969000 127 
6705.195524500 128 
6705.196080000 128 
6705.196635500 128 
6705.197191000 128 
6705.197746500 128 
6705.198302000 127 
6705.198857500 128 
6705.199413000 128 
6705.199968500 127 
6705.200524000 128 
6705.201079500 128 
6705.201635000 128 
6705.202190500 127 
6705.202746000 128 
6705.203301500 128 
6705.203857000 127 
6705.204412500 127 
6705.204968000 128 
6705.205523500 128 
6705.206079000 127 
6705.206634500 128 
6705.207190000 128 
6705.207745500 127 
6705.208301000 128 
6705.208856500 127 
6705.209412000 127 
6705.209967500 128 
6705.210523000 127 
6705.211078500 127 
6705.211634000 128 
6705.212189500 127 
6705.212745000 127 
6705.213300500 128 
6705.213856000 128 
6705.214411500 128 
6705.214967000 127 
6705.215522500 127 
6705.216078000 128 
6705.216633500 128 
6705.217189000 128 
6705.217744500 127 
6705.218300000 128 
6705.218855500 128 
6705.219411000 127 
6705.219966500 128 
6705.220522000 128 
6705.221077500 127 
6705.221633000 128 
6705.222188500 128 
6705.222744000 127 
6705.223299500 128 
6705.223855000 128 
6705.224410500 127 
6705.224966000 128 
6705.225521500 128 
6705.226077000 128 
6705.226632500 127 
6705.227188000 127 
6705.227743500 128 
6705.228299000 128 
6705.228854500 127 
6705.229410000 128 
6705.229965500 128 
6705.230521000 127 
6705.231076500 128 
6705.231632000 128 
6705.232187500 127 
6705.232743000 128 
6705.233298500 128 
6705.233854000 128 
6705.234409500 127 
6705.234965000 128 
6705.235520500 128 
6705.236076000 127 
6705.236631500 128 
6705.237187000 128 
6705.237742500 127 
6705.238298000 128 
6705.238853500 128 
6705.239409000 127 
6705.239964500 128 
6705.240520000 128 
6705.241075500 128 
6705.241631000 127 
6705.242186500 128 
6705.242742000 128 
6705.243297500 128 
6705.243853000 127 
6705.244408500 128 
6705.244964000 128 
6705.245519500 127 
6705.246075000 128 
6705.246630500 128 
6705.247186000 127 
6705.247741500 128 
6705.248297000 128 
6705.248852500 127 
6705.249408000 128 
6705.249963500 127 
6705.250519000 128 
6705.251074500 127 
6705.251630000 127 
6705.252185500 128 
6705.252741000 128 
6705.253296500 127 
6705.253852000 127 
6705.254407500 128 
6705.254963000 128 
6705.255518500 127 
6705.256074000 127 
6705.256629500 128 
6705.257185000 128 
6705.257740500 128 
6705.258296000 127 
6705.258851500 128 
6705.259407000 128 
6705.259962500 127 
6705.260518000 128 
6705.261073500 128 
6705.261629000 127 
6705.262184500 128 
6705.262740000 127 
6705.263295500 127 
6705.263851000 128 
6705.264406500 127 
6705.264962000 128 
6705.265517500 128 
6705.266073000 127 
6705.266628500 127 
6705.267184000 128 
6705.267739500 128 
6705.268295000 127 
6705.268850500 128 
6705.269406000 128 
6705.269961500 128 
6705.270517000 127 
6705.271072500 129 
6705.271628000 128 
6705.272183500 127 
6705.272739000 128 
6705.273294500 128 
6705.273850000 127 
6705.274405500 127 
6705.274961000 128 
6705.275516500 127 
6705.276072000 128 
6705.276627500 128 
6705.277183000 128 
6705.277738500 128 
6705.278294000 127 
6705.278849500 127 
6705.279405000 128 
6705.279960500 128 
6705.280516000 127 
6705.281071500 128 
6705.281627000 128 
6705.282182500 127 
6705.282738000 127 
6705.283293500 128 
6705.283849000 127 
6705.284404500 127 
6705.284960000 128 
6705.285515500 128 
6705.286071000 127 
6705.286626500 128 
6705.287182000 128 
6705.287737500 127 
6705.288293000 128 
6705.288848500 128 
6705.289404000 127 
6705.289959500 128 
6705.290515000 127 
6705.291070500 128 
6705.291626000 128 
6705.292181500 128 
6705.292737000 127 
6705.293292500 128 
6705.293848000 127 
6705.294403500 127 
6705.294959000 128 
6705.295514500 128 
6705.296070000 127 
6705.296625500 127 
6705.297181000 128 
6705.297736500 128 
6705.298292000 128 
6705.298847500 128 
6705.299403000 127 
6705.299958500 127 
6705.300514000 128 
6705.301069500 127 
6705.301625000 128 
6705.302180500 128 
6705.302736000 128 
6705.303291500 128 
6705.303847000 128 
6705.304402500 127 
6705.304958000 128 
6705.305513500 127 
6705.306069000 127 
6705.306624500 128 
6705.307180000 128 
6705.307735500 127 
6705.308291000 128 
6705.308846500 128 
6705.309402000 127 
6705.309957500 128 
6705.310513000 128 
6705.311068500 127 
6705.311624000 128 
6705.312179500 128 
6705.312735000 128 
6705.313290500 127 
6705.313846000 128 
6705.314401500 128 
6705.314957000 128 
6705.315512500 128 
6705.316068000 127 
6705.316623500 129 
6705.317179000 128 
6705.317734500 127 
6705.318290000 128 
6705.318845500 127 
6705.319401000 127 
6705.319956500 128 
6705.320512000 128 
6705.321067500 127 
6705.321623000 128 
6705.322178500 128 
6705.322734000 128 
6705.323289500 128 
6705.323845000 127 
6705.324400500 128 
6705.324956000 128 
6705.325511500 127 
6705.326067000 129 
6705.326622500 128 
6705.327178000 128 
6705.327733500 127 
6705.328289000 128 
6705.328844500 127 
6705.329400000 128 
6705.329955500 128 
6705.330511000 127 
6705.331066500 128 
6705.331622000 128 
6705.332177500 127 
6705.332733000 128 
6705.333288500 127 
6705.333844000 127 
6705.334399500 128 
6705.334955000 128 
6705.335510500 128 
6705.336066000 127 
6705.336621500 128 
6705.337177000 128 
6705.337732500 127 
6705.338288000 128 
6705.338843500 128 
6705.339399000 128 
6705.339954500 127 
6705.340510000 128 
6705.341065500 128 
6705.341621000 127 
6705.342176500 128 
6705.342732000 128 
6705.343287500 127 
6705.343843000 128 
6705.344398500 128 
6705.344954000 127 
6705.345509500 128 
6705.346065000 127 
6705.346620500 128 
6705.347176000 128 
6705.347731500 127 
6705.348287000 129 
6705.348842500 128 
6705.349398000 127 
6705.349953500 128 
6705.350509000 128 
6705.351064500 128 
6705.351620000 128 
6705.352175500 128 
6705.352731000 128 
6705.353286500 127 
6705.353842000 129 
6705.354397500 128 
6705.354953000 127 
6705.355508500 127 
6705.356064000 128 
6705.356619500 128 
6705.357175000 128 
6705.357730500 128 
6705.358286000 128 
6705.358841500 127 
6705.359397000 128 
6705.359952500 128 
6705.360508000 128 
6705.361063500 127 
6705.361619000 127 
6705.362174500 128 
6705.362730000 128 
6705.363285500 127 
6705.363841000 127 
6705.364396500 128 
6705.364952000 127 
6705.365507500 128 
6705.366063000 128 
6705.366618500 127 
6705.367174000 127 
6705.367729500 128 
6705.368285000 128 
6705.368840500 127 
6705.369396000 128 
6705.369951500 128 
6705.370507000 128 
6705.371062500 127 
6705.371618000 127 
6705.372173500 128 
6705.372729000 128 
6705.373284500 127 
6705.373840000 128 
6705.374395500 127 
6705.374951000 127 
6705.375506500 128 
6705.376062000 128 
6705.376617500 127 
6705.377173000 127 
6705.377728500 127 
6705.378284000 128 
6705.378839500 128 
6705.379395000 128 
6705.379950500 128 
6705.380506000 128 
6705.381061500 127 
6705.381617000 128 
6705.382172500 128 
6705.382728000 128 
6705.383283500 127 
6705.383839000 128 
6705.384394500 128 
6705.384950000 127 
6705.385505500 128 
6705.386061000 128 
6705.386616500 127 
6705.387172000 128 
6705.387727500 128 
6705.388283000 129 
6705.388838500 128 
6705.389394000 127 
6705.389949500 127 
6705.390505000 128 
6705.391060500 128 
6705.391616000 127 
6705.392171500 128 
6705.392727000 128 
6705.393282500 127 
6705.393838000 127 
6705.394393500 128 
6705.394949000 128 
6705.395504500 127 
6705.396060000 128 
6705.396615500 128 
6705.397171000 128 
6705.397726500 127 
6705.398282000 128 
6705.398837500 128 
6705.399393000 127 
6705.399948500 128 
6705.400504000 127 
6705.401059500 128 
6705.401615000 128 
6705.402170500 127 
6705.402726000 128 
6705.403281500 127 
6705.403837000 128 
6705.404392500 128 
6705.404948000 127 
6705.405503500 128 
6705.406059000 128 
6705.406614500 127 
6705.407170000 128 
6705.407725500 128 
6705.408281000 128 
6705.408836500 128 
6705.409392000 128 
6705.409947500 127 
6705.410503000 127 
6705.411058500 128 
6705.411614000 127 
6705.412169500 127 
6705.412725000 128 
6705.413280500 128 
6705.413836000 128 
6705.414391500 128 
6705.414947000 128 
6705.415502500 128 
6705.416058000 128 
6705.416613500 127 
6705.417169000 129 
6705.417724500 128 
6705.418280000 128 
6705.418835500 127 
6705.419391000 128 
6705.419946500 128 
6705.420502000 128 
6705.421057500 128 
6705.421613000 128 
6705.422168500 128 
6705.422724000 127 
6705.423279500 127 
6705.423835000 128 
6705.424390500 128 
6705.424946000 127 
6705.425501500 128 
6705.426057000 128 
6705.426612500 127 
6705.427168000 128 
6705.427723500 127 
6705.428279000 128 
6705.428834500 128 
6705.429390000 127 
6705.429945500 128 
6705.430501000 127 
6705.431056500 127 
6705.431612000 128 
6705.432167500 128 
6705.432723000 127 
6705.433278500 128 
6705.433834000 128 
6705.434389500 128 
6705.434945000 127 
6705.435500500 128 
6705.436056000 128 
6705.436611500 128 
6705.437167000 127 
6705.437722500 128 
6705.438278000 127 
6705.438833500 127 
6705.439389000 128 
6705.439944500 128 
6705.440500000 128 
6705.441055500 128 
6705.441611000 128 
6705.442166500 128 
6705.442722000 128 
6705.443277500 127 
6705.443833000 128 
6705.444388500 128 
6705.444944000 128 
6705.445499500 128 
6705.446055000 128 
6705.446610500 127 
6705.447166000 128 
6705.447721500 128 
6705.448277000 127 
6705.448832500 128 
6705.449388000 128 
6705.449943500 127 
6705.450499000 128 
6705.451054500 128 
6705.451610000 128 
6705.452165500 127 
6705.452721000 128 
6705.453276500 128 
6705.453832000 128 
6705.454387500 127 
6705.454943000 128 
6705.455498500 127 
6705.456054000 129 
6705.456609500 128 
6705.457165000 127 
6705.457720500 127 
6705.458276000 127 
6705.458831500 128 
6705.459387000 128 
6705.459942500 128 
6705.460498000 128 
6705.461053500 128 
6705.461609000 127 
6705.462164500 127 
6705.462720000 128 
6705.463275500 128 
6705.463831000 127 
6705.464386500 127 
6705.464942000 127 
6705.465497500 128 
6705.466053000 128 
6705.466608500 127 
6705.467164000 128 
6705.467719500 128 
6705.468275000 127 
6705.468830500 128 
6705.469386000 128 
6705.469941500 127 
6705.470497000 128 
6705.471052500 128 
6705.471608000 127 
6705.472163500 127 
6705.472719000 127 
6705.473274500 128 
6705.473830000 127 
6705.474385500 128 
6705.474941000 128 
6705.475496500 127 
6705.476052000 128 
6705.476607500 128 
6705.477163000 128 
6705.477718500 128 
6705.478274000 127 
6705.478829500 128 
6705.479385000 128 
6705.479940500 128 
6705.480496000 127 
6705.481051500 128 
6705.481607000 128 
6705.482162500 127 
6705.482718000 127 
6705.483273500 128 
6705.483829000 127 
6705.484384500 127 
6705.484940000 128 
6705.485495500 127 
6705.486051000 128 
6705.486606500 127 
6705.487162000 127 
6705.487717500 128 
6705.488273000 128 
6705.488828500 127 
6705.489384000 128 
6705.489939500 127 
6705.490495000 128 
6705.491050500 128 
6705.491606000 127 
6705.492161500 127 
6705.492717000 128 
6705.493272500 128 
6705.493828000 127 
6705.494383500 128 
6705.494939000 128 
6705.495494500 128 
6705.496050000 128 
6705.496605500 128 
6705.497161000 128 
6705.497716500 128 
6705.498272000 127 
6705.498827500 127 
6705.499383000 128 
6705.499938500 127 
6705.500494000 128 
6705.501049500 128 
6705.501605000 127 
6705.502160500 128 
6705.502716000 128 
6705.503271500 128 
6705.503827000 128 
6705.504382500 128 
6705.504938000 127 
6705.505493500 128 
6705.506049000 128 
6705.506604500 127 
6705.507160000 128 
6705.507715500 128 
6705.508271000 128 
6705.508826500 128 
6705.509382000 128 
6705.509937500 128 
6705.510493000 127 
6705.511048500 128 
6705.511604000 127 
6705.512159500 128 
6705.512715000 128 
6705.513270500 127 
6705.513826000 128 
6705.514381500 128 
6705.514937000 127 
6705.515492500 128 
6705.516048000 128 
6705.516603500 127 
6705.517159000 128 
6705.517714500 128 
6705.518270000 127 
6705.518825500 128 
6705.519381000 128 
6705.519936500 127 
6705.520492000 128 
6705.521047500 128 
6705.521603000 127 
6705.522158500 128 
6705.522714000 128 
6705.523269500 127 
6705.523825000 128 
6705.524380500 128 
6705.524936000 127 
6705.525491500 128 
6705.526047000 128 
6705.526602500 127 
6705.527158000 127 
6705.527713500 127 
6705.528269000 128 
6705.528824500 128 
6705.529380000 127 
6705.529935500 128 
6705.530491000 128 
6705.531046500 128 
6705.531602000 128 
6705.532157500 128 
6705.532713000 127 
6705.533268500 128 
6705.533824000 128 
6705.534379500 128 
6705.534935000 128 
6705.535490500 128 
6705.536046000 128 
6705.536601500 127 
6705.537157000 128 
6705.537712500 128 
6705.538268000 127 
6705.538823500 128 
6705.539379000 127 
6705.539934500 128 
6705.540490000 128 
6705.541045500 127 
6705.541601000 128 
6705.542156500 127 
6705.542712000 127 
6705.543267500 128 
6705.543823000 128 
6705.544378500 127 
6705.544934000 128 
6705.545489500 128 
6705.546045000 127 
6705.546600500 127 
6705.547156000 128 
6705.547711500 128 
6705.548267000 128 
6705.548822500 127 
6705.549378000 128 
6705.549933500 128 
6705.550489000 127 
6705.551044500 127 
6705.551600000 128 
6705.552155500 127 
6705.552711000 128 
6705.553266500 128 
6705.553822000 128 
6705.554377500 127 
6705.554933000 128 
6705.555488500 128 
6705.556044000 127 
6705.556599500 128 
6705.557155000 128 
6705.557710500 127 
6705.558266000 127 
6705.558821500 128 
6705.559377000 128 
6705.559932500 127 
6705.560488000 128 
6705.561043500 128 
6705.561599000 127 
6705.562154500 128 
6705.562710000 128 
6705.563265500 127 
6705.563821000 127 
6705.564376500 128 
6705.564932000 128 
6705.565487500 128 
6705.566043000 127 
6705.566598500 129 
6705.567154000 128 
6705.567709500 128 
6705.568265000 128 
6705.568820500 128 
6705.569376000 128 
6705.569931500 127 
6705.570487000 128 
6705.571042500 128 
6705.571598000 127 
6705.572153500 128 
6705.572709000 128 
6705.573264500 128 
6705.573820000 127 
6705.574375500 128 
6705.574931000 127 
6705.575486500 127 
6705.576042000 128 
6705.576597500 128 
6705.577153000 127 
6705.577708500 127 
6705.578264000 128 
6705.578819500 127 
6705.579375000 128 
6705.579930500 128 
6705.580486000 127 
6705.581041500 127 
6705.581597000 128 
6705.582152500 127 
6705.582708000 128 
6705.583263500 127 
6705.583819000 127 
6705.584374500 128 
6705.584930000 128 
6705.585485500 128 
6705.586041000 127 
6705.586596500 128 
6705.587152000 128 
6705.587707500 127 
6705.588263000 127 
6705.588818500 128 
6705.589374000 128 
6705.589929500 128 
6705.590485000 127 
6705.591040500 127 
6705.591596000 128 
6705.592151500 128 
6705.592707000 128 
6705.593262500 128 
6705.593818000 127 
6705.594373500 128 
6705.594929000 127 
6705.595484500 128 
6705.596040000 128 
6705.596595500 127 
6705.597151000 128 
6705.597706500 128 
6705.598262000 127 
6705.598817500 128 
6705.599373000 128 
6705.599928500 128 
6705.600484000 128 
6705.601039500 128 
6705.601595000 127 
6705.602150500 128 
6705.602706000 128 
6705.603261500 127 
6705.603817000 128 
6705.604372500 128 
6705.604928000 128 
6705.605483500 128 
6705.606039000 127 
6705.606594500 127 
6705.607150000 128 
6705.607705500 128 
6705.608261000 128 
6705.608816500 128 
6705.609372000 128 
6705.609927500 128 
6705.610483000 127 
6705.611038500 128 
6705.611594000 128 
6705.612149500 127 
6705.612705000 128 
6705.613260500 127 
6705.613816000 127 
6705.614371500 128 
6705.614927000 128 
6705.615482500 127 
6705.616038000 128 
6705.616593500 128 
6705.617149000 128 
6705.617704500 127 
6705.618260000 127 
6705.618815500 128 
6705.619371000 127 
6705.619926500 128 
6705.620482000 128 
6705.621037500 128 
6705.621593000 127 
6705.622148500 128 
6705.622704000 127 
6705.623259500 128 
6705.623815000 127 
6705.624370500 127 
6705.624926000 128 
6705.625481500 128 
6705.626037000 127 
6705.626592500 127 
6705.627148000 128 
6705.627703500 128 
6705.628259000 127 
6705.628814500 128 
6705.629370000 128 
6705.629925500 128 
6705.630481000 127 
6705.631036500 127 
6705.631592000 128 
6705.632147500 128 
6705.632703000 127 
6705.633258500 128 
6705.633814000 128 
6705.634369500 127 
6705.634925000 128 
6705.635480500 128 
6705.636036000 127 
6705.636591500 128 
6705.637147000 128 
6705.637702500 127 
6705.638258000 127 
6705.638813500 127 
6705.639369000 127 
6705.639924500 128 
6705.640480000 127 
6705.641035500 127 
6705.641591000 128 
6705.642146500 128 
6705.642702000 128 
6705.643257500 127 
6705.643813000 128 
6705.644368500 128 
6705.644924000 127 
6705.645479500 128 
6705.646035000 128 
6705.646590500 127 
6705.647146000 128 
6705.647701500 127 
6705.648257000 127 
6705.648812500 128 
6705.649368000 128 
6705.649923500 127 
6705.650479000 128 
6705.651034500 127 
6705.651590000 128 
6705.652145500 128 
6705.652701000 127 
6705.653256500 128 
6705.653812000 128 
6705.654367500 128 
6705.654923000 127 
6705.655478500 128 
6705.656034000 128 
6705.656589500 128 
6705.657145000 127 
6705.657700500 128 
6705.658256000 128 
6705.658811500 128 
6705.659367000 127 
6705.659922500 128 
6705.660478000 128 
6705.661033500 128 
6705.661589000 127 
6705.662144500 128 
6705.662700000 128 
6705.663255500 128 
6705.663811000 128 
6705.664366500 127 
6705.664922000 128 
6705.665477500 128 
6705.666033000 128 
6705.666588500 128 
6705.667144000 128 
6705.667699500 128 
6705.668255000 128 
6705.668810500 127 
6705.669366000 128 
6705.669921500 128 
6705.670477000 127 
6705.671032500 128 
6705.671588000 127 
6705.672143500 127 
6705.672699000 127 
6705.673254500 128 
6705.673810000 127 
6705.674365500 128 
6705.674921000 127 
6705.675476500 127 
6705.676032000 127 
6705.676587500 128 
6705.677143000 128 
6705.677698500 127 
6705.678254000 128 
6705.678809500 128 
6705.679365000 128 
6705.679920500 128 
6705.680476000 127 
6705.681031500 129 
6705.681587000 128 
6705.682142500 128 
6705.682698000 127 
6705.683253500 128 
6705.683809000 128 
6705.684364500 127 
6705.684920000 128 
6705.685475500 128 
6705.686031000 128 
6705.686586500 127 
6705.687142000 128 
6705.687697500 128 
6705.688253000 127 
6705.688808500 128 
6705.689364000 128 
6705.689919500 127 
6705.690475000 128 
6705.691030500 128 
6705.691586000 128 
6705.692141500 127 
6705.692697000 128 
6705.693252500 127 
6705.693808000 128 
6705.694363500 127 
6705.694919000 127 
6705.695474500 128 
6705.696030000 128 
6705.696585500 127 
6705.697141000 127 
6705.697696500 128 
6705.698252000 128 
6705.698807500 127 
6705.699363000 128 
6705.699918500 128 
6705.700474000 128 
6705.701029500 127 
6705.701585000 128 
6705.702140500 128 
6705.702696000 127 
6705.703251500 127 
6705.703807000 128 
6705.704362500 128 
6705.704918000 127 
6705.705473500 128 
6705.706029000 128 
6705.706584500 127 
6705.707140000 128 
6705.707695500 127 
6705.708251000 128 
6705.708806500 128 
6705.709362000 127 
6705.709917500 127 
6705.710473000 128 
6705.711028500 127 
6705.711584000 127 
6705.712139500 128 
6705.712695000 128 
6705.713250500 127 
6705.713806000 127 
6705.714361500 128 
6705.714917000 128 
6705.715472500 127 
6705.716028000 127 
6705.716583500 128 
6705.717139000 128 
6705.717694500 128 
6705.718250000 127 
6705.718805500 128 
6705.719361000 128 
6705.719916500 127 
6705.720472000 128 
6705.721027500 128 
6705.721583000 128 
6705.722138500 128 
6705.722694000 128 
6705.723249500 127 
6705.723805000 128 
6705.724360500 128 
6705.724916000 127 
6705.725471500 128 
6705.726027000 128 
6705.726582500 128 
6705.727138000 127 
6705.727693500 128 
6705.728249000 129 
6705.728804500 128 
6705.729360000 127 
6705.729915500 127 
6705.730471000 128 
6705.731026500 127 
6705.731582000 127 
6705.732137500 128 
6705.732693000 128 
6705.733248500 127 
6705.733804000 128 
6705.734359500 128 
6705.734915000 128 
6705.735470500 127 
6705.736026000 128 
6705.736581500 128 
6705.737137000 127 
6705.737692500 128 
6705.738248000 128 
6705.738803500 127 
6705.739359000 127 
6705.739914500 127 
6705.740470000 128 
6705.741025500 127 
6705.741581000 127 
6705.742136500 127 
6705.742692000 128 
6705.743247500 127 
6705.743803000 128 
6705.744358500 128 
6705.744914000 128 
6705.745469500 127 
6705.746025000 127 
6705.746580500 128 
6705.747136000 127 
6705.747691500 128 
6705.748247000 128 
6705.748802500 128 
6705.749358000 127 
6705.749913500 128 
6705.750469000 128 
6705.751024500 127 
6705.751580000 127 
6705.752135500 128 
6705.752691000 128 
6705.753246500 129 
6705.753802000 128 
6705.754357500 128 
6705.754913000 128 
6705.755468500 128 
6705.756024000 128 
6705.756579500 128 
6705.757135000 128 
6705.757690500 128 
6705.758246000 127 
6705.758801500 128 
6705.759357000 128 
6705.759912500 127 
6705.760468000 128 
6705.761023500 128 
6705.761579000 128 
6705.762134500 127 
6705.762690000 128 
6705.763245500 127 
6705.763801000 128 
6705.764356500 128 
6705.764912000 128 
6705.765467500 127 
6705.766023000 128 
6705.766578500 128 
6705.767134000 127 
6705.767689500 128 
6705.768245000 127 
6705.768800500 127 
6705.769356000 128 
6705.769911500 128 
6705.770467000 127 
6705.771022500 128 
6705.771578000 128 
6705.772133500 127 
6705.772689000 127 
6705.773244500 128 
6705.773800000 127 
6705.774355500 127 
6705.774911000 128 
6705.775466500 127 
6705.776022000 128 
6705.776577500 128 
6705.777133000 127 
6705.777688500 128 
6705.778244000 128 
6705.778799500 127 
6705.779355000 128 
6705.779910500 128 
6705.780466000 127 
6705.781021500 129 
6705.781577000 128 
6705.782132500 127 
6705.782688000 129 
6705.783243500 128 
6705.783799000 127 
6705.784354500 128 
6705.784910000 128 
6705.785465500 128 
6705.786021000 128 
6705.786576500 128 
6705.787132000 127 
6705.787687500 128 
6705.788243000 128 
6705.788798500 128 
6705.789354000 127 
6705.789909500 128 
6705.790465000 127 
6705.791020500 128 
6705.791576000 127 
6705.792131500 128 
6705.792687000 128 
6705.793242500 128 
6705.793798000 127 
6705.794353500 128 
6705.794909000 128 
6705.795464500 127 
6705.796020000 129 
6705.796575500 127 
6705.797131000 128 
6705.797686500 128 
6705.798242000 128 
6705.798797500 127 
6705.799353000 128 
6705.799908500 128 
6705.800464000 127 
6705.801019500 127 
6705.801575000 128 
6705.802130500 127 
6705.802686000 128 
6705.803241500 127 
6705.803797000 128 
6705.804352500 128 
6705.804908000 128 
6705.805463500 128 
6705.806019000 127 
6705.806574500 128 
6705.807130000 128 
6705.807685500 128 
6705.808241000 127 
6705.808796500 128 
6705.809352000 128 
6705.809907500 127 
6705.810463000 128 
6705.811018500 128 
6705.811574000 128 
6705.812129500 127 
6705.812685000 128 
6705.813240500 128 
6705.813796000 127 
6705.814351500 127 
6705.814907000 128 
6705.815462500 127 
