58479 6272.914868000 129 129 128 129 128 130 129 129 129 128 128 129 128 128 127 128 127 127 126 127 126 127 127 126 126 
58480 6272.928755500 127 127 127 127 126 127 127 128 128 127 128 129 129 128 128 129 129 129 129 129 129 128 128 129 128 
58481 6272.942643000 127 128 127 127 128 126 127 127 126 127 127 126 126 127 127 126 126 128 128 128 127 128 129 128 129 
58482 6272.956530500 129 129 129 129 128 129 129 128 129 128 128 128 127 127 127 127 127 126 127 126 126 127 126 127 127 
58483 6272.970418000 127 128 127 127 128 127 129 128 128 128 128 129 128 129 129 128 128 129 129 129 129 128 128 127 128 
58484 6272.984305500 128 126 127 126 127 126 126 126 127 126 126 126 127 126 127 128 127 127 129 128 128 129 129 129 130 
58485 6272.998193000 129 128 129 129 128 129 128 128 129 128 127 128 127 126 127 127 126 126 127 127 126 126 127 127 127 
58486 6273.012080500 127 128 127 127 129 128 129 129 129 130 129 129 128 130 129 128 128 128 128 129 128 127 128 127 126 
58487 6273.025968000 126 127 127 126 127 126 126 127 126 126 128 127 127 128 128 128 129 129 128 130 129 129 128 128 129 
58488 6273.039855500 129 130 129 128 129 128 127 128 128 127 126 128 127 126 127 126 126 127 126 126 128 127 127 128 128 
58489 6273.053743000 128 128 128 129 128 128 129 129 128 129 129 129 128 129 129 128 128 128 128 127 128 127 128 127 127 
58490 6273.067630500 126 127 126 127 127 126 128 127 127 128 128 128 127 129 129 128 129 129 129 129 129 128 129 129 128 
58491 6273.081518000 128 128 128 127 128 127 128 127 127 127 127 127 127 126 126 127 127 126 126 128 127 127 128 128 128 
58492 6273.095405500 128 129 128 129 129 129 130 129 128 128 129 128 128 128 128 127 127 126 127 127 126 127 127 126 127 
58493 6273.109293000 126 126 128 127 127 128 128 127 128 129 128 128 129 129 129 130 129 129 128 129 128 128 129 128 128 
58494 6273.123180500 127 128 127 127 127 127 127 126 126 127 126 126 126 127 127 126 127 128 128 127 128 129 128 128 129 
58495 6273.137068000 129 129 129 130 129 129 129 128 128 128 128 127 128 128 127 126 126 127 127 126 127 126 126 127 126 
58496 6273.150955500 126 127 127 128 127 129 129 128 128 129 128 129 129 128 129 129 128 128 129 128 128 128 128 128 127 
58497 6273.164843000 127 126 127 127 126 127 126 126 127 127 126 127 127 127 128 127 127 129 129 129 128 129 129 129 128 
58498 6273.178730500 130 129 128 128 129 128 129 128 127 128 128 127 126 127 126 127 127 126 126 127 126 127 127 127 128 
58499 6273.192618000 128 128 129 128 128 129 128 130 129 129 128 129 129 128 130 129 128 128 128 127 127 128 127 126 127 
58500 6273.206505500 126 126 127 126 127 126 126 127 127 126 128 127 127 128 128 128 129 128 128 129 129 128 129 129 128 
58501 6273.220393000 129 128 129 128 129 128 127 127 128 127 126 127 127 126 127 127 126 126 127 127 127 127 128 127 128 
58502 6273.234280500 128 128 130 129 129 129 128 129 129 128 129 128 128 128 129 128 128 127 128 127 126 127 127 126 126 
58503 6273.248168000 127 126 126 127 126 127 127 127 128 128 127 129 129 128 128 129 129 129 128 128 129 129 128 129 128 
58504 6273.262055500 128 128 127 128 127 127 127 126 127 127 126 126 127 126 126 127 127 127 127 128 128 127 128 129 128 
58505 6273.275943000 129 129 128 129 129 128 129 129 128 128 129 129 128 127 128 127 127 126 128 127 126 126 127 126 127 
58506 6273.289830500 127 127 126 128 127 128 127 127 129 128 128 129 129 128 129 129 129 128 129 129 128 129 128 127 128 
58507 6273.303718000 127 127 127 127 127 126 127 126 126 126 127 126 127 127 127 127 128 128 128 128 128 128 128 129 129 
58508 6273.317605500 129 130 129 128 129 129 128 129 128 127 128 128 127 127 126 127 126 126 126 127 126 127 126 126 126 
58509 6273.331493000 127 127 128 128 128 128 128 128 129 129 128 130 129 129 128 129 129 128 129 128 127 128 127 127 127 
58510 6273.345380500 127 127 127 126 127 126 126 127 127 126 126 127 127 127 128 128 128 129 129 128 129 128 129 129 129 
58511 6273.359268000 130 129 128 128 129 128 128 128 127 127 127 127 127 126 126 127 126 126 127 127 127 128 127 127 128 
58512 6273.373155500 128 128 128 128 128 129 128 129 128 130 129 129 129 128 129 128 127 128 128 127 127 127 126 127 127 
58513 6273.387043000 126 127 126 126 127 126 126 127 127 127 128 128 128 127 128 129 129 128 129 129 129 129 129 128 129 
58514 6273.400930500 129 128 128 128 128 128 127 128 127 126 126 127 126 126 127 127 126 126 127 127 127 127 128 128 127 
58515 6273.414818000 129 129 128 129 129 129 129 129 128 128 129 128 128 128 128 128 128 127 127 127 127 126 126 127 126 
58516 6273.428705500 126 127 127 127 126 127 128 127 128 128 129 128 128 129 129 129 128 129 130 129 128 129 129 129 128 
58517 6273.442593000 127 128 127 128 127 126 127 126 126 127 127 126 127 127 127 126 127 127 127 128 128 128 128 129 129 
58518 6273.456480500 129 129 129 129 129 129 129 128 129 128 129 128 127 127 128 127 126 127 126 127 127 126 126 127 126 
58519 6273.470368000 126 127 127 127 127 128 127 128 129 128 128 129 129 128 129 129 128 129 128 128 128 128 128 128 127 
58520 6273.484255500 128 127 126 127 127 127 126 126 127 127 126 127 127 127 127 128 128 127 128 128 128 129 129 129 129 
58521 6273.498143000 129 129 128 129 128 129 129 128 127 128 128 127 127 127 126 127 127 126 126 127 126 126 127 127 126 
58522 6273.512030500 128 128 127 127 128 128 129 129 128 129 130 129 128 130 129 128 128 129 129 128 127 128 128 127 126 
58523 6273.525918000 126 127 127 126 127 126 127 127 126 126 128 127 127 128 128 127 128 130 129 129 128 129 129 128 129 
58524 6273.539805500 129 129 128 129 128 127 128 128 127 128 126 127 126 127 126 126 127 126 126 127 127 127 127 128 127 
58525 6273.553693000 128 128 128 129 128 129 129 129 130 129 128 129 129 128 128 129 128 127 127 127 127 126 127 126 127 
58526 6273.567580500 126 126 127 126 127 126 126 127 127 127 127 128 127 129 129 128 129 128 130 129 129 129 129 128 129 
58527 6273.581468000 129 128 128 127 128 127 128 126 126 127 127 126 126 127 126 126 127 127 127 127 128 127 127 129 128 
58528 6273.595355500 129 129 129 128 129 129 128 130 129 128 129 128 128 127 128 127 127 127 126 127 127 127 127 126 126 
58529 6273.609243000 127 127 127 127 127 127 128 127 127 128 129 129 128 129 128 128 130 129 129 129 129 129 128 129 128 
58530 6273.623130500 128 127 127 127 127 127 127 126 127 126 126 126 126 127 126 128 128 128 127 128 129 128 128 129 129 
58531 6273.637018000 129 129 130 129 130 128 129 129 129 128 128 127 128 127 127 127 127 126 127 127 126 127 127 126 126 
58532 6273.650905500 127 127 127 127 127 128 128 128 128 129 129 128 129 129 129 129 129 129 128 129 128 127 128 128 127 
58533 6273.664793000 127 127 126 127 127 126 127 126 126 127 127 126 128 127 127 128 128 128 128 129 129 129 129 129 129 
58534 6273.678680500 128 129 129 129 129 129 129 128 127 128 127 127 126 127 127 126 126 127 126 126 127 127 126 126 128 
58535 6273.692568000 127 128 128 129 128 129 129 129 129 129 129 128 129 129 129 129 128 128 128 128 128 127 127 127 127 
58536 6273.706455500 126 127 126 127 126 126 127 127 126 128 127 127 128 128 128 129 129 128 129 129 129 129 130 129 129 
58537 6273.720343000 129 129 128 128 128 127 128 127 126 127 127 127 127 126 126 127 127 126 127 127 127 127 128 127 128 
58538 6273.734230500 129 128 128 129 128 129 128 129 129 129 129 128 129 129 128 127 128 128 127 127 128 127 126 127 126 
58539 6273.748118000 126 126 126 126 127 127 127 126 128 128 127 129 128 128 129 128 128 130 129 129 129 128 129 129 128 
58540 6273.762005500 127 128 128 128 127 128 127 126 128 127 126 127 126 126 127 127 126 128 127 127 127 128 128 128 129 
58541 6273.775893000 129 129 129 128 129 128 129 129 128 128 129 128 128 128 128 127 127 126 127 127 126 127 126 126 127 
58542 6273.789780500 127 127 126 128 127 128 127 129 128 128 129 129 129 129 129 129 129 129 129 129 129 128 128 128 128 
58543 6273.803668000 127 127 126 127 126 127 127 126 127 127 126 126 127 127 127 127 128 128 127 129 128 129 128 129 129 
58544 6273.817555500 129 130 129 130 129 128 129 128 129 128 128 127 128 127 126 127 127 127 126 126 127 126 126 127 126 
58545 6273.831443000 128 127 127 128 127 128 128 129 129 129 128 128 130 129 129 129 129 127 129 128 127 128 127 127 126 
58546 6273.845330500 127 127 126 127 126 126 126 126 127 126 128 127 127 128 128 128 128 129 129 128 129 128 129 130 129 
58547 6273.859218000 129 128 129 128 129 128 128 128 127 128 127 127 126 127 127 126 126 126 127 126 127 127 127 127 128 
58548 6273.873105500 128 127 129 128 129 128 129 128 129 129 129 129 128 129 129 128 127 128 128 127 127 127 126 127 127 
58549 6273.886993000 126 127 126 127 127 126 128 127 127 127 128 127 127 129 128 128 128 129 129 129 130 129 129 129 129 
58550 6273.900880500 128 129 128 128 128 127 128 127 126 127 127 126 127 126 126 126 127 127 126 127 127 127 127 128 128 
58551 6273.914768000 128 129 129 128 129 128 130 129 129 129 129 128 128 129 128 127 128 127 127 127 127 127 126 127 126 
58552 6273.928655500 126 126 127 126 127 127 127 128 127 128 128 128 128 128 129 128 128 130 129 128 129 129 128 128 128 
58553 6273.942543000 128 128 128 127 127 127 127 127 126 126 126 126 126 126 127 126 127 128 128 127 128 128 128 129 129 
58554 6273.956430500 128 129 128 130 129 129 129 129 128 129 128 127 128 128 127 127 126 127 126 126 127 126 126 126 127 
58555 6273.970318000 126 127 127 126 128 128 128 128 127 129 129 128 129 129 129 130 129 129 128 129 129 128 129 128 127 
58556 6273.984205500 127 127 127 127 126 127 126 127 126 126 127 127 127 127 127 127 127 127 129 128 128 128 129 128 128 
58557 6273.998093000 129 129 129 129 128 129 128 128 128 128 127 127 128 127 126 126 127 127 126 127 126 126 127 127 127 
58558 6274.011980500 127 127 127 128 127 128 129 129 128 129 129 129 129 130 129 128 129 129 128 128 127 128 127 127 127 
58559 6274.025868000 127 126 127 126 126 126 126 127 127 126 126 128 128 127 128 128 128 129 129 128 128 129 129 128 130 
58560 6274.039755500 129 128 130 129 128 128 127 128 127 126 126 127 127 126 127 126 126 126 127 126 127 127 127 127 128 
58561 6274.053643000 127 129 128 129 129 128 129 129 129 129 130 129 128 129 128 128 128 128 127 128 127 127 127 126 126 
58562 6274.067530500 127 126 126 127 126 127 126 127 127 128 128 128 128 129 128 129 128 128 130 129 128 130 129 128 128 
58563 6274.081418000 129 128 129 127 128 127 127 127 127 126 126 127 126 126 127 127 126 127 127 127 127 128 127 128 129 
58564 6274.095305500 129 128 129 129 129 129 130 129 128 129 128 129 129 128 127 128 127 127 126 127 127 126 127 126 127 
58565 6274.109193000 127 127 126 127 127 127 127 127 129 128 128 129 129 129 129 129 129 128 129 129 129 128 129 128 127 
58566 6274.123080500 128 128 127 128 126 127 126 127 126 126 127 126 126 127 127 128 128 127 127 127 128 128 128 128 128 
58567 6274.136968000 129 128 128 128 129 128 129 129 129 129 128 128 127 128 127 127 127 126 126 126 126 126 126 127 126 
58568 6274.150855500 126 127 127 127 128 128 129 128 129 129 129 129 130 130 129 130 130 129 129 129 128 129 128 127 128 
58569 6274.164743000 127 126 127 126 127 126 126 126 126 126 127 126 126 128 127 128 128 128 128 129 129 129 129 129 129 
58570 6274.178630500 129 129 130 129 128 129 128 128 129 128 127 127 127 126 127 126 126 126 126 126 125 126 127 126 128 
58571 6274.192518000 127 128 129 128 129 128 129 129 129 129 130 129 130 129 128 130 129 128 128 128 127 128 127 126 126 
58572 6274.206405500 127 126 126 126 125 126 126 127 126 126 128 127 127 127 129 129 128 130 129 129 130 130 129 130 129 
58573 6274.220293000 129 128 129 129 128 128 128 127 127 126 127 126 126 126 126 125 124 125 126 125 126 127 127 127 128 
58574 6274.234180500 129 129 129 130 130 131 130 130 131 130 131 130 129 130 129 128 127 128 127 126 126 126 125 124 124 
58575 6274.248068000 125 124 126 125 124 126 125 127 127 128 128 128 130 130 130 130 131 131 131 130 131 131 129 130 129 
58576 6274.261955500 128 129 127 128 126 127 126 126 126 125 124 125 125 125 125 125 126 126 126 128 127 127 129 129 129 
58577 6274.275843000 130 130 130 131 131 131 130 130 130 130 129 128 129 128 127 127 127 126 125 125 126 125 124 125 125 
58578 6274.289730500 125 125 127 126 126 126 128 128 128 129 129 129 130 130 130 132 131 130 131 130 130 129 129 129 127 
58579 6274.303618000 128 127 126 126 125 126 125 124 125 125 124 126 126 125 127 127 127 127 128 129 128 130 130 130 131 
58580 6274.317505500 131 131 131 131 130 130 130 130 128 129 128 127 128 127 126 126 126 124 125 124 124 125 125 125 125 
58581 6274.331393000 127 127 126 128 128 129 129 129 131 130 130 131 131 130 131 131 130 130 130 129 128 128 128 127 126 
58582 6274.345280500 126 125 126 125 124 124 124 125 125 125 126 126 126 128 128 128 128 129 130 130 130 131 131 131 130 
58583 6274.359168000 131 130 131 130 130 128 129 128 126 127 126 126 126 125 124 125 125 124 124 125 125 125 126 127 127 
58584 6274.373055500 127 128 128 129 129 130 130 131 131 131 130 130 131 130 130 130 129 129 128 127 127 126 126 124 126 
58585 6274.386943000 125 124 125 125 125 125 126 125 125 126 127 127 127 129 129 129 129 130 131 130 130 130 131 130 130 
58586 6274.400830500 130 129 129 128 127 127 126 127 126 125 125 125 125 124 125 124 125 124 126 127 127 127 128 128 128 
58587 6274.414718000 129 130 130 131 130 131 131 130 131 131 130 129 130 129 128 128 127 126 126 126 125 126 124 124 125 
58588 6274.428605500 125 124 125 125 125 126 126 126 128 128 128 129 130 130 130 131 130 132 131 130 130 131 130 129 129 
58589 6274.442493000 128 128 128 127 126 126 125 125 125 124 125 125 125 124 126 126 125 126 127 127 128 129 129 130 130 
58590 6274.456380500 130 131 131 130 131 130 130 131 130 129 129 129 128 127 127 127 126 125 124 125 125 124 125 125 124 
58591 6274.470268000 125 126 125 127 126 128 128 128 130 130 129 131 131 130 132 131 131 130 130 130 129 129 128 128 127 
58592 6274.484155500 127 127 125 126 124 126 124 124 125 125 124 125 126 126 126 127 128 128 128 129 130 130 130 131 130 
58593 6274.498043000 130 131 130 131 129 130 130 128 129 128 127 127 127 125 126 125 125 124 125 125 124 125 125 125 127 
58594 6274.511930500 127 127 128 128 128 130 130 130 130 131 131 131 131 131 130 131 130 129 128 128 128 127 126 127 126 
58595 6274.525818000 125 126 125 124 125 125 125 125 125 126 126 126 128 128 128 129 129 130 130 131 131 130 131 131 130 
58596 6274.539705500 130 131 129 130 129 128 128 127 127 126 125 126 125 125 125 124 124 124 125 125 125 125 127 127 127 
58597 6274.553593000 127 129 128 130 129 131 130 131 130 131 131 130 130 130 129 128 129 128 127 126 127 126 125 126 125 
58598 6274.567480500 125 124 125 124 126 125 126 126 126 127 128 128 128 130 130 130 131 131 130 132 131 131 131 130 130 
58599 6274.581368000 130 129 128 128 127 126 127 126 125 124 125 124 124 124 125 125 124 125 126 126 126 128 128 128 130 
58600 6274.595255500 130 129 131 130 132 131 131 131 130 131 130 129 128 129 128 127 127 127 126 125 125 125 125 124 125 
58601 6274.609143000 125 124 125 126 126 126 127 127 128 129 129 129 131 130 130 131 131 131 131 130 131 130 129 129 129 
58602 6274.623030500 128 127 127 126 126 125 124 125 124 124 125 124 124 126 125 126 127 127 127 128 129 129 129 130 131 
58603 6274.636918000 131 131 131 131 131 131 130 131 130 129 128 128 127 127 126 125 125 125 124 125 124 124 125 125 125 
58604 6274.650805500 125 126 126 127 127 128 129 129 129 131 130 131 131 132 132 131 131 130 130 130 129 129 129 127 126 
58605 6274.664693000 126 125 125 124 124 124 124 123 124 124 124 126 126 126 126 127 129 129 129 131 131 131 132 132 132 
58606 6274.678580500 131 132 131 132 131 131 130 129 127 128 127 125 126 124 124 124 124 123 123 124 124 124 125 125 126 
58607 6274.692468000 126 128 127 129 129 131 131 132 132 132 131 132 132 131 130 131 130 129 129 128 127 126 127 125 124 
58608 6274.706355500 124 123 124 123 123 124 124 124 125 125 126 127 127 128 129 129 131 131 132 132 132 132 132 132 131 
58609 6274.720243000 131 131 130 130 128 128 127 126 125 126 125 124 124 124 123 124 124 124 124 126 126 126 126 128 128 
58610 6274.734130500 129 129 130 131 131 132 131 131 132 131 131 132 130 130 130 129 128 127 127 126 125 125 124 123 124 
58611 6274.748018000 123 123 124 124 125 125 125 127 127 128 127 129 130 130 130 132 132 132 132 132 131 131 132 131 130 
58612 6274.761905500 130 129 128 128 126 127 125 124 125 124 123 124 123 124 124 124 125 126 126 126 127 128 129 129 130 
58613 6274.775793000 131 131 132 132 131 132 132 131 130 131 130 129 128 128 127 126 126 125 124 124 124 124 123 123 124 
58614 6274.789680500 123 125 125 126 126 127 128 128 128 129 131 131 131 132 132 132 132 132 132 131 130 131 129 128 129 
58615 6274.803568000 128 126 125 126 124 124 124 123 123 123 124 123 124 125 125 125 127 128 128 128 129 130 131 132 132 
58616 6274.817455500 132 132 132 131 132 130 131 131 129 128 129 127 126 126 125 125 125 124 123 123 124 123 123 125 125 
58617 6274.831343000 125 127 127 127 129 129 129 131 131 131 131 131 132 132 132 131 132 131 130 129 129 128 127 127 126 
58618 6274.845230500 125 125 124 123 124 123 123 124 123 125 125 125 125 127 128 128 128 130 131 131 131 132 132 132 132 
58619 6274.859118000 132 132 131 131 130 129 128 128 128 127 125 126 124 124 124 124 123 123 124 124 124 126 125 125 126 
58620 6274.873005500 127 128 129 130 130 131 131 131 132 132 132 133 132 131 131 131 129 128 128 127 126 125 125 123 123 
58621 6274.886893000 123 123 123 123 123 123 123 125 125 125 127 127 128 129 130 130 132 132 132 133 133 132 132 132 132 
58622 6274.900780500 132 130 129 129 128 128 126 125 126 124 123 124 123 122 123 123 122 124 124 125 125 127 128 128 129 
58623 6274.914668000 130 130 132 131 133 132 132 133 132 132 132 131 131 130 129 128 128 126 125 125 124 123 123 124 123 
58624 6274.928555500 122 123 122 124 124 125 126 126 127 129 129 129 131 132 132 132 132 133 133 132 133 132 130 131 130 
58625 6274.942443000 129 129 127 126 126 124 124 124 123 123 123 123 122 124 124 124 125 126 127 127 128 130 129 131 132 
58626 6274.956330500 132 133 133 132 133 132 133 132 131 130 130 128 128 128 127 126 124 125 123 122 122 123 123 122 126 
58627 6274.970218000 127 127 127 127 128 127 128 129 129 131 131 131 132 133 133 132 132 133 132 131 131 130 128 128 127 
58628 6274.984105500 125 126 123 124 123 123 122 121 123 122 122 123 124 125 125 126 128 128 129 130 132 132 132 133 133 
58629 6274.997993000 133 133 134 132 133 131 130 131 129 128 128 126 125 123 124 123 122 121 122 122 121 123 123 123 125 
58630 6275.011880500 125 126 127 129 129 130 131 132 133 133 133 134 133 133 133 133 131 131 131 129 129 127 126 125 124 
58631 6275.025768000 123 122 123 123 121 122 122 122 123 124 124 125 126 127 128 129 130 131 131 132 133 133 133 133 134 
58632 6275.039655500 132 133 131 130 130 128 128 127 126 125 124 123 124 123 122 122 123 122 122 122 124 124 125 127 127 
58633 6275.053543000 128 130 130 131 133 132 134 133 133 134 134 133 132 132 131 130 128 129 127 126 125 124 122 123 122 
58634 6275.067430500 121 122 122 121 123 123 124 125 125 126 127 129 129 129 131 131 133 134 134 133 134 133 132 133 132 
58635 6275.081318000 131 130 129 129 127 126 125 124 124 123 122 122 122 122 122 123 123 124 124 125 126 127 128 130 130 
58636 6275.095205500 130 132 133 132 134 133 133 134 133 133 132 131 130 129 128 127 126 125 123 124 123 122 121 122 122 
58637 6275.109093000 122 122 123 124 124 126 126 127 129 129 129 132 132 132 133 134 134 133 134 133 132 132 131 131 129 
58638 6275.122980500 128 128 126 125 124 124 123 122 122 121 121 123 122 122 124 125 125 126 128 129 130 130 131 132 132 
58639 6275.136868000 134 134 133 134 133 134 132 131 132 130 128 129 127 126 124 125 123 123 122 121 122 122 121 123 122 
58640 6275.150755500 124 125 125 127 127 128 130 130 131 133 133 133 134 134 133 134 133 132 132 131 129 129 129 127 126 
58641 6275.164643000 124 125 123 122 123 121 122 121 123 122 122 124 124 125 127 128 128 129 130 132 132 132 134 134 133 
58642 6275.178530500 134 134 133 132 132 132 130 129 128 127 126 125 124 124 122 123 123 121 122 122 122 123 124 124 124 
58643 6275.192418000 126 128 128 130 130 132 132 132 134 133 134 133 134 133 132 133 131 130 129 129 127 127 125 124 123 
58644 6275.206305500 123 122 122 122 121 122 122 122 124 125 125 126 128 128 129 131 131 132 132 134 134 134 134 135 134 
58645 6275.220193000 133 133 131 131 130 128 127 126 124 124 122 121 121 121 120 121 120 121 122 122 123 125 125 127 128 
58646 6275.234080500 130 131 132 133 133 134 134 135 135 134 135 134 132 132 131 129 128 128 126 124 123 122 123 121 120 
58647 6275.247968000 121 121 121 122 122 122 124 125 126 127 128 129 131 132 133 135 134 134 135 135 134 134 133 133 132 
58648 6275.261855500 131 129 128 127 125 125 123 122 123 121 121 120 121 121 120 122 123 123 125 126 126 128 130 131 132 
58649 6275.275743000 133 134 134 134 135 134 135 134 133 132 132 131 129 129 127 126 125 123 123 122 121 121 121 120 120 
58650 6275.289630500 122 122 123 124 124 126 127 129 129 131 132 133 134 135 134 134 134 134 135 133 132 132 131 129 129 
58651 6275.303518000 127 125 125 123 123 121 122 121 120 121 121 121 122 123 123 126 126 127 129 130 130 132 133 133 134 
58652 6275.317405500 135 135 135 135 134 133 133 132 130 129 129 127 125 125 124 122 121 122 121 120 121 121 121 121 123 
58653 6275.331293000 123 124 126 127 128 130 130 132 133 133 134 134 135 134 135 134 133 132 132 130 130 129 127 125 125 
58654 6275.345180500 123 122 122 121 121 121 120 121 122 121 124 124 124 127 127 128 129 131 132 132 134 135 134 134 135 
58655 6275.359068000 135 134 133 133 132 131 129 128 127 125 125 124 123 121 122 121 120 120 121 121 122 123 123 125 126 
58656 6275.372955500 127 129 130 131 132 132 134 134 135 135 135 135 135 133 134 132 130 130 128 126 126 125 123 123 122 
58657 6275.386843000 121 120 121 120 121 121 121 122 124 124 125 128 128 129 131 132 133 134 135 134 134 135 135 134 134 
58658 6275.400730500 133 131 131 129 129 126 126 125 123 123 121 121 121 120 120 121 121 121 123 124 124 126 127 128 130 
58659 6275.414618000 131 132 133 134 134 135 135 134 135 134 133 134 132 131 130 128 127 125 124 124 123 121 120 121 120 
58660 6275.428505500 120 121 121 122 122 123 125 126 127 128 130 130 132 134 134 134 135 135 136 135 134 134 133 131 131 
58661 6275.442393000 130 128 127 126 124 124 122 122 121 121 120 121 121 120 122 122 123 125 126 127 129 129 131 132 133 
58662 6275.456280500 134 134 134 135 135 135 134 134 133 132 131 130 128 127 126 124 123 122 122 120 120 119 120 120 119 
58663 6275.470168000 122 122 123 124 125 127 128 131 131 133 134 135 136 135 136 136 135 136 135 133 132 132 130 128 128 
58664 6275.484055500 125 123 123 121 121 120 119 119 118 119 120 120 121 124 124 125 126 129 130 131 133 134 134 135 136 
58665 6275.497943000 136 136 136 135 135 133 133 131 129 129 127 125 125 123 121 120 120 120 119 120 120 120 120 122 123 
58666 6275.511830500 123 126 127 128 130 132 133 134 135 135 135 136 137 135 135 135 133 132 132 130 128 128 125 124 123 
58667 6275.525718000 121 121 120 119 120 119 119 121 121 121 123 124 125 127 128 129 131 133 134 134 136 135 135 136 136 
58668 6275.539605500 136 134 134 133 131 130 128 127 126 124 122 122 121 120 120 120 119 119 120 120 123 123 124 125 126 
58669 6275.553493000 129 130 132 132 134 135 135 136 136 136 136 135 134 133 134 132 130 128 128 126 124 123 122 120 121 
58670 6275.567380500 120 119 119 119 120 120 121 123 124 126 127 128 130 131 132 133 135 135 135 135 136 136 136 135 133 
58671 6275.581268000 133 131 130 129 127 126 124 122 122 121 120 119 119 119 119 120 121 122 123 124 126 127 128 129 132 
58672 6275.595155500 132 134 135 135 136 136 136 136 135 134 134 133 131 130 129 127 125 124 123 121 120 120 120 119 119 
58673 6275.609043000 120 119 121 121 123 124 125 127 128 129 131 133 134 134 135 136 136 136 137 136 136 135 133 131 129 
58674 6275.622930500 129 127 125 124 122 122 120 120 120 118 118 120 120 120 122 123 124 125 127 128 130 131 133 134 135 
58675 6275.636818000 136 137 136 138 136 136 135 133 133 132 130 128 127 125 123 123 121 120 119 120 119 119 118 119 121 
58676 6275.650705500 121 122 124 125 127 128 129 132 133 134 135 136 135 137 137 136 136 136 134 132 131 131 129 127 126 
58677 6275.664593000 124 123 121 121 119 119 118 118 120 119 120 122 123 123 125 127 128 129 132 133 133 135 136 136 137 
58678 6275.678480500 137 136 135 135 134 133 131 131 129 127 125 125 123 121 120 120 120 118 119 119 119 120 122 122 123 
58679 6275.692368000 126 127 128 130 131 133 134 135 135 137 137 137 136 136 135 133 133 132 129 129 127 125 125 123 122 
58680 6275.706255500 120 120 120 119 118 120 120 120 121 123 124 125 126 129 130 132 134 135 136 136 138 137 138 137 136 
58681 6275.720143000 136 135 134 132 131 128 127 125 123 122 121 119 118 118 117 117 117 119 119 120 122 123 125 127 128 
58682 6275.734030500 130 133 133 134 136 136 138 138 137 137 137 136 135 134 133 130 128 126 126 123 122 120 120 119 118 
58683 6275.747918000 117 118 117 119 119 120 121 124 124 127 128 130 132 133 134 137 137 137 138 139 137 137 136 135 133 
58684 6275.761805500 132 131 128 127 125 123 122 120 120 118 118 118 117 117 119 119 119 122 123 125 126 129 131 132 133 
58685 6275.775693000 135 136 136 138 138 139 138 136 136 135 133 133 131 128 128 125 123 121 121 120 118 119 118 117 118 
58686 6275.789580500 119 119 119 122 123 125 126 128 130 131 134 135 135 136 138 138 138 137 137 137 135 133 131 131 129 
58687 6275.803468000 127 126 123 123 121 120 119 118 117 118 118 118 119 120 121 123 126 127 128 131 132 133 136 136 136 
58688 6275.817355500 138 138 138 138 137 136 135 134 132 130 129 127 125 123 122 120 120 118 118 116 118 118 118 119 121 
58689 6275.831243000 121 122 125 127 128 131 132 133 135 136 137 138 138 138 138 137 136 136 134 132 130 129 127 125 124 
58690 6275.845130500 122 120 120 118 119 117 117 118 118 118 121 122 122 125 127 128 130 133 134 135 135 137 137 137 139 
58691 6275.859018000 138 138 136 134 134 132 131 129 127 125 124 122 120 119 118 118 118 117 117 119 119 120 122 123 124 
58692 6275.872905500 127 129 130 132 133 135 136 137 138 138 138 138 137 136 134 134 133 131 129 127 125 123 122 120 119 
58693 6275.886793000 119 118 116 117 117 119 119 120 122 123 125 127 128 130 131 134 135 136 137 138 138 138 138 136 136 
58694 6275.900680500 135 134 132 131 129 128 126 123 121 121 119 119 118 117 117 118 118 119 121 121 123 125 126 128 130 
58695 6275.914568000 132 133 135 136 136 138 137 137 138 137 136 135 134 131 130 129 127 125 124 122 120 120 119 117 117 
58696 6275.928455500 117 117 118 118 120 121 122 125 127 128 131 132 134 135 136 138 139 138 140 138 137 137 136 135 133 
58697 6275.942343000 130 129 127 124 124 121 120 119 118 117 117 116 117 118 119 119 120 123 124 126 129 130 131 134 136 
58698 6275.956230500 136 137 138 139 138 138 137 137 135 134 133 131 129 126 126 123 121 120 119 118 117 118 117 117 118 
58699 6275.970118000 119 120 122 123 124 127 128 130 132 134 135 137 137 138 138 139 138 137 137 136 134 132 131 129 127 
58700 6275.984005500 126 123 121 120 118 118 117 116 117 117 117 119 120 121 122 125 127 128 130 132 134 135 137 138 138 
58701 6275.997893000 138 139 138 137 137 135 134 132 131 129 127 124 124 121 119 119 118 117 116 117 117 117 119 120 121 
58702 6276.011780500 122 125 126 129 130 131 134 136 136 138 138 138 138 139 137 136 136 135 133 131 129 127 125 123 122 
58703 6276.025668000 120 120 118 117 117 116 117 118 118 119 121 123 125 126 128 130 133 134 136 136 137 139 139 139 138 
58704 6276.039555500 139 137 135 134 132 131 129 127 124 123 122 120 118 118 117 116 117 117 118 118 119 122 122 124 127 
58705 6276.053443000 128 130 132 134 135 137 138 140 139 139 139 139 137 137 134 132 131 129 126 125 123 120 119 118 116 
58706 6276.067330500 117 116 115 117 116 118 119 120 123 124 126 128 131 132 134 136 137 138 138 140 139 139 139 137 136 
58707 6276.081218000 135 134 131 129 127 125 123 121 120 118 117 117 116 115 116 117 118 119 122 122 124 127 128 130 133 
58708 6276.095105500 135 136 137 139 139 140 140 139 138 138 136 134 133 131 129 126 124 123 121 119 119 117 116 115 116 
58709 6276.108993000 116 117 118 119 121 123 125 126 128 131 133 134 136 137 138 139 140 140 139 138 137 136 135 133 130 
58710 6276.122880500 130 127 124 123 120 120 118 117 117 115 115 116 117 117 119 121 122 123 127 128 130 133 134 136 137 
58711 6276.136768000 139 139 139 140 138 139 137 137 135 132 131 129 127 125 123 120 120 118 117 116 116 115 116 117 117 
58712 6276.150655500 119 121 123 124 127 128 131 133 134 135 138 138 139 140 140 140 138 138 137 135 132 131 129 126 126 
58713 6276.164543000 123 121 120 117 118 116 115 116 116 116 118 119 120 122 125 126 128 131 133 133 136 137 138 140 140 
58714 6276.178430500 139 140 139 138 137 135 134 131 129 128 125 122 122 120 118 117 117 116 116 117 117 117 119 120 122 
58715 6276.192318000 125 126 128 131 132 135 135 137 139 139 139 139 139 138 137 137 135 133 131 130 127 124 122 122 119 
58716 6276.206205500 117 116 116 115 116 115 116 118 118 120 123 124 126 129 131 132 134 137 138 140 140 140 140 141 139 
58717 6276.220093000 138 138 135 134 131 129 126 126 123 120 120 117 116 116 115 115 115 115 118 118 120 122 124 126 129 
58718 6276.233980500 131 133 134 136 138 140 140 140 141 140 139 139 137 135 134 132 129 127 124 123 121 118 118 117 115 
58719 6276.247868000 116 115 115 116 117 119 121 121 124 126 128 130 133 134 136 139 139 140 140 141 140 139 139 137 135 
58720 6276.261755500 134 132 129 127 125 123 121 118 118 116 115 116 115 115 115 118 118 120 121 125 127 128 130 133 134 
58721 6276.275643000 137 138 139 140 140 141 140 139 138 137 135 134 131 129 127 125 122 120 119 118 116 116 115 114 116 
58722 6276.289530500 116 117 119 121 121 124 126 128 131 133 134 136 138 138 140 141 140 140 141 139 137 136 134 131 129 
58723 6276.303418000 128 125 123 121 118 117 115 114 115 114 115 114 117 118 120 122 124 126 128 132 133 134 138 139 140 
58724 6276.317305500 140 142 142 141 141 139 137 136 134 131 130 128 124 122 121 118 117 115 115 113 114 115 115 117 118 
58725 6276.331193000 119 121 124 127 129 131 134 135 137 138 140 141 141 141 141 140 139 137 136 134 132 129 126 125 122 
58726 6276.345080500 119 119 117 116 115 115 114 114 115 116 118 119 121 124 126 128 130 133 135 136 140 140 140 141 142 
58727 6276.358968000 141 140 139 137 136 134 132 129 127 125 122 119 119 117 116 113 115 114 114 114 117 118 119 122 124 
58728 6276.372855500 126 128 131 133 135 137 138 140 141 141 142 142 141 139 137 137 134 131 130 127 124 122 121 118 116 
58729 6276.386743000 116 114 114 115 115 115 116 117 120 122 124 126 127 131 133 135 136 139 140 140 142 142 140 141 139 
58730 6276.400630500 137 136 133 132 129 128 124 122 121 119 117 115 115 114 114 115 115 116 118 120 122 123 126 128 130 
58731 6276.414518000 134 135 137 139 140 140 142 141 142 141 139 137 136 134 131 130 127 125 122 121 118 116 116 114 114 
58732 6276.428405500 114 114 114 116 117 120 121 123 126 129 131 133 135 138 138 139 142 141 141 141 140 139 137 135 134 
58733 6276.442293000 132 129 128 125 122 121 118 116 116 114 115 115 115 115 116 118 119 121 124 126 128 130 133 135 137 
58734 6276.456180500 138 140 141 142 141 142 140 139 137 136 134 131 129 127 124 121 120 119 116 115 115 114 113 115 115 
58735 6276.470068000 115 118 119 122 123 127 128 131 133 135 137 139 140 141 142 141 141 141 139 138 136 135 132 129 128 
58736 6276.483955500 125 122 121 118 116 116 115 113 114 114 114 116 117 119 121 124 126 128 130 133 136 137 139 140 141 
58737 6276.497843000 141 142 141 140 140 138 135 134 131 130 127 124 122 121 118 117 114 114 114 114 114 115 116 117 120 
58738 6276.511730500 121 123 127 128 131 133 135 138 139 140 141 141 142 141 140 140 139 136 134 132 130 126 124 123 120 
58739 6276.525618000 117 117 115 115 113 113 113 115 116 117 119 121 123 126 129 130 133 135 137 138 140 140 142 142 141 
58740 6276.539505500 141 140 137 136 134 132 130 127 124 123 120 118 117 115 114 114 114 113 115 115 117 119 121 123 125 
58741 6276.553393000 129 131 133 136 138 140 142 142 143 144 143 142 140 140 137 134 131 130 127 124 122 119 117 116 114 
58742 6276.567280500 113 112 112 112 114 114 116 119 120 123 126 128 131 134 136 138 140 142 142 143 143 142 141 140 139 
58743 6276.581168000 136 135 132 130 127 124 122 119 117 116 114 114 113 112 112 114 115 116 118 121 123 125 129 131 133 
58744 6276.595055500 135 139 140 141 142 144 143 142 142 140 138 137 134 131 130 127 124 122 120 117 115 114 113 112 112 
58745 6276.608943000 113 113 115 116 118 121 123 125 129 131 134 136 138 140 142 142 143 144 143 142 140 139 137 134 133 
58746 6276.622830500 129 127 125 121 120 117 116 114 112 113 113 113 113 115 117 118 120 123 125 128 131 133 136 139 140 
58747 6276.636718000 141 142 143 142 143 141 141 139 137 135 132 130 128 125 122 119 118 115 114 113 112 113 113 114 114 
58748 6276.650605500 117 118 120 124 125 129 131 133 136 138 141 141 142 143 143 142 142 141 139 137 134 133 130 126 125 
58749 6276.664493000 122 119 117 116 114 113 112 112 113 114 115 116 119 120 122 126 129 131 133 136 138 140 141 143 143 
58750 6276.678380500 143 143 142 141 140 137 134 133 130 127 124 123 120 117 116 114 113 113 113 112 114 115 116 118 121 
58751 6276.692268000 123 125 128 131 133 136 138 140 142 142 142 143 143 142 140 140 138 135 132 130 127 124 122 120 117 
58752 6276.706155500 115 115 112 113 112 113 114 114 116 118 120 124 126 128 130 133 136 138 140 141 143 143 143 142 142 
58753 6276.720043000 141 139 138 135 132 130 127 124 122 120 117 115 115 113 113 113 112 114 115 116 119 121 123 126 128 
58754 6276.733930500 131 134 135 137 140 141 143 143 143 142 142 141 139 138 135 132 129 127 125 122 119 118 115 115 113 
58755 6276.747818000 113 112 113 114 114 116 118 120 123 126 128 131 134 135 138 141 142 142 142 143 143 142 140 139 133 
58756 6276.761705500 129 129 128 128 128 128 123 119 115 113 113 112 111 112 113 113 115 118 120 122 125 129 131 133 137 
58757 6276.775593000 139 141 142 144 144 144 143 143 142 139 138 135 132 131 128 124 121 120 116 115 114 112 112 111 111 
58758 6276.789480500 113 114 115 118 120 123 125 128 131 134 137 139 140 143 143 143 145 145 143 141 140 138 135 133 130 
58759 6276.803368000 127 124 121 119 116 115 113 112 112 111 111 112 114 115 117 120 123 125 128 131 133 136 139 140 143 
58760 6276.817255500 143 143 145 144 143 142 139 138 136 132 130 128 124 121 119 117 114 113 113 112 111 112 113 113 116 
58761 6276.831143000 117 120 123 125 129 131 134 136 138 141 142 142 144 144 144 143 142 140 139 135 132 130 128 124 121 
58762 6276.845030500 120 117 114 114 112 112 112 111 112 114 115 117 120 122 126 128 130 133 137 139 141 142 144 144 144 
58763 6276.858918000 145 144 142 141 138 136 133 130 126 125 121 118 117 114 112 110 110 110 111 111 113 115 117 120 122 
58764 6276.872805500 124 129 131 134 136 139 141 142 144 144 144 145 144 142 141 138 136 132 130 127 124 121 118 116 115 
58765 6276.886693000 113 111 111 111 110 112 113 115 117 120 122 125 128 131 134 137 139 141 143 144 144 145 145 144 142 
58766 6276.900580500 141 138 136 132 131 127 124 121 119 116 113 113 111 111 111 111 111 114 115 116 120 123 125 129 131 
58767 6276.914468000 134 138 139 142 143 144 145 145 144 143 143 141 138 135 133 131 127 124 120 119 116 114 112 111 111 
58768 6276.928355500 110 110 112 112 115 117 119 123 125 128 131 134 137 140 142 142 143 145 145 144 143 142 141 138 135 
58769 6276.942243000 134 130 127 125 121 119 116 115 113 111 112 111 111 112 112 115 117 119 122 126 128 131 134 137 139 
58770 6276.956130500 141 143 144 145 145 145 144 142 141 138 135 132 131 127 124 122 119 116 114 113 111 112 111 111 111 
58771 6276.970018000 112 115 117 120 122 126 128 131 134 136 139 142 143 143 145 145 145 143 143 140 139 136 133 130 127 
58772 6276.983905500 124 122 119 116 114 113 111 111 111 111 111 113 115 117 119 123 125 128 131 134 136 139 142 143 144 
58773 6276.997793000 143 145 144 144 143 140 139 136 132 129 128 124 121 119 116 115 113 112 111 110 110 112 113 114 118 
58774 6277.011680500 119 121 126 128 131 133 137 139 142 143 144 144 145 145 143 143 140 138 137 133 129 128 124 121 119 
58775 6277.025568000 116 114 113 111 111 111 110 112 113 115 117 120 122 124 128 132 134 136 139 142 143 143 145 145 144 
58776 6277.039455500 143 143 140 139 136 134 130 127 125 121 118 117 114 113 112 110 110 110 111 113 115 117 119 122 124 
58777 6277.053343000 129 131 134 137 139 142 143 145 145 144 145 144 143 140 139 137 133 130 128 125 121 118 117 114 112 
58778 6277.067230500 112 111 110 110 112 113 115 118 120 122 125 129 132 134 136 140 142 143 144 145 145 144 145 143 140 
58779 6277.081118000 138 136 133 130 127 123 122 119 116 114 112 112 110 110 111 111 112 114 117 120 122 125 129 131 133 
58780 6277.095005500 137 139 141 144 144 145 145 145 144 143 141 138 137 133 130 127 125 122 119 116 113 113 111 110 111 
58781 6277.108893000 111 112 113 115 117 118 122 125 128 131 133 137 139 141 143 144 144 144 145 144 142 140 139 136 133 
58782 6277.122780500 130 127 124 122 118 116 114 113 111 111 110 110 111 113 115 116 119 123 125 128 131 135 137 139 141 
58783 6277.136668000 143 144 144 146 145 144 142 141 139 136 134 130 127 124 122 119 115 113 113 111 110 110 110 110 113 
58784 6277.150555500 115 116 120 122 125 128 131 133 137 140 142 143 145 145 145 146 144 143 141 139 136 133 130 127 124 
58785 6277.164443000 121 119 116 115 113 111 110 110 110 111 113 115 116 119 122 125 128 131 134 137 139 141 144 145 145 
58786 6277.178330500 145 145 144 142 141 138 137 133 130 127 125 121 118 116 114 112 110 111 110 110 111 113 114 116 120 
58787 6277.192218000 122 124 129 131 134 137 139 142 143 144 146 146 145 144 143 141 138 136 134 131 127 125 121 118 116 
58788 6277.206105500 114 112 111 110 110 110 111 113 114 116 119 122 125 129 131 134 137 140 141 143 145 144 146 146 144 
58789 6277.219993000 143 141 139 136 134 130 128 124 121 119 116 114 113 111 110 111 111 111 112 115 117 119 121 125 128 
58790 6277.233880500 131 134 136 140 142 144 144 145 145 146 144 142 142 139 136 133 131 128 124 121 119 116 113 112 112 
58791 6277.247768000 110 111 110 111 113 114 116 119 121 125 128 131 133 137 139 141 143 145 145 145 144 145 143 140 139 
58792 6277.261655500 136 134 130 127 124 121 118 115 114 112 111 111 110 110 111 113 114 116 119 122 125 128 131 135 136 
58793 6277.275543000 139 142 143 145 145 146 145 144 144 141 139 136 133 131 127 123 121 119 116 113 112 111 110 110 111 
58794 6277.289430500 111 112 115 116 119 121 124 129 131 133 137 140 142 143 145 145 145 144 145 143 141 139 137 134 131 
58795 6277.303318000 127 124 121 119 116 113 113 111 110 110 110 112 112 114 117 119 121 126 128 130 134 136 139 142 143 
58797 6277.331093000 116 120 122 125 128 131 134 137 139 142 143 144 146 146 145 144 143 141 139 137 133 130 128 125 122 
58798 6277.344980500 119 116 114 112 111 110 110 110 111 112 114 116 119 122 125 128 130 134 136 140 142 143 146 145 145 
58799 6277.358868000 145 144 143 141 139 136 134 131 127 124 122 118 117 113 112 112 110 109 110 111 112 113 117 119 121 
58800 6277.372755500 125 128 131 134 137 140 142 143 146 145 145 145 145 143 141 138 137 133 130 128 125 121 118 116 113 
58801 6277.386643000 113 111 110 109 110 111 112 115 116 119 123 125 128 131 135 137 139 141 144 145 145 145 146 144 144 
58802 6277.400530500 141 139 137 134 130 128 124 121 119 116 113 112 111 109 110 110 111 112 114 117 119 121 125 128 130 
58803 6277.414418000 134 137 139 142 144 144 145 146 146 144 144 142 139 136 134 131 127 124 121 119 116 113 113 111 110 
58804 6277.428305500 110 110 110 112 113 116 118 122 125 127 131 134 137 140 142 143 144 146 146 145 144 143 141 140 137 
58805 6277.442193000 134 131 127 125 121 119 115 112 112 110 109 110 109 110 112 113 115 119 121 124 128 131 134 138 140 
58806 6277.456080500 142 144 145 146 146 146 145 144 141 140 136 134 131 127 124 121 118 115 113 111 109 110 109 109 110 
58807 6277.469968000 112 113 115 119 121 125 128 130 135 137 139 143 144 145 146 146 147 145 143 141 140 137 134 131 128 
58808 6277.483855500 124 121 118 115 113 111 110 110 108 110 110 111 114 116 118 121 125 128 131 134 138 140 142 144 146 
58809 6277.497743000 146 146 146 145 143 142 139 137 134 130 127 124 121 119 115 113 110 110 109 108 110 110 111 114 116 
58810 6277.511630500 118 122 124 128 131 135 137 140 142 145 145 146 147 146 145 145 142 139 137 134 130 128 124 121 118 
58811 6277.525518000 115 114 111 110 109 108 109 111 111 113 116 119 120 125 128 131 135 138 140 142 144 145 147 147 146 
58812 6277.539405500 145 144 142 140 137 135 131 127 124 121 118 116 114 111 110 109 110 109 110 112 113 115 119 122 124 
58813 6277.553293000 128 131 134 137 140 142 144 145 146 147 146 145 144 142 140 136 135 131 127 124 122 118 115 112 112 
58814 6277.567180500 109 109 109 109 111 111 113 116 119 121 124 128 131 134 137 140 142 145 146 146 147 147 145 143 143 
58815 6277.581068000 139 137 134 130 128 124 122 119 115 114 112 110 110 109 109 109 112 114 115 118 121 125 127 131 135 
58816 6277.594955500 137 139 142 144 145 146 146 147 145 143 141 140 137 134 131 128 124 120 119 116 113 111 111 110 108 
58817 6277.608843000 110 111 111 114 116 118 121 124 127 131 134 137 140 142 144 145 145 146 146 145 143 143 140 136 135 
58818 6277.622730500 131 128 124 122 119 115 114 111 110 110 109 109 110 112 114 115 119 121 124 128 131 134 137 141 142 
58819 6277.636618000 144 146 146 147 146 146 144 142 139 138 134 130 128 124 120 119 115 113 112 111 109 109 110 110 111 
58820 6277.650505500 113 116 118 122 125 127 131 135 137 139 142 144 146 147 147 147 145 145 143 140 137 135 131 127 124 
58821 6277.664393000 121 117 115 112 111 109 108 108 108 109 111 112 115 118 121 124 128 132 134 137 141 143 144 146 147 
58822 6277.678280500 147 148 146 145 142 140 137 134 131 127 124 121 117 114 113 110 109 108 108 108 109 111 112 115 118 
58823 6277.692168000 121 125 128 131 135 137 140 143 145 147 147 147 147 147 145 142 140 137 135 131 127 124 121 118 114 
58824 6277.706055500 113 111 109 108 108 108 110 111 112 115 117 120 125 128 130 135 138 140 142 145 147 147 147 148 146 
58825 6277.719943000 144 144 140 137 135 131 127 124 121 117 114 113 111 108 109 108 108 109 111 113 115 117 122 124 127 
58826 6277.733830500 131 135 137 141 143 144 146 147 148 147 146 144 143 140 138 134 131 128 124 120 118 115 112 110 109 
58827 6277.747718000 108 107 108 109 111 112 114 118 121 124 129 131 134 139 141 143 145 148 148 148 147 147 145 144 141 
58828 6277.761605500 137 135 131 128 124 121 118 114 112 111 108 108 108 108 108 111 112 114 118 121 124 127 132 134 137 
58829 6277.775493000 141 143 145 147 148 148 148 146 146 143 140 137 135 131 127 124 121 118 115 112 111 109 107 108 108 
58830 6277.789380500 108 111 112 114 118 120 124 128 131 135 138 140 143 146 146 147 149 148 147 145 144 141 137 135 131 
58831 6277.803268000 127 125 121 117 115 111 111 109 107 108 108 109 109 113 115 117 121 124 128 132 134 137 141 144 145 
58832 6277.817155500 146 148 148 148 147 146 143 140 139 135 131 127 124 121 117 115 112 110 108 108 107 107 108 110 112 
58833 6277.831043000 114 117 121 124 127 131 134 138 141 143 146 147 147 148 148 147 145 144 141 137 135 132 127 125 121 
58834 6277.844930500 117 115 112 111 109 108 107 108 108 111 113 114 117 121 123 128 131 134 137 141 143 145 146 148 148 
58835 6277.858818000 147 147 145 144 141 139 135 131 127 124 122 118 114 113 110 108 108 108 108 108 111 112 114 118 121 
58836 6277.872705500 124 128 131 135 138 140 144 146 147 147 148 148 146 145 144 141 137 135 132 128 123 121 117 114 113 
58837 6277.886593000 111 108 108 108 107 109 110 112 114 118 121 124 128 131 134 138 141 144 145 146 148 148 149 147 145 
58838 6277.900480500 144 141 137 135 131 127 125 121 117 115 112 109 108 107 106 108 108 110 111 114 117 120 124 128 131 
58839 6277.914368000 135 138 140 144 146 148 149 149 148 148 146 144 141 138 136 132 127 125 121 117 114 112 109 107 108 
58840 6277.928255500 107 107 107 109 111 114 116 121 123 128 131 135 138 141 144 146 147 149 149 148 148 146 144 141 139 
58841 6277.942143000 135 131 128 124 120 117 115 111 109 108 107 106 107 108 109 112 114 116 121 124 127 131 135 138 141 
58842 6277.956030500 143 147 147 149 149 149 148 145 145 142 138 135 132 128 123 120 118 114 111 110 108 107 107 107 107 
58843 6277.969918000 109 112 114 116 121 123 128 132 135 137 142 144 146 148 149 148 148 148 146 144 141 139 135 131 127 
58844 6277.983805500 125 121 117 114 111 110 108 106 107 107 107 110 112 114 116 121 124 127 132 135 137 141 144 146 147 
58845 6277.997693000 149 149 148 148 146 143 142 138 135 131 129 124 120 118 115 111 109 107 108 106 106 108 109 111 113 
58846 6278.011580500 117 120 124 127 132 135 139 141 144 145 148 148 149 149 148 146 144 142 139 135 131 128 124 120 117 
58847 6278.025468000 115 112 109 108 107 107 107 107 110 111 114 116 121 124 127 131 135 138 140 143 146 147 147 148 147 
58848 6278.039355500 148 145 143 142 138 135 132 128 124 122 117 116 112 110 108 108 108 107 108 111 112 114 118 120 124 
58849 6278.053243000 128 131 134 138 140 144 145 147 148 148 148 147 145 144 141 137 135 131 127 124 121 118 114 113 110 
58850 6278.067130500 108 108 107 107 108 111 112 114 118 121 124 127 131 135 138 140 143 145 146 147 148 147 148 145 143 
58851 6278.081018000 141 139 135 132 128 125 121 117 115 113 110 109 108 107 108 109 110 112 115 118 120 124 128 130 134 
58852 6278.094905500 138 140 143 145 146 148 148 147 147 146 143 141 138 135 132 128 124 121 119 115 112 110 109 108 108 
58853 6278.108793000 108 108 110 112 114 118 120 124 128 130 134 138 141 143 145 147 148 147 148 147 145 143 141 138 134 
58854 6278.122680500 132 128 125 121 119 114 112 111 109 108 108 107 108 111 112 114 118 121 124 127 132 135 138 140 144 
58855 6278.136568000 145 147 148 147 148 147 145 143 141 138 134 131 128 125 121 118 115 112 110 109 107 109 108 108 110 
58856 6278.150455500 112 114 116 121 123 128 131 135 138 140 143 146 146 147 148 148 146 145 144 141 137 135 132 128 125 
58857 6278.164343000 121 117 115 112 110 109 107 108 108 108 110 111 115 117 120 124 128 131 134 138 141 143 146 146 147 
58858 6278.178230500 147 148 147 145 143 141 137 135 132 127 125 121 117 115 112 110 109 107 107 108 108 109 112 114 116 
58859 6278.192118000 121 124 127 132 134 138 140 145 146 147 148 149 148 147 147 144 141 138 136 132 127 125 121 117 115 
58860 6278.206005500 111 109 108 106 107 107 108 110 111 114 117 120 124 128 131 135 138 141 143 146 147 148 149 149 148 
58861 6278.219893000 146 144 141 138 135 132 128 124 121 117 115 112 109 108 107 106 106 108 109 110 114 117 120 123 127 
58862 6278.233780500 131 134 138 141 144 145 148 148 148 149 148 146 143 142 138 135 131 128 124 121 118 114 111 110 108 
58863 6278.247668000 108 107 106 108 109 112 114 117 120 124 127 130 135 138 141 144 146 147 148 149 148 148 146 145 141 
58864 6278.261555500 138 135 131 128 125 120 117 115 111 109 108 106 106 107 107 110 111 113 117 121 123 128 131 134 138 
58865 6278.275443000 141 145 146 148 149 150 149 149 146 145 142 139 135 132 128 124 120 117 114 111 109 108 106 106 106 
58866 6278.289330500 106 109 110 114 116 120 123 126 132 135 138 141 144 146 148 149 149 150 148 146 145 142 139 136 132 
58867 6278.303218000 128 124 120 118 114 112 109 107 106 107 106 106 108 110 114 116 119 123 127 130 135 138 141 144 147 
58868 6278.317105500 148 149 150 149 149 146 144 143 139 135 132 129 124 121 117 114 110 109 107 106 107 106 107 108 111 
58869 6278.330993000 113 116 119 124 127 131 134 138 141 145 146 147 149 149 149 149 147 145 142 139 136 132 128 125 121 
58870 6278.344880500 117 115 111 110 107 107 106 105 107 109 110 112 116 120 123 128 131 134 138 142 144 146 149 149 149 
58871 6278.358768000 150 149 146 145 142 140 136 131 129 125 120 117 114 112 109 107 107 106 105 107 109 110 113 117 120 
58872 6278.372655500 123 128 131 135 138 141 144 146 148 149 149 149 149 147 144 141 140 136 132 128 125 121 118 114 111 
58873 6278.386543000 109 107 106 107 106 108 109 110 114 116 119 124 127 131 134 139 141 144 146 149 149 149 150 149 147 
58874 6278.400430500 144 142 139 136 131 128 124 121 118 114 111 109 108 106 105 106 107 108 111 113 116 120 123 128 131 
58875 6278.414318000 135 138 142 144 147 148 149 150 149 148 147 145 142 139 136 132 128 125 121 117 115 112 108 107 107 
58876 6278.428205500 106 105 107 108 111 112 117 120 123 128 131 134 139 141 144 146 148 149 150 150 148 147 145 142 139 
58877 6278.442093000 136 132 128 124 120 118 114 112 109 107 106 107 106 106 109 111 113 116 120 123 127 131 135 138 141 
58878 6278.455980500 145 147 147 150 149 150 149 146 145 142 138 135 132 128 124 122 117 114 111 109 107 106 107 106 106 
58879 6278.469868000 109 111 113 116 120 123 128 131 134 139 141 144 147 148 150 150 149 148 147 145 142 139 136 132 129 
58880 6278.483755500 124 121 118 114 110 109 107 106 106 106 106 109 111 112 115 120 123 127 131 135 138 141 145 147 148 
58881 6278.497643000 150 150 149 148 147 144 143 139 136 132 128 125 121 117 115 111 108 106 107 106 105 106 109 110 113 
58882 6278.511530500 116 119 123 127 131 135 138 141 144 147 148 148 150 149 148 147 145 143 139 136 132 128 125 121 117 
58883 6278.525418000 113 112 108 107 106 104 106 106 107 110 113 115 118 124 127 130 135 139 142 144 148 149 150 150 150 
58884 6278.539305500 150 148 146 143 139 136 132 128 124 121 116 114 111 108 107 105 105 105 107 108 109 112 116 120 123 
58885 6278.553193000 127 131 135 139 142 145 147 150 151 151 150 150 147 145 143 139 135 132 128 124 121 117 113 111 108 
58886 6278.567080500 107 105 105 106 106 109 110 112 116 120 123 127 131 134 138 142 144 147 149 150 150 151 149 147 145 
58887 6278.580968000 143 139 137 132 128 124 120 118 114 110 109 107 104 105 106 106 107 111 113 115 119 123 127 131 135 
58888 6278.594855500 138 141 144 147 149 150 151 150 149 147 145 143 139 136 133 128 124 121 117 113 111 108 107 105 106 
58889 6278.608743000 105 106 109 110 112 116 119 123 127 132 135 138 142 145 147 150 150 151 150 150 147 145 144 140 136 
58890 6278.622630500 133 128 125 120 116 113 110 108 106 104 104 104 106 108 109 112 115 119 123 126 131 135 138 142 145 
58891 6278.636518000 147 149 151 151 151 150 147 146 143 140 137 133 128 124 121 117 112 110 108 106 105 105 105 106 107 
58892 6278.650405500 109 112 115 119 123 126 132 135 138 142 145 147 149 151 151 150 149 149 146 143 140 136 133 128 125 
58893 6278.664293000 121 116 114 110 108 107 105 104 106 106 108 110 112 116 119 122 127 131 134 139 143 145 147 150 150 
58894 6278.678180500 151 151 149 149 146 144 140 135 133 128 124 120 117 113 110 108 106 104 105 105 105 107 110 112 115 
58895 6278.692068000 120 123 127 131 135 139 142 145 147 150 151 150 151 149 149 147 143 140 137 133 128 125 120 116 114 
58896 6278.705955500 111 108 106 105 104 104 106 108 108 113 115 118 122 127 131 135 139 142 145 148 149 150 151 151 149 
58897 6278.719843000 149 146 143 141 136 132 128 124 121 117 113 111 108 105 105 104 104 106 107 109 113 116 118 122 127 
58898 6278.733730500 131 134 139 142 145 147 150 150 150 151 150 147 146 143 140 136 132 129 124 120 117 113 110 109 107 
58899 6278.747618000 104 105 105 105 108 109 113 115 119 123 127 131 134 139 142 144 147 150 150 150 151 150 147 145 144 
58900 6278.761505500 140 136 133 128 124 121 117 113 111 107 106 106 105 104 106 107 109 112 116 119 122 127 131 134 139 
58901 6278.775393000 142 145 148 149 151 151 151 150 148 147 144 140 137 133 128 124 121 116 114 111 108 107 104 105 105 
58902 6278.789280500 105 108 109 112 116 118 123 127 130 135 139 142 144 148 149 150 151 151 150 149 146 143 139 137 133 
58903 6278.803168000 129 125 120 117 114 110 108 106 104 105 105 105 107 110 112 115 118 123 126 130 135 138 143 145 147 
58904 6278.817055500 150 151 150 151 150 148 146 143 140 137 133 128 125 121 117 113 111 108 106 105 105 105 105 106 110 
58905 6278.830943000 112 114 119 122 127 131 135 139 142 145 149 150 152 151 151 151 149 147 143 140 137 132 129 124 120 
58906 6278.844830500 117 113 109 108 104 104 103 103 104 107 108 111 114 118 122 126 131 135 139 143 146 148 150 152 152 
58907 6278.858718000 151 151 149 146 144 140 138 133 128 125 121 116 112 110 107 106 104 103 104 105 106 109 111 114 119 
58908 6278.872605500 122 126 131 135 139 143 145 149 150 152 151 152 151 149 147 144 141 136 133 129 124 120 117 113 109 
58909 6278.886493000 108 106 104 104 104 104 107 109 110 115 119 122 127 131 135 140 143 146 149 150 152 151 152 151 149 
58910 6278.900380500 147 144 141 137 133 129 124 120 117 113 109 108 106 103 104 103 104 106 109 112 115 118 123 127 130 
58911 6278.914268000 134 140 142 146 148 150 151 152 152 151 149 147 144 140 138 133 128 124 121 116 112 110 107 104 104 
58912 6278.928155500 104 103 104 106 108 111 114 119 122 126 131 135 139 142 146 148 150 151 153 152 151 150 147 144 141 
58913 6278.942043000 137 133 129 124 121 116 113 110 107 104 105 104 103 104 106 108 111 115 118 122 126 131 134 139 143 
58914 6278.955930500 145 148 151 152 152 152 151 150 147 144 142 137 133 129 125 120 116 113 110 107 106 104 103 104 104 
58915 6278.969818000 106 108 112 114 119 122 126 131 135 138 143 146 148 151 152 152 151 152 150 147 144 141 136 133 129 
58916 6278.983705500 124 121 116 112 110 106 104 104 103 104 104 106 108 112 114 118 122 127 131 135 139 143 146 148 150 
58917 6278.997593000 151 153 152 152 149 147 144 140 138 133 128 125 120 116 112 109 108 105 103 103 104 104 105 109 111 
58918 6279.011480500 114 119 122 127 131 135 138 143 146 148 151 152 152 152 151 149 148 144 142 137 132 128 125 120 116 
58919 6279.025368000 113 110 107 105 103 103 104 105 106 109 111 114 118 123 126 130 135 139 143 146 148 151 152 152 152 
58920 6279.039255500 151 150 147 143 141 136 134 129 124 120 117 113 109 107 105 103 104 104 104 106 108 112 114 118 122 
58921 6279.053143000 126 131 135 138 143 146 148 150 151 151 153 151 149 148 145 141 136 133 129 125 120 117 113 109 108 
58922 6279.067030500 106 104 103 104 105 106 109 110 115 119 122 127 131 135 140 143 145 148 150 152 152 151 152 150 147 
58923 6279.080918000 144 141 137 133 128 125 120 115 113 110 106 105 103 102 104 104 105 109 111 114 117 123 127 130 136 
58924 6279.094805500 139 142 146 148 151 152 153 153 151 150 148 144 141 137 134 128 124 120 117 112 109 107 104 104 103 
58925 6279.108693000 103 104 106 108 111 113 118 122 126 131 135 139 143 146 148 151 152 152 153 152 150 147 145 141 136 
58926 6279.122580500 133 129 124 120 116 113 110 106 105 104 103 103 105 105 108 111 115 118 122 127 131 134 139 143 146 
58927 6279.136468000 148 151 152 152 153 151 150 148 144 141 138 133 129 124 120 117 113 109 106 106 103 103 103 104 106 
58928 6279.150355500 107 111 113 119 122 127 131 135 139 142 145 149 151 152 153 152 151 150 148 144 140 138 134 128 124 
58929 6279.164243000 121 116 112 110 107 105 104 103 103 104 105 107 111 114 118 121 126 131 136 140 143 146 150 151 154 
58930 6279.178130500 153 153 152 151 149 146 142 138 133 130 124 120 115 112 109 106 103 104 102 102 103 105 106 110 114 
58931 6279.192018000 118 121 127 131 136 139 144 147 149 151 153 153 153 153 151 148 145 142 137 133 129 124 120 117 112 
58932 6279.205905500 108 107 103 103 101 103 103 104 107 111 114 117 121 127 131 135 139 143 146 150 152 153 154 153 152 
58933 6279.219793000 150 149 145 143 138 134 129 124 121 116 112 109 106 104 102 102 102 103 104 108 110 113 118 121 126 
58934 6279.233680500 131 135 139 143 146 150 152 153 154 153 152 151 148 145 142 138 134 129 124 121 116 112 109 106 103 
58935 6279.247568000 103 102 102 103 104 107 109 114 117 121 125 131 135 139 143 147 150 151 153 154 153 152 151 149 145 
58936 6279.261455500 141 139 134 130 125 121 116 112 109 107 104 103 102 102 103 105 107 110 114 118 122 126 131 134 139 
58937 6279.275343000 143 147 149 152 152 154 153 152 151 148 145 142 138 133 129 125 120 115 112 109 107 104 103 101 103 
58938 6279.289230500 104 104 107 111 113 117 122 126 130 136 139 143 147 149 152 153 153 154 152 151 148 145 142 137 134 
58939 6279.303118000 129 124 121 116 112 109 106 104 103 101 103 103 104 108 110 113 117 122 127 131 135 139 144 146 149 
58940 6279.317005500 152 153 153 153 152 151 148 146 142 138 133 130 125 120 116 112 108 106 104 102 103 103 102 105 107 
58941 6279.330893000 109 114 117 122 126 131 135 139 144 147 149 152 153 154 153 152 150 149 145 141 138 134 129 124 120 
58942 6279.344780500 116 112 109 107 104 103 102 102 103 105 107 110 113 118 122 126 130 135 140 142 147 149 151 153 154 
58943 6279.358668000 153 153 151 148 146 141 138 134 128 124 120 116 112 109 106 103 103 102 102 103 105 107 109 114 116 
58944 6279.372555500 121 126 130 136 139 143 146 150 152 152 155 153 152 152 149 145 142 139 133 130 125 120 116 112 109 
58945 6279.386443000 106 103 102 101 102 102 103 107 110 113 116 122 126 130 136 140 143 147 150 152 153 154 154 153 152 
58946 6279.400330500 149 147 142 137 134 129 125 120 116 111 109 106 103 101 102 101 102 104 107 109 112 117 121 125 131 
58947 6279.414218000 135 139 144 147 150 153 153 155 154 153 153 149 146 142 138 134 129 124 121 115 111 109 106 103 101 
58948 6279.428105500 102 102 101 104 106 110 113 116 121 126 131 135 140 144 147 150 152 153 155 154 153 152 149 146 143 
58949 6279.441993000 139 134 130 125 120 116 111 109 106 103 102 101 101 103 103 107 109 113 116 122 126 130 136 140 143 
58950 6279.455880500 147 150 152 154 154 155 153 151 149 147 142 138 135 129 124 120 115 113 108 105 102 102 101 101 102 
58951 6279.469768000 104 106 110 113 117 121 127 130 135 139 144 147 149 153 154 154 155 153 152 149 146 142 139 133 130 
58952 6279.483655500 125 119 116 112 108 106 102 102 101 101 103 104 106 109 113 117 121 125 131 135 139 144 147 150 152 
58953 6279.497543000 154 154 155 153 153 149 146 142 139 133 129 125 120 116 111 109 106 103 101 101 102 102 103 107 109 
58954 6279.511430500 112 118 121 125 131 135 140 144 147 150 153 154 155 155 154 152 150 147 143 138 134 130 124 119 116 
58955 6279.525318000 111 107 105 102 102 099 101 102 101 106 109 112 116 121 126 130 135 140 144 147 151 153 154 156 155 
58956 6279.539205500 154 152 150 146 144 138 134 130 125 119 116 112 107 104 103 101 100 100 102 103 105 109 113 116 120 
58957 6279.553093000 126 131 135 140 143 148 150 153 154 155 155 154 152 149 147 143 139 134 129 125 120 115 111 108 105 
58958 6279.566980500 102 102 100 101 101 104 106 108 112 117 121 126 130 136 140 144 147 151 153 155 155 155 154 152 150 
58959 6279.580868000 147 143 138 135 129 124 120 115 112 108 104 102 102 100 100 101 103 105 108 112 117 121 125 130 136 
58960 6279.594755500 140 143 148 151 153 154 156 155 155 152 150 146 143 139 134 129 125 120 115 112 108 104 102 101 100 
58961 6279.608643000 101 101 104 106 108 113 116 120 126 131 135 139 143 148 150 153 155 155 154 153 153 150 147 142 139 
58962 6279.622530500 134 129 125 120 115 111 107 105 103 101 101 101 101 104 106 108 112 117 121 125 130 135 140 143 148 
58963 6279.636418000 150 152 155 155 155 154 152 150 147 143 139 135 129 125 120 115 111 109 105 102 101 101 100 101 104 
58964 6279.650305500 105 108 112 117 121 125 131 135 139 144 147 150 153 154 155 156 154 152 149 148 143 138 134 130 125 
58965 6279.664193000 120 116 111 108 104 102 100 099 100 101 102 105 108 111 117 121 125 130 136 140 144 149 152 154 156 
58966 6279.678080500 156 157 156 153 151 148 143 140 134 129 126 120 115 110 108 104 101 100 100 100 100 101 105 108 111 
58967 6279.691968000 116 120 126 131 135 140 144 149 152 154 155 157 156 155 154 151 148 144 139 134 130 124 120 115 111 
58968 6279.705855500 108 104 101 100 099 100 100 101 105 108 111 115 120 126 130 135 140 145 148 151 153 157 157 156 156 
58969 6279.719743000 153 151 148 143 140 134 130 125 120 115 111 107 103 102 100 099 099 100 102 104 108 112 116 120 126 
58970 6279.733630500 131 135 140 145 148 152 154 155 157 156 155 154 151 148 143 140 135 130 124 119 116 111 107 104 102 
58971 6279.747518000 099 100 100 100 102 104 108 112 115 121 126 130 135 140 145 148 151 154 157 157 157 155 154 152 148 
58972 6279.761405500 144 140 134 130 125 119 115 111 107 103 100 100 098 098 100 101 104 106 112 116 120 125 131 135 140 
58973 6279.775293000 145 149 152 155 156 158 157 156 155 152 148 145 140 135 130 125 120 115 110 107 103 101 100 098 098 
58974 6279.789180500 099 101 103 108 111 116 120 125 131 136 140 145 149 152 156 156 157 157 157 154 151 149 145 140 134 
58975 6279.803068000 131 125 120 115 110 106 102 101 099 098 100 100 101 103 107 111 115 121 125 130 136 140 144 149 152 
58976 6279.816955500 154 157 157 158 157 154 152 148 144 140 135 130 125 120 115 110 106 104 101 098 099 098 099 102 103 
58977 6279.830843000 107 111 115 121 125 131 135 141 145 148 152 155 157 157 158 157 155 151 148 145 141 135 129 125 120 
58978 6279.844730500 114 111 106 104 101 099 099 098 099 100 104 107 110 116 120 125 130 135 141 145 148 152 154 156 158 
58979 6279.858618000 157 156 155 152 148 144 140 135 130 124 120 115 110 106 104 101 098 097 099 099 100 105 107 111 116 
58980 6279.872505500 120 126 131 135 141 144 149 152 154 156 158 157 156 154 152 149 145 139 135 130 125 119 116 111 107 
58981 6279.886393000 103 101 099 099 098 099 100 104 107 110 116 120 125 131 136 140 144 148 152 155 156 158 157 156 155 
58982 6279.900280500 152 149 144 139 135 130 124 120 115 110 107 103 100 100 098 098 100 101 103 106 111 115 119 125 131 
58983 6279.914168000 136 140 145 149 153 155 157 157 158 157 154 151 150 145 140 136 130 125 119 115 110 106 102 101 098 
58984 6279.928055500 099 097 100 101 103 107 111 115 120 126 131 135 140 145 149 152 156 157 158 157 157 155 152 149 145 
58985 6279.941943000 141 135 130 125 119 115 110 106 104 101 098 099 098 099 100 103 106 110 116 120 125 131 136 140 146 
58986 6279.955830500 149 152 156 157 158 158 157 155 152 148 146 140 135 129 124 120 115 110 107 103 100 098 098 098 099 
58987 6279.969718000 100 104 106 111 115 119 126 130 135 141 145 149 153 155 157 158 157 156 155 152 148 145 140 135 130 
58988 6279.983605500 124 120 114 111 107 104 101 098 098 098 099 101 103 106 111 115 120 124 131 135 141 145 149 152 155 
58989 6279.997493000 157 158 158 156 156 152 148 144 141 136 130 125 120 114 111 107 102 100 099 097 098 098 100 102 106 
58990 6280.011380500 110 114 120 125 130 136 141 145 149 154 156 157 159 159 157 156 153 150 145 141 136 130 125 120 114 
58991 6280.025268000 109 106 101 100 098 097 097 097 100 102 105 110 115 119 126 131 135 140 146 150 153 156 157 159 158 
58992 6280.039155500 158 156 153 150 145 140 136 131 125 119 115 110 105 102 100 098 096 097 098 099 103 105 109 115 120 
58993 6280.053043000 125 131 135 142 146 150 153 156 158 159 159 158 156 154 150 145 141 135 131 125 119 115 110 105 103 
58994 6280.066930500 100 098 096 097 097 099 102 106 109 114 120 124 130 136 141 145 150 153 156 157 159 159 158 157 153 
58995 6280.080818000 149 146 141 135 131 124 120 115 110 105 103 100 097 097 097 097 100 103 106 109 114 120 125 130 137 
58996 6280.094705500 141 145 150 153 156 158 158 159 158 156 153 150 145 141 136 130 125 119 114 110 106 102 099 097 097 
58997 6280.108593000 097 097 100 102 106 109 114 120 124 130 136 140 145 150 153 155 159 159 158 158 157 153 149 146 141 
58998 6280.122480500 136 130 124 120 115 109 106 102 099 098 097 096 098 099 101 105 110 114 119 125 130 135 142 146 150 
58999 6280.136368000 153 157 158 159 159 158 156 154 150 145 142 136 130 125 120 114 109 106 103 100 097 097 097 097 099 
59000 6280.150255500 101 106 109 114 120 124 130 136 141 145 150 154 156 158 158 159 158 156 154 150 146 141 136 130 125 
59001 6280.164143000 120 115 109 106 101 099 097 096 097 098 099 102 105 109 115 120 125 130 136 141 146 151 154 156 158 
59002 6280.178030500 160 159 158 156 154 150 147 141 135 131 125 119 114 110 105 101 099 097 096 096 096 099 102 105 110 
59003 6280.191918000 115 119 125 130 136 141 145 150 154 157 158 159 160 158 156 153 150 146 141 136 130 125 120 114 109 
59004 6280.205805500 106 102 099 097 096 096 097 098 101 105 109 114 120 124 130 135 141 145 149 154 156 158 160 160 158 
59005 6280.219693000 156 155 150 146 142 136 130 125 120 115 109 105 102 099 096 097 097 098 098 102 105 109 115 119 125 
59006 6280.233580500 130 136 141 145 150 153 157 158 159 160 158 156 155 151 146 142 136 130 124 120 115 110 105 101 099 
59007 6280.247468000 097 097 096 097 099 101 104 110 114 118 125 131 135 142 146 150 154 157 159 159 160 159 157 154 151 
59008 6280.261355500 147 142 135 131 125 120 114 109 105 102 099 097 096 096 096 099 101 104 109 114 119 124 131 136 141 
59009 6280.275243000 147 150 153 158 159 159 161 159 157 154 151 147 141 135 131 125 119 114 110 106 102 098 097 095 095 
59010 6280.289130500 097 099 100 105 109 114 120 125 129 136 141 147 151 153 156 159 160 159 158 157 154 151 147 141 137 
59011 6280.303018000 131 124 120 114 110 104 102 099 097 096 096 097 098 102 105 108 114 118 124 131 135 140 146 150 154 
59012 6280.316905500 156 159 160 160 159 157 155 151 146 141 137 130 125 120 114 110 106 102 099 096 096 096 096 099 101 
59013 6280.330793000 104 109 114 119 125 131 136 141 145 151 154 156 159 160 159 159 157 154 150 147 142 136 131 125 119 
59014 6280.344680500 115 109 106 101 100 096 096 096 097 098 101 105 109 114 119 125 129 136 141 146 150 154 156 158 160 
59015 6280.358568000 160 158 157 154 151 146 142 136 131 126 120 114 109 106 102 099 096 096 096 097 098 100 105 109 114 
59016 6280.372455500 119 125 130 136 140 147 150 154 157 158 160 160 158 157 155 151 146 141 136 131 125 119 114 110 105 
59017 6280.386343000 101 099 097 096 096 096 099 101 105 109 114 118 124 131 135 141 146 151 153 157 159 160 159 159 157 
59018 6280.400230500 154 151 146 142 136 132 125 119 115 109 105 102 099 096 096 096 096 098 101 104 108 114 119 124 131 
59019 6280.414118000 135 141 146 150 154 158 159 160 159 159 157 154 151 146 141 137 131 125 120 115 109 105 102 099 096 
59020 6280.428005500 096 096 096 099 101 105 108 114 119 124 130 136 140 147 150 153 157 159 160 161 159 157 154 151 146 
59021 6280.441893000 141 137 131 126 120 114 108 106 102 099 096 096 095 096 099 101 104 108 114 119 124 129 136 141 145 
59022 6280.455780500 151 154 157 159 160 160 159 157 154 151 147 142 136 131 126 120 114 109 106 101 098 097 096 095 096 
59023 6280.469668000 099 101 104 109 113 119 125 130 135 142 146 150 154 157 158 159 160 159 157 155 151 146 142 136 130 
59024 6280.483555500 126 120 114 110 104 102 098 096 096 095 096 099 100 105 108 113 119 125 129 136 141 145 151 154 157 
59025 6280.497443000 159 159 160 159 158 155 151 147 141 137 131 125 120 114 108 105 101 097 095 095 095 095 097 099 103 
59026 6280.511330500 109 113 118 124 130 136 142 146 152 155 158 160 161 161 161 159 156 151 148 142 136 132 125 119 113 
59027 6280.525218000 109 104 100 098 095 095 094 096 097 099 104 108 112 118 125 130 136 141 146 152 155 158 160 161 161 
59028 6280.539105500 160 158 156 152 148 142 136 131 125 119 113 109 104 100 097 096 095 094 095 098 100 104 108 112 119 
59029 6280.552993000 124 131 135 141 147 152 155 157 161 161 162 161 158 155 152 148 142 136 132 125 119 114 109 105 100 
59030 6280.566880500 097 096 094 094 096 097 101 104 108 112 119 124 129 136 141 146 152 155 158 160 161 161 160 159 156 
59031 6280.580768000 152 148 142 137 131 125 120 113 109 105 100 097 096 095 093 096 097 099 104 108 112 119 124 130 135 
59032 6280.594655500 142 146 151 155 158 161 161 162 161 158 157 152 147 143 137 131 126 119 113 109 104 100 098 096 094 
59033 6280.608543000 094 095 096 100 104 108 113 118 124 130 135 141 147 151 154 159 161 161 161 161 159 155 152 147 143 
59034 6280.622430500 137 131 125 120 113 109 104 101 098 095 094 095 096 097 099 103 108 112 118 125 130 135 142 146 151 
59035 6280.636318000 156 158 160 162 161 160 159 156 152 148 143 137 132 126 119 115 109 104 100 098 095 093 094 096 097 
59036 6280.650205500 099 104 108 112 119 124 129 136 141 147 151 154 159 161 161 161 161 159 155 152 148 142 138 132 125 
59037 6280.664093000 119 115 108 105 100 097 095 094 095 095 098 100 103 107 113 118 124 131 136 141 147 151 154 159 160 
59038 6280.677980500 161 161 160 158 156 153 148 142 138 131 124 119 114 109 104 100 098 095 095 094 094 097 100 103 107 
59039 6280.691868000 113 118 123 130 135 142 147 151 155 159 160 161 162 160 158 156 152 148 142 137 132 126 119 113 109 
59040 6280.705755500 104 101 097 096 095 095 095 096 099 104 107 112 119 124 130 136 141 146 151 156 158 160 161 162 160 
59041 6280.719643000 159 156 152 147 143 137 131 126 120 114 109 105 100 097 096 095 094 094 097 100 103 107 113 118 123 
59042 6280.733530500 130 136 141 147 151 155 158 161 161 161 160 159 156 152 148 143 136 132 126 119 114 110 104 100 097 
59043 6280.747418000 095 094 094 094 097 098 102 107 112 117 124 130 135 142 147 151 156 159 161 162 163 161 160 156 152 
59044 6280.761305500 148 143 138 132 125 120 114 108 104 100 096 095 093 093 093 097 099 102 106 112 117 124 130 136 142 
59045 6280.775193000 147 153 156 159 161 163 162 161 160 157 152 149 143 137 132 125 119 113 109 104 099 096 095 093 092 
59046 6280.789080500 094 095 099 102 107 112 117 124 130 135 142 147 151 155 159 161 162 162 162 159 156 153 149 143 138 
59047 6280.802968000 132 125 120 114 108 104 100 096 095 094 093 093 097 099 103 108 112 117 123 130 136 141 146 152 156 
59048 6280.816855500 158 161 163 162 162 159 156 153 149 143 138 131 126 119 114 108 103 099 097 094 092 093 094 095 098 
59049 6280.830743000 103 106 112 117 124 129 136 142 147 151 156 159 162 162 162 163 160 157 153 149 144 138 131 126 120 
59050 6280.844630500 113 108 103 099 096 093 093 092 092 096 098 101 106 112 117 124 129 136 142 147 153 156 160 162 163 
59051 6280.858518000 163 162 160 158 153 149 144 137 132 126 119 113 108 104 099 095 094 093 093 093 096 098 101 107 112 
59052 6280.872405500 118 123 131 135 142 147 152 157 160 161 163 163 162 159 158 153 149 144 138 131 125 120 113 108 103 
59053 6280.886293000 100 096 094 092 092 094 095 097 102 106 111 118 123 129 136 142 147 152 156 160 162 163 163 162 161 
59054 6280.900180500 158 153 149 143 139 132 125 120 113 107 104 099 096 093 093 092 092 096 098 101 107 111 117 124 129 
59055 6280.914068000 136 142 147 153 156 159 162 163 163 163 161 157 153 149 144 138 132 126 120 112 109 103 099 096 093 
59056 6280.927955500 092 093 093 096 098 102 106 111 118 123 129 136 141 147 152 157 160 162 163 163 163 160 157 153 149 
59057 6280.941843000 144 138 132 126 119 114 108 104 100 096 093 093 092 092 096 098 102 106 112 118 123 129 136 142 147 
59058 6280.955730500 152 156 159 163 163 164 163 160 157 153 149 144 137 132 126 119 114 108 102 100 096 093 092 092 093 
59059 6280.969618000 094 098 102 106 111 118 123 129 135 142 147 152 157 159 162 164 164 163 160 157 154 149 143 138 133 
59060 6280.983505500 125 120 114 108 104 099 096 094 093 092 093 095 097 102 106 111 117 124 130 135 142 147 151 156 160 
59061 6280.997393000 162 165 164 163 161 158 155 149 144 138 132 125 119 114 107 103 098 095 093 091 092 092 094 098 101 
59062 6281.011280500 105 112 117 124 130 135 142 148 152 158 160 162 164 164 163 161 159 155 149 145 139 132 125 120 114 
59063 6281.025168000 107 103 098 096 093 091 092 093 094 098 101 105 112 117 123 129 136 142 147 153 157 159 163 164 164 
59064 6281.039055500 163 161 158 155 150 145 138 131 126 120 114 107 104 099 095 092 092 092 093 095 098 101 105 111 116 
59065 6281.052943000 124 130 136 142 147 153 157 161 163 163 164 163 161 158 155 150 144 137 133 126 119 113 109 103 098 
59066 6281.066830500 096 093 092 092 092 094 098 101 105 112 117 122 129 136 142 147 152 157 161 163 164 165 163 161 159 
59067 6281.080718000 155 149 145 138 133 126 119 114 108 102 097 095 092 090 091 092 093 096 101 106 110 117 123 129 135 
59068 6281.094605500 141 149 153 158 161 164 165 165 165 162 159 156 150 144 139 133 125 119 113 107 101 098 094 092 091 
59069 6281.108493000 091 092 093 097 100 105 110 116 123 130 135 143 148 153 157 162 164 165 165 164 162 159 155 150 145 
59070 6281.122380500 139 132 125 120 112 107 102 098 095 091 091 091 091 092 097 100 104 111 117 123 129 135 143 148 153 
59071 6281.136268000 158 161 164 165 165 165 163 160 156 150 144 139 132 126 119 113 107 102 097 096 092 091 090 092 093 
59072 6281.150155500 096 100 105 110 117 123 128 136 142 147 153 158 161 164 165 165 165 162 160 155 150 145 139 132 127 
59073 6281.164043000 119 113 107 102 098 095 091 091 091 091 093 097 101 105 110 117 123 129 136 143 148 153 157 161 164 
59074 6281.177930500 165 165 164 162 159 155 150 146 139 132 126 119 112 108 102 097 095 092 090 090 091 093 096 100 105 
59075 6281.191818000 110 116 123 129 136 143 149 153 157 162 164 164 166 164 162 159 156 151 144 139 133 126 119 113 108 
59076 6281.205705500 102 099 094 093 091 091 091 093 097 099 106 111 116 122 130 136 142 148 154 158 161 164 165 165 164 
59077 6281.219593000 162 159 155 150 144 139 132 126 120 113 108 103 098 094 093 091 090 092 094 096 100 105 111 116 123 
59078 6281.233480500 130 135 142 148 154 157 161 164 165 165 165 162 159 156 151 145 139 133 126 119 113 107 101 098 094 
59079 6281.247368000 091 091 089 092 092 096 099 104 111 116 123 130 136 142 148 154 158 161 165 165 166 165 162 160 156 
59080 6281.261255500 152 145 139 133 126 119 112 108 102 097 094 092 090 089 092 093 095 099 105 110 116 123 129 135 142 
59081 6281.275143000 148 153 157 162 164 166 166 164 162 160 156 150 146 139 132 127 119 112 107 103 098 093 091 091 090 
59082 6281.289030500 090 094 096 099 105 110 117 123 129 135 143 148 153 158 161 163 165 166 165 163 160 156 151 145 138 
59083 6281.302918000 133 126 119 114 107 102 098 093 092 090 089 091 092 096 100 104 109 117 123 129 135 143 149 153 159 
59084 6281.316805500 162 164 165 166 165 163 160 156 151 145 139 133 126 119 113 108 102 097 095 092 090 089 092 094 096 
59085 6281.330693000 099 105 110 116 123 129 136 143 148 154 159 162 164 167 167 165 163 161 157 151 146 139 133 125 118 
59086 6281.344580500 113 106 101 096 093 090 089 088 088 092 095 098 103 110 116 122 129 136 142 148 154 159 162 165 167 
59087 6281.358468000 167 167 164 162 157 152 146 139 133 126 119 113 106 101 097 092 090 089 089 089 092 094 098 103 109 
59088 6281.372355500 116 122 130 136 142 149 154 159 163 165 166 167 166 163 161 157 152 146 140 132 127 119 112 107 101 
59089 6281.386243000 096 093 090 089 089 088 092 095 098 103 109 115 123 129 135 143 149 154 158 162 165 166 167 166 164 
59090 6281.400130500 161 158 152 146 140 133 126 119 113 107 101 096 094 090 088 089 090 091 094 098 104 109 115 122 129 
59091 6281.414018000 135 142 148 153 159 162 165 166 167 167 164 161 157 152 146 139 133 127 119 112 108 102 096 094 091 
59092 6281.427905500 089 088 090 091 095 098 103 109 115 122 129 136 142 149 154 158 163 165 166 167 166 164 161 157 152 
59093 6281.441793000 146 139 133 126 119 113 106 102 097 092 091 089 088 088 091 095 098 104 109 116 122 129 135 142 149 
59094 6281.455680500 154 159 163 165 167 167 166 164 161 157 151 147 140 132 127 120 113 106 102 097 092 091 089 088 090 
59095 6281.469568000 091 094 098 103 109 115 122 130 136 142 149 154 158 162 166 166 166 167 164 161 158 152 146 140 133 
59096 6281.483455500 126 120 113 107 101 097 094 090 088 089 089 091 095 098 103 109 115 121 129 136 142 148 155 159 162 
59097 6281.497343000 166 167 167 167 164 161 157 152 147 140 132 127 119 112 107 101 096 092 091 089 087 088 092 094 097 
59098 6281.511230500 104 109 115 122 128 136 143 148 154 160 163 165 168 167 166 164 161 158 152 146 140 134 126 119 113 
59099 6281.525118000 106 101 096 092 090 088 088 089 090 094 098 103 109 115 122 128 136 143 148 155 159 163 165 168 168 
59100 6281.539005500 166 165 161 158 152 147 140 133 126 120 113 106 101 097 093 091 088 089 089 092 094 097 103 109 114 
59101 6281.552893000 122 129 136 142 149 154 160 163 165 168 167 167 165 162 157 153 147 140 133 126 120 113 106 100 097 
59102 6281.566780500 093 089 088 088 088 091 093 098 103 108 116 122 129 135 143 149 154 159 163 166 167 167 167 164 162 
59103 6281.580668000 158 153 146 141 133 127 119 112 107 101 096 092 088 088 087 088 089 094 097 102 108 115 121 128 136 
59104 6281.594555500 143 149 155 160 164 167 168 168 168 166 163 158 153 148 140 133 127 119 112 107 101 095 092 089 087 
59105 6281.608443000 088 088 091 093 097 102 108 114 121 129 136 142 149 155 160 164 166 168 169 168 166 163 158 153 147 
59106 6281.622330500 141 134 126 120 112 106 101 095 092 090 087 086 088 089 093 097 103 107 115 122 128 136 143 149 155 
59107 6281.636218000 161 164 166 169 168 167 166 163 158 154 147 140 133 126 120 112 105 101 096 092 089 088 087 087 090 
59108 6281.650105500 094 097 103 108 114 122 128 136 143 149 155 160 164 166 169 169 168 165 163 158 152 147 141 133 126 
59109 6281.663993000 120 113 106 101 095 092 089 088 086 088 090 093 096 103 108 114 122 129 136 142 150 155 159 164 167 
59110 6281.677880500 168 170 168 166 163 158 153 147 140 134 127 119 112 106 101 096 091 090 087 086 088 089 093 098 102 
59111 6281.691768000 107 115 121 129 136 143 149 155 159 165 166 168 169 168 165 162 159 153 147 141 134 126 120 113 106 
59112 6281.705655500 100 096 091 090 087 088 088 089 093 097 102 109 115 121 128 136 143 149 155 160 164 166 168 168 168 
59113 6281.719543000 166 163 158 152 148 141 133 126 119 112 107 101 095 092 090 086 087 088 090 093 096 103 107 115 122 
59114 6281.733430500 129 135 143 150 155 160 163 167 169 169 168 166 163 158 153 147 141 134 127 119 112 105 100 096 091 
59115 6281.747318000 088 087 086 086 090 092 096 102 108 114 121 129 136 143 150 156 160 164 166 169 169 169 167 163 159 
59116 6281.761205500 153 148 140 134 126 120 112 105 101 095 091 089 088 087 087 089 092 097 102 108 114 121 129 136 142 
59117 6281.775093000 150 156 160 164 167 169 169 168 166 163 159 154 147 140 134 126 119 112 106 100 095 092 089 086 088 
59118 6281.788980500 087 090 092 097 102 108 114 122 129 135 143 149 155 161 164 167 170 169 168 167 163 159 153 148 141 
59119 6281.802868000 133 127 119 112 106 099 096 091 088 087 087 087 089 093 096 102 108 114 121 129 136 143 149 156 160 
59120 6281.816755500 164 167 169 170 169 166 163 159 153 148 141 134 126 120 113 106 100 094 091 088 085 085 087 088 091 
59121 6281.830643000 096 101 106 114 121 129 137 143 150 156 161 166 168 170 170 170 168 164 160 154 148 142 134 126 120 
59122 6281.844530500 112 105 100 095 090 088 086 084 086 088 090 096 101 107 114 120 128 137 143 150 155 161 165 168 171 
59123 6281.858418000 171 170 167 165 159 155 148 141 134 127 119 112 106 100 094 090 088 086 084 086 087 091 096 101 107 
59124 6281.872305500 114 120 129 136 144 150 156 161 165 167 170 171 170 168 165 160 154 149 141 134 126 120 112 105 100 
59125 6281.886193000 095 090 088 086 085 086 088 090 096 101 107 113 121 129 135 144 150 156 161 166 168 170 170 170 168 
59126 6281.900080500 164 161 154 148 141 134 126 120 112 105 100 094 090 088 086 084 086 088 090 095 102 107 113 120 129 
59127 6281.913968000 136 143 149 157 161 166 168 170 170 170 168 164 160 154 148 142 134 127 120 112 105 099 095 091 087 
59128 6281.927855500 086 085 085 088 090 096 101 106 114 121 127 136 143 150 156 161 165 168 171 171 169 167 165 160 154 
59129 6281.941743000 149 142 134 127 119 113 106 099 094 091 088 085 086 086 087 092 095 100 107 114 121 128 136 143 149 
59130 6281.955630500 157 161 165 169 170 171 170 167 165 160 154 148 142 134 126 119 113 106 099 094 091 087 085 086 086 
59131 6281.969518000 088 091 095 102 106 114 121 128 135 143 150 155 161 165 168 171 171 170 167 164 160 154 148 142 134 
59132 6281.983405500 127 119 111 106 099 095 090 087 085 085 085 089 091 095 100 107 113 121 128 136 143 150 157 161 165 
59133 6281.997293000 169 170 171 170 167 164 160 155 149 141 134 126 120 112 105 099 095 090 087 086 085 085 087 091 095 
59134 6282.011180500 100 107 113 120 128 136 143 150 155 162 165 168 171 171 170 167 164 161 155 148 142 134 127 120 113 
59135 6282.025068000 105 100 094 091 087 086 085 085 087 091 095 100 107 114 120 128 136 143 149 156 161 165 168 171 171 
59136 6282.038955500 170 168 164 161 154 149 142 135 127 119 113 106 099 094 091 087 085 085 086 087 091 095 100 107 113 
59137 6282.052843000 120 128 136 143 150 156 162 165 168 171 171 170 168 165 160 155 148 143 134 126 120 112 105 100 095 
59138 6282.066730500 090 087 086 085 086 087 091 095 100 106 114 121 128 136 143 150 156 162 166 169 171 171 172 169 165 
59139 6282.080618000 161 156 149 142 135 126 120 111 104 099 094 089 086 085 084 084 086 089 094 099 105 113 121 128 136 
59140 6282.094505500 144 150 157 162 167 169 171 172 172 169 166 162 156 149 143 135 126 118 111 105 099 093 088 087 084 
59141 6282.108393000 083 085 085 089 094 100 107 113 120 128 136 143 151 156 162 166 170 172 172 171 169 166 162 156 149 
59142 6282.122280500 143 135 126 120 111 105 098 093 090 086 084 084 085 086 089 095 099 106 112 121 129 136 143 151 156 
59143 6282.136168000 162 167 169 172 172 172 169 165 162 156 149 143 134 127 120 111 106 100 094 088 087 084 083 084 087 
59144 6282.150055500 089 095 099 105 113 121 128 135 143 151 157 162 167 170 171 172 172 169 165 161 157 149 142 135 127 
59145 6282.163943000 119 112 104 099 093 089 086 083 084 084 085 090 093 099 106 113 120 127 135 144 150 156 163 166 169 
59146 6282.177830500 172 173 171 170 166 161 157 149 142 135 127 120 112 105 098 094 090 086 083 083 085 086 089 094 099 
59147 6282.191718000 105 113 120 128 135 144 150 156 163 166 169 172 172 171 169 166 161 157 149 142 135 127 119 112 105 
59148 6282.205605500 099 094 089 086 083 084 084 086 089 094 099 105 113 120 128 135 144 151 157 162 167 170 172 172 171 
59149 6282.219493000 170 166 163 156 149 143 135 127 120 112 105 098 094 088 085 085 083 084 087 090 093 099 106 112 120 
59150 6282.233380500 128 135 144 150 157 162 167 170 172 172 172 169 166 161 157 149 142 135 128 119 113 106 099 093 089 
59151 6282.247268000 085 085 083 084 087 089 093 100 105 112 121 128 135 144 150 156 162 167 170 171 172 172 170 166 163 
59152 6282.261155500 157 150 143 135 127 119 112 104 099 094 089 085 084 083 082 086 089 092 099 106 112 119 128 135 143 
59153 6282.275043000 151 157 163 167 170 173 172 172 171 166 162 157 150 142 136 127 119 112 105 098 093 089 085 082 084 
59154 6282.288930500 083 085 090 093 099 104 113 120 127 135 144 150 157 163 167 171 173 173 171 170 166 163 157 150 143 
59155 6282.302818000 135 127 120 112 104 098 092 089 085 084 083 083 086 090 094 098 105 113 120 127 135 144 151 157 163 
59156 6282.316705500 167 170 172 173 172 171 166 162 157 150 143 136 127 119 113 105 097 093 089 085 084 083 084 085 089 
59157 6282.330593000 093 098 105 112 120 127 135 143 151 157 162 167 170 172 173 172 170 166 163 157 150 143 135 128 120 
59158 6282.344480500 112 105 098 094 089 086 083 082 084 085 089 094 098 106 112 119 128 136 143 150 157 164 168 171 174 
59159 6282.358368000 174 173 171 167 163 157 150 144 135 127 119 111 105 098 091 088 084 082 081 082 085 087 092 098 104 
59160 6282.372255500 111 120 127 135 144 151 158 163 167 172 173 174 174 171 168 163 158 150 144 136 128 119 112 105 098 
59161 6282.386143000 091 088 084 082 082 082 083 088 093 098 104 111 120 128 135 143 151 157 164 168 171 173 174 173 172 
59162 6282.400030500 168 163 157 151 143 136 127 120 112 104 097 092 088 084 081 082 083 085 087 093 098 104 112 119 127 
59163 6282.413918000 136 144 150 158 163 168 172 173 174 173 172 168 163 157 151 144 135 128 120 111 105 098 092 087 084 
59164 6282.427805500 083 081 083 084 087 092 097 105 112 119 127 136 144 151 159 163 168 171 174 174 174 171 168 163 158 
59165 6282.441693000 150 144 135 128 119 112 105 097 092 088 085 082 081 083 085 087 093 098 104 111 120 127 135 144 151 
59166 6282.455580500 158 164 167 172 174 174 173 172 168 163 158 151 143 135 128 119 111 105 097 092 088 084 082 081 083 
59167 6282.469468000 084 088 092 097 105 111 120 128 136 143 152 158 163 168 172 174 174 173 172 169 163 157 151 144 135 
59168 6282.483355500 127 119 111 105 097 093 087 084 083 082 081 084 087 091 098 104 111 120 128 135 143 151 157 163 169 
59169 6282.497243000 171 174 174 173 172 168 164 158 151 143 136 127 119 112 104 097 092 088 085 082 081 082 085 087 092 
59170 6282.511130500 097 105 111 120 128 136 144 150 158 163 168 171 173 175 173 171 169 164 157 151 144 136 127 119 111 
59171 6282.525018000 105 098 092 088 084 083 081 081 085 088 092 097 104 111 119 128 135 143 151 158 163 167 172 174 175 
59172 6282.538905500 175 172 169 165 158 151 144 136 127 120 112 104 096 092 087 082 082 081 081 082 087 090 096 103 112 
59173 6282.552793000 119 128 136 143 152 158 164 169 172 174 176 175 173 169 165 159 151 144 136 128 119 112 104 096 092 
59174 6282.566680500 087 083 082 081 081 083 086 092 097 103 112 119 127 136 144 151 159 164 168 172 175 176 174 173 169 
59175 6282.580568000 164 159 151 143 136 127 120 111 103 096 092 087 083 080 081 082 083 086 092 097 103 111 119 127 136 
59176 6282.594455500 143 152 158 164 169 172 175 176 174 173 169 164 158 152 144 137 128 119 112 104 097 092 087 083 082 
59177 6282.608343000 080 080 084 087 090 097 103 111 119 127 135 144 151 157 164 168 172 174 176 174 172 169 164 159 152 
59178 6282.622230500 144 136 128 120 111 104 097 092 088 083 080 081 082 083 087 091 096 103 111 119 127 135 144 152 159 
59179 6282.636118000 164 170 173 175 177 176 174 170 165 158 152 145 136 128 119 110 104 097 090 086 083 080 079 081 083 
59180 6282.650005500 085 091 096 104 110 119 127 135 144 152 159 164 170 173 175 177 176 174 170 166 159 151 145 136 128 
59181 6282.663893000 119 112 103 097 091 087 083 080 080 081 082 086 091 095 103 111 118 127 136 144 151 159 164 169 173 
59182 6282.677780500 176 176 175 173 169 165 159 152 144 137 128 119 111 104 097 091 085 083 081 079 080 083 086 091 096 
59183 6282.691668000 104 111 118 127 136 143 152 159 165 169 173 175 176 176 173 169 165 159 152 144 136 128 120 111 104 
59184 6282.705555500 097 090 087 082 081 079 081 083 085 091 096 103 110 119 127 135 143 152 159 164 169 174 176 176 176 
59185 6282.719443000 173 170 165 160 152 145 136 128 120 111 104 097 090 086 083 080 079 080 083 086 090 096 103 111 118 
59186 6282.733330500 128 135 143 152 158 164 169 172 175 176 176 173 169 165 159 151 145 136 127 120 111 103 097 091 086 
59187 6282.747218000 083 081 079 080 083 085 091 097 103 110 118 127 135 143 152 158 164 170 173 175 177 176 173 169 165 
59188 6282.761105500 160 152 144 137 128 119 111 104 097 091 086 083 080 080 081 081 086 090 095 103 111 118 128 136 144 
59189 6282.774993000 151 159 164 169 173 175 176 176 174 169 166 159 152 145 137 128 120 112 103 096 092 086 083 080 079 
59190 6282.788880500 079 082 085 090 095 103 110 118 127 135 143 152 159 164 171 174 176 176 176 175 171 165 159 153 145 
59191 6282.802768000 136 128 120 111 104 096 091 086 081 080 079 079 083 085 089 096 103 110 119 127 135 143 152 159 164 
59192 6282.816655500 169 173 176 176 176 173 171 165 159 153 145 136 129 120 111 104 097 091 086 082 080 079 079 082 085 
59193 6282.830543000 089 096 102 110 119 126 135 144 151 159 165 169 173 175 177 176 174 171 166 160 152 144 137 129 119 
59194 6282.844430500 111 104 096 091 085 083 080 078 080 082 085 089 096 102 110 119 126 135 144 152 158 165 169 174 176 
59195 6282.858318000 177 176 174 170 166 160 153 145 136 129 120 111 104 097 092 086 082 081 079 079 082 085 089 096 103 
59196 6282.872205500 110 118 126 136 143 152 159 164 169 174 176 178 177 175 172 167 160 153 146 136 129 120 111 103 097 
59197 6282.886093000 089 085 081 078 078 079 081 084 088 095 101 109 118 127 135 144 153 160 165 171 175 177 177 177 175 
59198 6282.899980500 172 167 160 154 146 137 128 120 111 102 097 089 084 081 080 078 077 081 084 088 095 102 109 118 127 
59199 6282.913868000 135 144 153 159 166 170 175 177 177 178 175 172 167 161 153 145 138 129 120 111 104 096 090 085 081 
59200 6282.927755500 079 078 078 081 084 088 095 101 109 119 127 135 144 152 159 165 171 175 177 177 178 175 171 166 161 
59201 6282.941643000 153 145 138 129 119 112 103 096 090 085 081 080 077 079 081 083 089 095 102 109 118 127 135 143 153 
59202 6282.955530500 160 165 171 175 177 179 177 175 172 167 160 154 146 137 129 119 110 103 096 090 084 082 079 077 079 
59203 6282.969418000 080 083 089 095 102 109 117 127 135 143 153 160 165 171 174 177 178 178 176 172 167 161 153 146 137 
59204 6282.983305500 127 120 111 102 096 089 085 082 078 077 078 079 084 089 094 100 109 118 127 135 144 152 159 166 171 
59205 6282.997193000 175 177 179 178 176 171 167 161 154 145 138 129 119 112 104 096 089 084 082 079 077 079 081 083 088 
59206 6283.011080500 094 102 109 117 127 135 144 153 160 165 171 175 177 178 177 175 172 166 160 154 146 138 129 120 110 
59207 6283.024968000 104 096 089 085 080 079 077 079 081 083 088 095 102 109 117 126 135 144 151 159 166 171 175 177 178 
59208 6283.038855500 178 176 172 167 160 155 146 138 129 119 111 104 096 090 085 080 078 078 078 080 083 089 094 100 110 
59209 6283.052743000 118 126 135 144 151 160 166 170 174 178 178 178 175 172 167 162 155 146 137 128 120 111 103 097 090 
59210 6283.066630500 084 081 079 077 079 079 083 089 095 101 109 118 126 135 144 152 160 166 170 175 177 178 177 176 172 
59211 6283.080518000 167 161 154 145 138 128 120 111 103 097 090 085 081 078 077 079 080 084 088 093 101 109 117 126 136 
59212 6283.094405500 144 152 159 166 170 175 177 178 178 176 172 167 161 154 146 138 128 120 110 104 096 091 086 080 079 
59213 6283.108293000 078 077 081 083 089 094 100 110 118 126 134 144 152 159 165 171 175 177 178 179 176 172 167 161 153 
59214 6283.122180500 146 138 128 121 111 103 097 090 084 081 078 077 077 081 083 088 094 101 109 117 127 135 144 152 160 
59215 6283.136068000 166 171 175 177 179 178 175 173 167 161 154 146 138 129 119 111 104 096 089 084 081 079 077 076 080 
59216 6283.149955500 083 088 094 100 109 117 126 135 144 152 159 165 171 175 177 179 178 175 172 168 161 154 146 137 129 
59217 6283.163843000 120 111 103 097 089 085 081 078 078 078 080 083 089 094 100 110 117 126 135 144 152 159 166 171 175 
59218 6283.177730500 177 179 178 175 172 167 161 155 146 137 129 120 112 103 096 090 085 080 079 077 077 080 083 088 095 
59219 6283.191618000 101 108 118 126 135 144 152 159 165 171 175 177 178 178 176 172 167 162 154 145 138 128 120 112 103 
59220 6283.205505500 095 090 084 081 078 078 078 079 083 088 093 100 109 117 126 135 144 152 159 166 171 175 177 179 179 
59221 6283.219393000 176 172 168 162 154 147 138 129 120 111 103 096 089 084 081 079 078 078 079 084 088 093 101 109 117 
59222 6283.233280500 125 135 143 152 160 166 171 175 177 179 178 176 173 168 161 154 146 138 129 120 112 103 096 090 085 
59223 6283.247168000 080 077 078 077 080 083 087 093 101 109 116 126 135 143 152 160 166 171 175 177 178 179 176 172 168 
59224 6283.261055500 162 155 146 138 129 120 111 103 096 089 084 081 078 076 078 079 082 088 094 101 109 117 125 135 143 
59225 6283.274943000 152 160 166 170 175 178 179 178 175 173 168 162 156 146 138 129 120 111 104 096 090 084 081 079 077 
59226 6283.288830500 077 079 082 088 093 100 108 117 126 135 143 151 160 166 171 175 177 178 178 176 172 167 162 155 146 
59227 6283.302718000 138 129 120 111 104 096 089 085 081 077 077 078 079 083 088 094 100 108 116 126 135 143 153 160 166 
59228 6283.316605500 171 175 178 178 178 177 173 168 161 155 147 138 129 121 112 103 097 090 084 081 078 077 077 080 083 
59229 6283.330493000 087 094 100 108 117 126 134 143 152 159 166 171 175 178 179 178 176 173 168 162 155 146 138 129 121 
59230 6283.344380500 111 103 097 089 084 081 077 078 078 079 083 088 093 101 108 116 125 135 144 151 159 165 171 175 178 
59231 6283.358268000 179 178 176 173 167 162 154 146 139 129 120 112 104 095 090 085 080 079 077 076 080 083 088 093 101 
59232 6283.372155500 109 117 126 135 144 152 159 167 171 175 177 179 179 176 172 168 162 155 146 138 129 120 112 104 097 
59233 6283.386043000 089 085 081 078 077 078 079 082 088 094 101 108 116 126 135 143 152 159 165 171 174 177 179 178 177 
59234 6283.399930500 173 168 162 155 147 138 129 120 111 103 097 090 084 081 079 076 078 079 082 088 094 100 108 117 126 
59235 6283.413818000 134 143 152 159 166 171 175 177 179 179 176 172 168 161 154 147 138 129 120 112 103 096 090 085 080 
59236 6283.427705500 079 078 077 079 083 088 093 100 109 117 125 135 143 152 159 166 171 174 178 179 178 176 173 168 161 
59237 6283.441593000 155 147 138 130 120 112 103 096 090 085 080 079 077 076 080 083 087 092 099 109 116 125 135 144 151 
59238 6283.455480500 159 166 171 175 177 179 178 175 174 167 161 155 147 138 130 120 111 104 096 089 084 081 078 077 077 
59239 6283.469368000 080 082 087 093 100 109 116 125 135 143 152 159 165 171 175 177 178 179 176 172 167 162 155 146 139 
59240 6283.483255500 130 120 113 104 096 090 084 081 079 077 077 080 083 087 094 100 108 116 126 134 143 152 159 165 171 
59241 6283.497143000 175 177 179 178 176 172 167 161 155 147 138 130 121 112 103 097 090 084 081 079 077 076 080 083 087 
59242 6283.511030500 093 100 108 117 125 135 142 152 159 165 171 175 177 179 178 176 173 168 161 155 147 138 129 121 112 
59243 6283.524918000 103 097 090 084 081 077 078 077 078 083 087 093 099 109 116 125 135 143 152 160 166 172 176 178 179 
59244 6283.538805500 179 176 174 168 163 156 147 138 130 121 111 103 096 090 085 080 078 077 076 080 083 087 092 100 108 
59245 6283.552693000 116 125 134 143 152 159 166 171 175 178 179 179 176 174 168 162 156 147 138 129 121 112 103 096 090 
59246 6283.566580500 084 081 077 077 077 079 082 088 093 100 108 116 125 134 144 152 159 166 171 176 178 179 179 177 173 
59247 6283.580468000 169 162 155 147 138 130 121 112 104 096 089 085 080 077 077 077 078 083 087 093 100 109 116 125 134 
59248 6283.594355500 143 152 159 166 171 176 178 179 179 177 173 168 163 155 147 139 130 120 112 104 096 089 085 081 077 
59249 6283.608243000 077 077 078 083 087 093 100 108 116 126 134 143 151 159 166 171 175 178 179 179 177 173 169 163 156 
59250 6283.622130500 147 139 130 120 112 103 097 090 083 081 077 076 077 078 083 087 092 099 108 116 125 134 143 152 159 
59251 6283.636018000 165 172 175 179 180 179 177 173 168 162 156 147 138 130 121 111 103 096 089 084 081 077 076 077 079 
59252 6283.649905500 081 087 092 100 107 116 125 134 144 152 159 167 171 175 178 179 179 177 174 169 163 155 147 139 130 
59253 6283.663793000 120 112 103 096 090 084 081 076 077 077 078 081 087 092 099 108 116 125 134 144 152 159 166 171 176 
59254 6283.677680500 178 179 179 177 174 168 163 156 147 139 130 121 111 104 096 090 085 080 078 077 076 078 083 087 092 
59255 6283.691568000 100 108 117 125 134 143 151 160 166 171 176 178 179 180 177 174 168 163 156 147 139 130 120 112 104 
59256 6283.705455500 096 089 085 080 078 076 076 079 081 086 093 100 107 116 125 134 143 152 159 165 172 176 178 179 180 
59257 6283.719343000 177 174 168 163 156 147 139 130 121 112 103 096 090 084 080 078 076 076 079 082 086 092 099 107 116 
59258 6283.733230500 126 134 142 152 159 166 171 175 178 180 179 178 174 169 163 156 147 139 130 121 112 104 097 089 085 
59259 6283.747118000 081 077 077 077 078 083 087 092 099 108 116 125 134 143 152 160 166 171 176 179 180 180 177 173 168 
59260 6283.761005500 163 156 147 139 129 121 112 103 097 090 084 080 078 077 077 078 082 087 092 100 108 116 126 134 142 
59261 6283.774893000 152 159 166 171 175 178 179 179 177 174 169 163 156 147 138 131 121 112 103 097 090 084 080 077 077 
59262 6283.788780500 077 078 082 087 092 100 107 115 124 135 143 151 159 166 171 176 179 179 179 177 174 168 163 156 147 
59263 6283.802668000 139 130 121 112 103 096 090 085 079 078 077 077 078 082 087 092 099 108 116 125 135 144 151 159 166 
59264 6283.816555500 171 175 178 179 179 177 173 169 163 155 147 139 130 120 113 104 096 090 084 079 078 077 076 079 082 
59265 6283.830443000 087 093 099 107 116 124 134 143 151 159 166 171 176 178 180 180 177 174 169 163 156 148 139 130 121 
59266 6283.844330500 113 103 097 090 084 080 077 076 077 078 081 086 093 099 107 115 125 134 143 151 160 166 171 176 178 
59267 6283.858218000 180 179 178 174 169 163 155 148 139 130 122 113 104 096 090 084 080 078 076 076 078 082 086 091 100 
59268 6283.872105500 107 116 125 134 142 151 159 167 172 175 179 180 179 178 174 169 163 156 147 140 130 121 113 103 096 
59269 6283.885993000 090 085 080 078 076 077 079 081 086 092 099 108 116 124 133 143 152 159 166 172 176 178 180 179 178 
59270 6283.899880500 175 170 163 156 148 139 130 121 112 104 096 090 085 080 077 077 076 078 082 086 091 100 107 115 124 
59271 6283.913768000 134 143 152 159 165 172 176 178 180 179 177 174 170 163 156 149 139 130 122 113 104 096 090 085 081 
59272 6283.927655500 078 076 076 079 081 087 092 099 106 116 125 133 143 152 159 165 171 176 178 180 179 178 175 169 163 
59273 6283.941543000 156 148 139 131 121 113 104 096 089 085 080 077 076 077 078 081 087 093 099 106 116 124 134 143 151 
59274 6283.955430500 160 166 171 176 178 180 179 178 174 170 164 156 149 140 130 122 113 104 096 090 084 079 076 076 076 
59275 6283.969318000 077 082 086 092 099 107 115 124 134 143 152 159 166 172 177 179 180 179 179 174 169 164 156 148 140 
59276 6283.983205500 131 121 113 103 096 089 083 080 077 075 076 077 080 085 092 099 106 116 125 133 143 152 159 166 172 
59277 6283.997093000 176 179 180 180 178 175 170 163 156 149 140 130 122 112 103 096 089 083 080 077 075 076 078 080 086 
59278 6284.010980500 091 099 106 116 124 133 143 151 159 166 172 176 179 181 180 178 175 170 163 156 149 140 130 122 113 
59279 6284.024868000 103 097 089 085 079 078 076 076 077 081 086 091 098 107 115 124 133 143 151 159 167 172 175 179 180 
59280 6284.038755500 180 178 175 169 163 156 148 140 131 121 112 104 096 089 084 079 076 076 076 076 081 086 091 098 107 
59281 6284.052643000 115 124 133 143 151 159 166 172 176 179 181 180 178 174 170 163 156 148 140 131 122 112 104 096 089 
59282 6284.066530500 084 080 076 076 075 077 080 086 092 099 106 115 124 133 142 152 159 165 172 176 179 181 180 178 175 
59283 6284.080418000 170 163 157 148 140 130 122 113 104 096 090 084 080 077 075 075 078 081 085 092 099 106 116 125 133 
59284 6284.094305500 143 152 158 166 171 176 179 181 180 178 175 170 163 156 149 139 131 122 112 105 097 089 083 080 078 
59285 6284.108193000 076 075 078 081 086 091 098 107 114 124 134 143 151 159 167 172 176 179 180 179 179 175 169 164 156 
59286 6284.122080500 148 140 130 122 112 104 096 089 084 079 076 076 076 077 080 086 091 097 106 116 124 133 143 151 159 
59287 6284.135968000 167 172 175 179 180 180 178 175 170 163 157 149 139 131 122 112 104 097 090 084 079 078 075 075 078 
59288 6284.149855500 081 085 092 099 106 116 124 133 142 151 159 166 172 176 178 180 180 178 175 169 164 156 149 140 132 
59289 6284.163743000 122 113 104 096 089 084 079 078 076 076 076 081 085 091 099 106 114 125 133 142 152 159 167 172 175 
59290 6284.177630500 179 180 180 178 175 170 163 157 149 140 131 122 112 104 097 089 083 080 076 076 075 077 082 085 091 
59291 6284.191518000 098 106 115 124 133 142 151 158 165 172 176 178 181 180 178 175 170 163 157 149 139 131 122 112 104 
59292 6284.205405500 097 089 083 081 078 075 076 077 080 086 091 099 106 115 124 133 142 151 159 166 171 176 179 180 179 
59293 6284.219293000 178 175 170 164 157 149 140 131 121 112 104 097 089 084 080 077 075 076 077 080 086 091 098 107 115 
59294 6284.233180500 124 134 142 151 159 166 172 176 179 181 180 178 176 170 164 157 149 139 131 122 113 104 096 090 084 
59295 6284.247068000 079 078 075 075 078 081 086 091 098 106 115 125 134 142 151 160 166 171 177 179 180 180 178 175 170 
59296 6284.260955500 164 158 149 140 131 122 112 104 096 089 084 080 077 075 076 077 080 084 092 098 105 115 124 133 143 
59297 6284.274843000 151 159 165 172 176 179 180 181 178 175 171 165 157 150 140 131 121 113 104 096 090 084 080 077 075 
59298 6284.288730500 076 078 080 086 090 098 105 116 124 133 142 151 158 167 172 176 179 180 180 178 175 171 164 157 149 
59299 6284.302618000 140 131 122 112 105 096 089 083 080 077 075 076 078 080 086 091 098 105 116 124 133 142 151 159 166 
59300 6284.316505500 171 176 179 181 180 178 176 170 163 157 149 140 130 122 113 104 096 090 084 080 078 075 083 104 113 
59301 6284.330393000 115 117 118 119 119 123 129 136 145 153 160 165 170 173 175 175 173 170 166 160 153 145 137 128 118 
59302 6284.344280500 109 101 093 087 081 077 075 073 073 076 078 082 090 096 104 114 123 131 141 151 158 165 170 175 179 
59303 6284.358168000 180 179 179 174 170 164 156 148 140 130 121 112 103 096 089 084 079 075 075 075 076 080 085 090 098 
59304 6284.372055500 106 114 124 132 142 151 159 166 171 176 179 180 181 179 175 171 165 158 149 141 131 121 112 104 096 
59305 6284.385943000 088 083 080 077 076 075 076 080 084 091 098 106 114 124 133 142 151 159 166 171 177 179 180 181 179 
59306 6284.399830500 175 170 165 157 149 140 131 121 113 105 096 089 085 079 076 076 076 077 080 085 091 098 105 115 124 
59307 6284.413718000 133 143 151 160 166 171 176 179 180 181 179 175 171 164 157 150 141 131 121 114 104 096 090 084 080 
59308 6284.427605500 077 075 075 078 079 085 091 097 106 115 123 133 142 151 159 166 171 177 180 180 181 179 175 172 165 
59309 6284.441493000 158 150 140 132 121 113 104 096 090 083 080 077 075 075 078 081 085 091 098 106 114 123 133 142 151 
59310 6284.455380500 158 166 172 176 179 181 180 179 176 171 164 158 149 140 131 123 113 104 098 090 083 079 077 075 074 
59311 6284.469268000 077 081 084 091 097 106 115 123 134 143 150 159 167 172 176 179 181 180 179 175 171 165 157 149 141 
59312 6284.483155500 132 122 113 105 096 090 084 080 076 075 076 077 079 084 091 098 105 115 124 132 143 151 158 166 172 
59313 6284.497043000 176 179 180 180 179 175 171 165 157 150 140 131 122 113 104 096 090 083 080 077 075 074 077 080 084 
59314 6284.510930500 090 098 106 114 124 133 142 151 158 166 172 176 179 181 180 179 176 170 165 158 149 140 132 122 112 
59315 6284.524818000 105 096 090 083 080 076 075 076 077 079 085 091 097 106 115 123 133 142 151 158 166 172 177 180 180 
59316 6284.538705500 180 179 176 171 165 157 150 140 131 123 113 104 097 090 083 080 077 075 076 077 080 084 091 097 105 
59317 6284.552593000 114 124 132 143 151 158 167 171 176 179 180 180 179 176 170 164 158 149 140 132 122 112 105 097 089 
59318 6284.566480500 085 079 076 076 074 077 080 084 090 098 106 115 123 132 143 150 158 166 172 176 179 181 180 178 175 
59319 6284.580368000 171 164 157 149 140 131 123 114 104 097 090 084 079 076 076 075 076 080 085 089 098 105 114 123 133 
59320 6284.594255500 142 151 159 165 172 176 179 180 180 179 176 170 164 158 149 140 131 123 113 105 097 089 084 080 076 
59321 6284.608143000 076 075 076 081 085 091 098 105 114 123 132 141 151 159 166 171 176 179 181 180 179 176 171 165 157 
59322 6284.622030500 149 141 132 122 114 104 097 090 084 079 077 075 075 077 080 084 091 097 105 114 124 133 141 151 159 
59323 6284.635918000 165 172 176 180 181 180 179 175 172 165 158 149 141 131 123 112 105 097 089 085 080 076 076 076 077 
59324 6284.649805500 079 085 091 097 106 113 123 133 142 150 159 165 172 176 179 180 181 179 175 171 165 157 150 141 132 
59325 6284.663693000 122 114 104 096 090 084 080 077 074 076 077 079 085 091 097 106 115 123 132 142 150 158 166 171 176 
59326 6284.677580500 180 181 180 179 175 171 165 158 150 140 131 123 113 104 097 089 083 080 077 075 076 077 079 085 090 
59327 6284.691468000 097 106 114 124 132 142 151 158 165 172 176 179 180 181 179 175 171 165 158 149 141 132 122 113 106 
59328 6284.705355500 097 089 085 080 076 076 075 076 080 085 090 096 106 114 123 132 142 150 158 166 171 176 179 180 180 
59329 6284.719243000 179 176 171 166 158 150 141 132 122 113 105 096 089 085 080 076 076 075 077 080 084 090 098 106 113 
59330 6284.733130500 123 133 142 150 159 166 171 176 179 181 180 178 175 171 165 158 149 142 132 122 114 105 096 090 085 
59331 6284.747018000 079 077 074 076 077 080 083 091 097 105 115 123 132 142 150 159 166 171 176 179 181 181 179 175 171 
59332 6284.760905500 164 158 150 141 132 122 113 105 097 089 084 080 077 075 075 077 080 084 091 098 106 113 123 133 141 
59333 6284.774793000 151 159 165 172 176 179 181 180 178 176 171 165 158 149 142 132 123 113 105 097 089 085 080 077 076 
59334 6284.788680500 076 077 079 085 091 096 105 114 123 133 142 150 159 165 171 176 179 180 180 179 176 171 165 158 151 
59335 6284.802568000 141 131 123 113 105 097 089 085 080 076 076 075 076 080 084 089 097 105 113 122 132 141 150 159 165 
59336 6284.816455500 171 176 179 181 181 179 176 171 166 158 149 142 132 122 114 105 097 089 085 080 077 074 076 077 079 
59337 6284.830343000 085 090 098 106 113 123 133 141 150 159 166 171 176 179 181 180 178 175 171 165 158 149 142 132 123 
59338 6284.844230500 113 105 096 090 085 079 077 076 075 077 080 084 089 098 105 113 122 132 142 150 158 165 171 175 179 
59339 6284.858118000 181 181 178 177 171 166 158 150 141 133 123 113 106 097 090 085 080 077 075 075 077 079 084 090 097 
59340 6284.872005500 104 114 123 133 141 150 159 165 171 176 179 180 180 179 176 171 166 158 150 141 133 123 113 104 098 
59341 6284.885893000 090 084 080 076 076 075 077 080 084 090 097 104 113 123 132 142 150 158 165 172 176 179 181 180 179 
59342 6284.899780500 177 171 165 159 150 142 132 122 113 105 097 089 085 080 077 074 076 077 079 084 091 096 104 114 123 
59343 6284.913668000 132 142 150 159 165 171 176 178 180 181 179 176 171 166 158 150 142 132 123 113 106 098 090 084 080 
59344 6284.927555500 077 075 076 077 078 085 089 096 105 113 122 133 141 150 158 166 171 176 179 181 181 179 177 171 166 
59345 6284.941443000 158 150 141 132 123 114 105 097 091 085 080 078 076 075 077 079 084 090 097 105 114 123 131 142 150 
59346 6284.955330500 158 166 171 177 179 181 180 179 176 171 165 159 150 141 133 123 113 104 097 089 085 080 077 075 076 
59347 6284.969218000 077 080 084 091 097 105 113 123 132 141 150 159 165 171 175 180 180 180 179 177 171 166 158 150 142 
59348 6284.983105500 132 123 114 105 097 091 084 080 077 075 076 077 080 083 090 097 105 113 123 132 140 150 158 165 171 
59349 6284.996993000 176 179 180 181 179 176 171 165 159 150 141 133 123 113 106 098 089 084 080 076 076 076 076 080 085 
59350 6285.010880500 090 097 105 114 123 131 141 150 158 165 171 175 179 181 180 179 175 171 165 158 151 142 132 124 114 
59351 6285.024768000 105 098 090 085 080 078 076 075 076 080 084 089 098 105 113 122 132 142 150 158 165 172 176 179 180 
59352 6285.038655500 181 179 176 171 166 158 151 142 132 124 115 105 098 091 084 079 077 076 075 076 080 085 089 097 105 
59353 6285.052543000 112 123 132 142 150 159 165 171 175 179 180 180 180 176 171 166 158 150 141 133 124 114 105 098 091 
59354 6285.066430500 085 080 077 075 075 077 079 084 090 097 105 113 122 131 141 150 158 165 171 175 179 181 180 179 177 
59355 6285.080318000 172 166 159 150 143 133 123 114 106 098 090 085 080 076 076 075 076 079 084 090 097 104 113 123 132 
59356 6285.094205500 140 149 158 165 171 176 179 181 181 179 176 171 166 158 151 142 132 123 115 106 098 090 085 079 077 
59357 6285.108093000 076 075 077 079 084 090 096 105 113 122 131 141 150 157 165 171 175 179 181 180 179 176 171 165 158 
59358 6285.121980500 151 142 132 124 114 106 097 090 085 080 076 076 075 076 080 084 089 098 105 113 123 132 141 149 159 
59359 6285.135868000 165 171 176 179 180 181 179 175 172 166 158 151 142 132 123 115 106 097 090 085 080 076 076 075 077 
59360 6285.149755500 079 085 089 097 105 114 122 131 140 150 158 164 172 176 178 181 181 179 176 171 166 158 150 142 132 
59361 6285.163643000 124 114 104 098 091 085 080 078 075 074 077 079 083 091 097 104 112 122 131 141 150 158 165 171 175 
59362 6285.177530500 179 180 181 179 176 171 166 158 151 143 132 123 115 105 097 091 085 080 077 076 075 076 080 084 089 
59363 6285.191418000 096 105 112 123 131 136 136 136 136 134 133 134 133 132 132 132 131 130 130 130 130 129 130 129 129 
59364 6285.205305500 130 129 128 129 128 129 128 129 129 128 128 129 128 129 128 128 128 129 129 128 127 128 128 127 128 
59365 6285.219193000 128 128 127 128 127 128 128 128 128 127 127 128 127 128 128 127 128 128 127 128 128 127 129 128 127 
59366 6285.233080500 127 128 127 128 128 128 128 127 127 128 128 127 128 128 127 128 128 128 127 129 128 128 127 128 128 
59367 6285.246968000 127 128 127 127 129 128 127 127 129 128 127 127 128 128 128 128 128 128 127 128 128 128 128 128 127 
59368 6285.260855500 127 128 127 129 128 127 128 128 128 128 128 127 128 128 128 127 127 128 128 128 128 128 128 127 128 
59369 6285.274743000 128 128 128 128 127 128 127 128 128 127 127 127 128 128 127 128 128 128 127 128 128 128 127 127 128 
59370 6285.288630500 128 127 128 127 129 127 127 128 128 127 127 128 127 127 128 127 127 128 128 128 127 129 128 127 128 
59371 6285.302518000 128 127 128 127 128 128 127 127 128 128 127 128 128 127 128 127 128 128 128 127 128 128 127 127 128 
59372 6285.316405500 128 127 128 127 128 127 129 128 128 128 128 127 128 128 127 128 128 128 127 128 128 128 128 128 127 
59373 6285.330293000 129 128 128 127 128 128 127 128 128 127 127 128 128 128 127 128 128 128 128 128 128 128 128 128 127 
59374 6285.344180500 128 127 128 128 128 128 128 127 128 128 128 127 128 128 128 127 128 128 128 127 129 128 128 127 128 
59375 6285.358068000 128 127 128 127 128 128 127 128 128 127 128 128 128 127 129 128 127 129 128 128 127 128 128 127 127 
59376 6285.371955500 128 128 128 128 128 128 127 127 128 128 127 128 128 128 127 128 128 127 129 128 128 127 128 128 127 
59377 6285.385843000 128 128 128 128 128 127 128 128 127 128 128 128 128 128 128 127 128 128 128 127 127 128 127 127 128 
59378 6285.399730500 128 127 128 128 128 128 127 127 128 128 127 127 128 128 128 127 127 128 128 128 128 128 128 128 129 
59379 6285.413618000 128 128 128 128 129 127 128 128 128 127 128 128 127 128 128 127 128 128 128 127 128 128 127 128 128 
59380 6285.427505500 127 128 128 128 128 127 128 128 127 127 127 128 127 127 128 128 128 128 127 128 128 128 128 128 127 
59381 6285.441393000 128 128 127 128 127 128 128 127 128 127 127 128 128 127 129 128 127 128 128 127 128 128 127 128 128 
59382 6285.455280500 128 128 127 128 128 128 128 127 128 128 127 128 128 127 127 128 128 127 127 128 127 127 128 128 128 
59383 6285.469168000 127 128 127 128 127 128 128 128 128 128 128 127 127 128 128 127 128 128 128 127 127 128 128 127 129 
59384 6285.483055500 128 128 127 128 127 128 127 128 128 127 127 128 127 128 128 127 127 128 128 127 128 128 127 127 128 
59385 6285.496943000 128 127 127 128 127 128 127 127 127 128 127 128 128 127 127 128 128 128 127 128 128 127 128 128 127 
59386 6285.510830500 128 127 128 128 127 128 128 127 128 128 127 128 128 127 128 128 128 127 127 128 128 127 128 128 127 
59387 6285.524718000 129 128 128 128 127 128 127 127 129 128 128 128 128 127 128 128 127 128 128 127 128 128 128 128 127 
59388 6285.538605500 128 128 127 128 127 128 127 127 128 128 127 128 128 128 127 128 127 127 128 128 127 127 127 128 128 
59389 6285.552493000 127 129 128 127 128 128 128 127 128 128 127 127 128 128 127 127 128 128 128 127 128 128 127 127 129 
59390 6285.566380500 128 127 128 127 128 127 128 127 128 128 128 127 128 128 128 127 127 128 128 127 128 128 127 127 128 
59391 6285.580268000 128 127 128 127 127 127 127 128 128 127 128 128 127 128 128 128 128 128 127 129 128 127 127 128 128 
59392 6285.594155500 127 128 127 128 128 128 128 127 128 128 128 128 128 128 127 128 128 128 127 128 127 128 127 128 128 
59393 6285.608043000 128 127 128 127 128 127 128 128 128 127 128 128 128 128 128 127 127 128 128 128 127 128 128 129 128 
59394 6285.621930500 127 128 127 128 128 128 128 127 128 128 128 127 128 128 127 129 128 128 127 127 128 128 127 128 128 
59395 6285.635818000 127 128 128 128 127 128 128 128 127 128 128 128 127 128 128 127 127 128 128 127 128 128 127 128 128 
59396 6285.649705500 127 127 128 128 128 128 127 128 128 128 128 127 128 128 128 127 128 128 127 128 128 127 129 128 127 
59397 6285.663593000 129 128 127 128 128 127 128 128 128 128 127 128 128 128 128 128 127 127 127 128 127 127 128 128 127 
59398 6285.677480500 127 128 127 128 127 128 128 128 127 127 128 128 127 128 128 127 127 129 128 127 128 128 127 127 128 
59399 6285.691368000 128 128 128 127 128 128 127 128 128 128 128 128 127 128 128 127 128 128 128 128 128 127 128 128 128 
59400 6285.705255500 127 128 127 128 128 128 128 127 127 128 128 128 128 128 128 127 128 128 127 127 128 128 127 128 128 
59401 6285.719143000 127 128 128 128 128 128 128 127 128 128 127 128 128 128 127 128 128 128 128 128 128 127 129 128 127 
59402 6285.733030500 129 128 128 128 128 128 128 128 127 128 128 127 129 128 127 127 128 128 127 128 128 127 128 128 128 
59403 6285.746918000 127 128 127 129 128 128 127 128 128 128 127 127 128 128 127 128 127 127 128 128 127 128 128 128 127 
59404 6285.760805500 128 128 129 128 128 128 127 128 128 127 127 128 128 128 128 128 128 128 128 128 128 128 128 128 128 
59405 6285.774693000 128 128 127 128 128 127 128 127 127 127 128 128 127 128 128 127 127 127 128 128 127 127 128 127 128 
59406 6285.788580500 128 127 128 127 127 127 127 128 128 127 128 128 127 128 128 127 128 128 127 128 128 127 128 128 128 
59407 6285.802468000 127 128 127 128 128 128 128 127 128 127 128 128 127 128 127 127 127 128 127 127 128 128 127 128 128 
59408 6285.816355500 127 128 128 128 128 128 128 127 128 128 127 127 128 128 127 128 128 127 128 128 128 127 127 128 127 
59409 6285.830243000 128 128 127 128 127 128 128 127 128 128 127 128 128 127 128 128 128 127 127 128 127 128 128 127 128 
59410 6285.844130500 128 128 127 128 128 128 128 127 128 128 127 128 128 128 127 127 128 128 128 127 128 128 127 128 128 
59411 6285.858018000 128 128 127 128 127 128 128 128 128 128 127 128 128 127 128 128 128 128 127 128 128 127 128 127 128 
59412 6285.871905500 128 128 127 129 128 129 129 127 127 128 128 127 128 128 127 128 128 128 128 127 128 128 128 127 128 
59413 6285.885793000 128 127 128 127 128 128 127 128 128 127 128 127 128 127 127 128 128 128 127 128 128 128 127 128 128 
59414 6285.899680500 128 128 128 129 128 128 128 128 127 128 128 127 127 128 128 127 127 128 128 127 127 128 128 128 128 
59415 6285.913568000 128 127 129 128 127 128 127 128 128 127 128 128 128 127 127 128 128 127 128 128 127 128 128 127 127 
59416 6285.927455500 128 128 127 128 128 127 128 128 127 128 128 127 127 127 128 128 128 127 128 128 127 128 128 128 127 
59417 6285.941343000 128 128 128 128 128 128 128 127 127 128 128 127 128 128 127 128 128 128 127 128 128 127 127 128 127 
59418 6285.955230500 127 128 127 128 127 128 128 127 128 128 127 127 128 128 128 128 128 128 127 127 128 127 128 128 127 
59419 6285.969118000 127 128 127 127 128 129 128 127 129 128 128 128 128 128 128 127 128 128 128 127 128 128 127 127 129 
59420 6285.983005500 128 127 128 128 127 128 127 128 128 127 127 128 128 127 127 128 128 127 127 128 127 128 128 128 127 
59421 6285.996893000 128 128 127 128 127 128 128 127 128 127 127 127 128 128 128 128 128 127 128 128 128 127 128 128 128 
59422 6286.010780500 127 129 128 128 128 127 127 129 128 127 128 128 128 127 128 128 127 128 128 128 127 128 128 128 128 
59423 6286.024668000 127 127 128 128 127 128 127 127 128 128 127 128 128 128 127 128 128 127 127 128 128 127 127 128 127 
59424 6286.038555500 128 127 128 127 128 127 127 128 128 127 128 128 128 127 128 128 127 128 128 127 128 128 127 128 128 
59425 6286.052443000 129 128 127 128 128 127 128 128 128 128 128 128 127 127 129 128 127 127 128 128 127 128 128 128 127 
59426 6286.066330500 128 128 127 128 127 128 128 127 129 128 127 128 128 127 128 128 128 128 127 128 128 127 127 128 128 
59427 6286.080218000 127 128 128 128 127 128 128 127 128 128 128 127 128 128 127 127 128 128 127 128 128 128 127 127 128 
59428 6286.094105500 128 128 127 128 128 128 128 127 127 128 128 128 127 128 128 128 127 127 128 128 127 127 129 128 127 
59429 6286.107993000 127 128 128 127 128 127 128 128 127 128 127 128 128 127 127 128 128 127 128 127 127 128 127 127 129 
59430 6286.121880500 128 127 128 127 127 128 127 128 128 128 127 128 128 128 127 128 128 128 128 128 128 127 127 128 128 
59431 6286.135768000 127 128 127 128 128 127 128 127 128 128 127 127 128 128 127 128 128 127 128 128 128 127 128 128 127 
