59555 6287.857818000 129 127 128 128 128 127 128 128 127 126 127 126 128 126 125 127 126 126 127 126 127 126 127 128 127 
59556 6287.871705500 128 127 129 128 129 127 129 129 129 129 129 128 129 128 127 129 127 127 127 127 127 125 127 127 125 
59557 6287.885593000 126 126 126 126 126 127 126 127 128 127 128 127 129 128 128 128 128 129 129 129 129 129 129 129 129 
59558 6287.899480500 127 129 128 127 128 127 126 126 127 126 126 126 126 127 126 127 126 126 127 127 127 127 128 128 128 
59559 6287.913368000 129 128 128 128 128 128 129 128 128 129 127 127 128 128 127 127 126 127 126 127 126 126 126 127 126 
59560 6287.927255500 127 126 127 127 127 127 127 127 128 128 129 128 128 127 128 129 129 129 129 129 128 128 127 128 127 
59561 6287.941143000 127 126 128 126 127 126 126 126 125 126 126 126 126 127 126 127 127 127 128 127 128 129 128 129 127 
59562 6287.955030500 128 130 128 129 129 128 128 129 128 128 128 126 128 127 127 127 126 127 126 125 127 126 127 126 126 
59563 6287.968918000 127 127 127 128 127 128 128 128 129 128 128 128 130 129 128 129 128 129 128 128 128 127 127 128 127 
59564 6287.982805500 126 127 126 127 126 125 127 126 127 127 126 127 126 128 127 128 127 128 129 129 129 128 129 129 129 
59565 6287.996693000 130 128 128 129 128 128 129 127 127 128 126 126 126 127 127 127 125 126 127 126 127 126 126 127 127 
59566 6288.010580500 128 127 128 128 128 128 128 128 128 129 129 128 128 128 128 128 128 127 128 127 127 126 127 127 126 
59567 6288.024468000 126 127 125 127 126 126 127 126 126 127 127 128 127 127 127 128 129 129 128 128 130 129 129 128 129 
59568 6288.038355500 128 128 127 128 127 127 127 127 126 127 127 126 126 126 126 127 126 126 127 126 127 127 128 128 128 
59569 6288.052243000 128 128 129 128 128 128 129 129 129 129 128 128 128 128 128 128 128 127 127 126 127 126 128 126 127 
59570 6288.066130500 126 126 127 126 127 128 126 127 127 127 128 128 128 128 128 129 128 130 128 129 127 129 128 128 128 
59571 6288.080018000 127 127 128 126 127 126 126 127 127 125 126 127 126 127 126 127 127 126 128 127 127 129 127 129 128 
59572 6288.093905500 129 128 129 130 128 129 129 129 128 128 128 127 128 127 127 127 127 126 126 127 126 126 126 126 126 
59573 6288.107793000 127 126 127 127 127 127 128 128 127 129 128 129 128 128 129 128 128 129 129 128 129 127 127 128 127 
59574 6288.121680500 127 127 126 126 127 127 126 126 126 126 126 127 127 126 128 127 127 128 127 128 130 129 128 129 128 
59575 6288.135568000 129 128 128 129 128 128 129 128 127 128 127 128 126 127 126 126 127 127 126 126 126 127 126 127 127 
59576 6288.149455500 127 127 127 127 127 128 129 128 128 129 128 129 129 129 129 128 129 128 128 128 127 127 127 127 126 
59577 6288.163343000 126 128 126 126 125 127 126 126 126 127 126 127 127 127 127 128 128 129 128 128 129 128 130 128 129 
59578 6288.177230500 128 129 128 128 129 127 127 128 127 127 127 126 126 127 126 126 126 126 127 126 126 127 126 127 128 
59579 6288.191118000 127 128 128 128 129 128 128 128 129 129 128 129 129 128 128 128 128 128 127 127 127 126 126 127 126 
59580 6288.205005500 126 126 126 126 126 126 127 127 126 127 127 127 128 127 128 129 129 128 128 130 128 129 128 129 127 
59581 6288.218893000 128 127 128 128 127 128 127 126 127 126 126 126 125 127 125 127 126 126 127 127 127 127 127 127 128 
59582 6288.232780500 128 128 129 128 128 130 128 129 129 128 129 128 129 128 127 128 127 127 126 127 127 127 126 126 125 
59583 6288.246668000 127 126 127 127 126 127 126 128 128 127 129 128 128 128 127 129 130 128 129 129 128 129 128 128 128 
59584 6288.260555500 128 128 127 128 126 126 127 126 127 126 126 126 126 127 127 127 128 127 128 127 128 128 128 128 129 
59585 6288.274443000 128 129 129 129 128 129 128 128 128 127 128 127 127 127 127 126 126 126 126 127 125 126 126 127 126 
59586 6288.288330500 126 127 127 127 127 127 128 128 128 129 128 129 129 129 129 129 128 129 128 128 128 128 127 128 127 
59587 6288.302218000 127 126 127 126 127 125 126 126 126 127 126 126 127 126 127 127 127 128 128 128 128 129 128 128 129 
59588 6288.316105500 129 128 129 128 128 128 128 128 128 127 127 127 127 126 126 127 126 126 126 126 126 127 126 127 127 
59589 6288.329993000 126 128 127 128 127 129 128 128 129 128 129 129 129 128 129 128 128 128 127 128 127 127 126 127 127 
59590 6288.343880500 126 127 125 125 127 126 127 127 127 127 127 127 127 128 127 128 128 128 129 128 129 129 129 129 128 
59591 6288.357768000 129 128 129 128 128 128 127 127 127 126 126 127 127 126 126 126 126 126 126 126 126 126 126 128 127 
59592 6288.371655500 128 128 129 128 128 128 128 129 128 129 128 128 128 128 128 128 128 127 127 128 126 126 127 127 126 
59593 6288.385543000 126 127 126 127 126 126 126 128 127 127 128 128 127 129 128 129 128 128 129 128 129 128 129 128 129 
59594 6288.399430500 127 128 127 128 127 127 127 126 127 126 126 126 126 127 126 126 127 126 127 127 127 127 128 128 128 
59595 6288.413318000 129 129 128 129 129 128 129 128 129 129 128 128 128 127 128 127 128 126 127 127 126 127 126 126 127 
59596 6288.427205500 126 127 126 127 126 128 127 128 128 127 129 128 128 129 128 129 128 129 129 128 129 128 128 129 127 
59597 6288.441093000 128 127 127 127 127 127 126 126 126 126 127 126 127 126 126 128 127 127 128 127 128 129 129 129 128 
59598 6288.454980500 129 130 128 129 128 129 128 128 128 128 127 128 127 127 126 126 127 127 126 126 127 126 127 126 127 
59599 6288.468868000 126 127 128 127 128 127 129 129 128 129 128 129 128 129 128 129 129 128 128 128 127 128 127 127 127 
59600 6288.482755500 127 126 127 126 126 127 127 126 126 126 127 126 127 127 127 128 128 128 128 128 128 128 129 129 129 
59601 6288.496643000 128 128 129 128 129 128 128 129 127 127 127 126 128 126 127 127 126 127 126 126 126 126 127 127 127 
59602 6288.510530500 128 127 128 129 128 128 129 128 129 129 128 129 129 129 129 128 128 127 128 127 127 126 126 126 127 
59603 6288.524418000 126 126 127 127 126 127 126 126 126 127 127 127 128 127 129 128 128 129 128 129 129 129 128 129 128 
59604 6288.538305500 129 128 129 128 127 128 127 127 127 126 127 126 127 126 126 126 126 127 126 126 127 126 127 128 127 
59605 6288.552193000 128 128 128 129 128 129 128 129 130 128 128 129 128 129 127 128 127 127 127 126 127 127 126 126 126 
59606 6288.566080500 127 125 127 126 126 127 127 126 128 127 128 128 129 128 128 129 128 128 128 129 128 129 129 128 128 
59607 6288.579968000 128 127 127 127 127 126 127 126 126 127 126 127 126 126 126 127 127 127 128 127 128 127 128 128 128 
59608 6288.593855500 129 128 129 128 129 129 128 129 129 128 129 127 128 127 128 127 126 127 126 126 126 127 126 126 126 
59609 6288.607743000 126 127 127 126 126 127 128 128 128 129 128 129 128 128 129 128 129 128 128 129 128 128 128 128 127 
59610 6288.621630500 128 127 127 126 126 127 126 126 127 125 126 127 126 127 127 127 128 127 128 128 129 128 128 129 128 
59611 6288.635518000 129 129 128 129 128 128 128 128 128 127 127 127 127 126 127 126 126 126 125 126 127 127 126 127 126 
59612 6288.649405500 127 128 127 128 127 128 128 129 128 128 129 128 129 129 129 128 128 128 128 128 128 128 127 127 126 
59613 6288.663293000 126 127 126 127 127 126 126 126 127 126 127 127 127 127 128 127 127 127 129 127 129 128 128 128 129 
59614 6288.677180500 128 128 128 127 128 128 128 127 127 127 126 127 126 126 126 126 127 126 126 127 126 127 126 128 127 
59615 6288.691068000 127 129 128 128 129 128 128 129 128 129 129 128 128 129 127 128 128 127 128 126 128 126 127 126 126 
59616 6288.704955500 126 126 126 126 126 126 127 126 127 128 126 127 128 127 129 128 129 128 128 129 128 129 128 129 129 
59617 6288.718843000 128 129 128 128 127 127 127 127 126 126 127 126 127 126 126 126 127 127 127 127 126 128 127 128 127 
59618 6288.732730500 129 129 128 128 129 129 129 128 129 128 128 129 128 128 128 127 127 127 127 126 126 126 126 127 126 
59619 6288.746618000 126 126 126 127 126 128 127 127 128 127 128 129 128 129 129 128 129 129 128 129 128 129 128 128 127 
59620 6288.760505500 128 127 127 126 127 126 127 126 126 125 127 126 126 126 126 127 126 127 127 127 128 128 128 129 128 
59621 6288.774393000 128 129 128 128 128 129 129 128 128 128 128 128 128 127 128 127 125 127 127 126 126 126 126 126 126 
59622 6288.788280500 126 127 127 127 127 127 127 128 128 129 129 128 129 128 128 129 128 128 129 128 128 127 127 127 127 
59623 6288.802168000 126 127 126 126 126 126 126 126 127 126 126 127 126 127 127 127 128 127 128 128 129 128 128 129 128 
59624 6288.816055500 129 129 128 129 128 128 127 128 127 127 127 127 127 126 126 126 126 126 127 126 126 127 126 127 126 
59625 6288.829943000 127 127 127 128 128 128 128 129 129 128 128 128 129 129 128 128 129 128 127 128 128 126 127 127 126 
59626 6288.843830500 126 127 126 126 126 127 127 126 127 127 126 128 127 127 128 127 129 128 129 129 128 129 128 129 128 
59627 6288.857718000 129 128 128 128 127 128 128 127 127 127 126 126 126 126 126 126 127 126 127 126 126 127 127 128 127 
59628 6288.871605500 127 129 128 129 128 129 128 129 129 128 129 128 129 128 128 128 128 127 127 127 126 127 126 127 126 
59629 6288.885493000 126 127 126 126 127 127 127 127 127 127 127 128 128 129 128 128 128 128 128 129 129 129 128 129 128 
59630 6288.899380500 128 128 127 128 126 127 127 126 127 127 127 126 127 126 126 127 126 127 127 127 127 128 128 127 128 
59631 6288.913268000 129 128 128 128 130 128 129 128 129 128 128 128 127 128 127 127 127 127 126 126 126 126 126 126 127 
59632 6288.927155500 126 127 126 127 126 127 128 127 128 128 129 128 129 128 129 128 129 128 129 128 128 128 128 128 127 
59633 6288.941043000 128 127 127 126 126 126 127 127 126 127 126 126 126 126 127 127 126 128 127 127 128 129 128 128 129 
59634 6288.954930500 128 128 128 129 128 129 129 127 128 127 128 127 127 127 127 126 127 127 125 127 126 126 126 127 126 
59635 6288.968818000 127 128 127 127 127 128 128 128 129 129 128 129 128 129 129 128 129 128 128 128 127 127 128 127 127 
59636 6288.982705500 127 126 127 126 126 126 126 126 126 126 126 127 127 127 128 127 128 127 129 129 128 128 129 129 128 
59637 6288.996593000 129 129 129 128 129 128 126 129 127 126 128 126 127 126 127 127 127 126 126 126 127 127 127 128 127 
59638 6289.010480500 127 127 128 128 128 129 128 127 129 128 128 129 128 129 128 129 127 128 128 127 127 127 127 127 127 
59639 6289.024368000 127 126 126 126 127 126 126 127 126 127 128 127 128 128 127 128 129 129 129 129 128 129 128 129 128 
59640 6289.038255500 128 129 127 128 127 127 127 127 127 126 127 126 127 126 126 126 126 127 127 126 127 127 128 127 128 
59641 6289.052143000 128 128 129 128 128 128 128 129 128 128 129 128 128 127 128 128 127 128 127 127 126 127 127 126 126 
59642 6289.066030500 126 126 126 126 126 126 127 127 127 127 128 127 128 129 128 128 128 128 127 128 128 129 130 128 128 
59643 6289.079918000 129 127 128 127 128 127 125 126 125 126 126 125 126 125 127 126 127 127 127 128 127 128 127 129 129 
59644 6289.093805500 129 130 129 130 129 129 130 129 129 129 128 127 128 127 127 128 126 125 126 125 126 125 126 125 126 
59645 6289.107693000 126 125 127 126 128 127 128 128 127 129 129 129 130 129 130 129 129 129 129 129 128 129 127 127 127 
59646 6289.121580500 127 126 127 126 126 126 127 125 126 126 125 127 126 127 126 127 127 128 128 127 129 129 129 129 130 
59647 6289.135468000 129 129 130 129 129 129 128 129 127 128 127 127 127 126 126 125 126 125 125 126 125 126 125 127 126 
59648 6289.149355500 126 128 127 127 128 127 129 129 129 129 130 129 130 129 129 129 129 129 128 127 128 128 127 127 126 
59649 6289.163243000 126 126 126 126 125 125 125 124 125 125 126 126 127 127 127 129 128 129 129 129 130 130 130 129 131 
59650 6289.177130500 130 130 130 129 129 128 127 128 127 126 126 125 125 126 125 125 125 124 125 125 126 126 126 127 127 
59651 6289.191018000 128 128 128 129 129 130 130 129 130 130 130 130 130 129 129 129 128 127 128 127 126 126 125 126 124 
59652 6289.204905500 126 124 124 125 124 125 125 126 126 127 127 128 129 128 129 129 130 131 129 131 130 131 130 130 130 
59653 6289.218793000 129 128 129 128 127 126 127 126 126 124 124 126 124 125 124 125 125 125 126 125 126 126 128 128 128 
59654 6289.232680500 129 130 129 130 129 130 130 131 129 131 129 129 128 129 127 128 126 127 126 125 125 125 126 124 125 
59655 6289.246568000 124 125 125 125 126 126 127 127 127 129 128 129 130 130 130 129 130 130 131 130 130 129 129 129 128 
59656 6289.260455500 128 128 126 127 125 124 125 124 125 124 124 124 124 125 125 126 126 126 127 127 129 128 129 129 130 
59657 6289.274343000 130 130 130 131 130 130 131 130 129 130 128 128 127 127 126 126 125 125 125 125 125 124 125 125 125 
59658 6289.288230500 125 125 125 127 126 128 128 129 130 129 131 129 130 131 130 131 130 130 128 130 129 128 128 128 127 
59659 6289.302118000 126 125 125 125 125 126 124 124 125 125 125 125 126 126 128 127 128 128 128 129 130 130 129 129 131 
59660 6289.316005500 130 131 130 130 130 129 129 128 128 128 126 127 125 125 125 125 126 124 124 124 125 125 125 125 125 
59661 6289.329893000 127 127 128 127 129 128 130 130 130 130 130 130 131 130 130 130 129 129 128 128 126 127 126 126 125 
59662 6289.343780500 125 125 126 124 125 124 124 125 125 126 126 126 127 127 129 128 129 129 130 130 130 131 131 130 130 
59663 6289.357668000 130 130 130 128 128 128 127 127 126 125 126 126 124 125 124 125 124 125 125 125 126 126 127 127 127 
59664 6289.371555500 128 128 130 130 130 131 130 130 131 130 131 129 131 129 128 129 127 127 127 126 127 125 125 124 126 
59665 6289.385443000 124 124 124 125 125 125 126 125 127 127 128 128 129 129 130 129 130 129 130 131 130 131 129 130 129 
59666 6289.399330500 129 129 127 128 127 125 127 125 125 125 126 124 124 124 124 125 125 125 126 126 127 127 128 128 129 
59667 6289.413218000 130 129 130 129 130 131 130 131 130 130 129 129 128 128 127 127 126 125 125 125 125 125 124 124 124 
59668 6289.427105500 125 125 125 125 126 128 127 127 129 128 129 130 130 130 130 130 131 131 130 129 131 129 130 128 128 
59669 6289.440993000 127 127 125 126 125 125 125 125 124 125 124 124 125 124 126 126 126 128 127 129 128 129 130 130 130 
59670 6289.454880500 129 130 131 130 131 130 129 130 129 129 128 127 127 126 126 125 125 125 125 124 124 125 124 125 125 
59671 6289.468768000 126 126 126 128 127 128 129 129 129 131 130 130 130 131 130 131 130 130 129 129 128 128 127 127 126 
59672 6289.482655500 126 124 125 125 125 125 123 124 125 124 125 125 125 127 127 127 129 128 129 129 130 130 129 131 130 
59673 6289.496543000 131 130 130 130 130 129 128 128 127 126 127 125 126 124 125 125 125 124 124 125 124 126 125 126 126 
59674 6289.510430500 127 128 127 129 129 130 130 130 130 131 131 130 131 130 129 129 129 127 129 127 127 125 126 125 124 
59675 6289.524318000 124 125 124 123 125 124 124 125 126 126 127 127 128 128 129 129 130 130 131 129 131 131 131 131 130 
59676 6289.538205500 129 129 129 128 128 128 126 126 125 124 125 124 125 124 123 124 125 124 125 126 125 128 126 127 128 
59677 6289.552093000 129 129 130 130 130 130 130 132 131 130 130 130 129 130 128 128 127 127 126 126 125 124 124 126 124 
59678 6289.565980500 124 124 124 125 126 125 127 127 127 128 128 129 130 129 131 129 130 131 131 131 130 130 129 129 130 
59679 6289.579868000 127 128 127 126 127 125 126 124 125 125 124 124 124 125 124 125 125 126 127 127 128 127 129 130 129 
59680 6289.593755500 130 131 130 131 132 131 130 130 130 130 130 128 128 127 126 126 125 125 124 123 125 123 124 123 124 
59681 6289.607643000 124 124 125 125 126 127 127 128 129 129 131 131 130 130 132 132 131 132 131 130 131 130 128 129 127 
59682 6289.621530500 126 126 125 124 124 124 124 124 123 124 123 125 124 125 126 127 127 128 129 129 130 130 131 131 131 
59683 6289.635418000 132 132 132 131 131 130 130 129 128 128 127 127 125 125 124 124 124 125 124 122 124 124 124 124 125 
59684 6289.649305500 125 127 127 127 129 129 130 130 131 131 131 131 133 132 131 131 131 130 129 128 129 127 127 125 126 
59685 6289.663193000 124 124 124 124 123 123 124 123 125 124 125 126 126 127 128 128 130 129 130 130 130 131 131 132 132 
59686 6289.677080500 131 131 130 130 129 128 128 128 127 125 126 124 124 124 125 123 124 123 124 124 124 125 126 126 127 
59687 6289.690968000 127 128 130 130 130 131 131 130 132 132 131 132 131 131 129 129 129 127 128 126 125 126 124 125 124 
59688 6289.704855500 124 124 123 123 124 123 124 125 125 126 127 127 128 130 129 131 130 132 130 132 132 132 131 131 130 
59689 6289.718743000 130 129 128 128 128 126 126 126 124 125 124 124 124 123 123 124 124 124 126 125 126 127 127 128 129 
59690 6289.732630500 129 131 132 131 131 131 132 132 131 131 130 129 130 128 129 127 126 125 126 124 125 123 124 124 122 
59691 6289.746518000 124 123 124 125 124 126 127 126 127 128 130 129 131 131 131 131 132 132 131 132 131 131 129 130 129 
59692 6289.760405500 128 128 126 126 125 125 125 124 124 123 122 124 124 124 125 124 125 126 126 128 128 129 129 130 130 
59693 6289.774293000 131 131 131 132 132 131 131 131 130 130 129 128 128 126 126 125 124 125 124 124 123 123 123 124 123 
59694 6289.788180500 125 125 125 127 126 127 129 129 130 130 131 131 131 132 132 131 131 130 131 130 129 129 128 128 126 
59695 6289.802068000 126 125 124 124 123 124 124 123 123 124 123 124 125 125 127 126 128 128 128 130 130 130 132 131 132 
59696 6289.815955500 132 132 132 131 131 131 131 128 129 127 126 126 125 124 123 124 123 123 122 123 123 123 124 125 124 
59697 6289.829843000 125 127 127 128 129 131 130 133 131 132 132 133 132 132 132 130 131 131 128 128 128 126 126 125 124 
59698 6289.843730500 124 123 123 122 122 123 122 123 124 124 125 127 127 128 128 130 130 131 132 131 132 132 133 132 132 
59699 6289.857618000 132 131 131 129 129 129 127 127 126 124 125 124 123 123 122 123 122 123 124 124 124 125 125 127 127 
59700 6289.871505500 128 130 130 130 132 131 132 132 133 133 132 132 132 131 130 129 129 127 127 125 125 124 124 123 123 
59701 6289.885393000 123 121 123 122 123 124 124 126 125 126 128 128 129 130 131 131 131 132 132 132 133 132 132 131 131 
59702 6289.899280500 130 129 129 127 127 125 125 124 123 124 123 123 121 122 124 125 127 127 127 127 127 127 128 129 129 
59703 6289.913168000 131 132 132 132 133 133 132 133 132 131 131 129 130 127 127 126 124 125 122 123 121 123 121 121 122 
59704 6289.927055500 122 122 123 123 124 125 126 127 128 129 130 131 131 133 132 134 133 133 132 133 131 131 130 129 129 
59705 6289.940943000 128 126 126 124 124 123 123 123 122 122 122 123 122 123 124 124 126 127 128 128 129 130 132 131 133 
59706 6289.954830500 132 133 134 132 133 132 132 131 130 129 128 126 127 125 125 123 123 122 122 122 120 122 121 123 123 
59707 6289.968718000 125 124 126 126 128 128 130 130 132 131 133 133 133 134 133 132 133 132 131 130 130 128 127 127 125 
59708 6289.982605500 126 123 124 122 123 121 121 121 122 123 123 124 124 126 127 127 129 129 130 131 132 132 133 132 134 
59709 6289.996493000 134 132 132 132 131 130 129 128 128 126 125 125 123 123 122 122 122 121 122 122 122 123 124 125 125 
59710 6290.010380500 127 128 129 130 129 132 131 133 133 133 134 133 132 133 133 130 130 130 128 127 127 125 125 123 123 
59711 6290.024268000 122 123 121 120 122 122 123 123 124 124 125 126 128 128 130 131 131 133 132 133 133 134 132 133 132 
59712 6290.038155500 132 131 131 129 128 127 127 125 125 123 124 122 123 122 121 123 122 122 124 124 125 125 126 127 128 
59713 6290.052043000 129 130 131 133 132 133 133 134 133 132 133 131 131 131 129 128 127 126 126 124 124 122 123 122 122 
59714 6290.065930500 121 122 121 123 123 124 124 125 127 127 129 129 131 132 133 132 133 134 134 133 134 133 131 132 130 
59715 6290.079818000 129 129 127 127 125 124 124 122 123 122 121 121 121 122 122 123 124 125 125 126 128 128 130 130 131 
59716 6290.093705500 132 132 134 133 133 133 133 133 131 131 130 129 128 128 126 125 124 123 123 122 122 122 120 122 121 
59717 6290.107593000 122 123 123 125 125 127 127 128 130 130 131 132 132 133 133 135 133 134 132 132 131 131 129 129 127 
59718 6290.121480500 126 125 124 124 123 122 122 121 121 121 122 123 123 124 124 125 127 127 129 130 131 132 133 132 133 
59719 6290.135368000 133 134 134 133 132 132 131 131 130 128 128 126 125 124 123 123 122 122 123 121 121 122 122 123 123 
59720 6290.149255500 124 126 127 127 128 130 130 131 133 132 134 134 135 133 134 133 133 133 130 130 128 128 126 124 124 
59721 6290.163143000 123 121 121 120 121 120 121 120 121 122 122 124 125 125 128 128 130 130 133 133 134 134 135 134 135 
59722 6290.177030500 134 134 133 132 131 129 129 127 127 124 124 122 121 122 120 120 121 120 122 121 123 123 124 124 127 
59723 6290.190918000 127 129 130 131 132 133 134 133 134 134 134 134 133 133 132 130 130 128 127 127 125 124 123 121 122 
59724 6290.204805500 120 121 120 121 120 122 121 123 125 125 127 127 129 129 131 132 133 133 134 135 134 134 134 133 132 
59725 6290.218693000 132 130 129 129 127 126 125 124 123 121 122 121 120 121 120 121 122 122 123 123 125 126 127 128 130 
59726 6290.232580500 131 132 133 133 134 134 135 134 134 134 132 132 131 129 128 128 126 124 125 122 123 121 121 120 121 
59727 6290.246468000 120 121 121 122 124 124 124 126 127 128 130 131 133 133 134 134 134 135 134 134 134 133 131 131 130 
59728 6290.260355500 129 127 126 124 124 122 122 122 121 120 120 120 121 121 122 123 123 126 126 128 128 130 131 132 133 
59729 6290.274243000 134 134 135 134 135 134 134 134 132 132 130 128 128 126 125 125 122 123 121 121 121 121 120 121 121 
59730 6290.288130500 122 123 124 124 126 128 128 130 131 132 134 133 133 134 134 134 134 133 133 131 131 130 128 128 126 
59731 6290.302018000 125 124 122 121 121 121 121 121 121 121 121 123 123 124 125 126 128 129 131 131 133 133 135 133 135 
59732 6290.315905500 135 135 134 134 133 131 132 130 129 128 126 125 123 123 121 121 121 120 121 120 121 120 122 122 124 
59733 6290.329793000 125 127 127 129 130 130 133 133 134 135 134 135 135 134 134 132 133 131 130 128 128 126 125 124 122 
59734 6290.343680500 122 121 121 120 120 120 121 121 122 123 123 125 127 127 129 129 131 132 134 133 134 134 135 134 135 
59735 6290.357568000 134 133 132 131 130 129 127 125 126 123 123 121 121 120 120 121 120 121 120 121 123 124 124 127 127 
59736 6290.371455500 129 130 132 132 134 134 134 135 135 135 134 134 133 132 131 129 129 127 126 125 123 123 121 122 120 
59737 6290.385343000 120 120 121 120 121 121 123 123 125 126 127 129 130 131 133 133 135 134 135 135 134 135 134 133 132 
59738 6290.399230500 131 130 129 128 126 124 124 122 121 121 120 120 119 120 120 120 121 122 124 124 126 128 128 130 132 
59739 6290.413118000 132 134 135 135 136 136 135 136 135 135 133 132 131 128 128 126 124 124 121 120 121 120 119 120 119 
59740 6290.427005500 120 120 121 123 123 125 127 127 129 131 131 134 134 135 136 135 137 135 136 135 134 132 131 130 129 
59741 6290.440893000 128 126 125 124 121 121 120 120 120 118 120 119 120 121 123 122 125 127 127 129 131 132 133 134 135 
59742 6290.454780500 135 136 136 136 136 134 134 132 132 131 128 127 127 124 124 122 121 120 119 119 119 119 119 120 121 
59743 6290.468668000 122 124 124 126 127 129 131 131 133 135 134 135 136 135 136 135 135 133 133 132 130 129 127 126 124 
59744 6290.482555500 124 121 121 120 119 120 119 120 119 120 121 121 123 124 125 128 129 130 131 133 135 135 135 136 135 
59745 6290.496443000 136 136 134 134 133 132 131 128 128 125 125 123 122 121 120 120 119 118 120 120 120 121 122 123 124 
59746 6290.510330500 126 127 129 131 131 132 134 134 135 136 135 135 136 135 133 133 131 130 129 127 126 124 124 122 119 
59747 6290.524218000 121 119 119 119 119 120 120 121 122 123 125 125 128 128 130 132 132 136 135 135 136 136 135 136 135 
59748 6290.538105500 134 133 131 131 128 127 126 124 123 123 120 121 119 119 119 119 119 120 121 122 124 125 126 127 129 
59749 6290.551993000 130 132 132 136 135 136 136 136 135 136 135 134 134 132 131 129 128 127 124 123 121 120 120 119 119 
59750 6290.565880500 118 120 120 119 121 121 123 124 126 127 129 131 132 133 135 135 135 136 136 136 136 135 134 132 132 
59751 6290.579768000 131 128 127 127 123 124 122 120 120 120 119 119 119 119 120 120 122 123 124 127 128 128 131 131 133 
59752 6290.593655500 135 135 135 136 136 136 136 135 134 133 132 130 129 127 126 125 123 122 120 120 119 118 118 118 120 
59753 6290.607543000 119 120 122 123 125 126 127 129 131 132 134 135 135 135 136 137 136 137 135 134 133 132 131 129 128 
59754 6290.621430500 126 124 123 122 121 119 120 119 118 120 119 119 121 121 123 124 126 127 129 131 131 134 134 135 135 
59755 6290.635318000 137 136 137 136 135 135 133 131 131 128 127 126 125 124 121 121 119 120 118 119 119 120 119 121 122 
59756 6290.649205500 122 124 126 128 129 131 132 134 136 136 136 138 137 138 137 137 135 133 132 131 129 127 126 124 123 
59757 6290.663093000 120 119 117 119 117 118 117 117 119 120 120 121 124 125 127 129 131 131 134 135 136 136 138 138 137 
59758 6290.676980500 137 136 135 135 132 132 129 128 126 124 122 121 118 119 119 117 118 117 118 119 120 121 122 123 126 
59759 6290.690868000 126 129 131 132 134 137 137 137 137 138 138 137 136 135 134 133 130 129 128 126 125 122 121 119 119 
59760 6290.704755500 119 117 117 117 118 119 119 121 123 124 126 127 129 131 133 133 136 136 137 137 137 137 137 137 135 
59761 6290.718643000 135 132 132 129 127 126 124 122 121 118 119 117 118 117 118 117 119 119 120 122 123 126 127 130 131 
59762 6290.732530500 132 134 136 136 136 137 138 137 137 136 135 134 132 132 129 128 125 124 123 121 119 119 118 118 117 
59763 6290.746418000 117 118 118 120 121 122 125 125 128 128 131 133 134 137 137 137 137 138 137 137 137 135 135 132 131 
59764 6290.760305500 129 127 126 124 122 121 118 119 117 117 118 117 117 119 119 121 122 124 126 127 130 131 132 134 136 
59765 6290.774193000 136 138 138 137 137 137 137 135 134 133 131 129 128 126 123 123 121 118 118 118 117 117 117 119 118 
59766 6290.788080500 119 121 122 124 125 127 129 131 132 134 136 137 137 137 138 137 137 137 135 134 132 132 129 128 125 
59767 6290.801968000 124 123 121 118 119 118 118 118 117 118 119 119 122 122 123 126 127 129 132 131 135 136 137 137 137 
59768 6290.815855500 138 138 137 137 135 134 132 130 130 127 126 123 123 121 118 119 117 117 117 117 119 119 120 120 122 
59769 6290.829743000 123 126 127 129 131 132 134 137 136 137 138 137 137 138 136 135 134 133 131 130 128 126 124 123 120 
59770 6290.843630500 120 118 119 117 118 117 118 118 120 120 122 124 125 127 130 130 133 134 136 136 137 137 138 137 137 
59771 6290.857518000 137 135 134 132 131 130 128 125 124 122 120 120 119 118 117 117 116 118 117 119 121 121 124 125 128 
59772 6290.871405500 129 131 132 134 137 137 138 138 138 139 137 137 136 135 134 131 130 127 125 124 122 121 118 118 117 
59773 6290.885293000 116 116 117 117 118 119 120 121 124 125 128 129 131 133 134 136 137 138 138 138 139 138 137 135 135 
59774 6290.899180500 134 131 130 127 125 124 122 120 119 119 117 118 116 117 117 118 119 120 122 123 126 127 129 132 132 
59775 6290.913068000 135 136 137 138 137 138 138 137 138 137 135 133 131 129 128 125 123 122 120 119 118 117 117 117 116 
59776 6290.926955500 117 118 119 120 122 124 125 128 129 131 133 134 136 137 137 137 139 138 139 137 137 135 133 132 129 
59777 6290.940843000 128 125 124 121 121 118 119 117 118 116 116 117 117 119 120 121 124 125 127 128 131 133 134 136 137 
59778 6290.954730500 138 136 139 138 138 136 136 135 133 131 130 128 126 124 123 121 119 118 117 118 117 116 116 119 118 
59779 6290.968618000 121 122 123 126 127 129 132 132 135 136 137 137 137 138 138 138 137 136 135 132 132 128 127 126 123 
59780 6290.982505500 123 120 119 119 117 118 116 117 117 118 120 120 122 124 125 127 129 131 133 134 137 138 138 137 140 
59781 6290.996393000 139 139 137 137 134 134 131 129 128 125 123 122 119 119 118 116 117 116 115 116 117 118 120 121 123 
59782 6291.010280500 125 128 129 132 132 135 136 137 139 137 139 139 139 137 137 135 134 132 130 128 125 123 122 120 119 
59783 6291.024168000 118 116 118 116 116 116 118 118 120 121 123 125 127 129 131 133 135 137 138 138 138 139 140 139 138 
59784 6291.038055500 137 134 134 132 129 128 126 123 122 119 119 116 117 116 116 116 116 117 118 119 122 123 125 127 129 
59785 6291.051943000 132 133 135 137 138 138 138 139 140 138 138 136 135 133 131 130 128 125 124 122 119 119 117 116 117 
59786 6291.065830500 115 116 116 117 118 120 120 123 126 126 129 131 133 135 136 138 138 137 140 139 139 138 136 135 133 
59787 6291.079718000 132 129 127 126 123 122 120 118 118 116 118 115 115 116 116 119 119 121 123 125 128 129 131 134 134 
59788 6291.093605500 136 138 138 138 139 140 138 138 136 135 134 131 130 128 126 123 122 120 118 117 117 116 116 115 116 
59789 6291.107493000 117 118 119 121 123 126 127 129 131 133 135 138 137 139 139 139 140 139 138 136 136 133 132 129 128 
59790 6291.121380500 125 124 121 121 117 118 116 116 116 115 116 118 118 119 122 123 126 126 130 131 134 135 138 137 139 
59791 6291.135268000 138 140 139 139 137 137 135 134 131 130 129 125 124 121 120 118 118 116 116 116 114 117 116 118 119 
59792 6291.149155500 122 123 125 128 129 132 134 135 137 138 139 139 140 141 139 139 137 136 134 132 130 128 125 124 121 
59793 6291.163043000 120 118 116 116 117 115 114 116 117 117 119 120 124 124 127 130 131 134 136 137 139 139 140 140 140 
59794 6291.176930500 139 139 137 136 134 132 130 128 125 124 121 119 118 117 115 117 115 114 116 117 117 119 121 124 124 
59795 6291.190818000 127 128 131 134 135 137 138 139 138 139 141 139 138 137 135 134 132 131 128 126 124 122 120 117 117 
59796 6291.204705500 115 117 114 114 116 116 117 120 121 123 125 127 129 131 134 135 137 138 139 139 141 140 140 138 138 
59797 6291.218593000 135 134 133 129 129 125 124 122 119 118 117 116 115 115 115 115 117 118 119 121 122 125 126 130 131 
59798 6291.232480500 134 134 137 138 139 138 140 141 140 140 138 136 134 133 129 128 126 123 122 118 118 115 115 116 113 
59799 6291.246368000 114 114 115 116 119 120 122 125 126 130 132 134 136 139 139 140 140 140 141 140 140 138 136 135 132 
59800 6291.260255500 130 128 126 123 122 118 117 116 115 115 113 114 114 116 116 119 121 122 125 127 129 132 134 136 138 
59801 6291.274143000 139 140 140 141 142 140 140 138 136 136 132 131 127 126 123 121 119 118 115 116 115 114 114 114 116 
59802 6291.288030500 116 119 120 123 125 126 130 131 134 136 138 139 140 140 141 141 141 139 138 136 135 132 130 128 126 
59803 6291.301918000 123 121 119 116 116 114 115 114 113 114 115 117 118 120 123 124 128 129 132 134 136 138 139 141 140 
59804 6291.315805500 141 142 140 140 138 137 134 132 131 127 125 123 120 119 118 116 115 115 113 113 115 115 117 118 120 
59805 6291.329693000 123 124 126 130 131 134 135 137 140 140 140 141 142 140 140 138 137 135 132 131 128 126 123 121 119 
59806 6291.343580500 117 117 115 115 113 113 115 115 117 118 120 123 125 127 129 132 134 136 138 139 140 140 141 142 140 
59807 6291.357468000 139 138 137 135 133 131 128 125 123 120 119 117 116 114 114 115 113 114 116 116 119 120 123 124 128 
59808 6291.371355500 128 132 135 135 138 139 139 140 141 141 141 140 139 137 134 133 131 127 125 123 121 119 117 116 115 
59809 6291.385243000 116 113 114 115 115 117 118 120 123 124 127 129 132 133 136 138 139 141 140 141 142 141 139 138 136 
59810 6291.399130500 135 132 130 127 125 123 120 119 116 116 114 114 114 112 115 115 116 119 120 123 124 127 129 132 134 
59811 6291.413018000 135 138 140 140 141 141 142 140 140 139 136 135 133 131 128 125 123 121 119 118 115 114 114 113 112 
59812 6291.426905500 115 115 117 118 120 122 125 127 129 132 134 136 138 139 141 140 141 142 140 140 139 136 135 133 130 
59813 6291.440793000 129 126 123 121 119 116 116 115 115 114 113 115 114 117 118 120 123 124 127 129 131 134 136 138 139 
59814 6291.454680500 141 140 141 142 140 140 139 136 135 133 130 128 125 124 121 119 117 115 114 114 114 112 114 116 116 
59815 6291.468568000 119 120 122 124 127 129 131 134 137 138 139 141 140 141 142 141 140 138 137 135 133 130 128 126 123 
59816 6291.482455500 121 119 117 116 114 115 114 112 115 114 115 118 119 121 125 126 129 132 134 137 138 141 141 141 143 
59817 6291.496343000 143 141 141 139 138 136 133 130 128 125 123 121 117 117 114 113 113 112 112 113 113 115 118 119 122 
59818 6291.510230500 124 126 130 132 134 137 139 140 142 142 143 143 141 142 139 137 136 134 130 128 126 123 121 118 116 
59819 6291.524118000 114 115 113 112 112 112 114 115 118 119 121 124 127 129 132 135 136 139 141 141 142 142 143 141 142 
59820 6291.538005500 139 138 136 133 131 127 125 123 121 118 116 114 113 114 112 112 113 113 116 117 119 122 124 127 129 
59821 6291.551893000 133 134 136 139 141 142 143 142 142 142 141 139 137 136 133 131 128 126 123 120 119 116 115 113 113 
59822 6291.565780500 113 111 113 113 116 117 119 122 124 127 129 132 135 136 139 140 142 143 142 143 141 142 139 138 137 
59823 6291.579668000 133 131 128 126 122 121 118 116 115 113 112 112 112 113 114 115 118 119 122 124 127 129 132 134 137 
59824 6291.593555500 140 141 141 142 143 142 142 141 139 139 136 133 130 129 125 123 120 118 116 115 113 112 112 112 113 
59825 6291.607443000 114 115 118 119 123 124 127 130 132 135 137 139 141 141 142 143 142 142 140 140 138 136 133 131 128 
59826 6291.621330500 125 123 120 118 116 115 114 113 113 112 113 114 115 118 119 122 125 126 129 132 134 136 139 140 141 
59827 6291.635218000 142 142 142 141 140 139 138 135 134 131 129 125 123 121 118 115 115 113 113 113 112 114 113 116 117 
59828 6291.649105500 120 121 124 127 129 132 135 136 140 140 142 142 143 143 141 141 140 138 136 133 132 128 125 123 121 
59829 6291.662993000 118 116 115 113 113 112 113 114 113 116 117 119 122 123 127 129 132 135 136 139 140 141 141 142 143 
59830 6291.676880500 142 141 139 138 135 133 130 128 126 122 121 118 115 115 113 113 113 113 114 113 116 117 119 122 124 
59831 6291.690768000 127 129 132 134 136 140 140 142 142 142 143 141 141 140 136 131 128 128 128 128 128 125 120 116 115 
59832 6291.704655500 112 112 111 112 112 114 114 117 118 121 124 126 130 132 135 137 139 141 142 143 143 144 142 142 140 
59833 6291.718543000 139 136 135 131 128 126 122 121 117 116 113 113 112 111 111 112 114 114 116 119 120 123 127 130 132 
59834 6291.732430500 135 138 139 141 142 142 143 143 142 143 140 138 136 134 131 128 126 122 120 118 115 114 112 112 111 
59835 6291.746318000 112 112 112 115 116 119 122 123 127 129 132 135 137 140 141 142 143 143 144 143 142 141 138 136 133 
59836 6291.760205500 131 128 126 122 120 117 116 113 113 111 112 112 112 112 115 116 118 121 124 126 129 132 135 137 140 
59837 6291.774093000 141 142 143 144 143 142 142 140 139 136 134 131 129 125 123 119 118 116 113 114 111 112 111 112 112 
59838 6291.787980500 115 117 118 122 124 126 130 133 135 137 140 141 143 143 145 143 144 143 140 139 136 134 130 129 125 
59839 6291.801868000 123 119 117 114 113 112 111 110 111 111 112 115 115 118 120 124 126 130 133 135 138 140 142 144 143 
59840 6291.815755500 144 144 143 143 140 139 138 134 132 128 125 123 119 117 115 112 113 110 111 111 111 113 113 116 118 
59841 6291.829643000 120 124 126 130 132 135 138 139 142 143 143 145 144 144 143 141 139 136 134 131 128 125 123 119 118 
59842 6291.843530500 115 113 112 110 111 110 112 112 114 116 118 121 124 126 129 133 135 137 140 142 143 143 145 144 144 
59843 6291.857418000 143 141 139 137 134 131 129 125 122 120 117 115 113 111 111 109 111 111 112 114 115 118 121 123 127 
59844 6291.871305500 129 132 135 137 140 141 143 144 144 144 144 143 142 139 137 134 132 128 125 123 120 117 116 113 112 
59845 6291.885193000 111 111 111 111 112 114 115 119 121 123 127 129 132 135 138 140 142 143 144 145 144 143 143 141 139 
59846 6291.899080500 137 134 132 128 125 122 120 117 115 113 112 111 110 110 111 113 113 116 118 121 124 127 130 133 135 
59847 6291.912968000 138 139 142 143 144 145 144 144 143 141 140 136 135 131 128 126 122 120 117 115 113 112 111 110 110 
59848 6291.926855500 112 113 113 117 117 121 124 126 129 132 134 138 140 141 144 144 144 145 143 143 141 139 137 135 130 
59849 6291.940743000 129 125 123 120 118 114 114 111 111 111 110 111 113 114 116 118 121 124 126 130 132 135 137 139 142 
59850 6291.954630500 143 144 144 144 144 143 142 138 137 134 131 128 125 123 120 118 115 112 112 111 111 110 111 112 114 
59851 6291.968518000 115 118 121 123 127 130 132 135 138 140 142 143 143 145 144 144 143 141 139 137 135 131 128 125 123 
59852 6291.982405500 119 118 115 113 112 110 111 111 111 112 113 116 118 120 124 126 130 132 135 138 140 142 143 144 144 
59853 6291.996293000 144 144 143 142 139 137 134 131 129 126 122 119 117 115 113 112 110 111 110 111 113 113 116 119 120 
59854 6292.010180500 124 126 130 133 135 138 140 142 144 144 144 144 143 143 141 139 138 134 131 128 126 123 120 117 115 
59855 6292.024068000 112 112 110 110 111 111 113 113 116 117 120 124 126 129 132 136 137 140 142 143 144 145 144 144 143 
59856 6292.037955500 141 139 138 134 132 129 125 122 120 117 115 114 111 111 111 110 111 112 113 116 117 120 123 127 129 
59857 6292.051843000 133 135 138 141 142 143 145 144 145 143 143 141 140 136 134 131 129 126 122 120 117 115 113 112 111 
59858 6292.065730500 111 110 111 113 113 115 118 121 123 127 129 132 135 138 140 143 143 144 145 145 143 144 141 140 136 
59859 6292.079618000 135 131 129 125 123 120 117 115 112 111 111 109 110 110 112 113 115 118 121 123 127 129 133 135 138 
59860 6292.093505500 140 142 144 145 145 145 144 143 142 140 136 135 132 128 126 122 119 118 114 113 112 111 110 110 110 
59861 6292.107393000 112 113 116 117 121 123 127 129 132 135 137 140 143 144 144 145 145 144 143 141 140 137 135 131 129 
59862 6292.121280500 125 123 120 117 115 113 112 110 111 109 111 112 113 116 118 120 124 126 129 133 135 138 140 142 143 
59863 6292.135168000 144 145 144 144 143 142 139 137 134 131 129 126 122 120 117 114 113 111 110 110 110 111 111 114 115 
59864 6292.149055500 118 120 123 127 129 132 135 137 141 142 143 145 145 145 144 143 142 139 137 134 132 128 125 123 120 
59865 6292.162943000 117 115 112 112 110 110 110 110 112 114 115 118 120 123 126 130 132 135 138 140 142 144 144 145 144 
59866 6292.176830500 144 143 142 139 138 134 132 129 126 122 119 118 116 113 110 110 111 110 111 111 114 115 118 121 123 
59867 6292.190718000 127 129 132 135 138 140 143 143 145 145 145 144 144 141 140 137 135 131 129 126 122 120 117 115 112 
59868 6292.204605500 111 110 110 110 110 112 113 116 117 120 123 127 129 133 136 137 140 142 143 145 145 146 144 144 141 
59869 6292.218493000 139 138 134 131 129 125 122 121 117 115 112 112 110 110 110 110 112 114 116 117 120 123 126 129 132 
59870 6292.232380500 136 138 140 143 143 145 144 145 145 143 142 139 138 134 132 128 125 123 120 117 115 113 111 111 110 
59871 6292.246268000 110 111 112 113 116 117 121 124 126 129 132 135 137 140 143 144 144 145 145 144 144 141 140 137 134 
59872 6292.260155500 131 127 125 122 119 118 114 113 111 110 111 110 110 111 114 115 117 121 123 127 129 133 135 137 140 
59873 6292.274043000 142 144 145 145 145 144 143 142 140 138 134 132 129 125 122 120 117 115 113 111 110 111 109 110 112 
59874 6292.287930500 112 116 117 120 124 126 129 132 135 138 141 142 144 144 145 145 145 143 142 139 137 135 132 128 126 
59875 6292.301818000 123 119 117 114 113 111 110 111 110 109 111 113 115 117 120 124 126 129 133 135 138 141 142 144 144 
59876 6292.315705500 145 145 145 143 143 139 137 134 132 128 126 123 119 117 114 113 112 110 111 111 110 112 112 116 118 
59877 6292.329593000 120 122 128 129 132 136 137 140 142 144 145 144 146 145 144 142 139 138 134 132 129 125 123 119 117 
59878 6292.343480500 115 112 112 110 111 110 110 112 112 115 118 120 123 127 129 132 135 138 141 142 144 144 143 145 145 
59879 6292.357368000 143 142 139 137 135 131 129 126 123 119 118 115 112 111 111 110 110 110 111 113 115 118 120 123 127 
59880 6292.371255500 129 133 135 138 141 142 143 144 145 145 145 143 143 140 137 136 131 129 127 122 120 117 114 112 110 
59881 6292.385143000 110 110 108 110 111 111 115 117 120 123 126 129 132 136 138 141 143 144 146 145 145 146 144 143 140 
59882 6292.399030500 137 136 132 129 125 122 120 117 114 112 110 109 111 109 108 112 112 115 116 119 122 126 129 132 135 
59883 6292.412918000 139 141 144 144 145 145 145 145 144 142 140 138 135 132 128 126 123 120 116 114 113 110 111 110 109 
59884 6292.426805500 109 111 112 114 117 120 123 126 130 132 135 139 140 143 144 145 146 146 145 144 143 140 138 135 131 
59885 6292.440693000 128 126 122 119 116 114 113 110 110 111 109 108 111 112 114 117 119 123 126 129 132 135 139 141 143 
59886 6292.454580500 145 145 145 146 145 144 142 140 138 135 132 129 125 123 120 116 115 112 110 110 110 110 109 110 113 
59887 6292.468468000 114 118 119 123 127 129 133 136 138 141 142 145 145 145 145 145 145 142 140 138 135 132 129 126 122 
59888 6292.482355500 120 116 115 111 112 110 110 109 109 111 113 114 117 120 123 127 129 133 135 139 140 143 144 145 145 
59889 6292.496243000 147 146 144 142 140 138 135 132 128 125 123 118 117 114 112 111 109 110 109 108 111 112 114 117 119 
59890 6292.510130500 123 127 129 132 136 138 141 143 144 146 145 146 146 144 142 140 138 136 133 128 126 122 120 116 115 
59891 6292.524018000 112 110 110 109 109 109 110 112 115 117 120 122 127 129 132 136 138 141 142 144 146 144 146 145 144 
59892 6292.537905500 142 141 137 136 133 128 126 122 120 117 113 112 110 109 110 109 109 111 112 115 117 119 123 127 129 
59893 6292.551793000 133 135 138 141 143 145 145 145 146 145 144 143 140 138 136 131 127 126 123 119 117 114 112 110 109 
59894 6292.565680500 110 109 108 111 112 114 117 119 123 127 129 133 135 138 141 143 145 145 145 147 146 144 142 140 139 
59895 6292.579568000 135 132 128 126 123 119 116 115 112 111 109 110 109 109 111 112 115 116 119 123 126 129 132 135 139 
59896 6292.593455500 140 142 145 146 145 147 147 144 144 141 139 135 132 129 125 122 120 115 114 111 109 109 108 109 107 
59897 6292.607343000 110 111 113 116 120 122 126 130 132 136 139 141 144 145 146 146 147 147 145 144 141 139 135 133 128 
59898 6292.621230500 126 123 118 116 114 110 110 108 108 109 107 110 112 113 117 120 122 127 129 132 136 138 142 143 146 
59899 6292.635118000 146 146 147 147 145 143 142 138 136 133 129 125 123 118 116 114 111 110 108 108 108 107 110 111 113 
59900 6292.649005500 117 119 122 126 129 133 136 138 142 144 144 146 147 147 147 145 143 141 139 135 133 128 125 123 119 
59901 6292.662893000 115 114 111 109 109 108 108 108 109 112 114 116 119 122 125 129 133 135 139 141 144 145 146 146 146 
59902 6292.676780500 147 145 144 141 138 136 132 128 126 121 120 116 114 111 109 109 108 108 108 110 112 114 116 120 122 
59903 6292.690668000 126 129 132 136 139 141 144 146 147 147 148 147 145 144 141 139 136 132 129 125 122 118 116 113 111 
59904 6292.704555500 109 107 108 107 107 110 110 113 117 119 122 126 129 133 136 139 142 144 146 147 147 148 147 145 145 
59905 6292.718443000 141 139 136 133 129 125 123 118 116 114 110 109 109 107 108 107 109 111 113 116 119 121 125 129 132 
59906 6292.732330500 136 139 142 145 145 146 146 148 147 145 144 141 139 136 133 129 125 122 119 115 113 110 109 108 108 
59907 6292.746218000 108 108 109 111 113 116 118 123 127 129 133 136 139 142 145 145 148 147 147 147 145 144 142 140 135 
59908 6292.760105500 133 128 126 122 118 116 113 110 110 108 108 106 108 110 110 113 116 119 123 126 129 133 136 139 142 
59909 6292.773993000 144 146 147 147 148 147 145 143 142 139 136 133 129 125 123 118 116 114 110 110 109 108 107 107 109 
59910 6292.787880500 111 113 116 118 123 126 129 133 137 139 142 144 146 146 147 147 146 146 144 142 139 135 133 129 125 
59911 6292.801768000 123 119 115 114 111 109 109 108 107 108 109 111 112 116 119 121 125 129 132 136 139 142 144 145 147 
59912 6292.815655500 147 148 147 145 144 142 139 136 133 129 126 122 119 117 113 111 110 107 108 107 108 110 110 113 116 
59913 6292.829543000 119 122 126 129 133 136 139 141 144 146 147 147 148 147 145 145 141 139 137 133 128 126 122 118 115 
59914 6292.843430500 113 110 108 107 107 106 108 110 110 113 116 118 121 126 130 132 137 139 142 145 147 148 147 148 148 
59915 6292.857318000 146 145 142 139 136 133 129 126 123 119 116 113 109 108 107 108 107 107 110 110 112 116 118 122 125 
59916 6292.871205500 129 133 136 140 142 145 147 147 148 148 147 147 144 142 140 136 133 129 126 122 118 116 112 110 108 
59917 6292.885093000 108 107 106 108 108 110 112 115 119 123 125 130 132 136 140 142 145 147 147 149 148 148 146 144 142 
59918 6292.898980500 140 136 133 129 126 122 119 115 113 109 109 107 107 107 107 109 110 112 115 119 122 126 129 133 137 
59919 6292.912868000 139 143 145 147 147 148 148 148 145 145 143 139 137 132 130 126 122 119 115 113 109 109 108 107 107 
59920 6292.926755500 107 108 111 113 115 119 122 125 129 133 136 139 142 144 146 148 149 148 148 146 145 143 139 136 133 
59921 6292.940643000 130 125 122 119 116 113 110 108 107 107 106 107 108 110 112 115 119 121 126 128 133 136 139 143 145 
59922 6292.954530500 146 148 147 148 148 147 144 143 139 136 133 129 126 123 118 116 113 110 109 108 107 107 107 109 110 
59923 6292.968418000 112 116 118 122 125 129 133 137 139 142 144 146 147 146 148 147 146 144 142 139 136 133 129 126 122 
59924 6292.982305500 119 116 113 111 108 108 108 107 108 109 111 113 116 118 122 126 129 133 135 139 142 144 146 147 148 
59925 6292.996193000 147 146 145 144 141 139 136 132 128 126 122 119 117 113 110 109 109 107 108 108 109 111 113 115 119 
59926 6293.010080500 122 125 129 132 136 139 141 144 147 147 147 148 147 145 145 142 139 137 132 129 126 122 120 116 113 
59927 6293.023968000 111 109 109 107 109 107 110 112 113 115 119 121 126 129 132 136 138 142 144 146 147 147 147 147 145 
59928 6293.037855500 144 142 139 137 132 129 126 122 119 116 113 111 108 108 109 108 108 109 111 113 116 118 122 126 130 
59929 6293.051743000 132 136 139 141 144 146 147 148 147 147 145 144 143 139 136 132 129 126 122 120 116 114 111 109 108 
59930 6293.065630500 108 108 108 109 111 113 115 118 123 125 130 132 136 139 141 144 146 147 147 148 147 146 144 142 139 
59931 6293.079518000 136 134 129 127 122 119 116 113 111 109 107 108 107 108 110 110 112 116 119 122 125 129 132 136 139 
59932 6293.093405500 141 145 145 147 147 148 147 146 144 142 139 136 134 129 125 123 120 115 114 111 109 108 108 108 107 
59933 6293.107293000 109 111 113 116 118 122 126 129 132 136 139 141 144 145 147 147 147 147 145 144 142 138 136 133 129 
59934 6293.121180500 126 122 119 116 113 111 109 107 107 107 107 109 110 113 116 118 122 126 129 133 137 139 142 145 146 
59935 6293.135068000 148 148 149 148 146 145 143 139 137 134 129 126 122 118 116 113 111 108 107 107 107 107 108 110 113 
59936 6293.148955500 115 118 121 126 128 133 136 139 142 144 146 148 148 148 148 146 145 143 139 137 133 130 126 122 119 
59937 6293.162843000 115 113 110 109 107 107 107 106 109 109 113 115 118 121 125 129 132 137 139 142 144 147 147 148 148 
59938 6293.176730500 147 146 145 142 139 137 132 130 125 122 120 115 113 110 108 108 107 106 107 109 109 113 115 119 122 
59939 6293.190618000 125 130 132 136 140 142 145 148 147 148 149 148 147 145 143 139 136 133 130 125 123 118 115 114 110 
59940 6293.204505500 108 107 106 107 107 108 110 113 115 118 122 126 128 132 136 139 142 145 147 148 149 149 148 147 145 
59941 6293.218393000 143 141 136 134 129 125 122 119 114 113 109 109 106 106 105 107 107 110 112 115 119 122 124 129 132 
59942 6293.232280500 136 140 142 145 147 148 149 149 148 147 145 143 141 136 133 130 126 123 118 115 113 109 108 106 107 
59943 6293.246168000 106 106 108 109 111 115 119 121 125 128 133 136 140 143 145 147 148 149 149 149 147 145 144 140 137 
59944 6293.260055500 134 129 126 122 118 115 113 111 108 105 106 106 106 107 110 112 114 119 121 125 130 132 136 140 142 
59945 6293.273943000 145 147 149 149 149 149 147 145 144 140 137 134 129 126 123 118 115 113 110 107 107 105 106 106 108 
59946 6293.287830500 109 111 115 118 121 125 129 132 136 140 142 145 147 148 149 150 148 147 146 143 140 138 134 129 127 
59947 6293.301718000 122 119 115 112 111 107 107 106 106 106 107 110 111 115 117 121 126 128 133 137 139 143 144 148 148 
59948 6293.315605500 149 148 149 147 145 143 141 137 133 130 126 123 118 116 113 109 108 107 106 106 106 108 109 112 114 
59949 6293.329493000 118 122 125 128 133 136 139 143 146 147 149 149 148 149 147 145 143 140 137 133 129 126 122 118 115 
59950 6293.343380500 112 110 109 106 105 106 107 107 110 112 115 117 122 124 129 132 136 140 142 145 147 148 149 149 148 
59951 6293.357268000 148 146 143 141 136 134 130 126 122 119 115 113 109 107 107 107 105 107 108 109 112 114 118 121 125 
59952 6293.371155500 129 133 137 139 142 145 147 149 148 148 148 147 145 144 140 136 134 130 126 123 119 116 112 110 107 
59953 6293.385043000 106 107 105 107 107 109 112 114 118 122 125 129 133 136 140 142 145 147 148 149 149 149 147 146 143 
59954 6293.398930500 140 137 133 130 125 123 118 115 112 110 108 106 106 106 106 107 110 112 115 118 121 125 129 133 136 
59955 6293.412818000 140 142 145 147 149 149 149 149 148 145 143 140 137 134 130 126 122 119 115 113 109 108 106 105 106 
59956 6293.426705500 106 107 110 112 114 118 121 125 129 133 136 139 142 146 147 149 149 149 149 147 145 143 140 138 133 
59957 6293.440593000 130 126 122 119 115 113 110 107 107 106 106 106 107 109 112 115 117 121 125 128 133 136 140 142 145 
59958 6293.454480500 147 148 149 149 148 148 146 143 140 138 133 130 126 122 119 116 112 110 107 107 105 106 105 107 110 
59959 6293.468368000 111 115 117 121 126 128 133 136 140 143 145 149 148 150 150 149 149 147 143 141 138 133 131 126 122 
59960 6293.482255500 118 115 112 109 108 106 105 106 105 105 109 111 114 117 122 124 129 133 136 141 142 146 148 150 150 
59961 6293.496143000 150 149 149 146 143 141 138 133 131 125 123 118 115 112 109 107 106 105 106 106 105 110 110 114 117 
59962 6293.510030500 121 125 129 133 136 140 143 145 147 149 149 149 149 148 146 144 141 138 134 130 126 122 119 115 112 
59963 6293.523918000 110 107 105 106 106 106 106 109 112 114 118 121 124 129 133 136 140 143 145 147 149 150 148 149 149 
59964 6293.537805500 146 144 140 137 134 129 127 122 118 115 111 110 107 106 104 106 107 105 109 111 113 118 121 125 129 
59965 6293.551693000 132 137 140 143 146 149 149 151 149 150 149 146 145 141 138 134 129 126 123 118 114 112 109 106 106 
59966 6293.565580500 104 106 104 106 109 110 114 117 120 125 128 133 136 140 143 146 148 149 151 149 149 150 146 144 142 
59967 6293.579468000 137 134 130 126 122 118 114 112 109 106 106 105 106 105 105 108 111 113 116 121 124 129 132 137 140 
59968 6293.593355500 143 146 148 150 150 149 150 149 146 144 141 137 134 131 126 122 119 114 111 109 108 105 105 106 105 
59969 6293.607243000 106 109 110 114 117 121 125 129 133 137 140 143 146 148 150 150 150 150 149 146 144 142 137 134 129 
59970 6293.621130500 126 122 118 115 111 108 107 105 104 106 105 106 108 110 114 117 120 126 128 133 137 140 144 146 147 
59971 6293.635018000 151 150 150 150 149 146 144 141 138 135 129 127 122 119 114 111 109 106 106 104 105 105 105 109 110 
59972 6293.648905500 114 117 120 125 128 133 137 139 144 146 148 149 151 149 149 149 146 144 141 138 135 130 127 122 119 
59973 6293.662793000 114 112 109 107 106 104 106 106 106 108 111 113 118 121 124 129 132 136 141 143 146 148 150 150 149 
59974 6293.676680500 149 149 146 144 141 137 134 131 126 122 119 115 111 109 107 105 104 106 105 106 108 111 113 117 121 
59975 6293.690568000 124 129 132 136 140 144 145 148 150 152 149 149 149 146 144 141 137 134 131 125 123 118 115 112 108 
59976 6293.704455500 108 105 105 105 105 105 108 111 113 117 121 124 129 132 136 141 143 147 148 149 150 150 150 149 146 
59977 6293.718343000 144 141 137 135 131 125 122 119 115 111 109 107 105 106 105 105 105 108 111 114 117 120 124 129 132 
59978 6293.732230500 136 140 143 146 148 149 150 150 150 149 146 144 141 138 134 130 126 122 119 114 112 109 107 106 105 
59979 6293.746118000 105 105 105 109 110 113 117 121 125 129 133 136 140 143 145 148 149 150 150 149 149 147 144 141 138 
59980 6293.760005500 134 131 125 122 119 115 111 110 107 106 104 106 105 106 109 111 113 116 120 125 128 132 136 140 143 
59981 6293.773893000 146 149 150 151 150 151 151 147 145 143 138 135 130 126 123 117 114 111 108 105 104 104 104 104 104 
59982 6293.787780500 107 110 113 116 120 124 129 133 137 140 145 146 150 150 152 150 151 151 147 145 142 138 134 131 126 
59983 6293.801668000 122 118 114 111 108 106 105 103 105 104 105 108 109 113 116 120 125 129 133 137 140 144 146 149 150 
59984 6293.815555500 152 150 150 150 147 145 142 138 134 131 126 122 118 114 111 107 107 104 104 105 103 105 107 110 112 
59985 6293.829443000 116 121 125 129 132 137 141 143 146 150 151 151 150 151 150 147 146 142 139 135 130 126 122 119 114 
59986 6293.843330500 112 108 105 104 104 103 104 105 107 109 114 116 120 125 128 133 136 140 145 147 149 150 151 151 151 
59987 6293.857218000 150 147 145 143 138 135 130 127 123 117 115 111 108 106 104 104 104 104 105 107 110 113 117 120 124 
59988 6293.871105500 128 133 136 141 144 147 149 151 151 151 150 150 147 146 142 139 134 130 127 122 118 113 111 109 105 
59989 6293.884993000 104 102 104 104 104 108 110 112 117 120 124 129 133 137 140 144 147 150 151 152 152 151 151 148 145 
59990 6293.898880500 142 138 135 131 126 122 118 114 112 108 105 104 103 104 103 105 107 109 113 116 120 125 129 132 136 
59991 6293.912768000 141 144 147 149 150 151 152 151 150 147 145 143 138 135 130 125 123 118 115 111 107 105 104 105 103 
59992 6293.926655500 104 104 107 110 113 117 120 125 129 132 138 140 144 147 150 151 151 151 151 149 148 145 142 139 134 
59993 6293.940543000 131 126 121 118 114 111 109 105 104 104 104 104 104 107 110 112 116 121 124 128 133 137 140 144 146 
59994 6293.954430500 149 150 152 151 152 151 147 145 143 138 135 130 127 122 118 115 111 108 106 104 103 104 103 105 107 
59995 6293.968318000 109 112 115 120 124 128 133 137 140 144 148 148 151 151 151 152 149 147 146 142 138 136 130 127 122 
59996 6293.982205500 118 114 111 108 106 104 103 103 104 104 107 110 112 116 121 124 128 133 137 140 144 146 149 150 152 
59997 6293.996093000 152 150 149 148 145 143 138 135 131 126 122 118 115 110 109 106 104 104 103 103 104 107 109 112 116 
59998 6294.009980500 120 124 129 132 137 140 144 147 149 151 152 152 152 150 148 146 142 139 134 131 127 122 118 114 111 
59999 6294.023868000 109 104 105 102 104 103 104 108 109 112 116 121 124 129 132 136 141 144 147 149 151 152 151 152 151 
60000 6294.037755500 148 146 142 138 135 132 126 121 119 113 111 108 106 104 103 104 103 105 107 109 112 116 120 124 128 
60001 6294.051643000 132 137 140 145 147 150 151 151 151 152 150 148 146 142 139 135 130 127 121 118 115 110 109 105 104 
60002 6294.065530500 103 103 104 106 106 110 112 116 119 124 129 132 137 140 144 147 150 151 152 152 151 150 147 146 142 
60003 6294.079418000 140 135 130 126 123 117 114 111 108 105 104 104 103 103 105 107 108 113 117 120 125 129 132 137 141 
60004 6294.093305500 144 147 149 151 152 151 151 150 148 146 143 139 135 131 126 123 118 114 110 109 106 104 104 102 104 
60005 6294.107193000 104 107 108 111 115 120 123 127 133 137 141 144 148 150 152 153 152 153 151 148 146 143 139 135 131 
60006 6294.121080500 126 123 117 114 110 107 105 103 102 102 103 103 107 108 112 115 120 124 128 133 137 141 145 147 150 
60007 6294.134968000 152 153 153 152 152 148 147 143 139 134 131 126 123 118 113 110 108 105 104 102 102 102 103 106 108 
60008 6294.148855500 111 115 120 123 129 134 137 141 145 147 150 151 152 153 152 151 150 146 143 139 136 131 126 123 117 
60009 6294.162743000 114 110 107 105 103 101 102 103 103 105 108 111 116 119 124 129 132 137 141 145 147 150 152 153 152 
60010 6294.176630500 152 150 149 147 142 139 136 132 126 122 118 113 111 108 104 103 102 102 103 104 106 109 111 115 119 
60011 6294.190518000 124 128 132 137 141 145 147 150 152 153 153 152 151 149 146 142 140 134 130 127 122 118 114 110 107 
60012 6294.204405500 105 103 103 102 103 103 107 108 112 116 119 125 128 134 137 142 144 148 150 152 153 152 153 151 149 
60013 6294.218293000 146 143 139 135 131 126 122 118 114 111 107 105 104 101 103 102 104 106 108 112 115 120 123 128 133 
60014 6294.232180500 137 141 144 148 150 152 153 153 152 152 148 147 143 139 135 131 126 123 117 114 110 107 104 103 102 
60015 6294.246068000 102 103 103 105 109 111 115 120 123 128 133 137 141 144 147 150 152 153 153 152 151 149 146 143 140 
60016 6294.259955500 135 131 126 122 118 113 109 108 105 102 103 102 103 104 106 108 112 115 120 125 128 133 137 141 144 
60017 6294.273843000 147 150 152 153 152 152 151 149 147 143 139 136 131 126 123 118 114 110 107 105 103 102 103 102 103 
60018 6294.287730500 106 108 112 116 119 125 128 133 137 140 145 148 150 152 153 152 152 152 148 147 143 140 135 131 126 
60019 6294.301618000 122 118 113 111 108 104 104 101 103 102 104 105 108 112 115 120 123 128 133 136 140 145 147 150 151 
60020 6294.315505500 153 153 152 151 149 147 143 139 136 131 127 122 118 114 110 108 105 102 102 102 102 102 106 108 111 
60021 6294.329393000 116 119 123 128 133 137 142 145 148 152 152 153 153 153 151 151 147 143 140 136 131 126 122 118 113 
60022 6294.343280500 110 107 104 102 101 101 102 103 106 107 111 115 119 124 128 132 138 141 145 148 150 153 153 154 153 
60023 6294.357168000 152 149 147 144 140 136 130 126 123 117 113 110 106 104 101 101 102 102 103 105 107 111 115 118 124 
60024 6294.371055500 128 132 137 141 144 148 151 153 154 154 153 152 149 147 144 140 136 132 126 122 118 113 110 107 104 
60025 6294.384943000 102 102 102 101 104 105 107 111 115 119 123 128 133 137 141 145 148 151 152 153 154 153 152 150 148 
60026 6294.398830500 144 140 135 131 128 121 118 114 109 107 104 102 100 101 103 102 106 107 112 114 119 124 128 133 137 
60027 6294.412718000 141 145 148 151 152 153 153 154 152 149 147 144 139 135 131 126 122 117 114 110 107 103 103 100 102 
60028 6294.426605500 101 103 105 107 111 115 119 123 128 132 137 141 145 148 151 152 154 154 152 153 150 147 144 140 136 
60029 6294.440493000 132 126 122 118 113 111 107 104 102 101 101 102 102 105 108 111 114 120 123 128 133 137 142 145 148 
60030 6294.454380500 151 154 153 154 154 153 151 148 144 140 135 132 126 122 117 113 109 107 103 102 100 100 103 102 104 
60031 6294.468268000 108 110 115 119 123 129 133 137 142 145 149 151 153 155 154 154 153 151 147 144 140 136 132 126 123 
60032 6294.482155500 117 113 110 106 103 101 101 100 102 101 104 107 111 114 118 123 129 132 138 142 145 149 151 153 154 
60033 6294.496043000 155 153 153 150 147 145 141 136 131 127 122 117 114 109 106 104 102 101 099 101 102 105 107 111 114 
60034 6294.509930500 119 123 128 133 138 141 146 149 151 154 154 154 154 153 151 148 144 140 135 131 127 122 117 114 108 
60035 6294.523818000 106 103 102 101 100 101 103 104 107 111 114 118 123 128 133 138 141 145 149 151 153 154 154 154 152 
60036 6294.537705500 150 148 144 140 136 131 127 122 117 114 109 106 104 101 101 101 100 102 104 107 110 115 119 123 128 
60037 6294.551593000 133 137 141 145 149 151 153 154 154 153 152 151 148 144 140 136 132 127 122 117 114 110 106 103 102 
60038 6294.565480500 101 100 102 101 104 106 110 115 119 123 128 133 137 142 145 148 152 154 154 155 154 153 151 148 145 
60039 6294.579368000 140 136 131 126 122 117 114 109 105 104 101 101 100 102 102 104 108 110 115 119 123 128 132 137 142 
60040 6294.593255500 145 149 151 153 155 155 154 153 151 148 144 141 136 131 128 122 117 113 108 106 103 100 100 099 101 
60041 6294.607143000 101 103 107 109 114 119 123 128 132 139 142 147 150 152 155 155 156 154 154 152 148 146 140 136 131 
60042 6294.621030500 127 122 116 113 108 105 103 101 099 100 099 101 103 106 109 114 118 123 128 133 138 142 147 149 153 
60043 6294.634918000 155 155 156 155 154 152 149 145 141 137 131 127 121 117 112 109 106 102 100 099 099 101 100 103 107 
60044 6294.648805500 109 114 119 122 128 134 137 142 146 149 153 154 156 155 155 155 152 149 145 141 137 132 127 122 117 
60045 6294.662693000 113 108 105 103 099 100 100 101 101 103 106 110 113 118 123 128 132 138 143 146 150 153 154 156 156 
60046 6294.676580500 154 153 153 149 145 141 136 131 127 122 117 113 108 106 102 100 100 098 100 102 102 106 109 113 119 
60047 6294.690468000 123 128 133 138 143 146 150 153 155 156 156 155 155 153 150 145 141 136 132 127 122 116 112 108 104 
60048 6294.704355500 102 100 098 099 099 100 102 105 109 113 119 122 129 133 137 143 147 150 153 155 156 157 155 154 153 
60049 6294.718243000 149 146 141 137 132 127 122 117 112 108 104 102 100 098 098 100 100 102 105 109 114 118 123 128 133 
60050 6294.732130500 139 143 147 150 152 155 156 156 156 154 153 149 146 141 137 132 127 121 117 111 109 104 103 099 099 
60051 6294.746018000 099 099 100 102 106 108 113 118 122 128 133 138 143 146 150 153 155 156 157 155 154 153 149 146 142 
60052 6294.759905500 137 132 127 123 116 113 108 104 103 100 098 098 100 100 102 105 109 113 117 123 127 133 139 142 147 
60053 6294.773793000 150 153 155 156 156 155 155 153 150 146 142 137 132 127 122 117 113 108 105 103 100 099 098 100 100 
60054 6294.787680500 102 106 108 114 118 123 128 133 138 142 147 150 153 155 157 157 155 155 153 149 147 141 137 132 127 
60055 6294.801568000 122 116 113 108 105 102 100 099 098 099 101 101 105 109 113 118 123 128 133 138 143 147 150 153 155 
60056 6294.815455500 157 157 155 155 153 149 146 142 137 133 127 122 118 112 108 105 101 100 098 099 100 100 102 105 109 
60057 6294.829343000 113 117 123 127 132 138 143 147 150 153 156 156 156 156 154 154 150 146 142 138 132 127 122 117 113 
60058 6294.843230500 108 105 102 099 099 099 099 100 102 106 108 113 117 122 128 132 138 143 147 150 153 156 156 158 155 
60059 6294.857118000 155 154 150 146 142 137 131 128 121 116 113 108 105 101 100 098 097 099 100 100 104 109 112 118 123 
60060 6294.871005500 127 134 138 143 147 150 153 156 157 158 156 155 155 150 146 143 136 132 128 121 117 112 108 104 101 
60061 6294.884893000 100 098 097 099 099 101 105 108 113 117 122 128 133 138 142 146 151 153 155 157 158 156 155 154 149 
60062 6294.898780500 147 142 137 133 127 122 117 112 108 105 101 100 098 097 099 101 100 106 108 113 118 123 127 133 138 
60063 6294.912668000 142 147 150 153 156 157 157 156 156 153 149 147 142 137 133 126 122 118 111 108 105 102 100 097 099 
60064 6294.926555500 098 100 101 105 109 112 117 123 127 133 138 142 147 151 153 155 157 157 156 156 153 150 146 142 137 
60065 6294.940443000 132 128 121 117 113 108 104 102 099 099 097 099 099 100 104 108 111 117 122 127 132 139 142 147 152 
60066 6294.954330500 154 157 158 158 157 156 153 151 147 142 138 132 127 122 116 112 108 103 101 098 097 098 098 099 102 
60067 6294.968218000 104 108 112 117 123 128 133 138 144 147 151 154 156 158 159 157 157 154 150 148 143 138 133 127 122 
60068 6294.982105500 116 112 107 103 101 098 097 097 097 099 101 104 108 112 116 122 127 133 138 143 147 151 154 156 158 
60069 6294.995993000 158 157 156 154 150 147 143 138 133 128 122 116 112 107 103 102 098 096 097 097 099 101 104 108 112 
60070 6295.009880500 117 122 127 133 139 143 148 151 154 157 158 157 158 156 153 151 147 143 138 132 127 121 117 112 107 
60071 6295.023768000 104 100 099 096 098 097 099 102 104 107 112 116 122 128 132 138 143 147 151 154 157 157 158 157 157 
60072 6295.037655500 155 150 148 142 138 132 126 122 117 111 107 104 100 098 098 096 097 099 100 104 108 112 117 122 127 
60073 6295.051543000 133 138 143 147 151 154 157 158 158 157 156 155 151 147 142 137 133 127 122 118 112 108 103 101 098 
60074 6295.065430500 098 096 098 100 100 105 108 112 117 123 127 133 138 142 148 151 155 156 157 159 157 157 154 150 147 
60075 6295.079318000 143 138 132 128 123 116 111 108 103 101 098 097 098 098 099 101 104 107 112 117 123 128 133 139 142 
60076 6295.093205500 148 151 155 156 158 158 157 156 155 151 147 143 137 134 127 121 117 111 107 103 099 099 096 097 096 
60077 6295.107093000 098 101 104 107 112 116 122 127 133 138 143 148 152 154 157 159 159 158 158 154 151 147 142 139 132 
60078 6295.120980500 127 122 117 112 107 103 101 098 097 096 096 099 101 104 108 111 117 122 127 133 138 144 147 152 154 
60079 6295.134868000 157 159 158 158 157 154 151 148 143 139 132 127 122 116 112 107 103 101 097 097 097 097 099 100 104 
60080 6295.148755500 107 111 117 122 127 133 139 142 148 152 154 158 158 159 158 157 154 151 148 143 138 133 127 122 116 
60081 6295.162643000 112 107 103 101 097 098 096 096 099 100 104 107 111 118 122 127 133 138 143 148 151 155 157 158 159 
60082 6295.176530500 158 157 154 151 148 143 137 133 129 122 116 112 108 103 101 097 097 096 097 098 100 103 107 112 116 
60083 6295.190418000 121 128 132 138 143 147 152 155 157 159 159 159 157 154 152 148 143 139 133 127 122 116 111 106 103 
60084 6295.204305500 100 097 096 097 096 097 100 104 106 112 116 121 127 134 138 143 148 151 155 158 159 159 158 157 155 
60085 6295.218193000 151 148 143 138 134 128 122 116 112 107 103 100 097 096 096 096 097 100 103 107 112 116 122 127 134 
60086 6295.232080500 138 143 149 151 155 158 159 160 159 157 155 151 148 144 138 133 126 122 116 111 107 102 100 098 095 
60087 6295.245968000 095 097 097 099 104 106 111 116 123 127 133 138 143 148 151 155 158 159 160 159 157 156 152 148 144 
60088 6295.259855500 138 132 128 122 117 112 106 103 101 097 096 096 096 098 100 103 107 112 116 122 128 133 138 144 148 
60089 6295.273743000 151 155 158 159 160 159 157 154 152 148 143 138 134 127 121 117 111 107 103 099 098 096 095 097 097 
60090 6295.287630500 100 104 106 112 116 122 128 132 139 143 148 152 155 158 159 159 158 158 155 151 149 144 138 133 128 
60091 6295.301518000 121 117 111 106 103 100 098 096 095 096 098 099 104 106 112 117 121 128 133 138 144 148 152 155 157 
60092 6295.315405500 159 159 160 157 155 152 148 143 138 134 127 122 116 112 107 102 100 098 095 096 097 098 099 104 106 
60093 6295.329293000 111 116 121 128 133 137 143 148 151 155 158 159 160 158 157 155 151 148 144 138 134 127 122 117 111 
60094 6295.343180500 108 103 100 098 096 095 096 098 099 103 107 111 116 122 127 134 138 144 147 152 155 158 159 159 159 
60095 6295.357068000 158 155 152 148 143 139 132 127 123 116 112 107 103 101 098 096 096 096 098 100 103 107 111 117 121 
60096 6295.370955500 127 133 138 143 148 151 155 157 159 160 158 157 155 151 148 143 138 133 127 122 116 111 107 102 101 
60097 6295.384843000 097 097 096 096 098 100 103 107 111 116 122 127 132 138 143 148 152 154 157 159 160 158 158 155 152 
60098 6295.398730500 148 144 138 133 127 121 117 112 107 103 100 098 095 096 096 097 100 103 107 111 117 121 127 134 138 
60099 6295.412618000 143 148 151 155 158 158 160 159 157 155 152 148 144 139 133 128 123 116 111 107 103 100 097 096 096 
60100 6295.426505500 096 098 100 104 106 111 117 121 127 133 138 143 148 151 155 158 158 160 158 157 155 152 148 143 138 
60101 6295.440393000 134 127 122 116 111 107 102 100 096 095 096 094 097 098 102 107 111 116 122 127 133 139 143 149 153 
60102 6295.454280500 156 159 160 160 160 159 156 153 150 144 139 134 127 123 116 111 107 102 099 097 094 094 095 096 099 
60103 6295.468168000 102 105 111 115 121 128 133 138 145 148 153 156 159 160 161 159 159 156 153 149 144 140 133 128 121 
60104 6295.482055500 117 111 106 102 100 096 094 094 096 096 099 103 106 110 115 121 128 133 138 144 148 153 156 159 160 
60105 6295.495943000 160 160 158 156 153 149 145 139 133 128 121 116 111 106 103 100 096 095 095 095 097 098 102 105 111 
60106 6295.509830500 116 121 127 132 139 143 148 153 156 158 160 161 160 159 157 153 149 144 139 134 127 122 116 111 106 
60107 6295.523718000 103 099 097 094 094 095 097 098 101 106 110 115 122 126 133 138 144 149 152 156 159 160 160 161 159 
60108 6295.537605500 157 153 149 145 139 134 127 122 116 111 107 101 100 096 093 095 095 096 099 102 105 110 115 121 127 
60109 6295.551493000 132 139 143 149 152 156 159 160 161 160 159 157 153 150 144 139 135 127 122 117 110 106 101 100 096 
60110 6295.565380500 095 095 094 097 097 101 106 110 116 120 126 132 139 144 148 153 156 159 160 160 160 159 156 154 149 
60111 6295.579268000 144 139 135 127 122 117 111 106 102 099 096 095 094 094 097 099 101 105 111 115 121 127 132 138 144 
60112 6295.593155500 148 153 156 158 160 161 160 159 157 153 149 145 139 133 127 122 116 111 107 102 099 096 093 094 095 
60113 6295.607043000 096 099 101 105 110 115 122 126 133 138 144 148 152 157 158 160 161 160 159 156 154 149 145 139 132 
60114 6295.620930500 129 122 117 112 106 103 099 097 094 094 095 097 099 100 106 110 115 122 126 132 139 144 149 153 157 
60115 6295.634818000 159 160 161 160 159 156 154 149 145 139 133 128 121 117 111 105 103 098 096 095 095 094 097 098 101 
60116 6295.648705500 106 109 116 120 127 133 138 143 149 153 156 159 161 161 160 158 157 154 149 145 139 134 128 121 117 
60117 6295.662593000 112 106 102 099 096 094 095 095 097 098 101 105 110 115 121 127 133 138 144 148 152 156 158 160 161 
60118 6295.676480500 160 158 156 154 149 145 140 134 127 122 117 111 106 102 098 095 094 094 093 096 098 099 106 109 115 
60119 6295.690368000 121 127 133 138 144 149 153 158 159 161 162 161 160 158 155 150 145 140 134 127 123 116 110 105 102 
60120 6295.704255500 097 096 093 093 094 096 098 099 105 110 114 121 126 133 138 145 148 153 157 159 161 162 161 160 158 
60121 6295.718143000 155 150 145 140 133 128 123 116 111 106 101 099 096 094 093 093 096 097 100 105 109 115 121 126 133 
60122 6295.732030500 139 144 150 153 157 160 161 162 161 159 158 155 150 146 139 134 128 121 116 110 106 101 099 096 093 
60123 6295.745918000 093 093 096 098 099 105 110 115 120 127 133 139 144 149 153 157 160 161 162 161 159 158 155 150 145 
60124 6295.759805500 139 135 128 122 116 111 105 102 099 095 095 092 093 097 097 100 105 109 115 121 126 133 138 144 149 
60125 6295.773693000 153 158 159 161 162 161 160 158 156 151 145 140 134 127 121 116 111 105 101 098 095 094 092 093 095 
60126 6295.787580500 097 100 104 110 114 120 127 133 138 145 149 154 158 160 162 163 162 160 157 156 150 146 141 134 128 
60127 6295.801468000 123 115 111 104 101 097 095 092 093 093 094 097 099 105 109 114 121 127 133 139 144 150 154 157 161 
60128 6295.815355500 162 162 163 160 158 155 151 146 140 135 127 123 116 110 106 100 097 095 092 092 093 095 097 100 104 
60129 6295.829243000 109 115 120 126 133 139 144 150 153 158 160 163 163 162 160 158 156 151 145 140 135 128 123 115 110 
60130 6295.843130500 106 101 097 095 092 093 094 095 097 099 104 109 115 120 126 132 140 144 149 153 158 160 162 163 161 
60131 6295.857018000 160 158 156 150 146 141 134 128 121 116 110 106 101 097 095 092 092 093 094 097 100 104 108 114 120 
60132 6295.870905500 126 133 139 144 150 153 157 161 162 162 162 159 159 156 150 146 140 134 129 121 115 110 105 101 098 
60133 6295.884793000 095 093 092 093 094 096 099 104 109 114 120 127 132 140 144 149 154 157 160 163 163 163 160 158 156 
60134 6295.898680500 151 147 140 135 127 122 116 110 105 102 097 095 093 092 094 095 096 099 104 109 114 121 126 132 140 
60135 6295.912568000 145 149 154 158 161 162 162 163 159 158 156 151 146 140 134 128 122 116 110 106 100 097 095 093 091 
60136 6295.926455500 093 094 097 099 104 109 115 120 127 132 138 145 150 154 158 161 163 163 163 161 159 156 151 147 140 
60137 6295.940343000 134 129 121 116 109 105 100 096 094 092 092 092 093 095 099 103 108 115 120 126 133 138 144 151 154 
60138 6295.954230500 158 162 163 163 163 161 160 156 151 146 141 135 128 122 116 110 105 101 097 095 092 091 093 093 096 
60139 6295.968118000 099 103 109 114 120 127 132 139 145 150 154 158 160 163 164 163 160 159 156 151 146 141 134 129 121 
60140 6295.982005500 116 110 105 101 096 095 092 091 092 094 096 100 104 108 114 120 126 133 139 144 150 154 158 160 163 
60141 6295.995893000 164 163 161 159 156 151 147 141 134 128 123 116 110 106 100 096 095 093 091 092 094 096 099 103 109 
60142 6296.009780500 113 120 126 132 138 145 150 154 158 161 163 163 163 160 159 156 151 147 141 134 128 122 115 110 106 
60143 6296.023668000 099 097 093 092 091 091 093 095 098 104 108 114 120 127 133 139 146 150 155 159 162 164 165 164 162 
60144 6296.037555500 160 157 151 147 141 135 129 122 115 110 104 100 096 092 091 091 090 093 095 097 104 107 114 119 126 
60145 6296.051443000 132 139 145 150 155 158 162 164 165 164 162 160 157 151 147 141 134 129 122 115 110 105 099 097 093 
60146 6296.065330500 092 091 091 092 095 099 103 108 113 120 126 132 139 145 150 154 159 162 164 165 163 163 159 157 151 
60147 6296.079218000 147 141 135 128 122 116 110 104 100 096 093 091 091 091 092 095 098 102 107 114 120 126 133 138 146 
60148 6296.093105500 150 155 160 161 164 164 164 163 161 157 152 148 141 135 129 121 116 110 104 100 095 094 090 091 091 
60149 6296.106993000 092 095 098 103 108 113 120 126 133 140 144 150 155 159 161 164 164 164 162 160 157 151 147 142 135 
60150 6296.120880500 128 123 115 111 104 100 096 093 090 091 092 092 094 099 103 107 113 120 125 133 139 145 150 155 159 
60151 6296.134768000 162 164 164 164 163 160 157 152 147 141 135 129 122 116 110 105 100 096 093 091 090 092 092 095 098 
60152 6296.148655500 103 108 113 120 126 133 139 145 150 155 158 162 164 165 164 162 160 157 151 148 141 135 129 122 116 
60153 6296.162543000 110 104 100 096 093 091 091 091 092 095 098 102 108 113 119 126 132 139 144 150 155 159 162 163 164 
60154 6296.176430500 164 162 160 156 152 148 142 135 129 122 116 109 105 100 095 094 091 089 090 092 094 098 102 108 114 
60155 6296.190318000 119 126 132 139 145 150 155 160 162 165 165 165 163 160 157 153 147 142 135 128 123 115 110 104 099 
60156 6296.204205500 096 092 091 090 089 093 094 097 103 108 112 119 127 132 139 145 150 156 159 162 164 165 165 163 160 
60157 6296.218093000 158 152 147 142 135 129 123 115 110 105 099 096 094 091 090 091 092 095 098 102 107 113 120 126 132 
60158 6296.231980500 139 145 150 156 159 162 165 165 165 163 160 158 152 147 142 135 129 122 116 111 103 100 095 094 090 
60159 6296.245868000 091 091 091 095 098 103 107 114 119 126 132 139 146 150 155 159 162 165 165 165 163 160 157 152 147 
60160 6296.259755500 142 135 128 122 115 110 104 100 096 092 090 090 090 092 095 097 102 107 113 119 126 133 138 145 151 
60161 6296.273643000 156 160 163 166 166 165 164 162 158 152 148 141 135 129 121 116 108 104 099 094 092 089 089 089 091 
60162 6296.287530500 093 096 102 106 112 118 126 133 139 146 151 156 160 163 166 166 166 164 161 158 154 148 143 135 128 
60163 6296.301418000 122 115 108 104 098 094 091 090 089 089 091 094 096 102 106 112 120 126 132 140 146 151 156 160 163 
60164 6296.315305500 166 166 166 164 162 158 153 148 142 136 129 122 116 109 104 098 094 092 089 088 089 091 093 096 102 
60165 6296.329193000 106 113 120 125 133 139 145 152 156 160 164 165 167 166 164 162 158 153 148 142 136 128 122 115 109 
60166 6296.343080500 103 100 094 092 090 088 089 091 094 096 102 106 112 119 126 133 139 145 152 156 160 163 165 167 165 
60167 6296.356968000 164 161 158 154 148 142 136 128 122 115 109 104 098 095 092 089 089 089 091 094 096 102 106 112 120 
60168 6296.370855500 126 132 140 145 151 156 161 163 166 166 166 164 162 158 154 148 142 135 129 123 115 109 104 098 095 
60169 6296.384743000 092 089 089 089 092 092 097 101 107 112 119 125 133 139 146 151 156 160 163 165 166 166 163 162 158 
60170 6296.398630500 153 148 142 137 129 122 116 109 104 098 094 092 090 088 089 092 093 097 101 106 112 119 125 133 139 
60171 6296.412518000 145 151 156 160 163 165 167 166 164 162 159 153 148 143 136 129 122 116 109 104 099 094 092 089 089 
60172 6296.426405500 089 091 094 096 102 106 111 118 125 132 140 145 151 156 161 164 166 167 166 166 162 159 153 149 142 
60173 6296.440293000 136 129 122 116 109 103 099 094 091 089 088 088 091 092 096 101 105 112 118 125 133 139 146 151 157 
60174 6296.454180500 160 163 166 167 166 164 162 159 154 149 142 136 129 123 115 109 104 098 094 092 089 088 088 091 092 
60175 6296.468068000 096 100 106 112 118 126 133 139 146 151 156 161 164 166 168 167 165 163 159 153 149 142 136 129 122 
60176 6296.481955500 115 108 104 098 094 092 090 087 088 090 092 096 100 107 112 119 125 133 139 145 152 157 161 163 165 
60177 6296.495843000 167 166 165 162 160 154 148 143 136 129 122 116 109 103 099 094 092 089 087 089 091 092 096 100 106 
60178 6296.509730500 112 118 125 133 139 146 151 156 161 164 166 167 166 165 163 159 155 149 143 136 130 122 115 108 103 
60179 6296.523618000 098 094 090 088 088 087 090 091 095 100 105 112 118 126 133 139 146 152 157 162 164 167 167 168 166 
60180 6296.537505500 164 160 155 149 143 136 129 123 115 108 102 099 094 091 088 088 088 089 092 095 100 105 112 118 125 
60181 6296.551393000 132 139 146 152 156 161 164 167 168 167 166 163 160 156 149 143 136 130 123 115 109 103 098 094 090 
60182 6296.565280500 089 087 087 090 092 096 099 105 112 118 125 133 139 146 152 157 162 164 167 168 167 166 163 160 155 
60183 6296.579168000 149 143 136 130 122 116 110 102 098 094 089 089 086 088 089 092 095 099 105 112 118 125 132 139 146 
60184 6296.593055500 151 158 161 165 167 167 168 166 163 160 155 149 143 136 130 122 116 110 103 098 094 091 088 087 088 
60185 6296.606943000 088 093 095 098 105 111 118 126 132 139 146 151 157 162 164 167 169 167 166 162 159 156 150 143 136 
60186 6296.620830500 130 122 115 109 103 098 093 091 088 088 088 089 093 096 098 105 112 118 125 133 139 146 151 158 161 
60187 6296.634718000 164 167 168 168 166 162 160 155 149 144 137 129 123 115 108 103 098 093 090 088 086 087 089 093 095 
60188 6296.648605500 099 106 111 119 125 132 140 145 152 157 161 165 167 168 168 166 163 161 155 150 143 137 129 123 116 
60189 6296.662493000 109 103 098 093 090 089 086 088 089 092 096 099 105 112 118 125 133 139 146 152 157 162 165 167 169 
60190 6296.676380500 168 166 163 159 156 150 144 137 130 122 115 109 103 098 093 090 088 086 088 088 091 095 098 105 112 
60191 6296.690268000 118 126 132 139 147 151 157 162 165 167 168 168 166 163 160 156 149 144 137 130 122 115 108 102 098 
60192 6296.704155500 093 091 087 087 087 088 092 094 099 106 111 118 125 133 139 146 152 157 161 166 167 168 168 166 164 
60193 6296.718043000 160 156 150 143 137 130 123 116 108 103 098 093 090 087 087 087 088 092 094 099 105 110 118 125 131 
60194 6296.731930500 140 145 152 158 161 165 167 168 168 166 163 160 155 150 144 136 130 122 115 109 103 097 093 089 088 
60195 6296.745818000 087 087 089 092 094 099 105 110 118 124 132 140 145 152 157 162 166 167 168 168 166 163 160 156 150 
60196 6296.759705500 144 137 129 122 116 109 102 099 092 089 088 085 085 087 092 093 099 105 110 117 126 132 140 146 154 
60197 6296.773593000 158 163 167 168 169 170 168 164 161 157 150 144 138 129 122 115 108 102 097 091 090 086 086 085 087 
60198 6296.787480500 091 093 097 105 110 117 125 133 139 148 153 158 163 166 169 170 169 168 164 161 158 150 145 137 130 
60199 6296.801368000 123 115 108 102 096 092 090 086 086 085 088 090 094 098 104 110 117 125 131 140 147 153 158 162 166 
60200 6296.815255500 169 169 170 168 164 161 157 151 144 137 129 123 114 107 102 096 093 088 087 085 085 088 091 093 098 
60201 6296.829143000 104 110 117 125 132 140 147 152 158 163 166 169 169 169 168 164 161 157 151 144 137 131 122 115 107 
60202 6296.843030500 102 097 092 088 087 085 086 087 090 094 097 103 111 117 125 132 139 146 153 159 162 167 168 169 169 
60203 6296.856918000 167 164 161 157 151 144 138 130 122 116 109 102 098 092 089 087 085 085 087 090 093 098 104 110 118 
60204 6296.870805500 125 132 140 147 152 158 163 166 169 170 170 167 164 161 157 150 144 137 130 122 115 107 103 097 092 
60205 6296.884693000 090 087 085 086 088 090 094 098 104 111 117 124 132 140 146 152 158 163 166 169 169 170 168 165 162 
60206 6296.898580500 156 151 144 138 130 122 114 109 102 096 092 089 086 084 086 086 090 094 098 105 110 117 125 131 139 
60207 6296.912468000 146 153 157 163 166 168 170 169 168 164 162 156 150 145 137 130 123 115 108 103 096 092 089 088 085 
60208 6296.926355500 085 087 090 093 098 103 110 118 124 132 140 146 152 159 163 166 168 169 170 168 164 162 157 150 144 
60209 6296.940243000 137 130 122 116 108 102 097 092 089 087 085 086 086 091 093 098 105 110 117 125 133 139 147 153 158 
60210 6296.954130500 163 166 169 170 170 169 165 162 158 150 145 137 130 123 115 108 103 096 092 090 086 086 084 086 090 
60211 6296.968018000 093 098 104 111 117 125 132 140 146 153 158 162 166 169 171 170 168 166 162 157 151 144 138 130 123 
60212 6296.981905500 115 108 102 097 092 089 086 086 085 087 089 094 098 104 111 117 125 132 139 147 152 158 162 166 168 
60213 6296.995793000 170 169 168 166 161 156 151 145 137 130 123 115 109 102 096 092 089 086 086 085 086 089 093 098 104 
60214 6297.009680500 110 117 124 133 139 147 154 158 163 168 169 171 170 169 166 162 158 151 145 138 131 121 116 108 101 
60215 6297.023568000 097 090 088 084 084 084 085 089 093 096 102 110 116 124 132 139 146 153 159 163 168 170 171 171 170 
60216 6297.037455500 166 162 158 151 145 138 130 123 115 108 102 096 092 088 084 084 084 085 089 092 097 103 109 117 125 
60217 6297.051343000 131 140 147 153 160 164 168 170 171 172 169 167 163 158 151 145 138 131 123 115 108 102 096 091 088 
60218 6297.065230500 085 084 084 085 089 092 097 104 108 117 124 132 139 147 154 159 164 167 169 171 171 169 167 163 157 
60219 6297.079118000 152 145 138 130 123 115 109 101 096 092 087 085 084 084 085 089 092 097 104 109 116 125 132 139 147 
60220 6297.093005500 153 159 163 168 170 171 170 169 166 162 158 151 146 138 130 123 115 108 102 096 091 088 084 085 083 
60221 6297.106893000 085 088 091 097 103 109 116 124 132 139 147 153 159 164 168 170 171 172 170 167 163 158 152 145 138 
60222 6297.120780500 131 122 115 107 101 096 092 088 085 084 083 086 088 092 097 102 110 116 123 132 139 147 153 159 164 
60223 6297.134668000 168 170 172 171 169 167 163 159 151 146 139 130 123 115 109 101 096 092 087 085 083 084 085 089 093 
60224 6297.148555500 096 104 109 117 124 132 140 147 153 159 164 167 170 172 171 169 167 163 158 151 145 138 130 122 116 
60225 6297.162443000 107 102 096 090 088 086 083 083 085 088 091 097 103 109 117 124 132 140 147 153 159 164 167 170 172 
60226 6297.176330500 171 169 167 164 158 152 145 138 131 123 115 108 101 096 091 087 085 083 082 085 089 091 097 103 110 
60227 6297.190218000 116 124 132 139 147 153 159 164 167 170 172 171 170 167 163 159 152 145 139 131 123 116 107 102 096 
60228 6297.204105500 090 087 085 083 083 084 087 092 096 102 108 117 124 131 140 147 153 159 165 168 171 172 172 171 168 
60229 6297.217993000 164 159 152 146 138 130 123 116 108 101 096 090 087 085 082 084 084 087 092 096 102 109 116 124 131 
60230 6297.231880500 140 147 154 159 165 168 170 172 172 171 168 163 159 152 146 138 131 122 115 107 102 096 091 087 084 
60231 6297.245768000 084 082 085 088 091 097 102 109 116 124 131 139 146 154 159 164 168 170 173 171 170 167 163 159 152 
60232 6297.259655500 146 138 131 123 115 108 101 095 091 086 085 083 083 084 088 092 096 103 109 116 125 131 140 147 154 
60233 6297.273543000 159 164 168 171 172 172 171 167 163 159 152 146 139 130 123 114 108 101 095 091 087 084 084 083 084 
60234 6297.287430500 087 092 096 102 109 115 123 131 140 147 154 160 165 169 172 173 173 171 168 165 159 153 146 139 130 
60235 6297.301318000 122 116 107 101 095 089 086 083 081 082 083 087 091 095 102 108 116 123 132 140 147 154 159 165 169 
60236 6297.315205500 171 173 174 171 169 164 159 152 147 139 130 124 115 107 100 095 089 085 084 082 082 083 087 091 094 
60237 6297.329093000 102 108 116 124 131 140 147 154 160 166 169 172 173 173 172 168 165 159 153 147 139 131 123 115 108 
60238 6297.342980500 100 095 090 085 083 082 081 084 086 089 095 101 107 116 124 132 140 147 154 160 165 169 171 173 173 
60239 6297.356868000 171 169 165 159 153 146 138 131 123 114 108 100 094 090 085 084 082 081 084 087 089 096 101 108 115 
60240 6297.370755500 123 133 140 147 154 160 165 169 172 173 173 172 168 165 160 153 147 139 130 122 115 108 100 095 089 
60241 6297.384643000 087 082 082 081 083 086 090 095 100 109 115 124 131 139 148 154 160 166 169 172 174 173 172 168 165 
60242 6297.398530500 159 154 146 138 132 122 116 107 101 095 089 087 082 083 080 084 086 091 096 100 108 115 124 132 140 
60243 6297.412418000 147 154 160 165 168 172 173 174 171 169 165 159 153 147 139 131 123 115 108 100 094 090 086 084 081 
60244 6297.426305500 082 084 085 090 096 101 108 115 123 132 140 147 155 160 166 169 172 173 173 172 169 165 160 153 146 
60245 6297.440193000 140 131 123 115 107 101 095 090 086 084 081 081 084 086 089 095 101 108 115 123 132 140 147 154 160 
60246 6297.454080500 165 169 171 173 173 173 168 165 160 154 146 140 130 122 116 107 101 096 089 086 083 082 082 083 087 
60247 6297.467968000 089 096 100 108 115 123 132 140 146 154 160 165 169 172 174 173 172 169 165 160 155 147 140 131 123 
60248 6297.481855500 115 107 101 094 089 086 082 080 081 082 086 089 095 099 108 115 124 131 140 148 155 161 166 170 173 
60249 6297.495743000 174 174 173 170 166 160 155 147 139 132 123 115 107 101 094 089 085 081 081 080 081 085 090 094 100 
60250 6297.509630500 107 116 124 131 140 147 154 161 166 170 173 174 174 172 170 165 161 154 146 140 131 124 114 108 100 
60251 6297.523518000 095 089 085 082 080 081 083 085 090 095 100 107 115 123 132 140 147 155 161 165 170 173 174 175 173 
60252 6297.537405500 170 165 160 155 147 140 131 122 115 107 100 094 088 084 083 080 081 083 085 090 095 099 108 115 123 
60253 6297.551293000 132 139 147 155 161 166 170 173 175 174 173 170 165 160 155 147 140 131 123 116 107 101 094 089 086 
60254 6297.565180500 082 081 082 081 086 089 094 099 107 114 124 131 139 148 154 162 166 171 174 175 175 173 170 165 161 
60255 6297.579068000 156 147 140 132 122 115 107 099 094 088 084 082 080 080 082 084 089 094 099 107 115 123 132 140 148 
60256 6297.592955500 155 161 166 171 173 175 175 173 170 165 161 155 148 139 131 124 114 107 100 093 089 084 082 080 080 
60257 6297.606843000 082 083 089 093 100 106 115 123 131 140 147 155 161 166 171 173 175 175 173 170 166 161 156 148 139 
60258 6297.620730500 132 123 115 107 100 093 089 084 081 081 079 082 084 089 094 100 106 115 124 131 140 147 155 161 166 
60259 6297.634618000 171 173 175 175 174 170 165 161 156 147 140 131 123 115 107 100 093 089 085 081 080 081 081 085 090 
60260 6297.648505500 093 099 107 114 124 131 140 148 155 162 166 171 173 175 176 173 171 166 161 156 147 140 131 123 115 
60261 6297.662393000 107 100 093 089 084 082 080 080 081 084 088 094 099 107 115 123 131 140 148 155 161 167 170 174 175 
60262 6297.676280500 175 174 170 166 161 156 148 141 132 123 116 107 100 095 088 085 081 081 080 081 084 089 094 100 106 
60263 6297.690168000 114 123 131 140 147 155 160 166 171 173 175 175 174 170 166 161 156 147 140 131 124 115 107 100 093 
60264 6297.704055500 089 085 081 081 079 082 084 089 094 098 108 114 123 131 139 148 155 161 167 170 174 174 175 174 171 
60265 6297.717943000 166 161 156 147 140 131 123 115 107 099 093 088 084 081 080 080 080 083 088 093 098 106 115 123 132 
60266 6297.731830500 140 148 155 162 167 171 174 176 175 175 171 166 162 157 147 141 131 124 115 107 099 094 089 083 081 
60267 6297.745718000 080 079 081 084 088 094 098 107 115 122 132 139 147 156 161 167 171 174 176 175 174 171 166 162 156 
60268 6297.759605500 148 141 131 124 115 107 100 093 088 085 080 080 080 080 085 088 093 099 106 114 124 131 140 147 155 
60269 6297.773493000 162 166 171 174 176 175 174 171 166 162 156 148 140 132 124 115 107 100 093 089 085 080 079 080 081 
60270 6297.787380500 084 088 093 098 107 114 122 132 140 147 155 161 167 171 174 175 176 174 170 166 162 156 147 141 132 
60271 6297.801268000 124 115 108 099 093 089 083 080 079 080 080 083 088 093 099 106 115 122 131 140 147 156 161 167 171 
60272 6297.815155500 174 176 176 175 171 167 163 156 148 140 132 124 114 107 098 092 088 083 080 079 077 079 083 087 092 
60273 6297.829043000 098 106 114 123 131 139 148 156 162 168 172 175 177 177 175 172 167 162 156 148 141 132 123 115 107 
60274 6297.842930500 099 093 087 082 081 078 078 079 084 086 092 099 106 114 123 131 140 148 156 162 168 172 175 177 176 
60275 6297.856818000 176 172 168 163 156 148 141 133 123 115 107 099 093 087 082 080 078 078 079 082 087 092 098 107 113 
60276 6297.870705500 123 131 139 148 156 162 168 172 175 177 177 175 173 168 163 157 148 140 133 124 115 107 099 093 087 
60277 6297.884593000 083 080 078 079 079 083 087 092 098 106 114 122 131 140 147 156 162 167 172 175 177 177 176 173 168 
60278 6297.898480500 162 156 148 141 132 124 114 106 099 093 087 084 080 079 078 079 083 087 092 098 106 113 123 131 140 
60279 6297.912368000 148 155 162 168 172 175 177 177 175 173 168 162 156 149 140 132 123 114 107 099 092 087 082 079 078 
60280 6297.926255500 077 079 081 087 091 099 105 113 123 131 140 147 156 162 168 172 175 177 177 175 173 168 163 157 148 
60281 6297.940143000 142 132 124 116 107 099 094 086 083 079 078 078 078 083 086 091 099 106 113 122 130 140 147 156 162 
60282 6297.954030500 168 172 175 177 177 176 173 168 163 156 149 141 132 123 115 106 099 093 087 083 080 079 077 079 083 
60283 6297.967918000 086 091 099 106 113 123 131 139 149 155 162 167 172 176 177 177 176 173 168 163 156 149 141 132 124 
60284 6297.981805500 114 107 098 093 087 082 079 078 078 079 081 087 091 098 107 113 122 131 139 147 156 162 168 172 175 
60285 6297.995693000 177 177 176 173 168 163 156 149 141 132 124 114 107 100 093 088 082 080 078 077 080 082 087 091 098 
60286 6298.009580500 106 114 122 131 140 147 156 163 168 172 175 176 177 175 173 168 163 157 148 141 132 124 115 106 100 
60287 6298.023468000 092 087 083 079 079 077 079 082 087 091 099 105 114 121 131 140 148 156 162 168 172 176 177 177 176 
60288 6298.037355500 173 168 163 157 148 141 132 124 115 107 100 092 088 082 081 078 078 080 081 087 091 098 106 113 122 
60289 6298.051243000 131 139 148 156 162 167 172 175 177 177 176 173 168 163 157 149 141 133 124 116 107 100 093 087 082 
60290 6298.065130500 079 079 077 079 082 087 091 098 106 113 122 131 139 148 156 162 168 172 175 177 178 176 173 168 163 
60291 6298.079018000 157 149 141 133 123 116 106 099 093 088 082 080 077 078 079 082 087 091 098 106 112 123 130 139 148 
60292 6298.092905500 155 162 167 172 176 177 177 176 173 169 163 157 149 141 133 125 114 107 098 093 088 082 079 078 077 
60293 6298.106793000 079 082 086 092 098 105 113 122 131 139 148 155 163 167 172 176 177 177 176 173 169 163 157 149 142 
60294 6298.120680500 132 124 115 106 100 092 087 083 079 079 077 079 081 087 092 097 106 113 121 131 140 148 155 162 168 
60295 6298.134568000 172 176 177 177 176 173 168 163 157 149 142 132 124 115 107 100 093 088 082 079 079 077 079 082 086 
60296 6298.148455500 091 098 105 113 121 131 140 148 156 162 168 172 175 178 177 176 174 169 164 157 150 142 133 124 115 
60297 6298.162343000 107 099 092 088 082 079 078 078 078 082 085 091 098 105 114 122 130 140 147 155 162 167 172 175 177 
60298 6298.176230500 178 176 173 169 164 157 149 142 132 123 116 107 099 093 087 082 080 077 078 079 083 086 091 097 105 
60299 6298.190118000 113 122 130 140 148 155 163 167 173 175 177 178 176 173 169 163 157 149 141 133 124 115 106 098 093 
60300 6298.204005500 086 082 080 078 078 079 081 086 091 097 105 113 122 130 139 148 155 162 168 172 176 177 178 176 174 
60301 6298.217893000 170 163 158 149 141 133 124 115 107 099 092 087 082 079 078 077 078 081 086 090 097 105 113 122 130 
60302 6298.231780500 140 148 155 163 167 172 175 177 178 176 173 169 163 158 149 141 133 124 114 108 099 093 088 083 079 
60303 6298.245668000 079 076 079 081 086 091 097 105 114 121 131 139 147 156 162 168 173 175 177 178 176 173 168 163 157 
60304 6298.259555500 150 141 133 124 115 107 100 092 087 083 079 077 078 079 081 085 091 097 105 113 121 131 139 147 155 
60305 6298.273443000 163 168 173 175 177 178 176 174 170 163 157 150 141 133 124 115 107 100 092 087 082 079 078 078 077 
60306 6298.287330500 083 085 091 098 104 113 122 130 138 148 155 162 168 173 175 177 177 176 173 169 164 157 150 141 133 
60307 6298.301218000 124 116 106 099 094 086 082 079 078 077 079 080 086 091 097 104 113 121 131 139 147 155 162 168 172 
60308 6298.315105500 175 177 178 176 174 168 164 157 150 141 133 124 115 108 099 092 088 082 079 078 078 078 081 086 091 
60309 6298.328993000 098 104 113 121 130 140 147 155 163 168 172 176 177 178 176 173 169 165 157 150 142 133 124 116 108 
60310 6298.342880500 099 093 087 083 080 077 077 079 081 086 091 097 104 113 122 130 139 148 155 163 168 172 176 177 177 
60311 6298.356768000 177 173 169 164 157 150 141 133 124 115 108 099 092 087 083 079 078 077 079 081 086 090 098 104 113 
60312 6298.370655500 122 130 139 148 156 162 168 172 175 177 177 176 173 169 163 157 150 142 133 124 116 107 099 093 087 
60313 6298.384543000 082 080 077 079 077 081 086 091 097 105 112 121 130 139 148 155 163 167 172 175 177 178 176 173 170 
60314 6298.398430500 164 158 151 141 134 124 116 108 099 093 087 083 080 077 078 078 082 085 092 096 104 113 121 130 140 
60315 6298.412318000 147 155 162 167 173 175 177 178 176 174 169 164 158 151 141 133 124 115 107 100 092 088 083 079 078 
60316 6298.426205500 077 079 081 085 092 097 103 113 121 130 139 147 155 162 168 172 175 178 177 176 174 168 163 157 150 
60317 6298.440093000 142 134 124 116 108 099 093 088 082 079 078 078 079 080 085 092 096 103 113 121 130 139 147 155 162 
60318 6298.453980500 168 172 175 178 178 176 174 169 163 157 150 142 133 125 116 107 100 093 086 082 080 076 078 078 080 
60319 6298.467868000 085 091 097 104 112 122 130 138 148 156 162 168 173 176 178 178 177 174 170 163 158 150 142 133 125 
60320 6298.481755500 115 107 100 092 086 082 078 077 078 077 082 084 091 097 103 112 121 129 139 147 155 163 168 172 176 
60321 6298.495643000 178 178 177 174 170 163 158 151 142 134 124 115 107 100 092 087 083 079 078 076 078 080 085 091 096 
60322 6298.509530500 104 112 121 130 140 147 155 163 167 173 175 178 179 177 174 169 164 158 151 142 133 124 115 107 100 
60323 6298.523418000 092 088 082 079 077 077 079 080 086 090 097 104 112 122 130 139 148 155 162 168 172 176 177 178 177 
60324 6298.537305500 174 170 163 158 151 142 134 124 116 108 098 093 088 082 079 078 077 077 081 085 091 096 104 112 121 
60325 6298.551193000 130 138 148 155 162 167 173 176 178 178 178 174 171 164 158 152 142 134 125 115 108 098 093 086 082 
60326 6298.565080500 078 077 077 077 080 085 090 096 104 112 121 130 139 147 155 162 168 173 176 178 178 177 174 170 164 
60327 6298.578968000 158 151 142 134 125 115 107 100 092 087 081 080 076 078 078 080 085 091 097 103 113 120 129 139 148 
60328 6298.592855500 155 162 168 172 176 178 178 177 174 171 164 158 151 142 134 125 115 107 100 092 087 082 079 078 076 
60329 6298.606743000 078 080 085 090 097 103 112 121 129 139 147 155 162 168 173 177 178 178 177 174 171 164 159 151 142 
60330 6298.620630500 134 125 116 107 099 093 088 082 079 077 077 078 080 084 091 096 103 113 120 129 138 147 155 163 168 
60331 6298.634518000 172 176 178 179 176 174 171 163 158 151 142 134 124 116 107 099 092 086 083 079 077 077 077 081 085 
60332 6298.648405500 091 097 103 113 121 130 139 147 156 163 168 172 176 178 178 177 175 170 164 158 152 142 134 125 115 
60333 6298.662293000 108 099 092 087 081 079 078 076 078 080 084 091 096 103 113 120 130 140 147 155 163 168 173 177 178 
60334 6298.676180500 178 178 174 170 165 158 152 142 134 126 115 108 100 092 087 083 078 077 077 078 081 085 090 097 102 
60335 6298.690068000 113 121 129 139 147 155 163 168 173 176 178 178 177 175 170 164 159 151 143 133 125 116 107 100 092 
60336 6298.703955500 087 082 079 078 076 077 081 085 090 097 104 112 121 130 138 147 156 162 168 173 176 178 179 177 175 
60337 6298.717843000 171 164 158 152 142 134 125 116 108 099 094 087 082 080 076 078 078 080 085 090 096 102 113 120 130 
60338 6298.731730500 138 147 155 162 168 172 176 178 178 178 174 170 165 158 152 142 134 125 116 108 099 093 088 082 080 
60339 6298.745618000 076 077 078 081 084 091 096 103 113 121 129 139 147 155 162 168 173 176 178 178 177 175 170 164 158 
60340 6298.759505500 151 143 133 125 115 107 101 092 087 083 078 077 077 078 080 084 091 097 103 113 120 130 139 148 154 
60341 6298.773393000 162 168 172 177 178 179 178 175 171 165 158 151 142 135 124 116 108 099 093 087 081 079 077 075 077 
60342 6298.787280500 080 084 090 096 103 112 121 129 139 147 155 162 169 173 176 178 178 178 175 170 165 158 151 143 134 
60343 6298.801168000 125 117 107 099 093 086 081 079 078 076 078 079 085 090 096 104 112 120 129 139 147 155 163 168 173 
60344 6298.815055500 176 178 179 178 175 170 165 159 151 143 134 125 116 107 100 093 086 083 079 076 077 077 081 084 090 
60345 6298.828943000 096 103 112 121 129 139 147 155 162 169 173 176 178 179 178 175 170 165 159 150 143 135 125 116 108 
60346 6298.842830500 100 093 087 081 079 077 077 077 081 083 089 096 103 112 120 129 138 148 155 162 169 173 177 178 178 
60347 6298.856718000 177 174 171 164 160 151 143 134 126 115 107 101 093 087 083 079 078 076 077 080 085 089 096 103 112 
60348 6298.870605500 120 129 139 147 155 163 168 173 177 178 179 177 174 171 165 158 151 142 134 125 115 108 100 094 087 
60349 6298.884493000 083 078 076 077 078 080 084 090 096 104 112 120 130 138 147 155 162 168 173 176 178 179 177 176 171 
60350 6298.898380500 165 159 151 142 135 125 116 108 099 093 086 082 078 076 076 076 080 083 089 095 103 112 120 130 139 
60351 6298.912268000 147 155 163 168 173 177 179 179 178 176 171 166 159 152 143 134 125 117 107 100 092 087 081 079 077 
60352 6298.926155500 075 078 079 084 090 095 103 112 120 129 138 147 155 162 168 174 176 179 179 178 176 171 165 160 151 
60353 6298.940043000 143 134 125 116 107 099 093 086 082 079 076 076 077 079 084 090 095 103 112 120 129 138 147 156 162 
60354 6298.953930500 169 173 176 179 179 179 175 172 166 159 152 142 135 125 115 107 099 092 087 081 078 076 076 077 079 
60355 6298.967818000 084 088 096 103 111 120 129 138 147 155 163 168 173 177 178 179 178 176 171 165 160 151 143 134 125 
60356 6298.981705500 115 108 099 092 087 081 079 076 076 076 079 084 088 096 103 112 120 129 139 146 155 162 168 174 176 
60357 6298.995593000 179 179 178 176 171 165 159 151 143 135 125 117 108 099 093 086 081 079 077 076 076 080 083 089 095 
60358 6299.009480500 103 112 120 130 138 147 156 163 168 173 177 179 179 178 175 172 166 159 152 143 134 125 117 108 099 
60359 6299.023368000 093 086 082 079 076 076 077 079 084 089 095 103 112 119 129 139 147 155 162 168 174 176 179 179 178 
60360 6299.037255500 175 171 166 159 152 143 135 125 117 108 099 093 086 082 079 076 076 077 080 084 090 095 103 111 119 
60361 6299.051143000 129 138 147 155 162 168 173 177 179 179 178 176 171 165 160 151 144 134 125 116 108 099 093 086 082 
60362 6299.065030500 078 076 076 076 080 082 088 095 103 110 120 129 138 147 155 162 168 173 177 178 179 178 175 171 165 
60363 6299.078918000 159 152 143 135 126 116 108 099 093 087 082 078 077 076 076 079 084 088 095 103 111 120 129 138 147 
60364 6299.092805500 155 163 168 173 177 178 179 178 175 171 165 159 152 143 135 126 116 108 099 092 087 081 079 076 076 
60365 6299.106693000 076 079 085 088 096 102 112 120 128 139 146 155 163 168 173 176 179 179 178 176 171 165 160 152 143 
60366 6299.120580500 135 125 116 109 099 093 087 081 079 076 076 077 079 084 088 095 103 111 120 129 137 147 154 162 168 
60367 6299.134468000 173 177 179 179 179 176 172 166 159 152 143 135 125 117 107 099 094 086 081 079 076 076 077 079 084 
60368 6299.148355500 089 095 102 112 120 128 138 147 155 162 168 173 176 179 179 179 175 171 166 159 152 143 134 126 117 
60369 6299.162243000 107 101 092 087 082 078 077 076 077 080 083 090 095 103 111 119 128 139 147 155 162 168 173 177 179 
60370 6299.176130500 179 178 175 172 166 159 152 144 134 126 116 108 100 092 087 081 077 076 074 076 079 083 089 094 103 
60371 6299.190018000 111 120 128 138 147 155 162 169 173 177 179 180 179 176 172 167 159 152 144 134 126 116 108 100 092 
60372 6299.203905500 087 081 079 076 075 077 080 082 089 095 103 111 119 129 138 146 156 162 168 174 177 178 179 179 175 
60373 6299.217793000 172 166 160 152 143 135 125 116 108 099 093 087 081 078 076 075 076 080 082 089 094 102 111 120 128 
60374 6299.231680500 138 147 154 162 168 173 177 179 179 179 176 172 166 159 152 143 135 125 117 107 101 092 087 082 077 
60375 6299.245568000 077 077 076 079 083 089 095 102 111 120 128 138 147 154 163 168 173 177 179 180 178 177 172 166 160 
60376 6299.259455500 152 143 135 126 116 108 100 093 087 081 079 076 076 095 110 115 117 118 119 119 121 125 133 142 148 
60377 6299.273343000 156 163 167 171 174 174 173 171 167 162 156 148 139 131 123 113 105 097 089 083 079 076 073 074 074 
60378 6299.287230500 077 081 087 093 100 109 118 127 137 145 154 161 167 173 176 178 179 177 175 171 166 160 151 144 134 
60379 6299.301118000 125 117 108 099 092 085 081 078 075 076 077 078 082 088 094 103 110 119 129 138 146 155 162 169 173 
60380 6299.315005500 177 179 179 178 177 172 166 161 152 143 135 126 116 108 100 093 085 082 078 076 076 076 079 082 088 
60381 6299.328893000 095 101 109 120 128 138 147 154 162 169 173 177 179 179 179 176 172 166 160 152 145 135 127 116 108 
60382 6299.342780500 100 092 087 081 078 076 074 077 078 083 087 095 102 109 120 128 138 147 155 162 168 173 177 179 180 
60383 6299.356668000 178 177 171 166 159 152 144 135 127 117 108 099 093 087 081 079 076 075 077 078 083 088 095 103 110 
60384 6299.370555500 120 128 138 147 155 163 168 174 177 179 179 179 176 172 167 159 152 145 135 126 117 108 099 092 087 
60385 6299.384443000 082 078 077 076 077 078 083 087 095 102 109 120 128 138 147 155 163 168 173 177 179 180 179 176 172 
60386 6299.398330500 167 159 153 145 134 126 117 108 099 094 086 082 077 076 075 077 078 083 088 095 102 110 119 128 138 
60387 6299.412218000 147 155 163 168 173 177 178 180 179 176 173 166 159 153 144 136 126 117 108 100 093 086 082 078 076 
60388 6299.426105500 076 076 078 083 088 095 103 109 120 128 138 146 155 162 169 173 177 179 180 178 176 172 167 160 152 
60389 6299.439993000 145 135 126 116 108 100 093 088 082 077 076 075 077 078 083 088 094 102 109 119 129 137 147 155 162 
60390 6299.453880500 169 173 176 179 180 179 176 171 166 160 152 144 135 126 117 108 100 093 087 081 079 076 076 077 078 
60391 6299.467768000 083 087 096 102 110 119 128 137 147 155 162 169 173 177 179 179 179 176 172 167 159 153 145 135 126 
60392 6299.481655500 117 108 100 092 087 082 077 076 076 076 079 082 089 094 103 109 119 129 137 147 154 162 168 174 177 
60393 6299.495543000 179 180 179 176 172 167 159 152 145 136 126 117 108 100 093 087 083 078 077 076 077 078 082 089 095 
60394 6299.509430500 102 110 118 128 138 147 155 162 168 173 177 179 179 179 176 172 167 159 153 145 135 127 117 108 101 
60395 6299.523318000 092 087 083 077 076 076 076 080 082 087 096 102 109 120 128 138 146 155 162 169 173 178 179 180 179 
60396 6299.537205500 176 172 167 159 153 145 135 126 118 108 100 093 086 081 078 076 075 077 079 083 089 094 102 110 119 
60397 6299.551093000 128 137 146 155 161 169 173 177 179 180 178 176 172 167 159 153 145 136 127 117 109 099 093 087 082 
60398 6299.564980500 078 076 076 077 078 083 087 095 102 110 119 128 137 146 155 162 169 173 177 179 180 178 177 172 167 
60399 6299.578868000 160 153 145 135 126 118 109 099 094 086 081 079 076 075 076 079 082 088 094 101 109 119 128 137 146 
60400 6299.592755500 154 161 169 174 177 179 180 179 176 173 166 159 153 145 135 127 117 108 101 093 087 081 079 075 075 
60401 6299.606643000 076 078 083 088 095 102 109 120 128 137 146 154 162 169 173 177 179 180 178 177 173 166 159 153 145 
60402 6299.620530500 135 126 118 108 100 092 086 082 079 075 075 077 079 082 087 095 102 108 119 127 138 146 154 163 169 
60403 6299.634418000 173 177 179 180 179 176 172 167 160 153 145 136 126 117 109 100 093 086 081 078 077 075 077 078 083 
60404 6299.648305500 087 095 101 108 120 128 137 146 154 162 169 173 177 179 180 178 176 172 166 160 153 145 136 126 117 
60405 6299.662193000 108 099 094 087 081 079 076 075 077 079 082 088 095 102 108 119 128 137 146 154 162 168 174 177 179 
60406 6299.676080500 180 178 177 172 167 159 153 145 136 126 118 109 100 093 087 082 078 077 076 076 078 082 087 096 101 
60407 6299.689968000 109 119 127 137 146 154 161 168 173 177 179 180 179 176 172 167 161 153 145 136 126 118 108 100 093 
60408 6299.703855500 088 081 079 077 075 075 079 083 088 095 101 110 119 128 138 145 155 162 167 173 176 179 180 179 177 
60409 6299.717743000 172 167 159 153 145 135 127 118 108 101 093 087 083 079 075 076 076 078 083 088 095 101 109 119 128 
60410 6299.731630500 138 146 155 161 168 173 176 180 179 179 177 172 167 159 153 144 136 127 117 108 100 093 086 082 079 
60411 6299.745518000 076 076 076 078 082 087 095 102 109 119 127 137 146 153 161 168 173 176 179 180 178 176 173 167 160 
60412 6299.759405500 153 145 135 126 118 109 101 094 086 083 078 077 075 077 079 081 088 095 101 110 119 128 137 146 154 
60413 6299.773293000 161 168 173 176 179 179 179 177 172 167 160 153 145 136 126 118 109 100 093 088 081 079 075 075 076 
60414 6299.787180500 078 083 087 094 101 110 119 127 137 146 154 162 168 173 177 179 180 179 177 173 167 160 153 144 136 
60415 6299.801068000 127 117 109 100 093 088 082 078 076 075 077 077 082 088 094 102 109 119 127 137 146 155 160 168 173 
60416 6299.814955500 176 179 179 178 177 172 168 160 153 145 135 128 117 109 100 094 087 082 079 077 075 077 078 083 087 
60417 6299.828843000 094 102 109 119 128 137 145 155 161 168 173 176 179 179 179 178 172 167 160 152 145 136 127 117 108 
60418 6299.842730500 101 094 086 081 079 075 075 076 078 081 088 094 101 110 118 128 137 145 154 162 168 173 177 179 180 
60419 6299.856618000 179 177 173 168 161 153 145 135 126 118 108 101 094 088 081 079 076 075 077 078 082 088 093 102 110 
60420 6299.870505500 119 128 137 146 154 161 168 172 176 179 180 178 177 173 168 160 153 145 135 127 118 108 101 093 088 
60421 6299.884393000 081 079 076 075 077 077 083 087 094 102 109 119 127 137 146 154 161 168 173 177 179 179 179 177 172 
60422 6299.898280500 167 161 153 145 136 127 118 109 101 093 087 083 078 077 074 077 079 082 087 095 101 110 119 128 136 
60423 6299.912168000 146 155 162 168 173 176 179 180 178 177 172 168 161 153 146 136 127 119 108 100 094 086 082 079 075 
60424 6299.926055500 076 076 078 083 087 095 101 109 119 127 137 146 153 161 168 173 177 179 179 179 177 172 168 160 153 
60425 6299.939943000 145 136 128 117 109 101 093 088 083 078 075 076 077 078 082 089 093 101 110 118 127 136 146 153 161 
60426 6299.953830500 167 172 177 179 180 179 176 173 167 160 153 144 136 128 118 108 101 093 087 083 079 076 076 076 078 
60427 6299.967718000 083 087 094 102 109 119 128 136 145 154 162 168 173 177 179 179 179 177 173 167 160 153 145 136 128 
60428 6299.981605500 118 109 100 094 088 081 078 076 075 077 077 083 087 093 101 108 118 127 136 145 155 161 167 173 176 
60429 6299.995493000 179 180 178 177 172 168 160 153 145 137 127 118 108 101 094 087 083 079 076 076 076 079 082 088 095 
60430 6300.009380500 101 110 118 128 136 145 154 161 167 172 177 178 180 178 177 173 167 160 153 145 136 127 117 109 100 
60431 6300.023268000 094 088 081 079 075 076 077 078 082 086 094 102 108 119 127 136 146 154 161 168 173 176 179 180 178 
60432 6300.037155500 177 172 168 160 153 146 136 127 118 109 101 094 087 081 079 076 075 077 078 082 088 094 102 109 119 
60433 6300.051043000 127 136 146 153 161 167 172 177 179 180 179 176 172 168 160 153 145 136 128 117 109 102 093 088 082 
60434 6300.064930500 079 076 076 076 078 082 087 093 102 109 118 128 136 146 153 161 168 173 177 179 180 179 176 173 167 
60435 6300.078818000 161 153 145 136 127 118 110 101 094 087 083 079 075 075 076 077 083 087 093 101 108 119 127 137 145 
60436 6300.092705500 153 161 168 172 176 179 179 178 177 173 167 160 154 145 136 127 117 110 100 094 088 083 078 077 076 
60437 6300.106593000 076 079 081 088 094 101 110 118 127 136 145 154 161 168 172 176 179 179 179 177 172 168 161 153 145 
60438 6300.120480500 137 127 118 109 101 094 086 082 079 075 076 076 078 082 086 094 102 108 118 128 134 137 137 135 135 
60439 6300.134368000 134 134 133 132 132 131 131 131 131 130 130 129 130 129 128 130 128 129 129 128 129 129 128 128 128 
60440 6300.148255500 128 129 128 128 128 127 128 128 127 128 127 127 128 128 127 127 128 128 127 127 128 128 127 128 127 
60441 6300.162143000 127 127 127 128 127 127 128 127 128 127 127 128 128 127 127 128 127 127 128 128 127 128 128 127 127 
60442 6300.176030500 128 127 128 128 128 128 127 128 128 127 128 128 127 128 128 127 127 127 128 127 128 127 127 128 127 
60443 6300.189918000 128 127 128 127 127 128 127 127 128 127 127 128 127 128 127 127 127 127 128 127 127 128 127 128 127 
60444 6300.203805500 127 127 128 127 128 127 127 128 127 127 128 127 128 127 128 127 128 127 127 128 128 128 128 127 127 
60445 6300.217693000 127 128 128 127 128 127 127 128 127 128 128 127 127 128 127 128 127 128 128 127 128 127 127 128 127 
60446 6300.231580500 128 128 127 128 127 127 127 128 127 127 128 128 128 127 128 127 127 128 127 128 127 128 127 128 127 
60447 6300.245468000 128 127 128 128 127 127 128 128 127 127 128 127 128 127 127 128 127 127 128 127 127 128 129 127 127 
60448 6300.259355500 128 127 127 128 127 126 128 127 127 127 128 127 127 127 127 127 127 127 128 127 128 127 127 128 127 
60449 6300.273243000 128 128 127 127 128 127 128 128 128 127 128 127 127 128 128 127 128 127 127 128 127 128 128 128 127 
60450 6300.287130500 127 128 127 127 128 127 128 127 127 127 128 128 127 128 128 127 127 128 127 129 127 128 127 128 127 
60451 6300.301018000 127 128 127 128 127 127 127 127 128 127 128 127 128 127 128 128 127 127 128 127 128 128 127 128 128 
60452 6300.314905500 127 128 127 127 128 127 128 127 128 128 128 127 128 127 128 128 127 127 127 128 128 127 128 126 128 
60453 6300.328793000 128 127 128 127 128 128 128 127 127 128 127 128 127 127 128 127 128 127 128 127 127 128 127 128 127 
60454 6300.342680500 127 128 127 128 128 127 128 128 127 128 128 127 128 128 127 127 128 127 127 128 128 128 127 127 127 
60455 6300.356568000 127 128 128 128 127 128 127 128 128 127 127 128 127 127 128 127 127 128 127 128 127 127 127 129 127 
60456 6300.370455500 126 128 128 127 128 127 128 127 127 128 127 128 127 127 128 128 127 128 128 127 128 127 127 127 127 
60457 6300.384343000 127 128 127 128 127 127 128 127 129 129 127 127 127 127 128 127 128 127 128 127 127 127 128 128 127 
60458 6300.398230500 128 127 127 127 129 127 127 128 127 127 128 127 128 128 127 128 127 127 127 128 128 127 126 127 128 
60459 6300.412118000 128 127 128 127 127 128 127 127 127 128 128 128 127 127 128 128 127 128 127 128 127 128 127 127 128 
60460 6300.426005500 128 127 128 127 127 128 128 128 127 127 127 128 127 128 128 127 128 127 127 128 127 128 127 127 126 
60461 6300.439893000 128 128 127 127 127 128 127 127 128 127 128 128 127 128 127 127 128 128 127 127 127 127 128 127 128 
60462 6300.453780500 127 127 127 127 128 127 128 128 127 127 127 128 128 127 127 127 127 128 127 128 128 127 128 127 128 
60463 6300.467668000 127 127 128 128 128 127 127 127 127 127 128 127 128 127 127 127 128 127 128 127 127 126 127 128 127 
60464 6300.481555500 127 128 127 128 128 127 128 128 127 128 127 128 127 128 128 127 127 128 127 128 127 128 127 127 128 
60465 6300.495443000 128 128 127 128 128 127 128 127 128 128 127 128 127 127 128 127 128 127 127 128 127 128 127 127 128 
60466 6300.509330500 128 128 127 127 127 128 127 128 127 127 128 127 127 128 128 127 128 127 126 128 128 128 127 128 128 
60467 6300.523218000 127 128 127 128 128 128 127 127 127 127 128 129 127 127 128 127 128 128 127 128 128 127 128 128 127 
60468 6300.537105500 127 128 127 127 127 127 128 127 127 128 127 127 128 127 127 128 127 127 128 127 127 127 129 127 127 
60469 6300.550993000 128 127 128 127 128 127 127 128 127 128 128 127 128 127 127 127 127 128 128 127 128 127 128 127 127 
60470 6300.564880500 128 127 127 127 127 127 127 127 128 128 126 128 128 127 128 128 127 128 127 127 128 128 128 127 127 
60471 6300.578768000 127 126 128 128 127 128 128 127 127 127 127 127 127 127 128 127 127 127 128 128 127 127 127 127 127 
60472 6300.592655500 129 127 128 127 127 128 128 127 128 127 127 128 126 128 128 127 128 127 127 128 127 127 128 127 127 
60473 6300.606543000 127 128 127 128 127 128 128 126 127 128 127 128 127 128 128 127 127 128 127 127 128 128 127 127 127 
60474 6300.620430500 128 128 127 127 127 128 127 127 128 127 128 127 128 127 127 127 129 127 127 127 127 128 127 128 128 
60475 6300.634318000 128 128 127 128 127 127 127 127 128 128 127 129 127 127 127 128 127 127 127 127 127 128 127 128 127 
60476 6300.648205500 128 128 128 127 126 127 128 127 127 128 128 128 127 127 128 127 128 127 127 127 126 127 128 127 128 
60477 6300.662093000 127 127 127 127 128 127 128 127 128 127 127 127 127 128 128 126 127 128 127 127 128 128 128 128 128 
60478 6300.675980500 127 128 127 128 128 127 127 128 128 128 128 127 126 128 127 128 127 127 128 127 128 127 128 127 128 
60479 6300.689868000 127 127 128 128 128 127 127 128 127 127 128 127 128 127 128 127 127 127 127 128 127 128 127 128 128 
60480 6300.703755500 127 128 127 128 127 127 128 127 127 128 128 128 127 127 127 128 128 127 127 128 128 127 128 128 127 
60481 6300.717643000 128 128 126 128 127 128 126 128 127 128 127 127 127 128 127 127 128 127 126 128 128 128 127 127 128 
60482 6300.731530500 127 127 128 127 128 127 128 127 127 128 127 128 128 127 127 127 128 127 128 127 128 127 127 128 127 
60483 6300.745418000 128 127 127 128 127 128 128 128 128 128 127 128 128 127 127 127 127 127 127 128 127 128 127 128 127 
60484 6300.759305500 127 127 127 128 127 127 128 127 127 128 127 128 127 127 128 127 127 128 128 127 128 127 128 127 127 
60485 6300.773193000 128 127 128 127 127 127 128 127 127 128 128 127 128 127 128 127 127 128 127 127 128 127 128 128 127 
60486 6300.787080500 128 127 128 128 129 127 128 128 127 128 127 127 127 127 127 128 127 127 128 127 128 127 127 128 127 
60487 6300.800968000 127 128 127 128 127 127 128 127 128 127 127 127 127 127 128 129 127 127 128 127 128 127 127 128 127 
60488 6300.814855500 127 128 127 127 128 127 128 127 127 128 127 128 127 127 128 127 127 127 127 127 127 128 127 127 127 
60489 6300.828743000 128 127 127 127 128 127 128 127 127 128 127 128 127 127 127 128 127 127 127 127 128 127 127 127 127 
60490 6300.842630500 128 127 128 128 127 127 128 127 128 127 128 128 128 128 128 128 127 127 128 127 127 128 127 128 127 
60491 6300.856518000 128 127 127 128 128 127 128 127 127 128 127 127 128 126 127 127 127 128 127 127 127 127 128 128 127 
60492 6300.870405500 128 128 127 128 127 127 128 127 128 128 127 128 127 128 128 127 128 128 127 128 128 127 128 127 128 
60493 6300.884293000 128 127 127 128 127 128 126 128 127 129 127 128 127 127 128 127 127 127 127 127 127 127 128 127 127 
60494 6300.898180500 128 127 127 128 127 127 128 128 127 127 128 127 128 128 127 128 128 126 128 127 128 128 127 127 127 
60495 6300.912068000 128 127 128 128 127 128 128 127 127 128 128 127 128 127 127 127 127 127 128 128 127 128 127 127 127 
60496 6300.925955500 127 128 128 126 127 128 128 126 128 127 127 128 127 127 127 127 128 127 128 128 127 128 127 128 127 
60497 6300.939843000 128 128 126 127 128 127 128 127 128 127 127 128 127 127 127 127 128 127 127 128 128 128 127 128 127 
60498 6300.953730500 128 128 127 128 128 127 128 127 128 128 127 128 127 127 127 128 127 127 127 127 127 128 127 128 128 
60499 6300.967618000 127 127 127 129 127 127 128 127 128 127 127 127 128 128 127 128 127 128 127 128 128 127 127 127 127 
60500 6300.981505500 128 127 127 128 127 127 128 127 128 127 127 127 127 127 128 127 128 127 127 127 128 127 128 128 127 
60501 6300.995393000 128 127 127 127 127 128 127 127 127 128 127 127 128 127 127 128 127 127 128 127 127 128 127 128 127 
60502 6301.009280500 128 127 127 128 128 127 128 128 128 128 127 128 127 127 127 128 127 127 128 127 128 128 127 128 127 
60503 6301.023168000 128 128 127 128 127 128 128 127 127 127 127 128 127 127 128 127 128 127 127 128 127 127 128 127 128 
60504 6301.037055500 127 128 127 128 127 127 127 127 127 127 127 127 128 127 127 128 127 127 128 127 127 127 128 127 127 
60505 6301.050943000 129 127 128 127 127 127 128 128 127 127 128 128 127 128 127 127 128 127 128 127 127 128 127 128 127 
60506 6301.064830500 128 127 127 127 127 127 128 128 127 128 128 127 127 128 127 128 127 127 127 127 128 127 128 128 127 
60507 6301.078718000 127 128 127 127 127 127 128 128 127 127 128 127 127 127 127 128 128 126 128 128 127 128 127 128 127 
