6287.857818000 129 
6287.858373500 127 
6287.858929000 128 
6287.859484500 128 
6287.860040000 128 
6287.860595500 127 
6287.861151000 128 
6287.861706500 128 
6287.862262000 127 
6287.862817500 126 
6287.863373000 127 
6287.863928500 126 
6287.864484000 128 
6287.865039500 126 
6287.865595000 125 
6287.866150500 127 
6287.866706000 126 
6287.867261500 126 
6287.867817000 127 
6287.868372500 126 
6287.868928000 127 
6287.869483500 126 
6287.870039000 127 
6287.870594500 128 
6287.871150000 127 
6287.871705500 128 
6287.872261000 127 
6287.872816500 129 
6287.873372000 128 
6287.873927500 129 
6287.874483000 127 
6287.875038500 129 
6287.875594000 129 
6287.876149500 129 
6287.876705000 129 
6287.877260500 129 
6287.877816000 128 
6287.878371500 129 
6287.878927000 128 
6287.879482500 127 
6287.880038000 129 
6287.880593500 127 
6287.881149000 127 
6287.881704500 127 
6287.882260000 127 
6287.882815500 127 
6287.883371000 125 
6287.883926500 127 
6287.884482000 127 
6287.885037500 125 
6287.885593000 126 
6287.886148500 126 
6287.886704000 126 
6287.887259500 126 
6287.887815000 126 
6287.888370500 127 
6287.888926000 126 
6287.889481500 127 
6287.890037000 128 
6287.890592500 127 
6287.891148000 128 
6287.891703500 127 
6287.892259000 129 
6287.892814500 128 
6287.893370000 128 
6287.893925500 128 
6287.894481000 128 
6287.895036500 129 
6287.895592000 129 
6287.896147500 129 
6287.896703000 129 
6287.897258500 129 
6287.897814000 129 
6287.898369500 129 
6287.898925000 129 
6287.899480500 127 
6287.900036000 129 
6287.900591500 128 
6287.901147000 127 
6287.901702500 128 
6287.902258000 127 
6287.902813500 126 
6287.903369000 126 
6287.903924500 127 
6287.904480000 126 
6287.905035500 126 
6287.905591000 126 
6287.906146500 126 
6287.906702000 127 
6287.907257500 126 
6287.907813000 127 
6287.908368500 126 
6287.908924000 126 
6287.909479500 127 
6287.910035000 127 
6287.910590500 127 
6287.911146000 127 
6287.911701500 128 
6287.912257000 128 
6287.912812500 128 
6287.913368000 129 
6287.913923500 128 
6287.914479000 128 
6287.915034500 128 
6287.915590000 128 
6287.916145500 128 
6287.916701000 129 
6287.917256500 128 
6287.917812000 128 
6287.918367500 129 
6287.918923000 127 
6287.919478500 127 
6287.920034000 128 
6287.920589500 128 
6287.921145000 127 
6287.921700500 127 
6287.922256000 126 
6287.922811500 127 
6287.923367000 126 
6287.923922500 127 
6287.924478000 126 
6287.925033500 126 
6287.925589000 126 
6287.926144500 127 
6287.926700000 126 
6287.927255500 127 
6287.927811000 126 
6287.928366500 127 
6287.928922000 127 
6287.929477500 127 
6287.930033000 127 
6287.930588500 127 
6287.931144000 127 
6287.931699500 128 
6287.932255000 128 
6287.932810500 129 
6287.933366000 128 
6287.933921500 128 
6287.934477000 127 
6287.935032500 128 
6287.935588000 129 
6287.936143500 129 
6287.936699000 129 
6287.937254500 129 
6287.937810000 129 
6287.938365500 128 
6287.938921000 128 
6287.939476500 127 
6287.940032000 128 
6287.940587500 127 
6287.941143000 127 
6287.941698500 126 
6287.942254000 128 
6287.942809500 126 
6287.943365000 127 
6287.943920500 126 
6287.944476000 126 
6287.945031500 126 
6287.945587000 125 
6287.946142500 126 
6287.946698000 126 
6287.947253500 126 
6287.947809000 126 
6287.948364500 127 
6287.948920000 126 
6287.949475500 127 
6287.950031000 127 
6287.950586500 127 
6287.951142000 128 
6287.951697500 127 
6287.952253000 128 
6287.952808500 129 
6287.953364000 128 
6287.953919500 129 
6287.954475000 127 
6287.955030500 128 
6287.955586000 130 
6287.956141500 128 
6287.956697000 129 
6287.957252500 129 
6287.957808000 128 
6287.958363500 128 
6287.958919000 129 
6287.959474500 128 
6287.960030000 128 
6287.960585500 128 
6287.961141000 126 
6287.961696500 128 
6287.962252000 127 
6287.962807500 127 
6287.963363000 127 
6287.963918500 126 
6287.964474000 127 
6287.965029500 126 
6287.965585000 125 
6287.966140500 127 
6287.966696000 126 
6287.967251500 127 
6287.967807000 126 
6287.968362500 126 
6287.968918000 127 
6287.969473500 127 
6287.970029000 127 
6287.970584500 128 
6287.971140000 127 
6287.971695500 128 
6287.972251000 128 
6287.972806500 128 
6287.973362000 129 
6287.973917500 128 
6287.974473000 128 
6287.975028500 128 
6287.975584000 130 
6287.976139500 129 
6287.976695000 128 
6287.977250500 129 
6287.977806000 128 
6287.978361500 129 
6287.978917000 128 
6287.979472500 128 
6287.980028000 128 
6287.980583500 127 
6287.981139000 127 
6287.981694500 128 
6287.982250000 127 
6287.982805500 126 
6287.983361000 127 
6287.983916500 126 
6287.984472000 127 
6287.985027500 126 
6287.985583000 125 
6287.986138500 127 
6287.986694000 126 
6287.987249500 127 
6287.987805000 127 
6287.988360500 126 
6287.988916000 127 
6287.989471500 126 
6287.990027000 128 
6287.990582500 127 
6287.991138000 128 
6287.991693500 127 
6287.992249000 128 
6287.992804500 129 
6287.993360000 129 
6287.993915500 129 
6287.994471000 128 
6287.995026500 129 
6287.995582000 129 
6287.996137500 129 
6287.996693000 130 
6287.997248500 128 
6287.997804000 128 
6287.998359500 129 
6287.998915000 128 
6287.999470500 128 
6288.000026000 129 
6288.000581500 127 
6288.001137000 127 
6288.001692500 128 
6288.002248000 126 
6288.002803500 126 
6288.003359000 126 
6288.003914500 127 
6288.004470000 127 
6288.005025500 127 
6288.005581000 125 
6288.006136500 126 
6288.006692000 127 
6288.007247500 126 
6288.007803000 127 
6288.008358500 126 
6288.008914000 126 
6288.009469500 127 
6288.010025000 127 
6288.010580500 128 
6288.011136000 127 
6288.011691500 128 
6288.012247000 128 
6288.012802500 128 
6288.013358000 128 
6288.013913500 128 
6288.014469000 128 
6288.015024500 128 
6288.015580000 129 
6288.016135500 129 
6288.016691000 128 
6288.017246500 128 
6288.017802000 128 
6288.018357500 128 
6288.018913000 128 
6288.019468500 128 
6288.020024000 127 
6288.020579500 128 
6288.021135000 127 
6288.021690500 127 
6288.022246000 126 
6288.022801500 127 
6288.023357000 127 
6288.023912500 126 
6288.024468000 126 
6288.025023500 127 
6288.025579000 125 
6288.026134500 127 
6288.026690000 126 
6288.027245500 126 
6288.027801000 127 
6288.028356500 126 
6288.028912000 126 
6288.029467500 127 
6288.030023000 127 
6288.030578500 128 
6288.031134000 127 
6288.031689500 127 
6288.032245000 127 
6288.032800500 128 
6288.033356000 129 
6288.033911500 129 
6288.034467000 128 
6288.035022500 128 
6288.035578000 130 
6288.036133500 129 
6288.036689000 129 
6288.037244500 128 
6288.037800000 129 
6288.038355500 128 
6288.038911000 128 
6288.039466500 127 
6288.040022000 128 
6288.040577500 127 
6288.041133000 127 
6288.041688500 127 
6288.042244000 127 
6288.042799500 126 
6288.043355000 127 
6288.043910500 127 
6288.044466000 126 
6288.045021500 126 
6288.045577000 126 
6288.046132500 126 
6288.046688000 127 
6288.047243500 126 
6288.047799000 126 
6288.048354500 127 
6288.048910000 126 
6288.049465500 127 
6288.050021000 127 
6288.050576500 128 
6288.051132000 128 
6288.051687500 128 
6288.052243000 128 
6288.052798500 128 
6288.053354000 129 
6288.053909500 128 
6288.054465000 128 
6288.055020500 128 
6288.055576000 129 
6288.056131500 129 
6288.056687000 129 
6288.057242500 129 
6288.057798000 128 
6288.058353500 128 
6288.058909000 128 
6288.059464500 128 
6288.060020000 128 
6288.060575500 128 
6288.061131000 128 
6288.061686500 127 
6288.062242000 127 
6288.062797500 126 
6288.063353000 127 
6288.063908500 126 
6288.064464000 128 
6288.065019500 126 
6288.065575000 127 
6288.066130500 126 
6288.066686000 126 
6288.067241500 127 
6288.067797000 126 
6288.068352500 127 
6288.068908000 128 
6288.069463500 126 
6288.070019000 127 
6288.070574500 127 
6288.071130000 127 
6288.071685500 128 
6288.072241000 128 
6288.072796500 128 
6288.073352000 128 
6288.073907500 128 
6288.074463000 129 
6288.075018500 128 
6288.075574000 130 
6288.076129500 128 
6288.076685000 129 
6288.077240500 127 
6288.077796000 129 
6288.078351500 128 
6288.078907000 128 
6288.079462500 128 
6288.080018000 127 
6288.080573500 127 
6288.081129000 128 
6288.081684500 126 
6288.082240000 127 
6288.082795500 126 
6288.083351000 126 
6288.083906500 127 
6288.084462000 127 
6288.085017500 125 
6288.085573000 126 
6288.086128500 127 
6288.086684000 126 
6288.087239500 127 
6288.087795000 126 
6288.088350500 127 
6288.088906000 127 
6288.089461500 126 
6288.090017000 128 
6288.090572500 127 
6288.091128000 127 
6288.091683500 129 
6288.092239000 127 
6288.092794500 129 
6288.093350000 128 
6288.093905500 129 
6288.094461000 128 
6288.095016500 129 
6288.095572000 130 
6288.096127500 128 
6288.096683000 129 
6288.097238500 129 
6288.097794000 129 
6288.098349500 128 
6288.098905000 128 
6288.099460500 128 
6288.100016000 127 
6288.100571500 128 
6288.101127000 127 
6288.101682500 127 
6288.102238000 127 
6288.102793500 127 
6288.103349000 126 
6288.103904500 126 
6288.104460000 127 
6288.105015500 126 
6288.105571000 126 
6288.106126500 126 
6288.106682000 126 
6288.107237500 126 
6288.107793000 127 
6288.108348500 126 
6288.108904000 127 
6288.109459500 127 
6288.110015000 127 
6288.110570500 127 
6288.111126000 128 
6288.111681500 128 
6288.112237000 127 
6288.112792500 129 
6288.113348000 128 
6288.113903500 129 
6288.114459000 128 
6288.115014500 128 
6288.115570000 129 
6288.116125500 128 
6288.116681000 128 
6288.117236500 129 
6288.117792000 129 
6288.118347500 128 
6288.118903000 129 
6288.119458500 127 
6288.120014000 127 
6288.120569500 128 
6288.121125000 127 
6288.121680500 127 
6288.122236000 127 
6288.122791500 126 
6288.123347000 126 
6288.123902500 127 
6288.124458000 127 
6288.125013500 126 
6288.125569000 126 
6288.126124500 126 
6288.126680000 126 
6288.127235500 126 
6288.127791000 127 
6288.128346500 127 
6288.128902000 126 
6288.129457500 128 
6288.130013000 127 
6288.130568500 127 
6288.131124000 128 
6288.131679500 127 
6288.132235000 128 
6288.132790500 130 
6288.133346000 129 
6288.133901500 128 
6288.134457000 129 
6288.135012500 128 
6288.135568000 129 
6288.136123500 128 
6288.136679000 128 
6288.137234500 129 
6288.137790000 128 
6288.138345500 128 
6288.138901000 129 
6288.139456500 128 
6288.140012000 127 
6288.140567500 128 
6288.141123000 127 
6288.141678500 128 
6288.142234000 126 
6288.142789500 127 
6288.143345000 126 
6288.143900500 126 
6288.144456000 127 
6288.145011500 127 
6288.145567000 126 
6288.146122500 126 
6288.146678000 126 
6288.147233500 127 
6288.147789000 126 
6288.148344500 127 
6288.148900000 127 
6288.149455500 127 
6288.150011000 127 
6288.150566500 127 
6288.151122000 127 
6288.151677500 127 
6288.152233000 128 
6288.152788500 129 
6288.153344000 128 
6288.153899500 128 
6288.154455000 129 
6288.155010500 128 
6288.155566000 129 
6288.156121500 129 
6288.156677000 129 
6288.157232500 129 
6288.157788000 128 
6288.158343500 129 
6288.158899000 128 
6288.159454500 128 
6288.160010000 128 
6288.160565500 127 
6288.161121000 127 
6288.161676500 127 
6288.162232000 127 
6288.162787500 126 
6288.163343000 126 
6288.163898500 128 
6288.164454000 126 
6288.165009500 126 
6288.165565000 125 
6288.166120500 127 
6288.166676000 126 
6288.167231500 126 
6288.167787000 126 
6288.168342500 127 
6288.168898000 126 
6288.169453500 127 
6288.170009000 127 
6288.170564500 127 
6288.171120000 127 
6288.171675500 128 
6288.172231000 128 
6288.172786500 129 
6288.173342000 128 
6288.173897500 128 
6288.174453000 129 
6288.175008500 128 
6288.175564000 130 
6288.176119500 128 
6288.176675000 129 
6288.177230500 128 
6288.177786000 129 
6288.178341500 128 
6288.178897000 128 
6288.179452500 129 
6288.180008000 127 
6288.180563500 127 
6288.181119000 128 
6288.181674500 127 
6288.182230000 127 
6288.182785500 127 
6288.183341000 126 
6288.183896500 126 
6288.184452000 127 
6288.185007500 126 
6288.185563000 126 
6288.186118500 126 
6288.186674000 126 
6288.187229500 127 
6288.187785000 126 
6288.188340500 126 
6288.188896000 127 
6288.189451500 126 
6288.190007000 127 
6288.190562500 128 
6288.191118000 127 
6288.191673500 128 
6288.192229000 128 
6288.192784500 128 
6288.193340000 129 
6288.193895500 128 
6288.194451000 128 
6288.195006500 128 
6288.195562000 129 
6288.196117500 129 
6288.196673000 128 
6288.197228500 129 
6288.197784000 129 
6288.198339500 128 
6288.198895000 128 
6288.199450500 128 
6288.200006000 128 
6288.200561500 128 
6288.201117000 127 
6288.201672500 127 
6288.202228000 127 
6288.202783500 126 
6288.203339000 126 
6288.203894500 127 
6288.204450000 126 
6288.205005500 126 
6288.205561000 126 
6288.206116500 126 
6288.206672000 126 
6288.207227500 126 
6288.207783000 126 
6288.208338500 127 
6288.208894000 127 
6288.209449500 126 
6288.210005000 127 
6288.210560500 127 
6288.211116000 127 
6288.211671500 128 
6288.212227000 127 
6288.212782500 128 
6288.213338000 129 
6288.213893500 129 
6288.214449000 128 
6288.215004500 128 
6288.215560000 130 
6288.216115500 128 
6288.216671000 129 
6288.217226500 128 
6288.217782000 129 
6288.218337500 127 
6288.218893000 128 
6288.219448500 127 
6288.220004000 128 
6288.220559500 128 
6288.221115000 127 
6288.221670500 128 
6288.222226000 127 
6288.222781500 126 
6288.223337000 127 
6288.223892500 126 
6288.224448000 126 
6288.225003500 126 
6288.225559000 125 
6288.226114500 127 
6288.226670000 125 
6288.227225500 127 
6288.227781000 126 
6288.228336500 126 
6288.228892000 127 
6288.229447500 127 
6288.230003000 127 
6288.230558500 127 
6288.231114000 127 
6288.231669500 127 
6288.232225000 128 
6288.232780500 128 
6288.233336000 128 
6288.233891500 129 
6288.234447000 128 
6288.235002500 128 
6288.235558000 130 
6288.236113500 128 
6288.236669000 129 
6288.237224500 129 
6288.237780000 128 
6288.238335500 129 
6288.238891000 128 
6288.239446500 129 
6288.240002000 128 
6288.240557500 127 
6288.241113000 128 
6288.241668500 127 
6288.242224000 127 
6288.242779500 126 
6288.243335000 127 
6288.243890500 127 
6288.244446000 127 
6288.245001500 126 
6288.245557000 126 
6288.246112500 125 
6288.246668000 127 
6288.247223500 126 
6288.247779000 127 
6288.248334500 127 
6288.248890000 126 
6288.249445500 127 
6288.250001000 126 
6288.250556500 128 
6288.251112000 128 
6288.251667500 127 
6288.252223000 129 
6288.252778500 128 
6288.253334000 128 
6288.253889500 128 
6288.254445000 127 
6288.255000500 129 
6288.255556000 130 
6288.256111500 128 
6288.256667000 129 
6288.257222500 129 
6288.257778000 128 
6288.258333500 129 
6288.258889000 128 
6288.259444500 128 
6288.260000000 128 
6288.260555500 128 
6288.261111000 128 
6288.261666500 127 
6288.262222000 128 
6288.262777500 126 
6288.263333000 126 
6288.263888500 127 
6288.264444000 126 
6288.264999500 127 
6288.265555000 126 
6288.266110500 126 
6288.266666000 126 
6288.267221500 126 
6288.267777000 127 
6288.268332500 127 
6288.268888000 127 
6288.269443500 128 
6288.269999000 127 
6288.270554500 128 
6288.271110000 127 
6288.271665500 128 
6288.272221000 128 
6288.272776500 128 
6288.273332000 128 
6288.273887500 129 
6288.274443000 128 
6288.274998500 129 
6288.275554000 129 
6288.276109500 129 
6288.276665000 128 
6288.277220500 129 
6288.277776000 128 
6288.278331500 128 
6288.278887000 128 
6288.279442500 127 
6288.279998000 128 
6288.280553500 127 
6288.281109000 127 
6288.281664500 127 
6288.282220000 127 
6288.282775500 126 
6288.283331000 126 
6288.283886500 126 
6288.284442000 126 
6288.284997500 127 
6288.285553000 125 
6288.286108500 126 
6288.286664000 126 
6288.287219500 127 
6288.287775000 126 
6288.288330500 126 
6288.288886000 127 
6288.289441500 127 
6288.289997000 127 
6288.290552500 127 
6288.291108000 127 
6288.291663500 128 
6288.292219000 128 
6288.292774500 128 
6288.293330000 129 
6288.293885500 128 
6288.294441000 129 
6288.294996500 129 
6288.295552000 129 
6288.296107500 129 
6288.296663000 129 
6288.297218500 128 
6288.297774000 129 
6288.298329500 128 
6288.298885000 128 
6288.299440500 128 
6288.299996000 128 
6288.300551500 127 
6288.301107000 128 
6288.301662500 127 
6288.302218000 127 
6288.302773500 126 
6288.303329000 127 
6288.303884500 126 
6288.304440000 127 
6288.304995500 125 
6288.305551000 126 
6288.306106500 126 
6288.306662000 126 
6288.307217500 127 
6288.307773000 126 
6288.308328500 126 
6288.308884000 127 
6288.309439500 126 
6288.309995000 127 
6288.310550500 127 
6288.311106000 127 
6288.311661500 128 
6288.312217000 128 
6288.312772500 128 
6288.313328000 128 
6288.313883500 129 
6288.314439000 128 
6288.314994500 128 
6288.315550000 129 
6288.316105500 129 
6288.316661000 128 
6288.317216500 129 
6288.317772000 128 
6288.318327500 128 
6288.318883000 128 
6288.319438500 128 
6288.319994000 128 
6288.320549500 128 
6288.321105000 127 
6288.321660500 127 
6288.322216000 127 
6288.322771500 127 
6288.323327000 126 
6288.323882500 126 
6288.324438000 127 
6288.324993500 126 
6288.325549000 126 
6288.326104500 126 
6288.326660000 126 
6288.327215500 126 
6288.327771000 127 
6288.328326500 126 
6288.328882000 127 
6288.329437500 127 
6288.329993000 126 
6288.330548500 128 
6288.331104000 127 
6288.331659500 128 
6288.332215000 127 
6288.332770500 129 
6288.333326000 128 
6288.333881500 128 
6288.334437000 129 
6288.334992500 128 
6288.335548000 129 
6288.336103500 129 
6288.336659000 129 
6288.337214500 128 
6288.337770000 129 
6288.338325500 128 
6288.338881000 128 
6288.339436500 128 
6288.339992000 127 
6288.340547500 128 
6288.341103000 127 
6288.341658500 127 
6288.342214000 126 
6288.342769500 127 
6288.343325000 127 
6288.343880500 126 
6288.344436000 127 
6288.344991500 125 
6288.345547000 125 
6288.346102500 127 
6288.346658000 126 
6288.347213500 127 
6288.347769000 127 
6288.348324500 127 
6288.348880000 127 
6288.349435500 127 
6288.349991000 127 
6288.350546500 127 
6288.351102000 128 
6288.351657500 127 
6288.352213000 128 
6288.352768500 128 
6288.353324000 128 
6288.353879500 129 
6288.354435000 128 
6288.354990500 129 
6288.355546000 129 
6288.356101500 129 
6288.356657000 129 
6288.357212500 128 
6288.357768000 129 
6288.358323500 128 
6288.358879000 129 
6288.359434500 128 
6288.359990000 128 
6288.360545500 128 
6288.361101000 127 
6288.361656500 127 
6288.362212000 127 
6288.362767500 126 
6288.363323000 126 
6288.363878500 127 
6288.364434000 127 
6288.364989500 126 
6288.365545000 126 
6288.366100500 126 
6288.366656000 126 
6288.367211500 126 
6288.367767000 126 
6288.368322500 126 
6288.368878000 126 
6288.369433500 126 
6288.369989000 126 
6288.370544500 128 
6288.371100000 127 
6288.371655500 128 
6288.372211000 128 
6288.372766500 129 
6288.373322000 128 
6288.373877500 128 
6288.374433000 128 
6288.374988500 128 
6288.375544000 129 
6288.376099500 128 
6288.376655000 129 
6288.377210500 128 
6288.377766000 128 
6288.378321500 128 
6288.378877000 128 
6288.379432500 128 
6288.379988000 128 
6288.380543500 128 
6288.381099000 127 
6288.381654500 127 
6288.382210000 128 
6288.382765500 126 
6288.383321000 126 
6288.383876500 127 
6288.384432000 127 
6288.384987500 126 
6288.385543000 126 
6288.386098500 127 
6288.386654000 126 
6288.387209500 127 
6288.387765000 126 
6288.388320500 126 
6288.388876000 126 
6288.389431500 128 
6288.389987000 127 
6288.390542500 127 
6288.391098000 128 
6288.391653500 128 
6288.392209000 127 
6288.392764500 129 
6288.393320000 128 
6288.393875500 129 
6288.394431000 128 
6288.394986500 128 
6288.395542000 129 
6288.396097500 128 
6288.396653000 129 
6288.397208500 128 
6288.397764000 129 
6288.398319500 128 
6288.398875000 129 
6288.399430500 127 
6288.399986000 128 
6288.400541500 127 
6288.401097000 128 
6288.401652500 127 
6288.402208000 127 
6288.402763500 127 
6288.403319000 126 
6288.403874500 127 
6288.404430000 126 
6288.404985500 126 
6288.405541000 126 
6288.406096500 126 
6288.406652000 127 
6288.407207500 126 
6288.407763000 126 
6288.408318500 127 
6288.408874000 126 
6288.409429500 127 
6288.409985000 127 
6288.410540500 127 
6288.411096000 127 
6288.411651500 128 
6288.412207000 128 
6288.412762500 128 
6288.413318000 129 
6288.413873500 129 
6288.414429000 128 
6288.414984500 129 
6288.415540000 129 
6288.416095500 128 
6288.416651000 129 
6288.417206500 128 
6288.417762000 129 
6288.418317500 129 
6288.418873000 128 
6288.419428500 128 
6288.419984000 128 
6288.420539500 127 
6288.421095000 128 
6288.421650500 127 
6288.422206000 128 
6288.422761500 126 
6288.423317000 127 
6288.423872500 127 
6288.424428000 126 
6288.424983500 127 
6288.425539000 126 
6288.426094500 126 
6288.426650000 127 
6288.427205500 126 
6288.427761000 127 
6288.428316500 126 
6288.428872000 127 
6288.429427500 126 
6288.429983000 128 
6288.430538500 127 
6288.431094000 128 
6288.431649500 128 
6288.432205000 127 
6288.432760500 129 
6288.433316000 128 
6288.433871500 128 
6288.434427000 129 
6288.434982500 128 
6288.435538000 129 
6288.436093500 128 
6288.436649000 129 
6288.437204500 129 
6288.437760000 128 
6288.438315500 129 
6288.438871000 128 
6288.439426500 128 
6288.439982000 129 
6288.440537500 127 
6288.441093000 128 
6288.441648500 127 
6288.442204000 127 
6288.442759500 127 
6288.443315000 127 
6288.443870500 127 
6288.444426000 126 
6288.444981500 126 
6288.445537000 126 
6288.446092500 126 
6288.446648000 127 
6288.447203500 126 
6288.447759000 127 
6288.448314500 126 
6288.448870000 126 
6288.449425500 128 
6288.449981000 127 
6288.450536500 127 
6288.451092000 128 
6288.451647500 127 
6288.452203000 128 
6288.452758500 129 
6288.453314000 129 
6288.453869500 129 
6288.454425000 128 
6288.454980500 129 
6288.455536000 130 
6288.456091500 128 
6288.456647000 129 
6288.457202500 128 
6288.457758000 129 
6288.458313500 128 
6288.458869000 128 
6288.459424500 128 
6288.459980000 128 
6288.460535500 127 
6288.461091000 128 
6288.461646500 127 
6288.462202000 127 
6288.462757500 126 
6288.463313000 126 
6288.463868500 127 
6288.464424000 127 
6288.464979500 126 
6288.465535000 126 
6288.466090500 127 
6288.466646000 126 
6288.467201500 127 
6288.467757000 126 
6288.468312500 127 
6288.468868000 126 
6288.469423500 127 
6288.469979000 128 
6288.470534500 127 
6288.471090000 128 
6288.471645500 127 
6288.472201000 129 
6288.472756500 129 
6288.473312000 128 
6288.473867500 129 
6288.474423000 128 
6288.474978500 129 
6288.475534000 128 
6288.476089500 129 
6288.476645000 128 
6288.477200500 129 
6288.477756000 129 
6288.478311500 128 
6288.478867000 128 
6288.479422500 128 
6288.479978000 127 
6288.480533500 128 
6288.481089000 127 
6288.481644500 127 
6288.482200000 127 
6288.482755500 127 
6288.483311000 126 
6288.483866500 127 
6288.484422000 126 
6288.484977500 126 
6288.485533000 127 
6288.486088500 127 
6288.486644000 126 
6288.487199500 126 
6288.487755000 126 
6288.488310500 127 
6288.488866000 126 
6288.489421500 127 
6288.489977000 127 
6288.490532500 127 
6288.491088000 128 
6288.491643500 128 
6288.492199000 128 
6288.492754500 128 
6288.493310000 128 
6288.493865500 128 
6288.494421000 128 
6288.494976500 129 
6288.495532000 129 
6288.496087500 129 
6288.496643000 128 
6288.497198500 128 
6288.497754000 129 
6288.498309500 128 
6288.498865000 129 
6288.499420500 128 
6288.499976000 128 
6288.500531500 129 
6288.501087000 127 
6288.501642500 127 
6288.502198000 127 
6288.502753500 126 
6288.503309000 128 
6288.503864500 126 
6288.504420000 127 
6288.504975500 127 
6288.505531000 126 
6288.506086500 127 
6288.506642000 126 
6288.507197500 126 
6288.507753000 126 
6288.508308500 126 
6288.508864000 127 
6288.509419500 127 
6288.509975000 127 
6288.510530500 128 
6288.511086000 127 
6288.511641500 128 
6288.512197000 129 
6288.512752500 128 
6288.513308000 128 
6288.513863500 129 
6288.514419000 128 
6288.514974500 129 
6288.515530000 129 
6288.516085500 128 
6288.516641000 129 
6288.517196500 129 
6288.517752000 129 
6288.518307500 129 
6288.518863000 128 
6288.519418500 128 
6288.519974000 127 
6288.520529500 128 
6288.521085000 127 
6288.521640500 127 
6288.522196000 126 
6288.522751500 126 
6288.523307000 126 
6288.523862500 127 
6288.524418000 126 
6288.524973500 126 
6288.525529000 127 
6288.526084500 127 
6288.526640000 126 
6288.527195500 127 
6288.527751000 126 
6288.528306500 126 
6288.528862000 126 
6288.529417500 127 
6288.529973000 127 
6288.530528500 127 
6288.531084000 128 
6288.531639500 127 
6288.532195000 129 
6288.532750500 128 
6288.533306000 128 
6288.533861500 129 
6288.534417000 128 
6288.534972500 129 
6288.535528000 129 
6288.536083500 129 
6288.536639000 128 
6288.537194500 129 
6288.537750000 128 
6288.538305500 129 
6288.538861000 128 
6288.539416500 129 
6288.539972000 128 
6288.540527500 127 
6288.541083000 128 
6288.541638500 127 
6288.542194000 127 
6288.542749500 127 
6288.543305000 126 
6288.543860500 127 
6288.544416000 126 
6288.544971500 127 
6288.545527000 126 
6288.546082500 126 
6288.546638000 126 
6288.547193500 126 
6288.547749000 127 
6288.548304500 126 
6288.548860000 126 
6288.549415500 127 
6288.549971000 126 
6288.550526500 127 
6288.551082000 128 
6288.551637500 127 
6288.552193000 128 
6288.552748500 128 
6288.553304000 128 
6288.553859500 129 
6288.554415000 128 
6288.554970500 129 
6288.555526000 128 
6288.556081500 129 
6288.556637000 130 
6288.557192500 128 
6288.557748000 128 
6288.558303500 129 
6288.558859000 128 
6288.559414500 129 
6288.559970000 127 
6288.560525500 128 
6288.561081000 127 
6288.561636500 127 
6288.562192000 127 
6288.562747500 126 
6288.563303000 127 
6288.563858500 127 
6288.564414000 126 
6288.564969500 126 
6288.565525000 126 
6288.566080500 127 
6288.566636000 125 
6288.567191500 127 
6288.567747000 126 
6288.568302500 126 
6288.568858000 127 
6288.569413500 127 
6288.569969000 126 
6288.570524500 128 
6288.571080000 127 
6288.571635500 128 
6288.572191000 128 
6288.572746500 129 
6288.573302000 128 
6288.573857500 128 
6288.574413000 129 
6288.574968500 128 
6288.575524000 128 
6288.576079500 128 
6288.576635000 129 
6288.577190500 128 
6288.577746000 129 
6288.578301500 129 
6288.578857000 128 
6288.579412500 128 
6288.579968000 128 
6288.580523500 127 
6288.581079000 127 
6288.581634500 127 
6288.582190000 127 
6288.582745500 126 
6288.583301000 127 
6288.583856500 126 
6288.584412000 126 
6288.584967500 127 
6288.585523000 126 
6288.586078500 127 
6288.586634000 126 
6288.587189500 126 
6288.587745000 126 
6288.588300500 127 
6288.588856000 127 
6288.589411500 127 
6288.589967000 128 
6288.590522500 127 
6288.591078000 128 
6288.591633500 127 
6288.592189000 128 
6288.592744500 128 
6288.593300000 128 
6288.593855500 129 
6288.594411000 128 
6288.594966500 129 
6288.595522000 128 
6288.596077500 129 
6288.596633000 129 
6288.597188500 128 
6288.597744000 129 
6288.598299500 129 
6288.598855000 128 
6288.599410500 129 
6288.599966000 127 
6288.600521500 128 
6288.601077000 127 
6288.601632500 128 
6288.602188000 127 
6288.602743500 126 
6288.603299000 127 
6288.603854500 126 
6288.604410000 126 
6288.604965500 126 
6288.605521000 127 
6288.606076500 126 
6288.606632000 126 
6288.607187500 126 
6288.607743000 126 
6288.608298500 127 
6288.608854000 127 
6288.609409500 126 
6288.609965000 126 
6288.610520500 127 
6288.611076000 128 
6288.611631500 128 
6288.612187000 128 
6288.612742500 129 
6288.613298000 128 
6288.613853500 129 
6288.614409000 128 
6288.614964500 128 
6288.615520000 129 
6288.616075500 128 
6288.616631000 129 
6288.617186500 128 
6288.617742000 128 
6288.618297500 129 
6288.618853000 128 
6288.619408500 128 
6288.619964000 128 
6288.620519500 128 
6288.621075000 127 
6288.621630500 128 
6288.622186000 127 
6288.622741500 127 
6288.623297000 126 
6288.623852500 126 
6288.624408000 127 
6288.624963500 126 
6288.625519000 126 
6288.626074500 127 
6288.626630000 125 
6288.627185500 126 
6288.627741000 127 
6288.628296500 126 
6288.628852000 127 
6288.629407500 127 
6288.629963000 127 
6288.630518500 128 
6288.631074000 127 
6288.631629500 128 
6288.632185000 128 
6288.632740500 129 
6288.633296000 128 
6288.633851500 128 
6288.634407000 129 
6288.634962500 128 
6288.635518000 129 
6288.636073500 129 
6288.636629000 128 
6288.637184500 129 
6288.637740000 128 
6288.638295500 128 
6288.638851000 128 
6288.639406500 128 
6288.639962000 128 
6288.640517500 127 
6288.641073000 127 
6288.641628500 127 
6288.642184000 127 
6288.642739500 126 
6288.643295000 127 
6288.643850500 126 
6288.644406000 126 
6288.644961500 126 
6288.645517000 125 
6288.646072500 126 
6288.646628000 127 
6288.647183500 127 
6288.647739000 126 
6288.648294500 127 
6288.648850000 126 
6288.649405500 127 
6288.649961000 128 
6288.650516500 127 
6288.651072000 128 
6288.651627500 127 
6288.652183000 128 
6288.652738500 128 
6288.653294000 129 
6288.653849500 128 
6288.654405000 128 
6288.654960500 129 
6288.655516000 128 
6288.656071500 129 
6288.656627000 129 
6288.657182500 129 
6288.657738000 128 
6288.658293500 128 
6288.658849000 128 
6288.659404500 128 
6288.659960000 128 
6288.660515500 128 
6288.661071000 128 
6288.661626500 127 
6288.662182000 127 
6288.662737500 126 
6288.663293000 126 
6288.663848500 127 
6288.664404000 126 
6288.664959500 127 
6288.665515000 127 
6288.666070500 126 
6288.666626000 126 
6288.667181500 126 
6288.667737000 127 
6288.668292500 126 
6288.668848000 127 
6288.669403500 127 
6288.669959000 127 
6288.670514500 127 
6288.671070000 128 
6288.671625500 127 
6288.672181000 127 
6288.672736500 127 
6288.673292000 129 
6288.673847500 127 
6288.674403000 129 
6288.674958500 128 
6288.675514000 128 
6288.676069500 128 
6288.676625000 129 
6288.677180500 128 
6288.677736000 128 
6288.678291500 128 
6288.678847000 127 
6288.679402500 128 
6288.679958000 128 
6288.680513500 128 
6288.681069000 127 
6288.681624500 127 
6288.682180000 127 
6288.682735500 126 
6288.683291000 127 
6288.683846500 126 
6288.684402000 126 
6288.684957500 126 
6288.685513000 126 
6288.686068500 127 
6288.686624000 126 
6288.687179500 126 
6288.687735000 127 
6288.688290500 126 
6288.688846000 127 
6288.689401500 126 
6288.689957000 128 
6288.690512500 127 
6288.691068000 127 
6288.691623500 129 
6288.692179000 128 
6288.692734500 128 
6288.693290000 129 
6288.693845500 128 
6288.694401000 128 
6288.694956500 129 
6288.695512000 128 
6288.696067500 129 
6288.696623000 129 
6288.697178500 128 
6288.697734000 128 
6288.698289500 129 
6288.698845000 127 
6288.699400500 128 
6288.699956000 128 
6288.700511500 127 
6288.701067000 128 
6288.701622500 126 
6288.702178000 128 
6288.702733500 126 
6288.703289000 127 
6288.703844500 126 
6288.704400000 126 
6288.704955500 126 
6288.705511000 126 
6288.706066500 126 
6288.706622000 126 
6288.707177500 126 
6288.707733000 126 
6288.708288500 127 
6288.708844000 126 
6288.709399500 127 
6288.709955000 128 
6288.710510500 126 
6288.711066000 127 
6288.711621500 128 
6288.712177000 127 
6288.712732500 129 
6288.713288000 128 
6288.713843500 129 
6288.714399000 128 
6288.714954500 128 
6288.715510000 129 
6288.716065500 128 
6288.716621000 129 
6288.717176500 128 
6288.717732000 129 
6288.718287500 129 
6288.718843000 128 
6288.719398500 129 
6288.719954000 128 
6288.720509500 128 
6288.721065000 127 
6288.721620500 127 
6288.722176000 127 
6288.722731500 127 
6288.723287000 126 
6288.723842500 126 
6288.724398000 127 
6288.724953500 126 
6288.725509000 127 
6288.726064500 126 
6288.726620000 126 
6288.727175500 126 
6288.727731000 127 
6288.728286500 127 
6288.728842000 127 
6288.729397500 127 
6288.729953000 126 
6288.730508500 128 
6288.731064000 127 
6288.731619500 128 
6288.732175000 127 
6288.732730500 129 
6288.733286000 129 
6288.733841500 128 
6288.734397000 128 
6288.734952500 129 
6288.735508000 129 
6288.736063500 129 
6288.736619000 128 
6288.737174500 129 
6288.737730000 128 
6288.738285500 128 
6288.738841000 129 
6288.739396500 128 
6288.739952000 128 
6288.740507500 128 
6288.741063000 127 
6288.741618500 127 
6288.742174000 127 
6288.742729500 127 
6288.743285000 126 
6288.743840500 126 
6288.744396000 126 
6288.744951500 126 
6288.745507000 127 
6288.746062500 126 
6288.746618000 126 
6288.747173500 126 
6288.747729000 126 
6288.748284500 127 
6288.748840000 126 
6288.749395500 128 
6288.749951000 127 
6288.750506500 127 
6288.751062000 128 
6288.751617500 127 
6288.752173000 128 
6288.752728500 129 
6288.753284000 128 
6288.753839500 129 
6288.754395000 129 
6288.754950500 128 
6288.755506000 129 
6288.756061500 129 
6288.756617000 128 
6288.757172500 129 
6288.757728000 128 
6288.758283500 129 
6288.758839000 128 
6288.759394500 128 
6288.759950000 127 
6288.760505500 128 
6288.761061000 127 
6288.761616500 127 
6288.762172000 126 
6288.762727500 127 
6288.763283000 126 
6288.763838500 127 
6288.764394000 126 
6288.764949500 126 
6288.765505000 125 
6288.766060500 127 
6288.766616000 126 
6288.767171500 126 
6288.767727000 126 
6288.768282500 126 
6288.768838000 127 
6288.769393500 126 
6288.769949000 127 
6288.770504500 127 
6288.771060000 127 
6288.771615500 128 
6288.772171000 128 
6288.772726500 128 
6288.773282000 129 
6288.773837500 128 
6288.774393000 128 
6288.774948500 129 
6288.775504000 128 
6288.776059500 128 
6288.776615000 128 
6288.777170500 129 
6288.777726000 129 
6288.778281500 128 
6288.778837000 128 
6288.779392500 128 
6288.779948000 128 
6288.780503500 128 
6288.781059000 128 
6288.781614500 127 
6288.782170000 128 
6288.782725500 127 
6288.783281000 125 
6288.783836500 127 
6288.784392000 127 
6288.784947500 126 
6288.785503000 126 
6288.786058500 126 
6288.786614000 126 
6288.787169500 126 
6288.787725000 126 
6288.788280500 126 
6288.788836000 127 
6288.789391500 127 
6288.789947000 127 
6288.790502500 127 
6288.791058000 127 
6288.791613500 127 
6288.792169000 128 
6288.792724500 128 
6288.793280000 129 
6288.793835500 129 
6288.794391000 128 
6288.794946500 129 
6288.795502000 128 
6288.796057500 128 
6288.796613000 129 
6288.797168500 128 
6288.797724000 128 
6288.798279500 129 
6288.798835000 128 
6288.799390500 128 
6288.799946000 127 
6288.800501500 127 
6288.801057000 127 
6288.801612500 127 
6288.802168000 126 
6288.802723500 127 
6288.803279000 126 
6288.803834500 126 
6288.804390000 126 
6288.804945500 126 
6288.805501000 126 
6288.806056500 126 
6288.806612000 127 
6288.807167500 126 
6288.807723000 126 
6288.808278500 127 
6288.808834000 126 
6288.809389500 127 
6288.809945000 127 
6288.810500500 127 
6288.811056000 128 
6288.811611500 127 
6288.812167000 128 
6288.812722500 128 
6288.813278000 129 
6288.813833500 128 
6288.814389000 128 
6288.814944500 129 
6288.815500000 128 
6288.816055500 129 
6288.816611000 129 
6288.817166500 128 
6288.817722000 129 
6288.818277500 128 
6288.818833000 128 
6288.819388500 127 
6288.819944000 128 
6288.820499500 127 
6288.821055000 127 
6288.821610500 127 
6288.822166000 127 
6288.822721500 127 
6288.823277000 126 
6288.823832500 126 
6288.824388000 126 
6288.824943500 126 
6288.825499000 126 
6288.826054500 127 
6288.826610000 126 
6288.827165500 126 
6288.827721000 127 
6288.828276500 126 
6288.828832000 127 
6288.829387500 126 
6288.829943000 127 
6288.830498500 127 
6288.831054000 127 
6288.831609500 128 
6288.832165000 128 
6288.832720500 128 
6288.833276000 128 
6288.833831500 129 
6288.834387000 129 
6288.834942500 128 
6288.835498000 128 
6288.836053500 128 
6288.836609000 129 
6288.837164500 129 
6288.837720000 128 
6288.838275500 128 
6288.838831000 129 
6288.839386500 128 
6288.839942000 127 
6288.840497500 128 
6288.841053000 128 
6288.841608500 126 
6288.842164000 127 
6288.842719500 127 
6288.843275000 126 
6288.843830500 126 
6288.844386000 127 
6288.844941500 126 
6288.845497000 126 
6288.846052500 126 
6288.846608000 127 
6288.847163500 127 
6288.847719000 126 
6288.848274500 127 
6288.848830000 127 
6288.849385500 126 
6288.849941000 128 
6288.850496500 127 
6288.851052000 127 
6288.851607500 128 
6288.852163000 127 
6288.852718500 129 
6288.853274000 128 
6288.853829500 129 
6288.854385000 129 
6288.854940500 128 
6288.855496000 129 
6288.856051500 128 
6288.856607000 129 
6288.857162500 128 
6288.857718000 129 
6288.858273500 128 
6288.858829000 128 
6288.859384500 128 
6288.859940000 127 
6288.860495500 128 
6288.861051000 128 
6288.861606500 127 
6288.862162000 127 
6288.862717500 127 
6288.863273000 126 
6288.863828500 126 
6288.864384000 126 
6288.864939500 126 
6288.865495000 126 
6288.866050500 126 
6288.866606000 127 
6288.867161500 126 
6288.867717000 127 
6288.868272500 126 
6288.868828000 126 
6288.869383500 127 
6288.869939000 127 
6288.870494500 128 
6288.871050000 127 
6288.871605500 127 
6288.872161000 129 
6288.872716500 128 
6288.873272000 129 
6288.873827500 128 
6288.874383000 129 
6288.874938500 128 
6288.875494000 129 
6288.876049500 129 
6288.876605000 128 
6288.877160500 129 
6288.877716000 128 
6288.878271500 129 
6288.878827000 128 
6288.879382500 128 
6288.879938000 128 
6288.880493500 128 
6288.881049000 127 
6288.881604500 127 
6288.882160000 127 
6288.882715500 126 
6288.883271000 127 
6288.883826500 126 
6288.884382000 127 
6288.884937500 126 
6288.885493000 126 
6288.886048500 127 
6288.886604000 126 
6288.887159500 126 
6288.887715000 127 
6288.888270500 127 
6288.888826000 127 
6288.889381500 127 
6288.889937000 127 
6288.890492500 127 
6288.891048000 127 
6288.891603500 128 
6288.892159000 128 
6288.892714500 129 
6288.893270000 128 
6288.893825500 128 
6288.894381000 128 
6288.894936500 128 
6288.895492000 128 
6288.896047500 129 
6288.896603000 129 
6288.897158500 129 
6288.897714000 128 
6288.898269500 129 
6288.898825000 128 
6288.899380500 128 
6288.899936000 128 
6288.900491500 127 
6288.901047000 128 
6288.901602500 126 
6288.902158000 127 
6288.902713500 127 
6288.903269000 126 
6288.903824500 127 
6288.904380000 127 
6288.904935500 127 
6288.905491000 126 
6288.906046500 127 
6288.906602000 126 
6288.907157500 126 
6288.907713000 127 
6288.908268500 126 
6288.908824000 127 
6288.909379500 127 
6288.909935000 127 
6288.910490500 127 
6288.911046000 128 
6288.911601500 128 
6288.912157000 127 
6288.912712500 128 
6288.913268000 129 
6288.913823500 128 
6288.914379000 128 
6288.914934500 128 
6288.915490000 130 
6288.916045500 128 
6288.916601000 129 
6288.917156500 128 
6288.917712000 129 
6288.918267500 128 
6288.918823000 128 
6288.919378500 128 
6288.919934000 127 
6288.920489500 128 
6288.921045000 127 
6288.921600500 127 
6288.922156000 127 
6288.922711500 127 
6288.923267000 126 
6288.923822500 126 
6288.924378000 126 
6288.924933500 126 
6288.925489000 126 
6288.926044500 126 
6288.926600000 127 
6288.927155500 126 
6288.927711000 127 
6288.928266500 126 
6288.928822000 127 
6288.929377500 126 
6288.929933000 127 
6288.930488500 128 
6288.931044000 127 
6288.931599500 128 
6288.932155000 128 
6288.932710500 129 
6288.933266000 128 
6288.933821500 129 
6288.934377000 128 
6288.934932500 129 
6288.935488000 128 
6288.936043500 129 
6288.936599000 128 
6288.937154500 129 
6288.937710000 128 
6288.938265500 128 
6288.938821000 128 
6288.939376500 128 
6288.939932000 128 
6288.940487500 127 
6288.941043000 128 
6288.941598500 127 
6288.942154000 127 
6288.942709500 126 
6288.943265000 126 
6288.943820500 126 
6288.944376000 127 
6288.944931500 127 
6288.945487000 126 
6288.946042500 127 
6288.946598000 126 
6288.947153500 126 
6288.947709000 126 
6288.948264500 126 
6288.948820000 127 
6288.949375500 127 
6288.949931000 126 
6288.950486500 128 
6288.951042000 127 
6288.951597500 127 
6288.952153000 128 
6288.952708500 129 
6288.953264000 128 
6288.953819500 128 
6288.954375000 129 
6288.954930500 128 
6288.955486000 128 
6288.956041500 128 
6288.956597000 129 
6288.957152500 128 
6288.957708000 129 
6288.958263500 129 
6288.958819000 127 
6288.959374500 128 
6288.959930000 127 
6288.960485500 128 
6288.961041000 127 
6288.961596500 127 
6288.962152000 127 
6288.962707500 127 
6288.963263000 126 
6288.963818500 127 
6288.964374000 127 
6288.964929500 125 
6288.965485000 127 
6288.966040500 126 
6288.966596000 126 
6288.967151500 126 
6288.967707000 127 
6288.968262500 126 
6288.968818000 127 
6288.969373500 128 
6288.969929000 127 
6288.970484500 127 
6288.971040000 127 
6288.971595500 128 
6288.972151000 128 
6288.972706500 128 
6288.973262000 129 
6288.973817500 129 
6288.974373000 128 
6288.974928500 129 
6288.975484000 128 
6288.976039500 129 
6288.976595000 129 
6288.977150500 128 
6288.977706000 129 
6288.978261500 128 
6288.978817000 128 
6288.979372500 128 
6288.979928000 127 
6288.980483500 127 
6288.981039000 128 
6288.981594500 127 
6288.982150000 127 
6288.982705500 127 
6288.983261000 126 
6288.983816500 127 
6288.984372000 126 
6288.984927500 126 
6288.985483000 126 
6288.986038500 126 
6288.986594000 126 
6288.987149500 126 
6288.987705000 126 
6288.988260500 126 
6288.988816000 127 
6288.989371500 127 
6288.989927000 127 
6288.990482500 128 
6288.991038000 127 
6288.991593500 128 
6288.992149000 127 
6288.992704500 129 
6288.993260000 129 
6288.993815500 128 
6288.994371000 128 
6288.994926500 129 
6288.995482000 129 
6288.996037500 128 
6288.996593000 129 
6288.997148500 129 
6288.997704000 129 
6288.998259500 128 
6288.998815000 129 
6288.999370500 128 
6288.999926000 126 
6289.000481500 129 
6289.001037000 127 
6289.001592500 126 
6289.002148000 128 
6289.002703500 126 
6289.003259000 127 
6289.003814500 126 
6289.004370000 127 
6289.004925500 127 
6289.005481000 127 
6289.006036500 126 
6289.006592000 126 
6289.007147500 126 
6289.007703000 127 
6289.008258500 127 
6289.008814000 127 
6289.009369500 128 
6289.009925000 127 
6289.010480500 127 
6289.011036000 127 
6289.011591500 128 
6289.012147000 128 
6289.012702500 128 
6289.013258000 129 
6289.013813500 128 
6289.014369000 127 
6289.014924500 129 
6289.015480000 128 
6289.016035500 128 
6289.016591000 129 
6289.017146500 128 
6289.017702000 129 
6289.018257500 128 
6289.018813000 129 
6289.019368500 127 
6289.019924000 128 
6289.020479500 128 
6289.021035000 127 
6289.021590500 127 
6289.022146000 127 
6289.022701500 127 
6289.023257000 127 
6289.023812500 127 
6289.024368000 127 
6289.024923500 126 
6289.025479000 126 
6289.026034500 126 
6289.026590000 127 
6289.027145500 126 
6289.027701000 126 
6289.028256500 127 
6289.028812000 126 
6289.029367500 127 
6289.029923000 128 
6289.030478500 127 
6289.031034000 128 
6289.031589500 128 
6289.032145000 127 
6289.032700500 128 
6289.033256000 129 
6289.033811500 129 
6289.034367000 129 
6289.034922500 129 
6289.035478000 128 
6289.036033500 129 
6289.036589000 128 
6289.037144500 129 
6289.037700000 128 
6289.038255500 128 
6289.038811000 129 
6289.039366500 127 
6289.039922000 128 
6289.040477500 127 
6289.041033000 127 
6289.041588500 127 
6289.042144000 127 
6289.042699500 127 
6289.043255000 126 
6289.043810500 127 
6289.044366000 126 
6289.044921500 127 
6289.045477000 126 
6289.046032500 126 
6289.046588000 126 
6289.047143500 126 
6289.047699000 127 
6289.048254500 127 
6289.048810000 126 
6289.049365500 127 
6289.049921000 127 
6289.050476500 128 
6289.051032000 127 
6289.051587500 128 
6289.052143000 128 
6289.052698500 128 
6289.053254000 129 
6289.053809500 128 
6289.054365000 128 
6289.054920500 128 
6289.055476000 128 
6289.056031500 129 
6289.056587000 128 
6289.057142500 128 
6289.057698000 129 
6289.058253500 128 
6289.058809000 128 
6289.059364500 127 
6289.059920000 128 
6289.060475500 128 
6289.061031000 127 
6289.061586500 128 
6289.062142000 127 
6289.062697500 127 
6289.063253000 126 
6289.063808500 127 
6289.064364000 127 
6289.064919500 126 
6289.065475000 126 
6289.066030500 126 
6289.066586000 126 
6289.067141500 126 
6289.067697000 126 
6289.068252500 126 
6289.068808000 126 
6289.069363500 127 
6289.069919000 127 
6289.070474500 127 
6289.071030000 127 
6289.071585500 128 
6289.072141000 127 
6289.072696500 128 
6289.073252000 129 
6289.073807500 128 
6289.074363000 128 
6289.074918500 128 
6289.075474000 128 
6289.076029500 127 
6289.076585000 128 
6289.077140500 128 
6289.077696000 129 
6289.078251500 130 
6289.078807000 128 
6289.079362500 128 
6289.079918000 129 
6289.080473500 127 
6289.081029000 128 
6289.081584500 127 
6289.082140000 128 
6289.082695500 127 
6289.083251000 125 
6289.083806500 126 
6289.084362000 125 
6289.084917500 126 
6289.085473000 126 
6289.086028500 125 
6289.086584000 126 
6289.087139500 125 
6289.087695000 127 
6289.088250500 126 
6289.088806000 127 
6289.089361500 127 
6289.089917000 127 
6289.090472500 128 
6289.091028000 127 
6289.091583500 128 
6289.092139000 127 
6289.092694500 129 
6289.093250000 129 
6289.093805500 129 
6289.094361000 130 
6289.094916500 129 
6289.095472000 130 
6289.096027500 129 
6289.096583000 129 
6289.097138500 130 
6289.097694000 129 
6289.098249500 129 
6289.098805000 129 
6289.099360500 128 
6289.099916000 127 
6289.100471500 128 
6289.101027000 127 
6289.101582500 127 
6289.102138000 128 
6289.102693500 126 
6289.103249000 125 
6289.103804500 126 
6289.104360000 125 
6289.104915500 126 
6289.105471000 125 
6289.106026500 126 
6289.106582000 125 
6289.107137500 126 
6289.107693000 126 
6289.108248500 125 
6289.108804000 127 
6289.109359500 126 
6289.109915000 128 
6289.110470500 127 
6289.111026000 128 
6289.111581500 128 
6289.112137000 127 
6289.112692500 129 
6289.113248000 129 
6289.113803500 129 
6289.114359000 130 
6289.114914500 129 
6289.115470000 130 
6289.116025500 129 
6289.116581000 129 
6289.117136500 129 
6289.117692000 129 
6289.118247500 129 
6289.118803000 128 
6289.119358500 129 
6289.119914000 127 
6289.120469500 127 
6289.121025000 127 
6289.121580500 127 
6289.122136000 126 
6289.122691500 127 
6289.123247000 126 
6289.123802500 126 
6289.124358000 126 
6289.124913500 127 
6289.125469000 125 
6289.126024500 126 
6289.126580000 126 
6289.127135500 125 
6289.127691000 127 
6289.128246500 126 
6289.128802000 127 
6289.129357500 126 
6289.129913000 127 
6289.130468500 127 
6289.131024000 128 
6289.131579500 128 
6289.132135000 127 
6289.132690500 129 
6289.133246000 129 
6289.133801500 129 
6289.134357000 129 
6289.134912500 130 
6289.135468000 129 
6289.136023500 129 
6289.136579000 130 
6289.137134500 129 
6289.137690000 129 
6289.138245500 129 
6289.138801000 128 
6289.139356500 129 
6289.139912000 127 
6289.140467500 128 
6289.141023000 127 
6289.141578500 127 
6289.142134000 127 
6289.142689500 126 
6289.143245000 126 
6289.143800500 125 
6289.144356000 126 
6289.144911500 125 
6289.145467000 125 
6289.146022500 126 
6289.146578000 125 
6289.147133500 126 
6289.147689000 125 
6289.148244500 127 
6289.148800000 126 
6289.149355500 126 
6289.149911000 128 
6289.150466500 127 
6289.151022000 127 
6289.151577500 128 
6289.152133000 127 
6289.152688500 129 
6289.153244000 129 
6289.153799500 129 
6289.154355000 129 
6289.154910500 130 
6289.155466000 129 
6289.156021500 130 
6289.156577000 129 
6289.157132500 129 
6289.157688000 129 
6289.158243500 129 
6289.158799000 129 
6289.159354500 128 
6289.159910000 127 
6289.160465500 128 
6289.161021000 128 
6289.161576500 127 
6289.162132000 127 
6289.162687500 126 
6289.163243000 126 
6289.163798500 126 
6289.164354000 126 
6289.164909500 126 
6289.165465000 125 
6289.166020500 125 
6289.166576000 125 
6289.167131500 124 
6289.167687000 125 
6289.168242500 125 
6289.168798000 126 
6289.169353500 126 
6289.169909000 127 
6289.170464500 127 
6289.171020000 127 
6289.171575500 129 
6289.172131000 128 
6289.172686500 129 
6289.173242000 129 
6289.173797500 129 
6289.174353000 130 
6289.174908500 130 
6289.175464000 130 
6289.176019500 129 
6289.176575000 131 
6289.177130500 130 
6289.177686000 130 
6289.178241500 130 
6289.178797000 129 
6289.179352500 129 
6289.179908000 128 
6289.180463500 127 
6289.181019000 128 
6289.181574500 127 
6289.182130000 126 
6289.182685500 126 
6289.183241000 125 
6289.183796500 125 
6289.184352000 126 
6289.184907500 125 
6289.185463000 125 
6289.186018500 125 
6289.186574000 124 
6289.187129500 125 
6289.187685000 125 
6289.188240500 126 
6289.188796000 126 
6289.189351500 126 
6289.189907000 127 
6289.190462500 127 
6289.191018000 128 
6289.191573500 128 
6289.192129000 128 
6289.192684500 129 
6289.193240000 129 
6289.193795500 130 
6289.194351000 130 
6289.194906500 129 
6289.195462000 130 
6289.196017500 130 
6289.196573000 130 
6289.197128500 130 
6289.197684000 130 
6289.198239500 129 
6289.198795000 129 
6289.199350500 129 
6289.199906000 128 
6289.200461500 127 
6289.201017000 128 
6289.201572500 127 
6289.202128000 126 
6289.202683500 126 
6289.203239000 125 
6289.203794500 126 
6289.204350000 124 
6289.204905500 126 
6289.205461000 124 
6289.206016500 124 
6289.206572000 125 
6289.207127500 124 
6289.207683000 125 
6289.208238500 125 
6289.208794000 126 
6289.209349500 126 
6289.209905000 127 
6289.210460500 127 
6289.211016000 128 
6289.211571500 129 
6289.212127000 128 
6289.212682500 129 
6289.213238000 129 
6289.213793500 130 
6289.214349000 131 
6289.214904500 129 
6289.215460000 131 
6289.216015500 130 
6289.216571000 131 
6289.217126500 130 
6289.217682000 130 
6289.218237500 130 
6289.218793000 129 
6289.219348500 128 
6289.219904000 129 
6289.220459500 128 
6289.221015000 127 
6289.221570500 126 
6289.222126000 127 
6289.222681500 126 
6289.223237000 126 
6289.223792500 124 
6289.224348000 124 
6289.224903500 126 
6289.225459000 124 
6289.226014500 125 
6289.226570000 124 
6289.227125500 125 
6289.227681000 125 
6289.228236500 125 
6289.228792000 126 
6289.229347500 125 
6289.229903000 126 
6289.230458500 126 
6289.231014000 128 
6289.231569500 128 
6289.232125000 128 
6289.232680500 129 
6289.233236000 130 
6289.233791500 129 
6289.234347000 130 
6289.234902500 129 
6289.235458000 130 
6289.236013500 130 
6289.236569000 131 
6289.237124500 129 
6289.237680000 131 
6289.238235500 129 
6289.238791000 129 
6289.239346500 128 
6289.239902000 129 
6289.240457500 127 
6289.241013000 128 
6289.241568500 126 
6289.242124000 127 
6289.242679500 126 
6289.243235000 125 
6289.243790500 125 
6289.244346000 125 
6289.244901500 126 
6289.245457000 124 
6289.246012500 125 
6289.246568000 124 
6289.247123500 125 
6289.247679000 125 
6289.248234500 125 
6289.248790000 126 
6289.249345500 126 
6289.249901000 127 
6289.250456500 127 
6289.251012000 127 
6289.251567500 129 
6289.252123000 128 
6289.252678500 129 
6289.253234000 130 
6289.253789500 130 
6289.254345000 130 
6289.254900500 129 
6289.255456000 130 
6289.256011500 130 
6289.256567000 131 
6289.257122500 130 
6289.257678000 130 
6289.258233500 129 
6289.258789000 129 
6289.259344500 129 
6289.259900000 128 
6289.260455500 128 
6289.261011000 128 
6289.261566500 126 
6289.262122000 127 
6289.262677500 125 
6289.263233000 124 
6289.263788500 125 
6289.264344000 124 
6289.264899500 125 
6289.265455000 124 
6289.266010500 124 
6289.266566000 124 
6289.267121500 124 
6289.267677000 125 
6289.268232500 125 
6289.268788000 126 
6289.269343500 126 
6289.269899000 126 
6289.270454500 127 
6289.271010000 127 
6289.271565500 129 
6289.272121000 128 
6289.272676500 129 
6289.273232000 129 
6289.273787500 130 
6289.274343000 130 
6289.274898500 130 
6289.275454000 130 
6289.276009500 131 
6289.276565000 130 
6289.277120500 130 
6289.277676000 131 
6289.278231500 130 
6289.278787000 129 
6289.279342500 130 
6289.279898000 128 
6289.280453500 128 
6289.281009000 127 
6289.281564500 127 
6289.282120000 126 
6289.282675500 126 
6289.283231000 125 
6289.283786500 125 
6289.284342000 125 
6289.284897500 125 
6289.285453000 125 
6289.286008500 124 
6289.286564000 125 
6289.287119500 125 
6289.287675000 125 
6289.288230500 125 
6289.288786000 125 
6289.289341500 125 
6289.289897000 127 
6289.290452500 126 
6289.291008000 128 
6289.291563500 128 
6289.292119000 129 
6289.292674500 130 
6289.293230000 129 
6289.293785500 131 
6289.294341000 129 
6289.294896500 130 
6289.295452000 131 
6289.296007500 130 
6289.296563000 131 
6289.297118500 130 
6289.297674000 130 
6289.298229500 128 
6289.298785000 130 
6289.299340500 129 
6289.299896000 128 
6289.300451500 128 
6289.301007000 128 
6289.301562500 127 
6289.302118000 126 
6289.302673500 125 
6289.303229000 125 
6289.303784500 125 
6289.304340000 125 
6289.304895500 126 
6289.305451000 124 
6289.306006500 124 
6289.306562000 125 
6289.307117500 125 
6289.307673000 125 
6289.308228500 125 
6289.308784000 126 
6289.309339500 126 
6289.309895000 128 
6289.310450500 127 
6289.311006000 128 
6289.311561500 128 
6289.312117000 128 
6289.312672500 129 
6289.313228000 130 
6289.313783500 130 
6289.314339000 129 
6289.314894500 129 
6289.315450000 131 
6289.316005500 130 
6289.316561000 131 
6289.317116500 130 
6289.317672000 130 
6289.318227500 130 
6289.318783000 129 
6289.319338500 129 
6289.319894000 128 
6289.320449500 128 
6289.321005000 128 
6289.321560500 126 
6289.322116000 127 
6289.322671500 125 
6289.323227000 125 
6289.323782500 125 
6289.324338000 125 
6289.324893500 126 
6289.325449000 124 
6289.326004500 124 
6289.326560000 124 
6289.327115500 125 
6289.327671000 125 
6289.328226500 125 
6289.328782000 125 
6289.329337500 125 
6289.329893000 127 
6289.330448500 127 
6289.331004000 128 
6289.331559500 127 
6289.332115000 129 
6289.332670500 128 
6289.333226000 130 
6289.333781500 130 
6289.334337000 130 
6289.334892500 130 
6289.335448000 130 
6289.336003500 130 
6289.336559000 131 
6289.337114500 130 
6289.337670000 130 
6289.338225500 130 
6289.338781000 129 
6289.339336500 129 
6289.339892000 128 
6289.340447500 128 
6289.341003000 126 
6289.341558500 127 
6289.342114000 126 
6289.342669500 126 
6289.343225000 125 
6289.343780500 125 
6289.344336000 125 
6289.344891500 126 
6289.345447000 124 
6289.346002500 125 
6289.346558000 124 
6289.347113500 124 
6289.347669000 125 
6289.348224500 125 
6289.348780000 126 
6289.349335500 126 
6289.349891000 126 
6289.350446500 127 
6289.351002000 127 
6289.351557500 129 
6289.352113000 128 
6289.352668500 129 
6289.353224000 129 
6289.353779500 130 
6289.354335000 130 
6289.354890500 130 
6289.355446000 131 
6289.356001500 131 
6289.356557000 130 
6289.357112500 130 
6289.357668000 130 
6289.358223500 130 
6289.358779000 130 
6289.359334500 128 
6289.359890000 128 
6289.360445500 128 
6289.361001000 127 
6289.361556500 127 
6289.362112000 126 
6289.362667500 125 
6289.363223000 126 
6289.363778500 126 
6289.364334000 124 
6289.364889500 125 
6289.365445000 124 
6289.366000500 125 
6289.366556000 124 
6289.367111500 125 
6289.367667000 125 
6289.368222500 125 
6289.368778000 126 
6289.369333500 126 
6289.369889000 127 
6289.370444500 127 
6289.371000000 127 
6289.371555500 128 
6289.372111000 128 
6289.372666500 130 
6289.373222000 130 
6289.373777500 130 
6289.374333000 131 
6289.374888500 130 
6289.375444000 130 
6289.375999500 131 
6289.376555000 130 
6289.377110500 131 
6289.377666000 129 
6289.378221500 131 
6289.378777000 129 
6289.379332500 128 
6289.379888000 129 
6289.380443500 127 
6289.380999000 127 
6289.381554500 127 
6289.382110000 126 
6289.382665500 127 
6289.383221000 125 
6289.383776500 125 
6289.384332000 124 
6289.384887500 126 
6289.385443000 124 
6289.385998500 124 
6289.386554000 124 
6289.387109500 125 
6289.387665000 125 
6289.388220500 125 
6289.388776000 126 
6289.389331500 125 
6289.389887000 127 
6289.390442500 127 
6289.390998000 128 
6289.391553500 128 
6289.392109000 129 
6289.392664500 129 
6289.393220000 130 
6289.393775500 129 
6289.394331000 130 
6289.394886500 129 
6289.395442000 130 
6289.395997500 131 
6289.396553000 130 
6289.397108500 131 
6289.397664000 129 
6289.398219500 130 
6289.398775000 129 
6289.399330500 129 
6289.399886000 129 
6289.400441500 127 
6289.400997000 128 
6289.401552500 127 
6289.402108000 125 
6289.402663500 127 
6289.403219000 125 
6289.403774500 125 
6289.404330000 125 
6289.404885500 126 
6289.405441000 124 
6289.405996500 124 
6289.406552000 124 
6289.407107500 124 
6289.407663000 125 
6289.408218500 125 
6289.408774000 125 
6289.409329500 126 
6289.409885000 126 
6289.410440500 127 
6289.410996000 127 
6289.411551500 128 
6289.412107000 128 
6289.412662500 129 
6289.413218000 130 
6289.413773500 129 
6289.414329000 130 
6289.414884500 129 
6289.415440000 130 
6289.415995500 131 
6289.416551000 130 
6289.417106500 131 
6289.417662000 130 
6289.418217500 130 
6289.418773000 129 
6289.419328500 129 
6289.419884000 128 
6289.420439500 128 
6289.420995000 127 
6289.421550500 127 
6289.422106000 126 
6289.422661500 125 
6289.423217000 125 
6289.423772500 125 
6289.424328000 125 
6289.424883500 125 
6289.425439000 124 
6289.425994500 124 
6289.426550000 124 
6289.427105500 125 
6289.427661000 125 
6289.428216500 125 
6289.428772000 125 
6289.429327500 126 
6289.429883000 128 
6289.430438500 127 
6289.430994000 127 
6289.431549500 129 
6289.432105000 128 
6289.432660500 129 
6289.433216000 130 
6289.433771500 130 
6289.434327000 130 
6289.434882500 130 
6289.435438000 130 
6289.435993500 131 
6289.436549000 131 
6289.437104500 130 
6289.437660000 129 
6289.438215500 131 
6289.438771000 129 
6289.439326500 130 
6289.439882000 128 
6289.440437500 128 
6289.440993000 127 
6289.441548500 127 
6289.442104000 125 
6289.442659500 126 
6289.443215000 125 
6289.443770500 125 
6289.444326000 125 
6289.444881500 125 
6289.445437000 124 
6289.445992500 125 
6289.446548000 124 
6289.447103500 124 
6289.447659000 125 
6289.448214500 124 
6289.448770000 126 
6289.449325500 126 
6289.449881000 126 
6289.450436500 128 
6289.450992000 127 
6289.451547500 129 
6289.452103000 128 
6289.452658500 129 
6289.453214000 130 
6289.453769500 130 
6289.454325000 130 
6289.454880500 129 
6289.455436000 130 
6289.455991500 131 
6289.456547000 130 
6289.457102500 131 
6289.457658000 130 
6289.458213500 129 
6289.458769000 130 
6289.459324500 129 
6289.459880000 129 
6289.460435500 128 
6289.460991000 127 
6289.461546500 127 
6289.462102000 126 
6289.462657500 126 
6289.463213000 125 
6289.463768500 125 
6289.464324000 125 
6289.464879500 125 
6289.465435000 124 
6289.465990500 124 
6289.466546000 125 
6289.467101500 124 
6289.467657000 125 
6289.468212500 125 
6289.468768000 126 
6289.469323500 126 
6289.469879000 126 
6289.470434500 128 
6289.470990000 127 
6289.471545500 128 
6289.472101000 129 
6289.472656500 129 
6289.473212000 129 
6289.473767500 131 
6289.474323000 130 
6289.474878500 130 
6289.475434000 130 
6289.475989500 131 
6289.476545000 130 
6289.477100500 131 
6289.477656000 130 
6289.478211500 130 
6289.478767000 129 
6289.479322500 129 
6289.479878000 128 
6289.480433500 128 
6289.480989000 127 
6289.481544500 127 
6289.482100000 126 
6289.482655500 126 
6289.483211000 124 
6289.483766500 125 
6289.484322000 125 
6289.484877500 125 
6289.485433000 125 
6289.485988500 123 
6289.486544000 124 
6289.487099500 125 
6289.487655000 124 
6289.488210500 125 
6289.488766000 125 
6289.489321500 125 
6289.489877000 127 
6289.490432500 127 
6289.490988000 127 
6289.491543500 129 
6289.492099000 128 
6289.492654500 129 
6289.493210000 129 
6289.493765500 130 
6289.494321000 130 
6289.494876500 129 
6289.495432000 131 
6289.495987500 130 
6289.496543000 131 
6289.497098500 130 
6289.497654000 130 
6289.498209500 130 
6289.498765000 130 
6289.499320500 129 
6289.499876000 128 
6289.500431500 128 
6289.500987000 127 
6289.501542500 126 
6289.502098000 127 
6289.502653500 125 
6289.503209000 126 
6289.503764500 124 
6289.504320000 125 
6289.504875500 125 
6289.505431000 125 
6289.505986500 124 
6289.506542000 124 
6289.507097500 125 
6289.507653000 124 
6289.508208500 126 
6289.508764000 125 
6289.509319500 126 
6289.509875000 126 
6289.510430500 127 
6289.510986000 128 
6289.511541500 127 
6289.512097000 129 
6289.512652500 129 
6289.513208000 130 
6289.513763500 130 
6289.514319000 130 
6289.514874500 130 
6289.515430000 131 
6289.515985500 131 
6289.516541000 130 
6289.517096500 131 
6289.517652000 130 
6289.518207500 129 
6289.518763000 129 
6289.519318500 129 
6289.519874000 127 
6289.520429500 129 
6289.520985000 127 
6289.521540500 127 
6289.522096000 125 
6289.522651500 126 
6289.523207000 125 
6289.523762500 124 
6289.524318000 124 
6289.524873500 125 
6289.525429000 124 
6289.525984500 123 
6289.526540000 125 
6289.527095500 124 
6289.527651000 124 
6289.528206500 125 
6289.528762000 126 
6289.529317500 126 
6289.529873000 127 
6289.530428500 127 
6289.530984000 128 
6289.531539500 128 
6289.532095000 129 
6289.532650500 129 
6289.533206000 130 
6289.533761500 130 
6289.534317000 131 
6289.534872500 129 
6289.535428000 131 
6289.535983500 131 
6289.536539000 131 
6289.537094500 131 
6289.537650000 130 
6289.538205500 129 
6289.538761000 129 
6289.539316500 129 
6289.539872000 128 
6289.540427500 128 
6289.540983000 128 
6289.541538500 126 
6289.542094000 126 
6289.542649500 125 
6289.543205000 124 
6289.543760500 125 
6289.544316000 124 
6289.544871500 125 
6289.545427000 124 
6289.545982500 123 
6289.546538000 124 
6289.547093500 125 
6289.547649000 124 
6289.548204500 125 
6289.548760000 126 
6289.549315500 125 
6289.549871000 128 
6289.550426500 126 
6289.550982000 127 
6289.551537500 128 
6289.552093000 129 
6289.552648500 129 
6289.553204000 130 
6289.553759500 130 
6289.554315000 130 
6289.554870500 130 
6289.555426000 130 
6289.555981500 132 
6289.556537000 131 
6289.557092500 130 
6289.557648000 130 
6289.558203500 130 
6289.558759000 129 
6289.559314500 130 
6289.559870000 128 
6289.560425500 128 
6289.560981000 127 
6289.561536500 127 
6289.562092000 126 
6289.562647500 126 
6289.563203000 125 
6289.563758500 124 
6289.564314000 124 
6289.564869500 126 
6289.565425000 124 
6289.565980500 124 
6289.566536000 124 
6289.567091500 124 
6289.567647000 125 
6289.568202500 126 
6289.568758000 125 
6289.569313500 127 
6289.569869000 127 
6289.570424500 127 
6289.570980000 128 
6289.571535500 128 
6289.572091000 129 
6289.572646500 130 
6289.573202000 129 
6289.573757500 131 
6289.574313000 129 
6289.574868500 130 
6289.575424000 131 
6289.575979500 131 
6289.576535000 131 
6289.577090500 130 
6289.577646000 130 
6289.578201500 129 
6289.578757000 129 
6289.579312500 130 
6289.579868000 127 
6289.580423500 128 
6289.580979000 127 
6289.581534500 126 
6289.582090000 127 
6289.582645500 125 
6289.583201000 126 
6289.583756500 124 
6289.584312000 125 
6289.584867500 125 
6289.585423000 124 
6289.585978500 124 
6289.586534000 124 
6289.587089500 125 
6289.587645000 124 
6289.588200500 125 
6289.588756000 125 
6289.589311500 126 
6289.589867000 127 
6289.590422500 127 
6289.590978000 128 
6289.591533500 127 
6289.592089000 129 
6289.592644500 130 
6289.593200000 129 
6289.593755500 130 
6289.594311000 131 
6289.594866500 130 
6289.595422000 131 
6289.595977500 132 
6289.596533000 131 
6289.597088500 130 
6289.597644000 130 
6289.598199500 130 
6289.598755000 130 
6289.599310500 130 
6289.599866000 128 
6289.600421500 128 
6289.600977000 127 
6289.601532500 126 
6289.602088000 126 
6289.602643500 125 
6289.603199000 125 
6289.603754500 124 
6289.604310000 123 
6289.604865500 125 
6289.605421000 123 
6289.605976500 124 
6289.606532000 123 
6289.607087500 124 
6289.607643000 124 
6289.608198500 124 
6289.608754000 125 
6289.609309500 125 
6289.609865000 126 
6289.610420500 127 
6289.610976000 127 
6289.611531500 128 
6289.612087000 129 
6289.612642500 129 
6289.613198000 131 
6289.613753500 131 
6289.614309000 130 
6289.614864500 130 
6289.615420000 132 
6289.615975500 132 
6289.616531000 131 
6289.617086500 132 
6289.617642000 131 
6289.618197500 130 
6289.618753000 131 
6289.619308500 130 
6289.619864000 128 
6289.620419500 129 
6289.620975000 127 
6289.621530500 126 
6289.622086000 126 
6289.622641500 125 
6289.623197000 124 
6289.623752500 124 
6289.624308000 124 
6289.624863500 124 
6289.625419000 124 
6289.625974500 123 
6289.626530000 124 
6289.627085500 123 
6289.627641000 125 
6289.628196500 124 
6289.628752000 125 
6289.629307500 126 
6289.629863000 127 
6289.630418500 127 
6289.630974000 128 
6289.631529500 129 
6289.632085000 129 
6289.632640500 130 
6289.633196000 130 
6289.633751500 131 
6289.634307000 131 
6289.634862500 131 
6289.635418000 132 
6289.635973500 132 
6289.636529000 132 
6289.637084500 131 
6289.637640000 131 
6289.638195500 130 
6289.638751000 130 
6289.639306500 129 
6289.639862000 128 
6289.640417500 128 
6289.640973000 127 
6289.641528500 127 
6289.642084000 125 
6289.642639500 125 
6289.643195000 124 
6289.643750500 124 
6289.644306000 124 
6289.644861500 125 
6289.645417000 124 
6289.645972500 122 
6289.646528000 124 
6289.647083500 124 
6289.647639000 124 
6289.648194500 124 
6289.648750000 125 
6289.649305500 125 
6289.649861000 127 
6289.650416500 127 
6289.650972000 127 
6289.651527500 129 
6289.652083000 129 
6289.652638500 130 
6289.653194000 130 
6289.653749500 131 
6289.654305000 131 
6289.654860500 131 
6289.655416000 131 
6289.655971500 133 
6289.656527000 132 
6289.657082500 131 
6289.657638000 131 
6289.658193500 131 
6289.658749000 130 
6289.659304500 129 
6289.659860000 128 
6289.660415500 129 
6289.660971000 127 
6289.661526500 127 
6289.662082000 125 
6289.662637500 126 
6289.663193000 124 
6289.663748500 124 
6289.664304000 124 
6289.664859500 124 
6289.665415000 123 
6289.665970500 123 
6289.666526000 124 
6289.667081500 123 
6289.667637000 125 
6289.668192500 124 
6289.668748000 125 
6289.669303500 126 
6289.669859000 126 
6289.670414500 127 
6289.670970000 128 
6289.671525500 128 
6289.672081000 130 
6289.672636500 129 
6289.673192000 130 
6289.673747500 130 
6289.674303000 130 
6289.674858500 131 
6289.675414000 131 
6289.675969500 132 
6289.676525000 132 
6289.677080500 131 
6289.677636000 131 
6289.678191500 130 
6289.678747000 130 
6289.679302500 129 
6289.679858000 128 
6289.680413500 128 
6289.680969000 128 
6289.681524500 127 
6289.682080000 125 
6289.682635500 126 
6289.683191000 124 
6289.683746500 124 
6289.684302000 124 
6289.684857500 125 
6289.685413000 123 
6289.685968500 124 
6289.686524000 123 
6289.687079500 124 
6289.687635000 124 
6289.688190500 124 
6289.688746000 125 
6289.689301500 126 
6289.689857000 126 
6289.690412500 127 
6289.690968000 127 
6289.691523500 128 
6289.692079000 130 
6289.692634500 130 
6289.693190000 130 
6289.693745500 131 
6289.694301000 131 
6289.694856500 130 
6289.695412000 132 
6289.695967500 132 
6289.696523000 131 
6289.697078500 132 
6289.697634000 131 
6289.698189500 131 
6289.698745000 129 
6289.699300500 129 
6289.699856000 129 
6289.700411500 127 
6289.700967000 128 
6289.701522500 126 
6289.702078000 125 
6289.702633500 126 
6289.703189000 124 
6289.703744500 125 
6289.704300000 124 
6289.704855500 124 
6289.705411000 124 
6289.705966500 123 
6289.706522000 123 
6289.707077500 124 
6289.707633000 123 
6289.708188500 124 
6289.708744000 125 
6289.709299500 125 
6289.709855000 126 
6289.710410500 127 
6289.710966000 127 
6289.711521500 128 
6289.712077000 130 
6289.712632500 129 
6289.713188000 131 
6289.713743500 130 
6289.714299000 132 
6289.714854500 130 
6289.715410000 132 
6289.715965500 132 
6289.716521000 132 
6289.717076500 131 
6289.717632000 131 
6289.718187500 130 
6289.718743000 130 
6289.719298500 129 
6289.719854000 128 
6289.720409500 128 
6289.720965000 128 
6289.721520500 126 
6289.722076000 126 
6289.722631500 126 
6289.723187000 124 
6289.723742500 125 
6289.724298000 124 
6289.724853500 124 
6289.725409000 124 
6289.725964500 123 
6289.726520000 123 
6289.727075500 124 
6289.727631000 124 
6289.728186500 124 
6289.728742000 126 
6289.729297500 125 
6289.729853000 126 
6289.730408500 127 
6289.730964000 127 
6289.731519500 128 
6289.732075000 129 
6289.732630500 129 
6289.733186000 131 
6289.733741500 132 
6289.734297000 131 
6289.734852500 131 
6289.735408000 131 
6289.735963500 132 
6289.736519000 132 
6289.737074500 131 
6289.737630000 131 
6289.738185500 130 
6289.738741000 129 
6289.739296500 130 
6289.739852000 128 
6289.740407500 129 
6289.740963000 127 
6289.741518500 126 
6289.742074000 125 
6289.742629500 126 
6289.743185000 124 
6289.743740500 125 
6289.744296000 123 
6289.744851500 124 
6289.745407000 124 
6289.745962500 122 
6289.746518000 124 
6289.747073500 123 
6289.747629000 124 
6289.748184500 125 
6289.748740000 124 
6289.749295500 126 
6289.749851000 127 
6289.750406500 126 
6289.750962000 127 
6289.751517500 128 
6289.752073000 130 
6289.752628500 129 
6289.753184000 131 
6289.753739500 131 
6289.754295000 131 
6289.754850500 131 
6289.755406000 132 
6289.755961500 132 
6289.756517000 131 
6289.757072500 132 
6289.757628000 131 
6289.758183500 131 
6289.758739000 129 
6289.759294500 130 
6289.759850000 129 
6289.760405500 128 
6289.760961000 128 
6289.761516500 126 
6289.762072000 126 
6289.762627500 125 
6289.763183000 125 
6289.763738500 125 
6289.764294000 124 
6289.764849500 124 
6289.765405000 123 
6289.765960500 122 
6289.766516000 124 
6289.767071500 124 
6289.767627000 124 
6289.768182500 125 
6289.768738000 124 
6289.769293500 125 
6289.769849000 126 
6289.770404500 126 
6289.770960000 128 
6289.771515500 128 
6289.772071000 129 
6289.772626500 129 
6289.773182000 130 
6289.773737500 130 
6289.774293000 131 
6289.774848500 131 
6289.775404000 131 
6289.775959500 132 
6289.776515000 132 
6289.777070500 131 
6289.777626000 131 
6289.778181500 131 
6289.778737000 130 
6289.779292500 130 
6289.779848000 129 
6289.780403500 128 
6289.780959000 128 
6289.781514500 126 
6289.782070000 126 
6289.782625500 125 
6289.783181000 124 
6289.783736500 125 
6289.784292000 124 
6289.784847500 124 
6289.785403000 123 
6289.785958500 123 
6289.786514000 123 
6289.787069500 124 
6289.787625000 123 
6289.788180500 125 
6289.788736000 125 
6289.789291500 125 
6289.789847000 127 
6289.790402500 126 
6289.790958000 127 
6289.791513500 129 
6289.792069000 129 
6289.792624500 130 
6289.793180000 130 
6289.793735500 131 
6289.794291000 131 
6289.794846500 131 
6289.795402000 132 
6289.795957500 132 
6289.796513000 131 
6289.797068500 131 
6289.797624000 130 
6289.798179500 131 
6289.798735000 130 
6289.799290500 129 
6289.799846000 129 
6289.800401500 128 
6289.800957000 128 
6289.801512500 126 
6289.802068000 126 
6289.802623500 125 
6289.803179000 124 
6289.803734500 124 
6289.804290000 123 
6289.804845500 124 
6289.805401000 124 
6289.805956500 123 
6289.806512000 123 
6289.807067500 124 
6289.807623000 123 
6289.808178500 124 
6289.808734000 125 
6289.809289500 125 
6289.809845000 127 
6289.810400500 126 
6289.810956000 128 
6289.811511500 128 
6289.812067000 128 
6289.812622500 130 
6289.813178000 130 
6289.813733500 130 
6289.814289000 132 
6289.814844500 131 
6289.815400000 132 
6289.815955500 132 
6289.816511000 132 
6289.817066500 132 
6289.817622000 131 
6289.818177500 131 
6289.818733000 131 
6289.819288500 131 
6289.819844000 128 
6289.820399500 129 
6289.820955000 127 
6289.821510500 126 
6289.822066000 126 
6289.822621500 125 
6289.823177000 124 
6289.823732500 123 
6289.824288000 124 
6289.824843500 123 
6289.825399000 123 
6289.825954500 122 
6289.826510000 123 
6289.827065500 123 
6289.827621000 123 
6289.828176500 124 
6289.828732000 125 
6289.829287500 124 
6289.829843000 125 
6289.830398500 127 
6289.830954000 127 
6289.831509500 128 
6289.832065000 129 
6289.832620500 131 
6289.833176000 130 
6289.833731500 133 
6289.834287000 131 
6289.834842500 132 
6289.835398000 132 
6289.835953500 133 
6289.836509000 132 
6289.837064500 132 
6289.837620000 132 
6289.838175500 130 
6289.838731000 131 
6289.839286500 131 
6289.839842000 128 
6289.840397500 128 
6289.840953000 128 
6289.841508500 126 
6289.842064000 126 
6289.842619500 125 
6289.843175000 124 
6289.843730500 124 
6289.844286000 123 
6289.844841500 123 
6289.845397000 122 
6289.845952500 122 
6289.846508000 123 
6289.847063500 122 
6289.847619000 123 
6289.848174500 124 
6289.848730000 124 
6289.849285500 125 
6289.849841000 127 
6289.850396500 127 
6289.850952000 128 
6289.851507500 128 
6289.852063000 130 
6289.852618500 130 
6289.853174000 131 
6289.853729500 132 
6289.854285000 131 
6289.854840500 132 
6289.855396000 132 
6289.855951500 133 
6289.856507000 132 
6289.857062500 132 
6289.857618000 132 
6289.858173500 131 
6289.858729000 131 
6289.859284500 129 
6289.859840000 129 
6289.860395500 129 
6289.860951000 127 
6289.861506500 127 
6289.862062000 126 
6289.862617500 124 
6289.863173000 125 
6289.863728500 124 
6289.864284000 123 
6289.864839500 123 
6289.865395000 122 
6289.865950500 123 
6289.866506000 122 
6289.867061500 123 
6289.867617000 124 
6289.868172500 124 
6289.868728000 124 
6289.869283500 125 
6289.869839000 125 
6289.870394500 127 
6289.870950000 127 
6289.871505500 128 
6289.872061000 130 
6289.872616500 130 
6289.873172000 130 
6289.873727500 132 
6289.874283000 131 
6289.874838500 132 
6289.875394000 132 
6289.875949500 133 
6289.876505000 133 
6289.877060500 132 
6289.877616000 132 
6289.878171500 132 
6289.878727000 131 
6289.879282500 130 
6289.879838000 129 
6289.880393500 129 
6289.880949000 127 
6289.881504500 127 
6289.882060000 125 
6289.882615500 125 
6289.883171000 124 
6289.883726500 124 
6289.884282000 123 
6289.884837500 123 
6289.885393000 123 
6289.885948500 121 
6289.886504000 123 
6289.887059500 122 
6289.887615000 123 
6289.888170500 124 
6289.888726000 124 
6289.889281500 126 
6289.889837000 125 
6289.890392500 126 
6289.890948000 128 
6289.891503500 128 
6289.892059000 129 
6289.892614500 130 
6289.893170000 131 
6289.893725500 131 
6289.894281000 131 
6289.894836500 132 
6289.895392000 132 
6289.895947500 132 
6289.896503000 133 
6289.897058500 132 
6289.897614000 132 
6289.898169500 131 
6289.898725000 131 
6289.899280500 130 
6289.899836000 129 
6289.900391500 129 
6289.900947000 127 
6289.901502500 127 
6289.902058000 125 
6289.902613500 125 
6289.903169000 124 
6289.903724500 123 
6289.904280000 124 
6289.904835500 123 
6289.905391000 123 
6289.905946500 121 
6289.906502000 122 
6289.907057500 124 
6289.907613000 125 
6289.908168500 127 
6289.908724000 127 
6289.909279500 127 
6289.909835000 127 
6289.910390500 127 
6289.910946000 127 
6289.911501500 128 
6289.912057000 129 
6289.912612500 129 
6289.913168000 131 
6289.913723500 132 
6289.914279000 132 
6289.914834500 132 
6289.915390000 133 
6289.915945500 133 
6289.916501000 132 
6289.917056500 133 
6289.917612000 132 
6289.918167500 131 
6289.918723000 131 
6289.919278500 129 
6289.919834000 130 
6289.920389500 127 
6289.920945000 127 
6289.921500500 126 
6289.922056000 124 
6289.922611500 125 
6289.923167000 122 
6289.923722500 123 
6289.924278000 121 
6289.924833500 123 
6289.925389000 121 
6289.925944500 121 
6289.926500000 122 
6289.927055500 122 
6289.927611000 122 
6289.928166500 123 
6289.928722000 123 
6289.929277500 124 
6289.929833000 125 
6289.930388500 126 
6289.930944000 127 
6289.931499500 128 
6289.932055000 129 
6289.932610500 130 
6289.933166000 131 
6289.933721500 131 
6289.934277000 133 
6289.934832500 132 
6289.935388000 134 
6289.935943500 133 
6289.936499000 133 
6289.937054500 132 
6289.937610000 133 
6289.938165500 131 
6289.938721000 131 
6289.939276500 130 
6289.939832000 129 
6289.940387500 129 
6289.940943000 128 
6289.941498500 126 
6289.942054000 126 
6289.942609500 124 
6289.943165000 124 
6289.943720500 123 
6289.944276000 123 
6289.944831500 123 
6289.945387000 122 
6289.945942500 122 
6289.946498000 122 
6289.947053500 123 
6289.947609000 122 
6289.948164500 123 
6289.948720000 124 
6289.949275500 124 
6289.949831000 126 
6289.950386500 127 
6289.950942000 128 
6289.951497500 128 
6289.952053000 129 
6289.952608500 130 
6289.953164000 132 
6289.953719500 131 
6289.954275000 133 
6289.954830500 132 
6289.955386000 133 
6289.955941500 134 
6289.956497000 132 
6289.957052500 133 
6289.957608000 132 
6289.958163500 132 
6289.958719000 131 
6289.959274500 130 
6289.959830000 129 
6289.960385500 128 
6289.960941000 126 
6289.961496500 127 
6289.962052000 125 
6289.962607500 125 
6289.963163000 123 
6289.963718500 123 
6289.964274000 122 
6289.964829500 122 
6289.965385000 122 
6289.965940500 120 
6289.966496000 122 
6289.967051500 121 
6289.967607000 123 
6289.968162500 123 
6289.968718000 125 
6289.969273500 124 
6289.969829000 126 
6289.970384500 126 
6289.970940000 128 
6289.971495500 128 
6289.972051000 130 
6289.972606500 130 
6289.973162000 132 
6289.973717500 131 
6289.974273000 133 
6289.974828500 133 
6289.975384000 133 
6289.975939500 134 
6289.976495000 133 
6289.977050500 132 
6289.977606000 133 
6289.978161500 132 
6289.978717000 131 
6289.979272500 130 
6289.979828000 130 
6289.980383500 128 
6289.980939000 127 
6289.981494500 127 
6289.982050000 125 
6289.982605500 126 
6289.983161000 123 
6289.983716500 124 
6289.984272000 122 
6289.984827500 123 
6289.985383000 121 
6289.985938500 121 
6289.986494000 121 
6289.987049500 122 
6289.987605000 123 
6289.988160500 123 
6289.988716000 124 
6289.989271500 124 
6289.989827000 126 
6289.990382500 127 
6289.990938000 127 
6289.991493500 129 
6289.992049000 129 
6289.992604500 130 
6289.993160000 131 
6289.993715500 132 
6289.994271000 132 
6289.994826500 133 
6289.995382000 132 
6289.995937500 134 
6289.996493000 134 
6289.997048500 132 
6289.997604000 132 
6289.998159500 132 
6289.998715000 131 
6289.999270500 130 
6289.999826000 129 
6290.000381500 128 
6290.000937000 128 
6290.001492500 126 
6290.002048000 125 
6290.002603500 125 
6290.003159000 123 
6290.003714500 123 
6290.004270000 122 
6290.004825500 122 
6290.005381000 122 
6290.005936500 121 
6290.006492000 122 
6290.007047500 122 
6290.007603000 122 
6290.008158500 123 
6290.008714000 124 
6290.009269500 125 
6290.009825000 125 
6290.010380500 127 
6290.010936000 128 
6290.011491500 129 
6290.012047000 130 
6290.012602500 129 
6290.013158000 132 
6290.013713500 131 
6290.014269000 133 
6290.014824500 133 
6290.015380000 133 
6290.015935500 134 
6290.016491000 133 
6290.017046500 132 
6290.017602000 133 
6290.018157500 133 
6290.018713000 130 
6290.019268500 130 
6290.019824000 130 
6290.020379500 128 
6290.020935000 127 
6290.021490500 127 
6290.022046000 125 
6290.022601500 125 
6290.023157000 123 
6290.023712500 123 
6290.024268000 122 
6290.024823500 123 
6290.025379000 121 
6290.025934500 120 
6290.026490000 122 
6290.027045500 122 
6290.027601000 123 
6290.028156500 123 
6290.028712000 124 
6290.029267500 124 
6290.029823000 125 
6290.030378500 126 
6290.030934000 128 
6290.031489500 128 
6290.032045000 130 
6290.032600500 131 
6290.033156000 131 
6290.033711500 133 
6290.034267000 132 
6290.034822500 133 
6290.035378000 133 
6290.035933500 134 
6290.036489000 132 
6290.037044500 133 
6290.037600000 132 
6290.038155500 132 
6290.038711000 131 
6290.039266500 131 
6290.039822000 129 
6290.040377500 128 
6290.040933000 127 
6290.041488500 127 
6290.042044000 125 
6290.042599500 125 
6290.043155000 123 
6290.043710500 124 
6290.044266000 122 
6290.044821500 123 
6290.045377000 122 
6290.045932500 121 
6290.046488000 123 
6290.047043500 122 
6290.047599000 122 
6290.048154500 124 
6290.048710000 124 
6290.049265500 125 
6290.049821000 125 
6290.050376500 126 
6290.050932000 127 
6290.051487500 128 
6290.052043000 129 
6290.052598500 130 
6290.053154000 131 
6290.053709500 133 
6290.054265000 132 
6290.054820500 133 
6290.055376000 133 
6290.055931500 134 
6290.056487000 133 
6290.057042500 132 
6290.057598000 133 
6290.058153500 131 
6290.058709000 131 
6290.059264500 131 
6290.059820000 129 
6290.060375500 128 
6290.060931000 127 
6290.061486500 126 
6290.062042000 126 
6290.062597500 124 
6290.063153000 124 
6290.063708500 122 
6290.064264000 123 
6290.064819500 122 
6290.065375000 122 
6290.065930500 121 
6290.066486000 122 
6290.067041500 121 
6290.067597000 123 
6290.068152500 123 
6290.068708000 124 
6290.069263500 124 
6290.069819000 125 
6290.070374500 127 
6290.070930000 127 
6290.071485500 129 
6290.072041000 129 
6290.072596500 131 
6290.073152000 132 
6290.073707500 133 
6290.074263000 132 
6290.074818500 133 
6290.075374000 134 
6290.075929500 134 
6290.076485000 133 
6290.077040500 134 
6290.077596000 133 
6290.078151500 131 
6290.078707000 132 
6290.079262500 130 
6290.079818000 129 
6290.080373500 129 
6290.080929000 127 
6290.081484500 127 
6290.082040000 125 
6290.082595500 124 
6290.083151000 124 
6290.083706500 122 
6290.084262000 123 
6290.084817500 122 
6290.085373000 121 
6290.085928500 121 
6290.086484000 121 
6290.087039500 122 
6290.087595000 122 
6290.088150500 123 
6290.088706000 124 
6290.089261500 125 
6290.089817000 125 
6290.090372500 126 
6290.090928000 128 
6290.091483500 128 
6290.092039000 130 
6290.092594500 130 
6290.093150000 131 
6290.093705500 132 
6290.094261000 132 
6290.094816500 134 
6290.095372000 133 
6290.095927500 133 
6290.096483000 133 
6290.097038500 133 
6290.097594000 133 
6290.098149500 131 
6290.098705000 131 
6290.099260500 130 
6290.099816000 129 
6290.100371500 128 
6290.100927000 128 
6290.101482500 126 
6290.102038000 125 
6290.102593500 124 
6290.103149000 123 
6290.103704500 123 
6290.104260000 122 
6290.104815500 122 
6290.105371000 122 
6290.105926500 120 
6290.106482000 122 
6290.107037500 121 
6290.107593000 122 
6290.108148500 123 
6290.108704000 123 
6290.109259500 125 
6290.109815000 125 
6290.110370500 127 
6290.110926000 127 
6290.111481500 128 
6290.112037000 130 
6290.112592500 130 
6290.113148000 131 
6290.113703500 132 
6290.114259000 132 
6290.114814500 133 
6290.115370000 133 
6290.115925500 135 
6290.116481000 133 
6290.117036500 134 
6290.117592000 132 
6290.118147500 132 
6290.118703000 131 
6290.119258500 131 
6290.119814000 129 
6290.120369500 129 
6290.120925000 127 
6290.121480500 126 
6290.122036000 125 
6290.122591500 124 
6290.123147000 124 
6290.123702500 123 
6290.124258000 122 
6290.124813500 122 
6290.125369000 121 
6290.125924500 121 
6290.126480000 121 
6290.127035500 122 
6290.127591000 123 
6290.128146500 123 
6290.128702000 124 
6290.129257500 124 
6290.129813000 125 
6290.130368500 127 
6290.130924000 127 
6290.131479500 129 
6290.132035000 130 
6290.132590500 131 
6290.133146000 132 
6290.133701500 133 
6290.134257000 132 
6290.134812500 133 
6290.135368000 133 
6290.135923500 134 
6290.136479000 134 
6290.137034500 133 
6290.137590000 132 
6290.138145500 132 
6290.138701000 131 
6290.139256500 131 
6290.139812000 130 
6290.140367500 128 
6290.140923000 128 
6290.141478500 126 
6290.142034000 125 
6290.142589500 124 
6290.143145000 123 
6290.143700500 123 
6290.144256000 122 
6290.144811500 122 
6290.145367000 123 
6290.145922500 121 
6290.146478000 121 
6290.147033500 122 
6290.147589000 122 
6290.148144500 123 
6290.148700000 123 
6290.149255500 124 
6290.149811000 126 
6290.150366500 127 
6290.150922000 127 
6290.151477500 128 
6290.152033000 130 
6290.152588500 130 
6290.153144000 131 
6290.153699500 133 
6290.154255000 132 
6290.154810500 134 
6290.155366000 134 
6290.155921500 135 
6290.156477000 133 
6290.157032500 134 
6290.157588000 133 
6290.158143500 133 
6290.158699000 133 
6290.159254500 130 
6290.159810000 130 
6290.160365500 128 
6290.160921000 128 
6290.161476500 126 
6290.162032000 124 
6290.162587500 124 
6290.163143000 123 
6290.163698500 121 
6290.164254000 121 
6290.164809500 120 
6290.165365000 121 
6290.165920500 120 
6290.166476000 121 
6290.167031500 120 
6290.167587000 121 
6290.168142500 122 
6290.168698000 122 
6290.169253500 124 
6290.169809000 125 
6290.170364500 125 
6290.170920000 128 
6290.171475500 128 
6290.172031000 130 
6290.172586500 130 
6290.173142000 133 
6290.173697500 133 
6290.174253000 134 
6290.174808500 134 
6290.175364000 135 
6290.175919500 134 
6290.176475000 135 
6290.177030500 134 
6290.177586000 134 
6290.178141500 133 
6290.178697000 132 
6290.179252500 131 
6290.179808000 129 
6290.180363500 129 
6290.180919000 127 
6290.181474500 127 
6290.182030000 124 
6290.182585500 124 
6290.183141000 122 
6290.183696500 121 
6290.184252000 122 
6290.184807500 120 
6290.185363000 120 
6290.185918500 121 
6290.186474000 120 
6290.187029500 122 
6290.187585000 121 
6290.188140500 123 
6290.188696000 123 
6290.189251500 124 
6290.189807000 124 
6290.190362500 127 
6290.190918000 127 
6290.191473500 129 
6290.192029000 130 
6290.192584500 131 
6290.193140000 132 
6290.193695500 133 
6290.194251000 134 
6290.194806500 133 
6290.195362000 134 
6290.195917500 134 
6290.196473000 134 
6290.197028500 134 
6290.197584000 133 
6290.198139500 133 
6290.198695000 132 
6290.199250500 130 
6290.199806000 130 
6290.200361500 128 
6290.200917000 127 
6290.201472500 127 
6290.202028000 125 
6290.202583500 124 
6290.203139000 123 
6290.203694500 121 
6290.204250000 122 
6290.204805500 120 
6290.205361000 121 
6290.205916500 120 
6290.206472000 121 
6290.207027500 120 
6290.207583000 122 
6290.208138500 121 
6290.208694000 123 
6290.209249500 125 
6290.209805000 125 
6290.210360500 127 
6290.210916000 127 
6290.211471500 129 
6290.212027000 129 
6290.212582500 131 
6290.213138000 132 
6290.213693500 133 
6290.214249000 133 
6290.214804500 134 
6290.215360000 135 
6290.215915500 134 
6290.216471000 134 
6290.217026500 134 
6290.217582000 133 
6290.218137500 132 
6290.218693000 132 
6290.219248500 130 
6290.219804000 129 
6290.220359500 129 
6290.220915000 127 
6290.221470500 126 
6290.222026000 125 
6290.222581500 124 
6290.223137000 123 
6290.223692500 121 
6290.224248000 122 
6290.224803500 121 
6290.225359000 120 
6290.225914500 121 
6290.226470000 120 
6290.227025500 121 
6290.227581000 122 
6290.228136500 122 
6290.228692000 123 
6290.229247500 123 
6290.229803000 125 
6290.230358500 126 
6290.230914000 127 
6290.231469500 128 
6290.232025000 130 
6290.232580500 131 
6290.233136000 132 
6290.233691500 133 
6290.234247000 133 
6290.234802500 134 
6290.235358000 134 
6290.235913500 135 
6290.236469000 134 
6290.237024500 134 
6290.237580000 134 
6290.238135500 132 
6290.238691000 132 
6290.239246500 131 
6290.239802000 129 
6290.240357500 128 
6290.240913000 128 
6290.241468500 126 
6290.242024000 124 
6290.242579500 125 
6290.243135000 122 
6290.243690500 123 
6290.244246000 121 
6290.244801500 121 
6290.245357000 120 
6290.245912500 121 
6290.246468000 120 
6290.247023500 121 
6290.247579000 121 
6290.248134500 122 
6290.248690000 124 
6290.249245500 124 
6290.249801000 124 
6290.250356500 126 
6290.250912000 127 
6290.251467500 128 
6290.252023000 130 
6290.252578500 131 
6290.253134000 133 
6290.253689500 133 
6290.254245000 134 
6290.254800500 134 
6290.255356000 134 
6290.255911500 135 
6290.256467000 134 
6290.257022500 134 
6290.257578000 134 
6290.258133500 133 
6290.258689000 131 
6290.259244500 131 
6290.259800000 130 
6290.260355500 129 
6290.260911000 127 
6290.261466500 126 
6290.262022000 124 
6290.262577500 124 
6290.263133000 122 
6290.263688500 122 
6290.264244000 122 
6290.264799500 121 
6290.265355000 120 
6290.265910500 120 
6290.266466000 120 
6290.267021500 121 
6290.267577000 121 
6290.268132500 122 
6290.268688000 123 
6290.269243500 123 
6290.269799000 126 
6290.270354500 126 
6290.270910000 128 
6290.271465500 128 
6290.272021000 130 
6290.272576500 131 
6290.273132000 132 
6290.273687500 133 
6290.274243000 134 
6290.274798500 134 
6290.275354000 135 
6290.275909500 134 
6290.276465000 135 
6290.277020500 134 
6290.277576000 134 
6290.278131500 134 
6290.278687000 132 
6290.279242500 132 
6290.279798000 130 
6290.280353500 128 
6290.280909000 128 
6290.281464500 126 
6290.282020000 125 
6290.282575500 125 
6290.283131000 122 
6290.283686500 123 
6290.284242000 121 
6290.284797500 121 
6290.285353000 121 
6290.285908500 121 
6290.286464000 120 
6290.287019500 121 
6290.287575000 121 
6290.288130500 122 
6290.288686000 123 
6290.289241500 124 
6290.289797000 124 
6290.290352500 126 
6290.290908000 128 
6290.291463500 128 
6290.292019000 130 
6290.292574500 131 
6290.293130000 132 
6290.293685500 134 
6290.294241000 133 
6290.294796500 133 
6290.295352000 134 
6290.295907500 134 
6290.296463000 134 
6290.297018500 134 
6290.297574000 133 
6290.298129500 133 
6290.298685000 131 
6290.299240500 131 
6290.299796000 130 
6290.300351500 128 
6290.300907000 128 
6290.301462500 126 
6290.302018000 125 
6290.302573500 124 
6290.303129000 122 
6290.303684500 121 
6290.304240000 121 
6290.304795500 121 
6290.305351000 121 
6290.305906500 121 
6290.306462000 121 
6290.307017500 121 
6290.307573000 121 
6290.308128500 123 
6290.308684000 123 
6290.309239500 124 
6290.309795000 125 
6290.310350500 126 
6290.310906000 128 
6290.311461500 129 
6290.312017000 131 
6290.312572500 131 
6290.313128000 133 
6290.313683500 133 
6290.314239000 135 
6290.314794500 133 
6290.315350000 135 
6290.315905500 135 
6290.316461000 135 
6290.317016500 134 
6290.317572000 134 
6290.318127500 133 
6290.318683000 131 
6290.319238500 132 
6290.319794000 130 
6290.320349500 129 
6290.320905000 128 
6290.321460500 126 
6290.322016000 125 
6290.322571500 123 
6290.323127000 123 
6290.323682500 121 
6290.324238000 121 
6290.324793500 121 
6290.325349000 120 
6290.325904500 121 
6290.326460000 120 
6290.327015500 121 
6290.327571000 120 
6290.328126500 122 
6290.328682000 122 
6290.329237500 124 
6290.329793000 125 
6290.330348500 127 
6290.330904000 127 
6290.331459500 129 
6290.332015000 130 
6290.332570500 130 
6290.333126000 133 
6290.333681500 133 
6290.334237000 134 
6290.334792500 135 
6290.335348000 134 
6290.335903500 135 
6290.336459000 135 
6290.337014500 134 
6290.337570000 134 
6290.338125500 132 
6290.338681000 133 
6290.339236500 131 
6290.339792000 130 
6290.340347500 128 
6290.340903000 128 
6290.341458500 126 
6290.342014000 125 
6290.342569500 124 
6290.343125000 122 
6290.343680500 122 
6290.344236000 121 
6290.344791500 121 
6290.345347000 120 
6290.345902500 120 
6290.346458000 120 
6290.347013500 121 
6290.347569000 121 
6290.348124500 122 
6290.348680000 123 
6290.349235500 123 
6290.349791000 125 
6290.350346500 127 
6290.350902000 127 
6290.351457500 129 
6290.352013000 129 
6290.352568500 131 
6290.353124000 132 
6290.353679500 134 
6290.354235000 133 
6290.354790500 134 
6290.355346000 134 
6290.355901500 135 
6290.356457000 134 
6290.357012500 135 
6290.357568000 134 
6290.358123500 133 
6290.358679000 132 
6290.359234500 131 
6290.359790000 130 
6290.360345500 129 
6290.360901000 127 
6290.361456500 125 
6290.362012000 126 
6290.362567500 123 
6290.363123000 123 
6290.363678500 121 
6290.364234000 121 
6290.364789500 120 
6290.365345000 120 
6290.365900500 121 
6290.366456000 120 
6290.367011500 121 
6290.367567000 120 
6290.368122500 121 
6290.368678000 123 
6290.369233500 124 
6290.369789000 124 
6290.370344500 127 
6290.370900000 127 
6290.371455500 129 
6290.372011000 130 
6290.372566500 132 
6290.373122000 132 
6290.373677500 134 
6290.374233000 134 
6290.374788500 134 
6290.375344000 135 
6290.375899500 135 
6290.376455000 135 
6290.377010500 134 
6290.377566000 134 
6290.378121500 133 
6290.378677000 132 
6290.379232500 131 
6290.379788000 129 
6290.380343500 129 
6290.380899000 127 
6290.381454500 126 
6290.382010000 125 
6290.382565500 123 
6290.383121000 123 
6290.383676500 121 
6290.384232000 122 
6290.384787500 120 
6290.385343000 120 
6290.385898500 120 
6290.386454000 121 
6290.387009500 120 
6290.387565000 121 
6290.388120500 121 
6290.388676000 123 
6290.389231500 123 
6290.389787000 125 
6290.390342500 126 
6290.390898000 127 
6290.391453500 129 
6290.392009000 130 
6290.392564500 131 
6290.393120000 133 
6290.393675500 133 
6290.394231000 135 
6290.394786500 134 
6290.395342000 135 
6290.395897500 135 
6290.396453000 134 
6290.397008500 135 
6290.397564000 134 
6290.398119500 133 
6290.398675000 132 
6290.399230500 131 
6290.399786000 130 
6290.400341500 129 
6290.400897000 128 
6290.401452500 126 
6290.402008000 124 
6290.402563500 124 
6290.403119000 122 
6290.403674500 121 
6290.404230000 121 
6290.404785500 120 
6290.405341000 120 
6290.405896500 119 
6290.406452000 120 
6290.407007500 120 
6290.407563000 120 
6290.408118500 121 
6290.408674000 122 
6290.409229500 124 
6290.409785000 124 
6290.410340500 126 
6290.410896000 128 
6290.411451500 128 
6290.412007000 130 
6290.412562500 132 
6290.413118000 132 
6290.413673500 134 
6290.414229000 135 
6290.414784500 135 
6290.415340000 136 
6290.415895500 136 
6290.416451000 135 
6290.417006500 136 
6290.417562000 135 
6290.418117500 135 
6290.418673000 133 
6290.419228500 132 
6290.419784000 131 
6290.420339500 128 
6290.420895000 128 
6290.421450500 126 
6290.422006000 124 
6290.422561500 124 
6290.423117000 121 
6290.423672500 120 
6290.424228000 121 
6290.424783500 120 
6290.425339000 119 
6290.425894500 120 
6290.426450000 119 
6290.427005500 120 
6290.427561000 120 
6290.428116500 121 
6290.428672000 123 
6290.429227500 123 
6290.429783000 125 
6290.430338500 127 
6290.430894000 127 
6290.431449500 129 
6290.432005000 131 
6290.432560500 131 
6290.433116000 134 
6290.433671500 134 
6290.434227000 135 
6290.434782500 136 
6290.435338000 135 
6290.435893500 137 
6290.436449000 135 
6290.437004500 136 
6290.437560000 135 
6290.438115500 134 
6290.438671000 132 
6290.439226500 131 
6290.439782000 130 
6290.440337500 129 
6290.440893000 128 
6290.441448500 126 
6290.442004000 125 
6290.442559500 124 
6290.443115000 121 
6290.443670500 121 
6290.444226000 120 
6290.444781500 120 
6290.445337000 120 
6290.445892500 118 
6290.446448000 120 
6290.447003500 119 
6290.447559000 120 
6290.448114500 121 
6290.448670000 123 
6290.449225500 122 
6290.449781000 125 
6290.450336500 127 
6290.450892000 127 
6290.451447500 129 
6290.452003000 131 
6290.452558500 132 
6290.453114000 133 
6290.453669500 134 
6290.454225000 135 
6290.454780500 135 
6290.455336000 136 
6290.455891500 136 
6290.456447000 136 
6290.457002500 136 
6290.457558000 134 
6290.458113500 134 
6290.458669000 132 
6290.459224500 132 
6290.459780000 131 
6290.460335500 128 
6290.460891000 127 
6290.461446500 127 
6290.462002000 124 
6290.462557500 124 
6290.463113000 122 
6290.463668500 121 
6290.464224000 120 
6290.464779500 119 
6290.465335000 119 
6290.465890500 119 
6290.466446000 119 
6290.467001500 119 
6290.467557000 120 
6290.468112500 121 
6290.468668000 122 
6290.469223500 124 
6290.469779000 124 
6290.470334500 126 
6290.470890000 127 
6290.471445500 129 
6290.472001000 131 
6290.472556500 131 
6290.473112000 133 
6290.473667500 135 
6290.474223000 134 
6290.474778500 135 
6290.475334000 136 
6290.475889500 135 
6290.476445000 136 
6290.477000500 135 
6290.477556000 135 
6290.478111500 133 
6290.478667000 133 
6290.479222500 132 
6290.479778000 130 
6290.480333500 129 
6290.480889000 127 
6290.481444500 126 
6290.482000000 124 
6290.482555500 124 
6290.483111000 121 
6290.483666500 121 
6290.484222000 120 
6290.484777500 119 
6290.485333000 120 
6290.485888500 119 
6290.486444000 120 
6290.486999500 119 
6290.487555000 120 
6290.488110500 121 
6290.488666000 121 
6290.489221500 123 
6290.489777000 124 
6290.490332500 125 
6290.490888000 128 
6290.491443500 129 
6290.491999000 130 
6290.492554500 131 
6290.493110000 133 
6290.493665500 135 
6290.494221000 135 
6290.494776500 135 
6290.495332000 136 
6290.495887500 135 
6290.496443000 136 
6290.496998500 136 
6290.497554000 134 
6290.498109500 134 
6290.498665000 133 
6290.499220500 132 
6290.499776000 131 
6290.500331500 128 
6290.500887000 128 
6290.501442500 125 
6290.501998000 125 
6290.502553500 123 
6290.503109000 122 
6290.503664500 121 
6290.504220000 120 
6290.504775500 120 
6290.505331000 119 
6290.505886500 118 
6290.506442000 120 
6290.506997500 120 
6290.507553000 120 
6290.508108500 121 
6290.508664000 122 
6290.509219500 123 
6290.509775000 124 
6290.510330500 126 
6290.510886000 127 
6290.511441500 129 
6290.511997000 131 
6290.512552500 131 
6290.513108000 132 
6290.513663500 134 
6290.514219000 134 
6290.514774500 135 
6290.515330000 136 
6290.515885500 135 
6290.516441000 135 
6290.516996500 136 
6290.517552000 135 
6290.518107500 133 
6290.518663000 133 
6290.519218500 131 
6290.519774000 130 
6290.520329500 129 
6290.520885000 127 
6290.521440500 126 
6290.521996000 124 
6290.522551500 124 
6290.523107000 122 
6290.523662500 119 
6290.524218000 121 
6290.524773500 119 
6290.525329000 119 
6290.525884500 119 
6290.526440000 119 
6290.526995500 120 
6290.527551000 120 
6290.528106500 121 
6290.528662000 122 
6290.529217500 123 
6290.529773000 125 
6290.530328500 125 
6290.530884000 128 
6290.531439500 128 
6290.531995000 130 
6290.532550500 132 
6290.533106000 132 
6290.533661500 136 
6290.534217000 135 
6290.534772500 135 
6290.535328000 136 
6290.535883500 136 
6290.536439000 135 
6290.536994500 136 
6290.537550000 135 
6290.538105500 134 
6290.538661000 133 
6290.539216500 131 
6290.539772000 131 
6290.540327500 128 
6290.540883000 127 
6290.541438500 126 
6290.541994000 124 
6290.542549500 123 
6290.543105000 123 
6290.543660500 120 
6290.544216000 121 
6290.544771500 119 
6290.545327000 119 
6290.545882500 119 
6290.546438000 119 
6290.546993500 119 
6290.547549000 120 
6290.548104500 121 
6290.548660000 122 
6290.549215500 124 
6290.549771000 125 
6290.550326500 126 
6290.550882000 127 
6290.551437500 129 
6290.551993000 130 
6290.552548500 132 
6290.553104000 132 
6290.553659500 136 
6290.554215000 135 
6290.554770500 136 
6290.555326000 136 
6290.555881500 136 
6290.556437000 135 
6290.556992500 136 
6290.557548000 135 
6290.558103500 134 
6290.558659000 134 
6290.559214500 132 
6290.559770000 131 
6290.560325500 129 
6290.560881000 128 
6290.561436500 127 
6290.561992000 124 
6290.562547500 123 
6290.563103000 121 
6290.563658500 120 
6290.564214000 120 
6290.564769500 119 
6290.565325000 119 
6290.565880500 118 
6290.566436000 120 
6290.566991500 120 
6290.567547000 119 
6290.568102500 121 
6290.568658000 121 
6290.569213500 123 
6290.569769000 124 
6290.570324500 126 
6290.570880000 127 
6290.571435500 129 
6290.571991000 131 
6290.572546500 132 
6290.573102000 133 
6290.573657500 135 
6290.574213000 135 
6290.574768500 135 
6290.575324000 136 
6290.575879500 136 
6290.576435000 136 
6290.576990500 136 
6290.577546000 135 
6290.578101500 134 
6290.578657000 132 
6290.579212500 132 
6290.579768000 131 
6290.580323500 128 
6290.580879000 127 
6290.581434500 127 
6290.581990000 123 
6290.582545500 124 
6290.583101000 122 
6290.583656500 120 
6290.584212000 120 
6290.584767500 120 
6290.585323000 119 
6290.585878500 119 
6290.586434000 119 
6290.586989500 119 
6290.587545000 120 
6290.588100500 120 
6290.588656000 122 
6290.589211500 123 
6290.589767000 124 
6290.590322500 127 
6290.590878000 128 
6290.591433500 128 
6290.591989000 131 
6290.592544500 131 
6290.593100000 133 
6290.593655500 135 
6290.594211000 135 
6290.594766500 135 
6290.595322000 136 
6290.595877500 136 
6290.596433000 136 
6290.596988500 136 
6290.597544000 135 
6290.598099500 134 
6290.598655000 133 
6290.599210500 132 
6290.599766000 130 
6290.600321500 129 
6290.600877000 127 
6290.601432500 126 
6290.601988000 125 
6290.602543500 123 
6290.603099000 122 
6290.603654500 120 
6290.604210000 120 
6290.604765500 119 
6290.605321000 118 
6290.605876500 118 
6290.606432000 118 
6290.606987500 120 
6290.607543000 119 
6290.608098500 120 
6290.608654000 122 
6290.609209500 123 
6290.609765000 125 
6290.610320500 126 
6290.610876000 127 
6290.611431500 129 
6290.611987000 131 
6290.612542500 132 
6290.613098000 134 
6290.613653500 135 
6290.614209000 135 
6290.614764500 135 
6290.615320000 136 
6290.615875500 137 
6290.616431000 136 
6290.616986500 137 
6290.617542000 135 
6290.618097500 134 
6290.618653000 133 
6290.619208500 132 
6290.619764000 131 
6290.620319500 129 
6290.620875000 128 
6290.621430500 126 
6290.621986000 124 
6290.622541500 123 
6290.623097000 122 
6290.623652500 121 
6290.624208000 119 
6290.624763500 120 
6290.625319000 119 
6290.625874500 118 
6290.626430000 120 
6290.626985500 119 
6290.627541000 119 
6290.628096500 121 
6290.628652000 121 
6290.629207500 123 
6290.629763000 124 
6290.630318500 126 
6290.630874000 127 
6290.631429500 129 
6290.631985000 131 
6290.632540500 131 
6290.633096000 134 
6290.633651500 134 
6290.634207000 135 
6290.634762500 135 
6290.635318000 137 
6290.635873500 136 
6290.636429000 137 
6290.636984500 136 
6290.637540000 135 
6290.638095500 135 
6290.638651000 133 
6290.639206500 131 
6290.639762000 131 
6290.640317500 128 
6290.640873000 127 
6290.641428500 126 
6290.641984000 125 
6290.642539500 124 
6290.643095000 121 
6290.643650500 121 
6290.644206000 119 
6290.644761500 120 
6290.645317000 118 
6290.645872500 119 
6290.646428000 119 
6290.646983500 120 
6290.647539000 119 
6290.648094500 121 
6290.648650000 122 
6290.649205500 122 
6290.649761000 124 
6290.650316500 126 
6290.650872000 128 
6290.651427500 129 
6290.651983000 131 
6290.652538500 132 
6290.653094000 134 
6290.653649500 136 
6290.654205000 136 
6290.654760500 136 
6290.655316000 138 
6290.655871500 137 
6290.656427000 138 
6290.656982500 137 
6290.657538000 137 
6290.658093500 135 
6290.658649000 133 
6290.659204500 132 
6290.659760000 131 
6290.660315500 129 
6290.660871000 127 
6290.661426500 126 
6290.661982000 124 
6290.662537500 123 
6290.663093000 120 
6290.663648500 119 
6290.664204000 117 
6290.664759500 119 
6290.665315000 117 
6290.665870500 118 
6290.666426000 117 
6290.666981500 117 
6290.667537000 119 
6290.668092500 120 
6290.668648000 120 
6290.669203500 121 
6290.669759000 124 
6290.670314500 125 
6290.670870000 127 
6290.671425500 129 
6290.671981000 131 
6290.672536500 131 
6290.673092000 134 
6290.673647500 135 
6290.674203000 136 
6290.674758500 136 
6290.675314000 138 
6290.675869500 138 
6290.676425000 137 
6290.676980500 137 
6290.677536000 136 
6290.678091500 135 
6290.678647000 135 
6290.679202500 132 
6290.679758000 132 
6290.680313500 129 
6290.680869000 128 
6290.681424500 126 
6290.681980000 124 
6290.682535500 122 
6290.683091000 121 
6290.683646500 118 
6290.684202000 119 
6290.684757500 119 
6290.685313000 117 
6290.685868500 118 
6290.686424000 117 
6290.686979500 118 
6290.687535000 119 
6290.688090500 120 
6290.688646000 121 
6290.689201500 122 
6290.689757000 123 
6290.690312500 126 
6290.690868000 126 
6290.691423500 129 
6290.691979000 131 
6290.692534500 132 
6290.693090000 134 
6290.693645500 137 
6290.694201000 137 
6290.694756500 137 
6290.695312000 137 
6290.695867500 138 
6290.696423000 138 
6290.696978500 137 
6290.697534000 136 
6290.698089500 135 
6290.698645000 134 
6290.699200500 133 
6290.699756000 130 
6290.700311500 129 
6290.700867000 128 
6290.701422500 126 
6290.701978000 125 
6290.702533500 122 
6290.703089000 121 
6290.703644500 119 
6290.704200000 119 
6290.704755500 119 
6290.705311000 117 
6290.705866500 117 
6290.706422000 117 
6290.706977500 118 
6290.707533000 119 
6290.708088500 119 
6290.708644000 121 
6290.709199500 123 
6290.709755000 124 
6290.710310500 126 
6290.710866000 127 
6290.711421500 129 
6290.711977000 131 
6290.712532500 133 
6290.713088000 133 
6290.713643500 136 
6290.714199000 136 
6290.714754500 137 
6290.715310000 137 
6290.715865500 137 
6290.716421000 137 
6290.716976500 137 
6290.717532000 137 
6290.718087500 135 
6290.718643000 135 
6290.719198500 132 
6290.719754000 132 
6290.720309500 129 
6290.720865000 127 
6290.721420500 126 
6290.721976000 124 
6290.722531500 122 
6290.723087000 121 
6290.723642500 118 
6290.724198000 119 
6290.724753500 117 
6290.725309000 118 
6290.725864500 117 
6290.726420000 118 
6290.726975500 117 
6290.727531000 119 
6290.728086500 119 
6290.728642000 120 
6290.729197500 122 
6290.729753000 123 
6290.730308500 126 
6290.730864000 127 
6290.731419500 130 
6290.731975000 131 
6290.732530500 132 
6290.733086000 134 
6290.733641500 136 
6290.734197000 136 
6290.734752500 136 
6290.735308000 137 
6290.735863500 138 
6290.736419000 137 
6290.736974500 137 
6290.737530000 136 
6290.738085500 135 
6290.738641000 134 
6290.739196500 132 
6290.739752000 132 
6290.740307500 129 
6290.740863000 128 
6290.741418500 125 
6290.741974000 124 
6290.742529500 123 
6290.743085000 121 
6290.743640500 119 
6290.744196000 119 
6290.744751500 118 
6290.745307000 118 
6290.745862500 117 
6290.746418000 117 
6290.746973500 118 
6290.747529000 118 
6290.748084500 120 
6290.748640000 121 
6290.749195500 122 
6290.749751000 125 
6290.750306500 125 
6290.750862000 128 
6290.751417500 128 
6290.751973000 131 
6290.752528500 133 
6290.753084000 134 
6290.753639500 137 
6290.754195000 137 
6290.754750500 137 
6290.755306000 137 
6290.755861500 138 
6290.756417000 137 
6290.756972500 137 
6290.757528000 137 
6290.758083500 135 
6290.758639000 135 
6290.759194500 132 
6290.759750000 131 
6290.760305500 129 
6290.760861000 127 
6290.761416500 126 
6290.761972000 124 
6290.762527500 122 
6290.763083000 121 
6290.763638500 118 
6290.764194000 119 
6290.764749500 117 
6290.765305000 117 
6290.765860500 118 
6290.766416000 117 
6290.766971500 117 
6290.767527000 119 
6290.768082500 119 
6290.768638000 121 
6290.769193500 122 
6290.769749000 124 
6290.770304500 126 
6290.770860000 127 
6290.771415500 130 
6290.771971000 131 
6290.772526500 132 
6290.773082000 134 
6290.773637500 136 
6290.774193000 136 
6290.774748500 138 
6290.775304000 138 
6290.775859500 137 
6290.776415000 137 
6290.776970500 137 
6290.777526000 137 
6290.778081500 135 
6290.778637000 134 
6290.779192500 133 
6290.779748000 131 
6290.780303500 129 
6290.780859000 128 
6290.781414500 126 
6290.781970000 123 
6290.782525500 123 
6290.783081000 121 
6290.783636500 118 
6290.784192000 118 
6290.784747500 118 
6290.785303000 117 
6290.785858500 117 
6290.786414000 117 
6290.786969500 119 
6290.787525000 118 
6290.788080500 119 
6290.788636000 121 
6290.789191500 122 
6290.789747000 124 
6290.790302500 125 
6290.790858000 127 
6290.791413500 129 
6290.791969000 131 
6290.792524500 132 
6290.793080000 134 
6290.793635500 136 
6290.794191000 137 
6290.794746500 137 
6290.795302000 137 
6290.795857500 138 
6290.796413000 137 
6290.796968500 137 
6290.797524000 137 
6290.798079500 135 
6290.798635000 134 
6290.799190500 132 
6290.799746000 132 
6290.800301500 129 
6290.800857000 128 
6290.801412500 125 
6290.801968000 124 
6290.802523500 123 
6290.803079000 121 
6290.803634500 118 
6290.804190000 119 
6290.804745500 118 
6290.805301000 118 
6290.805856500 118 
6290.806412000 117 
6290.806967500 118 
6290.807523000 119 
6290.808078500 119 
6290.808634000 122 
6290.809189500 122 
6290.809745000 123 
6290.810300500 126 
6290.810856000 127 
6290.811411500 129 
6290.811967000 132 
6290.812522500 131 
6290.813078000 135 
6290.813633500 136 
6290.814189000 137 
6290.814744500 137 
6290.815300000 137 
6290.815855500 138 
6290.816411000 138 
6290.816966500 137 
6290.817522000 137 
6290.818077500 135 
6290.818633000 134 
6290.819188500 132 
6290.819744000 130 
6290.820299500 130 
6290.820855000 127 
6290.821410500 126 
6290.821966000 123 
6290.822521500 123 
6290.823077000 121 
6290.823632500 118 
6290.824188000 119 
6290.824743500 117 
6290.825299000 117 
6290.825854500 117 
6290.826410000 117 
6290.826965500 119 
6290.827521000 119 
6290.828076500 120 
6290.828632000 120 
6290.829187500 122 
6290.829743000 123 
6290.830298500 126 
6290.830854000 127 
6290.831409500 129 
6290.831965000 131 
6290.832520500 132 
6290.833076000 134 
6290.833631500 137 
6290.834187000 136 
6290.834742500 137 
6290.835298000 138 
6290.835853500 137 
6290.836409000 137 
6290.836964500 138 
6290.837520000 136 
6290.838075500 135 
6290.838631000 134 
6290.839186500 133 
6290.839742000 131 
6290.840297500 130 
6290.840853000 128 
6290.841408500 126 
6290.841964000 124 
6290.842519500 123 
6290.843075000 120 
6290.843630500 120 
6290.844186000 118 
6290.844741500 119 
6290.845297000 117 
6290.845852500 118 
6290.846408000 117 
6290.846963500 118 
6290.847519000 118 
6290.848074500 120 
6290.848630000 120 
6290.849185500 122 
6290.849741000 124 
6290.850296500 125 
6290.850852000 127 
6290.851407500 130 
6290.851963000 130 
6290.852518500 133 
6290.853074000 134 
6290.853629500 136 
6290.854185000 136 
6290.854740500 137 
6290.855296000 137 
6290.855851500 138 
6290.856407000 137 
6290.856962500 137 
6290.857518000 137 
6290.858073500 135 
6290.858629000 134 
6290.859184500 132 
6290.859740000 131 
6290.860295500 130 
6290.860851000 128 
6290.861406500 125 
6290.861962000 124 
6290.862517500 122 
6290.863073000 120 
6290.863628500 120 
6290.864184000 119 
6290.864739500 118 
6290.865295000 117 
6290.865850500 117 
6290.866406000 116 
6290.866961500 118 
6290.867517000 117 
6290.868072500 119 
6290.868628000 121 
6290.869183500 121 
6290.869739000 124 
6290.870294500 125 
6290.870850000 128 
6290.871405500 129 
6290.871961000 131 
6290.872516500 132 
6290.873072000 134 
6290.873627500 137 
6290.874183000 137 
6290.874738500 138 
6290.875294000 138 
6290.875849500 138 
6290.876405000 139 
6290.876960500 137 
6290.877516000 137 
6290.878071500 136 
6290.878627000 135 
6290.879182500 134 
6290.879738000 131 
6290.880293500 130 
6290.880849000 127 
6290.881404500 125 
6290.881960000 124 
6290.882515500 122 
6290.883071000 121 
6290.883626500 118 
6290.884182000 118 
6290.884737500 117 
6290.885293000 116 
6290.885848500 116 
6290.886404000 117 
6290.886959500 117 
6290.887515000 118 
6290.888070500 119 
6290.888626000 120 
6290.889181500 121 
6290.889737000 124 
6290.890292500 125 
6290.890848000 128 
6290.891403500 129 
6290.891959000 131 
6290.892514500 133 
6290.893070000 134 
6290.893625500 136 
6290.894181000 137 
6290.894736500 138 
6290.895292000 138 
6290.895847500 138 
6290.896403000 139 
6290.896958500 138 
6290.897514000 137 
6290.898069500 135 
6290.898625000 135 
6290.899180500 134 
6290.899736000 131 
6290.900291500 130 
6290.900847000 127 
6290.901402500 125 
6290.901958000 124 
6290.902513500 122 
6290.903069000 120 
6290.903624500 119 
6290.904180000 119 
6290.904735500 117 
6290.905291000 118 
6290.905846500 116 
6290.906402000 117 
6290.906957500 117 
6290.907513000 118 
6290.908068500 119 
6290.908624000 120 
6290.909179500 122 
6290.909735000 123 
6290.910290500 126 
6290.910846000 127 
6290.911401500 129 
6290.911957000 132 
6290.912512500 132 
6290.913068000 135 
6290.913623500 136 
6290.914179000 137 
6290.914734500 138 
6290.915290000 137 
6290.915845500 138 
6290.916401000 138 
6290.916956500 137 
6290.917512000 138 
6290.918067500 137 
6290.918623000 135 
6290.919178500 133 
6290.919734000 131 
6290.920289500 129 
6290.920845000 128 
6290.921400500 125 
6290.921956000 123 
6290.922511500 122 
6290.923067000 120 
6290.923622500 119 
6290.924178000 118 
6290.924733500 117 
6290.925289000 117 
6290.925844500 117 
6290.926400000 116 
6290.926955500 117 
6290.927511000 118 
6290.928066500 119 
6290.928622000 120 
6290.929177500 122 
6290.929733000 124 
6290.930288500 125 
6290.930844000 128 
6290.931399500 129 
6290.931955000 131 
6290.932510500 133 
6290.933066000 134 
6290.933621500 136 
6290.934177000 137 
6290.934732500 137 
6290.935288000 137 
6290.935843500 139 
6290.936399000 138 
6290.936954500 139 
6290.937510000 137 
6290.938065500 137 
6290.938621000 135 
6290.939176500 133 
6290.939732000 132 
6290.940287500 129 
6290.940843000 128 
6290.941398500 125 
6290.941954000 124 
6290.942509500 121 
6290.943065000 121 
6290.943620500 118 
6290.944176000 119 
6290.944731500 117 
6290.945287000 118 
6290.945842500 116 
6290.946398000 116 
6290.946953500 117 
6290.947509000 117 
6290.948064500 119 
6290.948620000 120 
6290.949175500 121 
6290.949731000 124 
6290.950286500 125 
6290.950842000 127 
6290.951397500 128 
6290.951953000 131 
6290.952508500 133 
6290.953064000 134 
6290.953619500 136 
6290.954175000 137 
6290.954730500 138 
6290.955286000 136 
6290.955841500 139 
6290.956397000 138 
6290.956952500 138 
6290.957508000 136 
6290.958063500 136 
6290.958619000 135 
6290.959174500 133 
6290.959730000 131 
6290.960285500 130 
6290.960841000 128 
6290.961396500 126 
6290.961952000 124 
6290.962507500 123 
6290.963063000 121 
6290.963618500 119 
6290.964174000 118 
6290.964729500 117 
6290.965285000 118 
6290.965840500 117 
6290.966396000 116 
6290.966951500 116 
6290.967507000 119 
6290.968062500 118 
6290.968618000 121 
6290.969173500 122 
6290.969729000 123 
6290.970284500 126 
6290.970840000 127 
6290.971395500 129 
6290.971951000 132 
6290.972506500 132 
6290.973062000 135 
6290.973617500 136 
6290.974173000 137 
6290.974728500 137 
6290.975284000 137 
6290.975839500 138 
6290.976395000 138 
6290.976950500 138 
6290.977506000 137 
6290.978061500 136 
6290.978617000 135 
6290.979172500 132 
6290.979728000 132 
6290.980283500 128 
6290.980839000 127 
6290.981394500 126 
6290.981950000 123 
6290.982505500 123 
6290.983061000 120 
6290.983616500 119 
6290.984172000 119 
6290.984727500 117 
6290.985283000 118 
6290.985838500 116 
6290.986394000 117 
6290.986949500 117 
6290.987505000 118 
6290.988060500 120 
6290.988616000 120 
6290.989171500 122 
6290.989727000 124 
6290.990282500 125 
6290.990838000 127 
6290.991393500 129 
6290.991949000 131 
6290.992504500 133 
6290.993060000 134 
6290.993615500 137 
6290.994171000 138 
6290.994726500 138 
6290.995282000 137 
6290.995837500 140 
6290.996393000 139 
6290.996948500 139 
6290.997504000 137 
6290.998059500 137 
6290.998615000 134 
6290.999170500 134 
6290.999726000 131 
6291.000281500 129 
6291.000837000 128 
6291.001392500 125 
6291.001948000 123 
6291.002503500 122 
6291.003059000 119 
6291.003614500 119 
6291.004170000 118 
6291.004725500 116 
6291.005281000 117 
6291.005836500 116 
6291.006392000 115 
6291.006947500 116 
6291.007503000 117 
6291.008058500 118 
6291.008614000 120 
6291.009169500 121 
6291.009725000 123 
6291.010280500 125 
6291.010836000 128 
6291.011391500 129 
6291.011947000 132 
6291.012502500 132 
6291.013058000 135 
6291.013613500 136 
6291.014169000 137 
6291.014724500 139 
6291.015280000 137 
6291.015835500 139 
6291.016391000 139 
6291.016946500 139 
6291.017502000 137 
6291.018057500 137 
6291.018613000 135 
6291.019168500 134 
6291.019724000 132 
6291.020279500 130 
6291.020835000 128 
6291.021390500 125 
6291.021946000 123 
6291.022501500 122 
6291.023057000 120 
6291.023612500 119 
6291.024168000 118 
6291.024723500 116 
6291.025279000 118 
6291.025834500 116 
6291.026390000 116 
6291.026945500 116 
6291.027501000 118 
6291.028056500 118 
6291.028612000 120 
6291.029167500 121 
6291.029723000 123 
6291.030278500 125 
6291.030834000 127 
6291.031389500 129 
6291.031945000 131 
6291.032500500 133 
6291.033056000 135 
6291.033611500 137 
6291.034167000 138 
6291.034722500 138 
6291.035278000 138 
6291.035833500 139 
6291.036389000 140 
6291.036944500 139 
6291.037500000 138 
6291.038055500 137 
6291.038611000 134 
6291.039166500 134 
6291.039722000 132 
6291.040277500 129 
6291.040833000 128 
6291.041388500 126 
6291.041944000 123 
6291.042499500 122 
6291.043055000 119 
6291.043610500 119 
6291.044166000 116 
6291.044721500 117 
6291.045277000 116 
6291.045832500 116 
6291.046388000 116 
6291.046943500 116 
6291.047499000 117 
6291.048054500 118 
6291.048610000 119 
6291.049165500 122 
6291.049721000 123 
6291.050276500 125 
6291.050832000 127 
6291.051387500 129 
6291.051943000 132 
6291.052498500 133 
6291.053054000 135 
6291.053609500 137 
6291.054165000 138 
6291.054720500 138 
6291.055276000 138 
6291.055831500 139 
6291.056387000 140 
6291.056942500 138 
6291.057498000 138 
6291.058053500 136 
6291.058609000 135 
6291.059164500 133 
6291.059720000 131 
6291.060275500 130 
6291.060831000 128 
6291.061386500 125 
6291.061942000 124 
6291.062497500 122 
6291.063053000 119 
6291.063608500 119 
6291.064164000 117 
6291.064719500 116 
6291.065275000 117 
6291.065830500 115 
6291.066386000 116 
6291.066941500 116 
6291.067497000 117 
6291.068052500 118 
6291.068608000 120 
6291.069163500 120 
6291.069719000 123 
6291.070274500 126 
6291.070830000 126 
6291.071385500 129 
6291.071941000 131 
6291.072496500 133 
6291.073052000 135 
6291.073607500 136 
6291.074163000 138 
6291.074718500 138 
6291.075274000 137 
6291.075829500 140 
6291.076385000 139 
6291.076940500 139 
6291.077496000 138 
6291.078051500 136 
6291.078607000 135 
6291.079162500 133 
6291.079718000 132 
6291.080273500 129 
6291.080829000 127 
6291.081384500 126 
6291.081940000 123 
6291.082495500 122 
6291.083051000 120 
6291.083606500 118 
6291.084162000 118 
6291.084717500 116 
6291.085273000 118 
6291.085828500 115 
6291.086384000 115 
6291.086939500 116 
6291.087495000 116 
6291.088050500 119 
6291.088606000 119 
6291.089161500 121 
6291.089717000 123 
6291.090272500 125 
6291.090828000 128 
6291.091383500 129 
6291.091939000 131 
6291.092494500 134 
6291.093050000 134 
6291.093605500 136 
6291.094161000 138 
6291.094716500 138 
6291.095272000 138 
6291.095827500 139 
6291.096383000 140 
6291.096938500 138 
6291.097494000 138 
6291.098049500 136 
6291.098605000 135 
6291.099160500 134 
6291.099716000 131 
6291.100271500 130 
6291.100827000 128 
6291.101382500 126 
6291.101938000 123 
6291.102493500 122 
6291.103049000 120 
6291.103604500 118 
6291.104160000 117 
6291.104715500 117 
6291.105271000 116 
6291.105826500 116 
6291.106382000 115 
6291.106937500 116 
6291.107493000 117 
6291.108048500 118 
6291.108604000 119 
6291.109159500 121 
6291.109715000 123 
6291.110270500 126 
6291.110826000 127 
6291.111381500 129 
6291.111937000 131 
6291.112492500 133 
6291.113048000 135 
6291.113603500 138 
6291.114159000 137 
6291.114714500 139 
6291.115270000 139 
6291.115825500 139 
6291.116381000 140 
6291.116936500 139 
6291.117492000 138 
6291.118047500 136 
6291.118603000 136 
6291.119158500 133 
6291.119714000 132 
6291.120269500 129 
6291.120825000 128 
6291.121380500 125 
6291.121936000 124 
6291.122491500 121 
6291.123047000 121 
6291.123602500 117 
6291.124158000 118 
6291.124713500 116 
6291.125269000 116 
6291.125824500 116 
6291.126380000 115 
6291.126935500 116 
6291.127491000 118 
6291.128046500 118 
6291.128602000 119 
6291.129157500 122 
6291.129713000 123 
6291.130268500 126 
6291.130824000 126 
6291.131379500 130 
6291.131935000 131 
6291.132490500 134 
6291.133046000 135 
6291.133601500 138 
6291.134157000 137 
6291.134712500 139 
6291.135268000 138 
6291.135823500 140 
6291.136379000 139 
6291.136934500 139 
6291.137490000 137 
6291.138045500 137 
6291.138601000 135 
6291.139156500 134 
6291.139712000 131 
6291.140267500 130 
6291.140823000 129 
6291.141378500 125 
6291.141934000 124 
6291.142489500 121 
6291.143045000 120 
6291.143600500 118 
6291.144156000 118 
6291.144711500 116 
6291.145267000 116 
6291.145822500 116 
6291.146378000 114 
6291.146933500 117 
6291.147489000 116 
6291.148044500 118 
6291.148600000 119 
6291.149155500 122 
6291.149711000 123 
6291.150266500 125 
6291.150822000 128 
6291.151377500 129 
6291.151933000 132 
6291.152488500 134 
6291.153044000 135 
6291.153599500 137 
6291.154155000 138 
6291.154710500 139 
6291.155266000 139 
6291.155821500 140 
6291.156377000 141 
6291.156932500 139 
6291.157488000 139 
6291.158043500 137 
6291.158599000 136 
6291.159154500 134 
6291.159710000 132 
6291.160265500 130 
6291.160821000 128 
6291.161376500 125 
6291.161932000 124 
6291.162487500 121 
6291.163043000 120 
6291.163598500 118 
6291.164154000 116 
6291.164709500 116 
6291.165265000 117 
6291.165820500 115 
6291.166376000 114 
6291.166931500 116 
6291.167487000 117 
6291.168042500 117 
6291.168598000 119 
6291.169153500 120 
6291.169709000 124 
6291.170264500 124 
6291.170820000 127 
6291.171375500 130 
6291.171931000 131 
6291.172486500 134 
6291.173042000 136 
6291.173597500 137 
6291.174153000 139 
6291.174708500 139 
6291.175264000 140 
6291.175819500 140 
6291.176375000 140 
6291.176930500 139 
6291.177486000 139 
6291.178041500 137 
6291.178597000 136 
6291.179152500 134 
6291.179708000 132 
6291.180263500 130 
6291.180819000 128 
6291.181374500 125 
6291.181930000 124 
6291.182485500 121 
6291.183041000 119 
6291.183596500 118 
6291.184152000 117 
6291.184707500 115 
6291.185263000 117 
6291.185818500 115 
6291.186374000 114 
6291.186929500 116 
6291.187485000 117 
6291.188040500 117 
6291.188596000 119 
6291.189151500 121 
6291.189707000 124 
6291.190262500 124 
6291.190818000 127 
6291.191373500 128 
6291.191929000 131 
6291.192484500 134 
6291.193040000 135 
6291.193595500 137 
6291.194151000 138 
6291.194706500 139 
6291.195262000 138 
6291.195817500 139 
6291.196373000 141 
6291.196928500 139 
6291.197484000 138 
6291.198039500 137 
6291.198595000 135 
6291.199150500 134 
6291.199706000 132 
6291.200261500 131 
6291.200817000 128 
6291.201372500 126 
6291.201928000 124 
6291.202483500 122 
6291.203039000 120 
6291.203594500 117 
6291.204150000 117 
6291.204705500 115 
6291.205261000 117 
6291.205816500 114 
6291.206372000 114 
6291.206927500 116 
6291.207483000 116 
6291.208038500 117 
6291.208594000 120 
6291.209149500 121 
6291.209705000 123 
6291.210260500 125 
6291.210816000 127 
6291.211371500 129 
6291.211927000 131 
6291.212482500 134 
6291.213038000 135 
6291.213593500 137 
6291.214149000 138 
6291.214704500 139 
6291.215260000 139 
6291.215815500 141 
6291.216371000 140 
6291.216926500 140 
6291.217482000 138 
6291.218037500 138 
6291.218593000 135 
6291.219148500 134 
6291.219704000 133 
6291.220259500 129 
6291.220815000 129 
6291.221370500 125 
6291.221926000 124 
6291.222481500 122 
6291.223037000 119 
6291.223592500 118 
6291.224148000 117 
6291.224703500 116 
6291.225259000 115 
6291.225814500 115 
6291.226370000 115 
6291.226925500 115 
6291.227481000 117 
6291.228036500 118 
6291.228592000 119 
6291.229147500 121 
6291.229703000 122 
6291.230258500 125 
6291.230814000 126 
6291.231369500 130 
6291.231925000 131 
6291.232480500 134 
6291.233036000 134 
6291.233591500 137 
6291.234147000 138 
6291.234702500 139 
6291.235258000 138 
6291.235813500 140 
6291.236369000 141 
6291.236924500 140 
6291.237480000 140 
6291.238035500 138 
6291.238591000 136 
6291.239146500 134 
6291.239702000 133 
6291.240257500 129 
6291.240813000 128 
6291.241368500 126 
6291.241924000 123 
6291.242479500 122 
6291.243035000 118 
6291.243590500 118 
6291.244146000 115 
6291.244701500 115 
6291.245257000 116 
6291.245812500 113 
6291.246368000 114 
6291.246923500 114 
6291.247479000 115 
6291.248034500 116 
6291.248590000 119 
6291.249145500 120 
6291.249701000 122 
6291.250256500 125 
6291.250812000 126 
6291.251367500 130 
6291.251923000 132 
6291.252478500 134 
6291.253034000 136 
6291.253589500 139 
6291.254145000 139 
6291.254700500 140 
6291.255256000 140 
6291.255811500 140 
6291.256367000 141 
6291.256922500 140 
6291.257478000 140 
6291.258033500 138 
6291.258589000 136 
6291.259144500 135 
6291.259700000 132 
6291.260255500 130 
6291.260811000 128 
6291.261366500 126 
6291.261922000 123 
6291.262477500 122 
6291.263033000 118 
6291.263588500 117 
6291.264144000 116 
6291.264699500 115 
6291.265255000 115 
6291.265810500 113 
6291.266366000 114 
6291.266921500 114 
6291.267477000 116 
6291.268032500 116 
6291.268588000 119 
6291.269143500 121 
6291.269699000 122 
6291.270254500 125 
6291.270810000 127 
6291.271365500 129 
6291.271921000 132 
6291.272476500 134 
6291.273032000 136 
6291.273587500 138 
6291.274143000 139 
6291.274698500 140 
6291.275254000 140 
6291.275809500 141 
6291.276365000 142 
6291.276920500 140 
6291.277476000 140 
6291.278031500 138 
6291.278587000 136 
6291.279142500 136 
6291.279698000 132 
6291.280253500 131 
6291.280809000 127 
6291.281364500 126 
6291.281920000 123 
6291.282475500 121 
6291.283031000 119 
6291.283586500 118 
6291.284142000 115 
6291.284697500 116 
6291.285253000 115 
6291.285808500 114 
6291.286364000 114 
6291.286919500 114 
6291.287475000 116 
6291.288030500 116 
6291.288586000 119 
6291.289141500 120 
6291.289697000 123 
6291.290252500 125 
6291.290808000 126 
6291.291363500 130 
6291.291919000 131 
6291.292474500 134 
6291.293030000 136 
6291.293585500 138 
6291.294141000 139 
6291.294696500 140 
6291.295252000 140 
6291.295807500 141 
6291.296363000 141 
6291.296918500 141 
6291.297474000 139 
6291.298029500 138 
6291.298585000 136 
6291.299140500 135 
6291.299696000 132 
6291.300251500 130 
6291.300807000 128 
6291.301362500 126 
6291.301918000 123 
6291.302473500 121 
6291.303029000 119 
6291.303584500 116 
6291.304140000 116 
6291.304695500 114 
6291.305251000 115 
6291.305806500 114 
6291.306362000 113 
6291.306917500 114 
6291.307473000 115 
6291.308028500 117 
6291.308584000 118 
6291.309139500 120 
6291.309695000 123 
6291.310250500 124 
6291.310806000 128 
6291.311361500 129 
6291.311917000 132 
6291.312472500 134 
6291.313028000 136 
6291.313583500 138 
6291.314139000 139 
6291.314694500 141 
6291.315250000 140 
6291.315805500 141 
6291.316361000 142 
6291.316916500 140 
6291.317472000 140 
6291.318027500 138 
6291.318583000 137 
6291.319138500 134 
6291.319694000 132 
6291.320249500 131 
6291.320805000 127 
6291.321360500 125 
6291.321916000 123 
6291.322471500 120 
6291.323027000 119 
6291.323582500 118 
6291.324138000 116 
6291.324693500 115 
6291.325249000 115 
6291.325804500 113 
6291.326360000 113 
6291.326915500 115 
6291.327471000 115 
6291.328026500 117 
6291.328582000 118 
6291.329137500 120 
6291.329693000 123 
6291.330248500 124 
6291.330804000 126 
6291.331359500 130 
6291.331915000 131 
6291.332470500 134 
6291.333026000 135 
6291.333581500 137 
6291.334137000 140 
6291.334692500 140 
6291.335248000 140 
6291.335803500 141 
6291.336359000 142 
6291.336914500 140 
6291.337470000 140 
6291.338025500 138 
6291.338581000 137 
6291.339136500 135 
6291.339692000 132 
6291.340247500 131 
6291.340803000 128 
6291.341358500 126 
6291.341914000 123 
6291.342469500 121 
6291.343025000 119 
6291.343580500 117 
6291.344136000 117 
6291.344691500 115 
6291.345247000 115 
6291.345802500 113 
6291.346358000 113 
6291.346913500 115 
6291.347469000 115 
6291.348024500 117 
6291.348580000 118 
6291.349135500 120 
6291.349691000 123 
6291.350246500 125 
6291.350802000 127 
6291.351357500 129 
6291.351913000 132 
6291.352468500 134 
6291.353024000 136 
6291.353579500 138 
6291.354135000 139 
6291.354690500 140 
6291.355246000 140 
6291.355801500 141 
6291.356357000 142 
6291.356912500 140 
6291.357468000 139 
6291.358023500 138 
6291.358579000 137 
6291.359134500 135 
6291.359690000 133 
6291.360245500 131 
6291.360801000 128 
6291.361356500 125 
6291.361912000 123 
6291.362467500 120 
6291.363023000 119 
6291.363578500 117 
6291.364134000 116 
6291.364689500 114 
6291.365245000 114 
6291.365800500 115 
6291.366356000 113 
6291.366911500 114 
6291.367467000 116 
6291.368022500 116 
6291.368578000 119 
6291.369133500 120 
6291.369689000 123 
6291.370244500 124 
6291.370800000 128 
6291.371355500 128 
6291.371911000 132 
6291.372466500 135 
6291.373022000 135 
6291.373577500 138 
6291.374133000 139 
6291.374688500 139 
6291.375244000 140 
6291.375799500 141 
6291.376355000 141 
6291.376910500 141 
6291.377466000 140 
6291.378021500 139 
6291.378577000 137 
6291.379132500 134 
6291.379688000 133 
6291.380243500 131 
6291.380799000 127 
6291.381354500 125 
6291.381910000 123 
6291.382465500 121 
6291.383021000 119 
6291.383576500 117 
6291.384132000 116 
6291.384687500 115 
6291.385243000 116 
6291.385798500 113 
6291.386354000 114 
6291.386909500 115 
6291.387465000 115 
6291.388020500 117 
6291.388576000 118 
6291.389131500 120 
6291.389687000 123 
6291.390242500 124 
6291.390798000 127 
6291.391353500 129 
6291.391909000 132 
6291.392464500 133 
6291.393020000 136 
6291.393575500 138 
6291.394131000 139 
6291.394686500 141 
6291.395242000 140 
6291.395797500 141 
6291.396353000 142 
6291.396908500 141 
6291.397464000 139 
6291.398019500 138 
6291.398575000 136 
6291.399130500 135 
6291.399686000 132 
6291.400241500 130 
6291.400797000 127 
6291.401352500 125 
6291.401908000 123 
6291.402463500 120 
6291.403019000 119 
6291.403574500 116 
6291.404130000 116 
6291.404685500 114 
6291.405241000 114 
6291.405796500 114 
6291.406352000 112 
6291.406907500 115 
6291.407463000 115 
6291.408018500 116 
6291.408574000 119 
6291.409129500 120 
6291.409685000 123 
6291.410240500 124 
6291.410796000 127 
6291.411351500 129 
6291.411907000 132 
6291.412462500 134 
6291.413018000 135 
6291.413573500 138 
6291.414129000 140 
6291.414684500 140 
6291.415240000 141 
6291.415795500 141 
6291.416351000 142 
6291.416906500 140 
6291.417462000 140 
6291.418017500 139 
6291.418573000 136 
6291.419128500 135 
6291.419684000 133 
6291.420239500 131 
6291.420795000 128 
6291.421350500 125 
6291.421906000 123 
6291.422461500 121 
6291.423017000 119 
6291.423572500 118 
6291.424128000 115 
6291.424683500 114 
6291.425239000 114 
6291.425794500 113 
6291.426350000 112 
6291.426905500 115 
6291.427461000 115 
6291.428016500 117 
6291.428572000 118 
6291.429127500 120 
6291.429683000 122 
6291.430238500 125 
6291.430794000 127 
6291.431349500 129 
6291.431905000 132 
6291.432460500 134 
6291.433016000 136 
6291.433571500 138 
6291.434127000 139 
6291.434682500 141 
6291.435238000 140 
6291.435793500 141 
6291.436349000 142 
6291.436904500 140 
6291.437460000 140 
6291.438015500 139 
6291.438571000 136 
6291.439126500 135 
6291.439682000 133 
6291.440237500 130 
6291.440793000 129 
6291.441348500 126 
6291.441904000 123 
6291.442459500 121 
6291.443015000 119 
6291.443570500 116 
6291.444126000 116 
6291.444681500 115 
6291.445237000 115 
6291.445792500 114 
6291.446348000 113 
6291.446903500 115 
6291.447459000 114 
6291.448014500 117 
6291.448570000 118 
6291.449125500 120 
6291.449681000 123 
6291.450236500 124 
6291.450792000 127 
6291.451347500 129 
6291.451903000 131 
6291.452458500 134 
6291.453014000 136 
6291.453569500 138 
6291.454125000 139 
6291.454680500 141 
6291.455236000 140 
6291.455791500 141 
6291.456347000 142 
6291.456902500 140 
6291.457458000 140 
6291.458013500 139 
6291.458569000 136 
6291.459124500 135 
6291.459680000 133 
6291.460235500 130 
6291.460791000 128 
6291.461346500 125 
6291.461902000 124 
6291.462457500 121 
6291.463013000 119 
6291.463568500 117 
6291.464124000 115 
6291.464679500 114 
6291.465235000 114 
6291.465790500 114 
6291.466346000 112 
6291.466901500 114 
6291.467457000 116 
6291.468012500 116 
6291.468568000 119 
6291.469123500 120 
6291.469679000 122 
6291.470234500 124 
6291.470790000 127 
6291.471345500 129 
6291.471901000 131 
6291.472456500 134 
6291.473012000 137 
6291.473567500 138 
6291.474123000 139 
6291.474678500 141 
6291.475234000 140 
6291.475789500 141 
6291.476345000 142 
6291.476900500 141 
6291.477456000 140 
6291.478011500 138 
6291.478567000 137 
6291.479122500 135 
6291.479678000 133 
6291.480233500 130 
6291.480789000 128 
6291.481344500 126 
6291.481900000 123 
6291.482455500 121 
6291.483011000 119 
6291.483566500 117 
6291.484122000 116 
6291.484677500 114 
6291.485233000 115 
6291.485788500 114 
6291.486344000 112 
6291.486899500 115 
6291.487455000 114 
6291.488010500 115 
6291.488566000 118 
6291.489121500 119 
6291.489677000 121 
6291.490232500 125 
6291.490788000 126 
6291.491343500 129 
6291.491899000 132 
6291.492454500 134 
6291.493010000 137 
6291.493565500 138 
6291.494121000 141 
6291.494676500 141 
6291.495232000 141 
6291.495787500 143 
6291.496343000 143 
6291.496898500 141 
6291.497454000 141 
6291.498009500 139 
6291.498565000 138 
6291.499120500 136 
6291.499676000 133 
6291.500231500 130 
6291.500787000 128 
6291.501342500 125 
6291.501898000 123 
6291.502453500 121 
6291.503009000 117 
6291.503564500 117 
6291.504120000 114 
6291.504675500 113 
6291.505231000 113 
6291.505786500 112 
6291.506342000 112 
6291.506897500 113 
6291.507453000 113 
6291.508008500 115 
6291.508564000 118 
6291.509119500 119 
6291.509675000 122 
6291.510230500 124 
6291.510786000 126 
6291.511341500 130 
6291.511897000 132 
6291.512452500 134 
6291.513008000 137 
6291.513563500 139 
6291.514119000 140 
6291.514674500 142 
6291.515230000 142 
6291.515785500 143 
6291.516341000 143 
6291.516896500 141 
6291.517452000 142 
6291.518007500 139 
6291.518563000 137 
6291.519118500 136 
6291.519674000 134 
6291.520229500 130 
6291.520785000 128 
6291.521340500 126 
6291.521896000 123 
6291.522451500 121 
6291.523007000 118 
6291.523562500 116 
6291.524118000 114 
6291.524673500 115 
6291.525229000 113 
6291.525784500 112 
6291.526340000 112 
6291.526895500 112 
6291.527451000 114 
6291.528006500 115 
6291.528562000 118 
6291.529117500 119 
6291.529673000 121 
6291.530228500 124 
6291.530784000 127 
6291.531339500 129 
6291.531895000 132 
6291.532450500 135 
6291.533006000 136 
6291.533561500 139 
6291.534117000 141 
6291.534672500 141 
6291.535228000 142 
6291.535783500 142 
6291.536339000 143 
6291.536894500 141 
6291.537450000 142 
6291.538005500 139 
6291.538561000 138 
6291.539116500 136 
6291.539672000 133 
6291.540227500 131 
6291.540783000 127 
6291.541338500 125 
6291.541894000 123 
6291.542449500 121 
6291.543005000 118 
6291.543560500 116 
6291.544116000 114 
6291.544671500 113 
6291.545227000 114 
6291.545782500 112 
6291.546338000 112 
6291.546893500 113 
6291.547449000 113 
6291.548004500 116 
6291.548560000 117 
6291.549115500 119 
6291.549671000 122 
6291.550226500 124 
6291.550782000 127 
6291.551337500 129 
6291.551893000 133 
6291.552448500 134 
6291.553004000 136 
6291.553559500 139 
6291.554115000 141 
6291.554670500 142 
6291.555226000 143 
6291.555781500 142 
6291.556337000 142 
6291.556892500 142 
6291.557448000 141 
6291.558003500 139 
6291.558559000 137 
6291.559114500 136 
6291.559670000 133 
6291.560225500 131 
6291.560781000 128 
6291.561336500 126 
6291.561892000 123 
6291.562447500 120 
6291.563003000 119 
6291.563558500 116 
6291.564114000 115 
6291.564669500 113 
6291.565225000 113 
6291.565780500 113 
6291.566336000 111 
6291.566891500 113 
6291.567447000 113 
6291.568002500 116 
6291.568558000 117 
6291.569113500 119 
6291.569669000 122 
6291.570224500 124 
6291.570780000 127 
6291.571335500 129 
6291.571891000 132 
6291.572446500 135 
6291.573002000 136 
6291.573557500 139 
6291.574113000 140 
6291.574668500 142 
6291.575224000 143 
6291.575779500 142 
6291.576335000 143 
6291.576890500 141 
6291.577446000 142 
6291.578001500 139 
6291.578557000 138 
6291.579112500 137 
6291.579668000 133 
6291.580223500 131 
6291.580779000 128 
6291.581334500 126 
6291.581890000 122 
6291.582445500 121 
6291.583001000 118 
6291.583556500 116 
6291.584112000 115 
6291.584667500 113 
6291.585223000 112 
6291.585778500 112 
6291.586334000 112 
6291.586889500 113 
6291.587445000 114 
6291.588000500 115 
6291.588556000 118 
6291.589111500 119 
6291.589667000 122 
6291.590222500 124 
6291.590778000 127 
6291.591333500 129 
6291.591889000 132 
6291.592444500 134 
6291.593000000 137 
6291.593555500 140 
6291.594111000 141 
6291.594666500 141 
6291.595222000 142 
6291.595777500 143 
6291.596333000 142 
6291.596888500 142 
6291.597444000 141 
6291.597999500 139 
6291.598555000 139 
6291.599110500 136 
6291.599666000 133 
6291.600221500 130 
6291.600777000 129 
6291.601332500 125 
6291.601888000 123 
6291.602443500 120 
6291.602999000 118 
6291.603554500 116 
6291.604110000 115 
6291.604665500 113 
6291.605221000 112 
6291.605776500 112 
6291.606332000 112 
6291.606887500 113 
6291.607443000 114 
6291.607998500 115 
6291.608554000 118 
6291.609109500 119 
6291.609665000 123 
6291.610220500 124 
6291.610776000 127 
6291.611331500 130 
6291.611887000 132 
6291.612442500 135 
6291.612998000 137 
6291.613553500 139 
6291.614109000 141 
6291.614664500 141 
6291.615220000 142 
6291.615775500 143 
6291.616331000 142 
6291.616886500 142 
6291.617442000 140 
6291.617997500 140 
6291.618553000 138 
6291.619108500 136 
6291.619664000 133 
6291.620219500 131 
6291.620775000 128 
6291.621330500 125 
6291.621886000 123 
6291.622441500 120 
6291.622997000 118 
6291.623552500 116 
6291.624108000 115 
6291.624663500 114 
6291.625219000 113 
6291.625774500 113 
6291.626330000 112 
6291.626885500 113 
6291.627441000 114 
6291.627996500 115 
6291.628552000 118 
6291.629107500 119 
6291.629663000 122 
6291.630218500 125 
6291.630774000 126 
6291.631329500 129 
6291.631885000 132 
6291.632440500 134 
6291.632996000 136 
6291.633551500 139 
6291.634107000 140 
6291.634662500 141 
6291.635218000 142 
6291.635773500 142 
6291.636329000 142 
6291.636884500 141 
6291.637440000 140 
6291.637995500 139 
6291.638551000 138 
6291.639106500 135 
6291.639662000 134 
6291.640217500 131 
6291.640773000 129 
6291.641328500 125 
6291.641884000 123 
6291.642439500 121 
6291.642995000 118 
6291.643550500 115 
6291.644106000 115 
6291.644661500 113 
6291.645217000 113 
6291.645772500 113 
6291.646328000 112 
6291.646883500 114 
6291.647439000 113 
6291.647994500 116 
6291.648550000 117 
6291.649105500 120 
6291.649661000 121 
6291.650216500 124 
6291.650772000 127 
6291.651327500 129 
6291.651883000 132 
6291.652438500 135 
6291.652994000 136 
6291.653549500 140 
6291.654105000 140 
6291.654660500 142 
6291.655216000 142 
6291.655771500 143 
6291.656327000 143 
6291.656882500 141 
6291.657438000 141 
6291.657993500 140 
6291.658549000 138 
6291.659104500 136 
6291.659660000 133 
6291.660215500 132 
6291.660771000 128 
6291.661326500 125 
6291.661882000 123 
6291.662437500 121 
6291.662993000 118 
6291.663548500 116 
6291.664104000 115 
6291.664659500 113 
6291.665215000 113 
6291.665770500 112 
6291.666326000 113 
6291.666881500 114 
6291.667437000 113 
6291.667992500 116 
6291.668548000 117 
6291.669103500 119 
6291.669659000 122 
6291.670214500 123 
6291.670770000 127 
6291.671325500 129 
6291.671881000 132 
6291.672436500 135 
6291.672992000 136 
6291.673547500 139 
6291.674103000 140 
6291.674658500 141 
6291.675214000 141 
6291.675769500 142 
6291.676325000 143 
6291.676880500 142 
6291.677436000 141 
6291.677991500 139 
6291.678547000 138 
6291.679102500 135 
6291.679658000 133 
6291.680213500 130 
6291.680769000 128 
6291.681324500 126 
6291.681880000 122 
6291.682435500 121 
6291.682991000 118 
6291.683546500 115 
6291.684102000 115 
6291.684657500 113 
6291.685213000 113 
6291.685768500 113 
6291.686324000 113 
6291.686879500 114 
6291.687435000 113 
6291.687990500 116 
6291.688546000 117 
6291.689101500 119 
6291.689657000 122 
6291.690212500 124 
6291.690768000 127 
6291.691323500 129 
6291.691879000 132 
6291.692434500 134 
6291.692990000 136 
6291.693545500 140 
6291.694101000 140 
6291.694656500 142 
6291.695212000 142 
6291.695767500 142 
6291.696323000 143 
6291.696878500 141 
6291.697434000 141 
6291.697989500 140 
6291.698545000 136 
6291.699100500 131 
6291.699656000 128 
6291.700211500 128 
6291.700767000 128 
6291.701322500 128 
6291.701878000 128 
6291.702433500 125 
6291.702989000 120 
6291.703544500 116 
6291.704100000 115 
6291.704655500 112 
6291.705211000 112 
6291.705766500 111 
6291.706322000 112 
6291.706877500 112 
6291.707433000 114 
6291.707988500 114 
6291.708544000 117 
6291.709099500 118 
6291.709655000 121 
6291.710210500 124 
6291.710766000 126 
6291.711321500 130 
6291.711877000 132 
6291.712432500 135 
6291.712988000 137 
6291.713543500 139 
6291.714099000 141 
6291.714654500 142 
6291.715210000 143 
6291.715765500 143 
6291.716321000 144 
6291.716876500 142 
6291.717432000 142 
6291.717987500 140 
6291.718543000 139 
6291.719098500 136 
6291.719654000 135 
6291.720209500 131 
6291.720765000 128 
6291.721320500 126 
6291.721876000 122 
6291.722431500 121 
6291.722987000 117 
6291.723542500 116 
6291.724098000 113 
6291.724653500 113 
6291.725209000 112 
6291.725764500 111 
6291.726320000 111 
6291.726875500 112 
6291.727431000 114 
6291.727986500 114 
6291.728542000 116 
6291.729097500 119 
6291.729653000 120 
6291.730208500 123 
6291.730764000 127 
6291.731319500 130 
6291.731875000 132 
6291.732430500 135 
6291.732986000 138 
6291.733541500 139 
6291.734097000 141 
6291.734652500 142 
6291.735208000 142 
6291.735763500 143 
6291.736319000 143 
6291.736874500 142 
6291.737430000 143 
6291.737985500 140 
6291.738541000 138 
6291.739096500 136 
6291.739652000 134 
6291.740207500 131 
6291.740763000 128 
6291.741318500 126 
6291.741874000 122 
6291.742429500 120 
6291.742985000 118 
6291.743540500 115 
6291.744096000 114 
6291.744651500 112 
6291.745207000 112 
6291.745762500 111 
6291.746318000 112 
6291.746873500 112 
6291.747429000 112 
6291.747984500 115 
6291.748540000 116 
6291.749095500 119 
6291.749651000 122 
6291.750206500 123 
6291.750762000 127 
6291.751317500 129 
6291.751873000 132 
6291.752428500 135 
6291.752984000 137 
6291.753539500 140 
6291.754095000 141 
6291.754650500 142 
6291.755206000 143 
6291.755761500 143 
6291.756317000 144 
6291.756872500 143 
6291.757428000 142 
6291.757983500 141 
6291.758539000 138 
6291.759094500 136 
6291.759650000 133 
6291.760205500 131 
6291.760761000 128 
6291.761316500 126 
6291.761872000 122 
6291.762427500 120 
6291.762983000 117 
6291.763538500 116 
6291.764094000 113 
6291.764649500 113 
6291.765205000 111 
6291.765760500 112 
6291.766316000 112 
6291.766871500 112 
6291.767427000 112 
6291.767982500 115 
6291.768538000 116 
6291.769093500 118 
6291.769649000 121 
6291.770204500 124 
6291.770760000 126 
6291.771315500 129 
6291.771871000 132 
6291.772426500 135 
6291.772982000 137 
6291.773537500 140 
6291.774093000 141 
6291.774648500 142 
6291.775204000 143 
6291.775759500 144 
6291.776315000 143 
6291.776870500 142 
6291.777426000 142 
6291.777981500 140 
6291.778537000 139 
6291.779092500 136 
6291.779648000 134 
6291.780203500 131 
6291.780759000 129 
6291.781314500 125 
6291.781870000 123 
6291.782425500 119 
6291.782981000 118 
6291.783536500 116 
6291.784092000 113 
6291.784647500 114 
6291.785203000 111 
6291.785758500 112 
6291.786314000 111 
6291.786869500 112 
6291.787425000 112 
6291.787980500 115 
6291.788536000 117 
6291.789091500 118 
6291.789647000 122 
6291.790202500 124 
6291.790758000 126 
6291.791313500 130 
6291.791869000 133 
6291.792424500 135 
6291.792980000 137 
6291.793535500 140 
6291.794091000 141 
6291.794646500 143 
6291.795202000 143 
6291.795757500 145 
6291.796313000 143 
6291.796868500 144 
6291.797424000 143 
6291.797979500 140 
6291.798535000 139 
6291.799090500 136 
6291.799646000 134 
6291.800201500 130 
6291.800757000 129 
6291.801312500 125 
6291.801868000 123 
6291.802423500 119 
6291.802979000 117 
6291.803534500 114 
6291.804090000 113 
6291.804645500 112 
6291.805201000 111 
6291.805756500 110 
6291.806312000 111 
6291.806867500 111 
6291.807423000 112 
6291.807978500 115 
6291.808534000 115 
6291.809089500 118 
6291.809645000 120 
6291.810200500 124 
6291.810756000 126 
6291.811311500 130 
6291.811867000 133 
6291.812422500 135 
6291.812978000 138 
6291.813533500 140 
6291.814089000 142 
6291.814644500 144 
6291.815200000 143 
6291.815755500 144 
6291.816311000 144 
6291.816866500 143 
6291.817422000 143 
6291.817977500 140 
6291.818533000 139 
6291.819088500 138 
6291.819644000 134 
6291.820199500 132 
6291.820755000 128 
6291.821310500 125 
6291.821866000 123 
6291.822421500 119 
6291.822977000 117 
6291.823532500 115 
6291.824088000 112 
6291.824643500 113 
6291.825199000 110 
6291.825754500 111 
6291.826310000 111 
6291.826865500 111 
6291.827421000 113 
6291.827976500 113 
6291.828532000 116 
6291.829087500 118 
6291.829643000 120 
6291.830198500 124 
6291.830754000 126 
6291.831309500 130 
6291.831865000 132 
6291.832420500 135 
6291.832976000 138 
6291.833531500 139 
6291.834087000 142 
6291.834642500 143 
6291.835198000 143 
6291.835753500 145 
6291.836309000 144 
6291.836864500 144 
6291.837420000 143 
6291.837975500 141 
6291.838531000 139 
6291.839086500 136 
6291.839642000 134 
6291.840197500 131 
6291.840753000 128 
6291.841308500 125 
6291.841864000 123 
6291.842419500 119 
6291.842975000 118 
6291.843530500 115 
6291.844086000 113 
6291.844641500 112 
6291.845197000 110 
6291.845752500 111 
6291.846308000 110 
6291.846863500 112 
6291.847419000 112 
6291.847974500 114 
6291.848530000 116 
6291.849085500 118 
6291.849641000 121 
6291.850196500 124 
6291.850752000 126 
6291.851307500 129 
6291.851863000 133 
6291.852418500 135 
6291.852974000 137 
6291.853529500 140 
6291.854085000 142 
6291.854640500 143 
6291.855196000 143 
6291.855751500 145 
6291.856307000 144 
6291.856862500 144 
6291.857418000 143 
6291.857973500 141 
6291.858529000 139 
6291.859084500 137 
6291.859640000 134 
6291.860195500 131 
6291.860751000 129 
6291.861306500 125 
6291.861862000 122 
6291.862417500 120 
6291.862973000 117 
6291.863528500 115 
6291.864084000 113 
6291.864639500 111 
6291.865195000 111 
6291.865750500 109 
6291.866306000 111 
6291.866861500 111 
6291.867417000 112 
6291.867972500 114 
6291.868528000 115 
6291.869083500 118 
6291.869639000 121 
6291.870194500 123 
6291.870750000 127 
6291.871305500 129 
6291.871861000 132 
6291.872416500 135 
6291.872972000 137 
6291.873527500 140 
6291.874083000 141 
6291.874638500 143 
6291.875194000 144 
6291.875749500 144 
6291.876305000 144 
6291.876860500 144 
6291.877416000 143 
6291.877971500 142 
6291.878527000 139 
6291.879082500 137 
6291.879638000 134 
6291.880193500 132 
6291.880749000 128 
6291.881304500 125 
6291.881860000 123 
6291.882415500 120 
6291.882971000 117 
6291.883526500 116 
6291.884082000 113 
6291.884637500 112 
6291.885193000 111 
6291.885748500 111 
6291.886304000 111 
6291.886859500 111 
6291.887415000 112 
6291.887970500 114 
6291.888526000 115 
6291.889081500 119 
6291.889637000 121 
6291.890192500 123 
6291.890748000 127 
6291.891303500 129 
6291.891859000 132 
6291.892414500 135 
6291.892970000 138 
6291.893525500 140 
6291.894081000 142 
6291.894636500 143 
6291.895192000 144 
6291.895747500 145 
6291.896303000 144 
6291.896858500 143 
6291.897414000 143 
6291.897969500 141 
6291.898525000 139 
6291.899080500 137 
6291.899636000 134 
6291.900191500 132 
6291.900747000 128 
6291.901302500 125 
6291.901858000 122 
6291.902413500 120 
6291.902969000 117 
6291.903524500 115 
6291.904080000 113 
6291.904635500 112 
6291.905191000 111 
6291.905746500 110 
6291.906302000 110 
6291.906857500 111 
6291.907413000 113 
6291.907968500 113 
6291.908524000 116 
6291.909079500 118 
6291.909635000 121 
6291.910190500 124 
6291.910746000 127 
6291.911301500 130 
6291.911857000 133 
6291.912412500 135 
6291.912968000 138 
6291.913523500 139 
6291.914079000 142 
6291.914634500 143 
6291.915190000 144 
6291.915745500 145 
6291.916301000 144 
6291.916856500 144 
6291.917412000 143 
6291.917967500 141 
6291.918523000 140 
6291.919078500 136 
6291.919634000 135 
6291.920189500 131 
6291.920745000 128 
6291.921300500 126 
6291.921856000 122 
6291.922411500 120 
6291.922967000 117 
6291.923522500 115 
6291.924078000 113 
6291.924633500 112 
6291.925189000 111 
6291.925744500 110 
6291.926300000 110 
6291.926855500 112 
6291.927411000 113 
6291.927966500 113 
6291.928522000 117 
6291.929077500 117 
6291.929633000 121 
6291.930188500 124 
6291.930744000 126 
6291.931299500 129 
6291.931855000 132 
6291.932410500 134 
6291.932966000 138 
6291.933521500 140 
6291.934077000 141 
6291.934632500 144 
6291.935188000 144 
6291.935743500 144 
6291.936299000 145 
6291.936854500 143 
6291.937410000 143 
6291.937965500 141 
6291.938521000 139 
6291.939076500 137 
6291.939632000 135 
6291.940187500 130 
6291.940743000 129 
6291.941298500 125 
6291.941854000 123 
6291.942409500 120 
6291.942965000 118 
6291.943520500 114 
6291.944076000 114 
6291.944631500 111 
6291.945187000 111 
6291.945742500 111 
6291.946298000 110 
6291.946853500 111 
6291.947409000 113 
6291.947964500 114 
6291.948520000 116 
6291.949075500 118 
6291.949631000 121 
6291.950186500 124 
6291.950742000 126 
6291.951297500 130 
6291.951853000 132 
6291.952408500 135 
6291.952964000 137 
6291.953519500 139 
6291.954075000 142 
6291.954630500 143 
6291.955186000 144 
6291.955741500 144 
6291.956297000 144 
6291.956852500 144 
6291.957408000 143 
6291.957963500 142 
6291.958519000 138 
6291.959074500 137 
6291.959630000 134 
6291.960185500 131 
6291.960741000 128 
6291.961296500 125 
6291.961852000 123 
6291.962407500 120 
6291.962963000 118 
6291.963518500 115 
6291.964074000 112 
6291.964629500 112 
6291.965185000 111 
6291.965740500 111 
6291.966296000 110 
6291.966851500 111 
6291.967407000 112 
6291.967962500 114 
6291.968518000 115 
6291.969073500 118 
6291.969629000 121 
6291.970184500 123 
6291.970740000 127 
6291.971295500 130 
6291.971851000 132 
6291.972406500 135 
6291.972962000 138 
6291.973517500 140 
6291.974073000 142 
6291.974628500 143 
6291.975184000 143 
6291.975739500 145 
6291.976295000 144 
6291.976850500 144 
6291.977406000 143 
6291.977961500 141 
6291.978517000 139 
6291.979072500 137 
6291.979628000 135 
6291.980183500 131 
6291.980739000 128 
6291.981294500 125 
6291.981850000 123 
6291.982405500 119 
6291.982961000 118 
6291.983516500 115 
6291.984072000 113 
6291.984627500 112 
6291.985183000 110 
6291.985738500 111 
6291.986294000 111 
6291.986849500 111 
6291.987405000 112 
6291.987960500 113 
6291.988516000 116 
6291.989071500 118 
6291.989627000 120 
6291.990182500 124 
6291.990738000 126 
6291.991293500 130 
6291.991849000 132 
6291.992404500 135 
6291.992960000 138 
6291.993515500 140 
6291.994071000 142 
6291.994626500 143 
6291.995182000 144 
6291.995737500 144 
6291.996293000 144 
6291.996848500 144 
6291.997404000 143 
6291.997959500 142 
6291.998515000 139 
6291.999070500 137 
6291.999626000 134 
6292.000181500 131 
6292.000737000 129 
6292.001292500 126 
6292.001848000 122 
6292.002403500 119 
6292.002959000 117 
6292.003514500 115 
6292.004070000 113 
6292.004625500 112 
6292.005181000 110 
6292.005736500 111 
6292.006292000 110 
6292.006847500 111 
6292.007403000 113 
6292.007958500 113 
6292.008514000 116 
6292.009069500 119 
6292.009625000 120 
6292.010180500 124 
6292.010736000 126 
6292.011291500 130 
6292.011847000 133 
6292.012402500 135 
6292.012958000 138 
6292.013513500 140 
6292.014069000 142 
6292.014624500 144 
6292.015180000 144 
6292.015735500 144 
6292.016291000 144 
6292.016846500 143 
6292.017402000 143 
6292.017957500 141 
6292.018513000 139 
6292.019068500 138 
6292.019624000 134 
6292.020179500 131 
6292.020735000 128 
6292.021290500 126 
6292.021846000 123 
6292.022401500 120 
6292.022957000 117 
6292.023512500 115 
6292.024068000 112 
6292.024623500 112 
6292.025179000 110 
6292.025734500 110 
6292.026290000 111 
6292.026845500 111 
6292.027401000 113 
6292.027956500 113 
6292.028512000 116 
6292.029067500 117 
6292.029623000 120 
6292.030178500 124 
6292.030734000 126 
6292.031289500 129 
6292.031845000 132 
6292.032400500 136 
6292.032956000 137 
6292.033511500 140 
6292.034067000 142 
6292.034622500 143 
6292.035178000 144 
6292.035733500 145 
6292.036289000 144 
6292.036844500 144 
6292.037400000 143 
6292.037955500 141 
6292.038511000 139 
6292.039066500 138 
6292.039622000 134 
6292.040177500 132 
6292.040733000 129 
6292.041288500 125 
6292.041844000 122 
6292.042399500 120 
6292.042955000 117 
6292.043510500 115 
6292.044066000 114 
6292.044621500 111 
6292.045177000 111 
6292.045732500 111 
6292.046288000 110 
6292.046843500 111 
6292.047399000 112 
6292.047954500 113 
6292.048510000 116 
6292.049065500 117 
6292.049621000 120 
6292.050176500 123 
6292.050732000 127 
6292.051287500 129 
6292.051843000 133 
6292.052398500 135 
6292.052954000 138 
6292.053509500 141 
6292.054065000 142 
6292.054620500 143 
6292.055176000 145 
6292.055731500 144 
6292.056287000 145 
6292.056842500 143 
6292.057398000 143 
6292.057953500 141 
6292.058509000 140 
6292.059064500 136 
6292.059620000 134 
6292.060175500 131 
6292.060731000 129 
6292.061286500 126 
6292.061842000 122 
6292.062397500 120 
6292.062953000 117 
6292.063508500 115 
6292.064064000 113 
6292.064619500 112 
6292.065175000 111 
6292.065730500 111 
6292.066286000 110 
6292.066841500 111 
6292.067397000 113 
6292.067952500 113 
6292.068508000 115 
6292.069063500 118 
6292.069619000 121 
6292.070174500 123 
6292.070730000 127 
6292.071285500 129 
6292.071841000 132 
6292.072396500 135 
6292.072952000 138 
6292.073507500 140 
6292.074063000 143 
6292.074618500 143 
6292.075174000 144 
6292.075729500 145 
6292.076285000 145 
6292.076840500 143 
6292.077396000 144 
6292.077951500 141 
6292.078507000 140 
6292.079062500 136 
6292.079618000 135 
6292.080173500 131 
6292.080729000 129 
6292.081284500 125 
6292.081840000 123 
6292.082395500 120 
6292.082951000 117 
6292.083506500 115 
6292.084062000 112 
6292.084617500 111 
6292.085173000 111 
6292.085728500 109 
6292.086284000 110 
6292.086839500 110 
6292.087395000 112 
6292.087950500 113 
6292.088506000 115 
6292.089061500 118 
6292.089617000 121 
6292.090172500 123 
6292.090728000 127 
6292.091283500 129 
6292.091839000 133 
6292.092394500 135 
6292.092950000 138 
6292.093505500 140 
6292.094061000 142 
6292.094616500 144 
6292.095172000 145 
6292.095727500 145 
6292.096283000 145 
6292.096838500 144 
6292.097394000 143 
6292.097949500 142 
6292.098505000 140 
6292.099060500 136 
6292.099616000 135 
6292.100171500 132 
6292.100727000 128 
6292.101282500 126 
6292.101838000 122 
6292.102393500 119 
6292.102949000 118 
6292.103504500 114 
6292.104060000 113 
6292.104615500 112 
6292.105171000 111 
6292.105726500 110 
6292.106282000 110 
6292.106837500 110 
6292.107393000 112 
6292.107948500 113 
6292.108504000 116 
6292.109059500 117 
6292.109615000 121 
6292.110170500 123 
6292.110726000 127 
6292.111281500 129 
6292.111837000 132 
6292.112392500 135 
6292.112948000 137 
6292.113503500 140 
6292.114059000 143 
6292.114614500 144 
6292.115170000 144 
6292.115725500 145 
6292.116281000 145 
6292.116836500 144 
6292.117392000 143 
6292.117947500 141 
6292.118503000 140 
6292.119058500 137 
6292.119614000 135 
6292.120169500 131 
6292.120725000 129 
6292.121280500 125 
6292.121836000 123 
6292.122391500 120 
6292.122947000 117 
6292.123502500 115 
6292.124058000 113 
6292.124613500 112 
6292.125169000 110 
6292.125724500 111 
6292.126280000 109 
6292.126835500 111 
6292.127391000 112 
6292.127946500 113 
6292.128502000 116 
6292.129057500 118 
6292.129613000 120 
6292.130168500 124 
6292.130724000 126 
6292.131279500 129 
6292.131835000 133 
6292.132390500 135 
6292.132946000 138 
6292.133501500 140 
6292.134057000 142 
6292.134612500 143 
6292.135168000 144 
6292.135723500 145 
6292.136279000 144 
6292.136834500 144 
6292.137390000 143 
6292.137945500 142 
6292.138501000 139 
6292.139056500 137 
6292.139612000 134 
6292.140167500 131 
6292.140723000 129 
6292.141278500 126 
6292.141834000 122 
6292.142389500 120 
6292.142945000 117 
6292.143500500 114 
6292.144056000 113 
6292.144611500 111 
6292.145167000 110 
6292.145722500 110 
6292.146278000 110 
6292.146833500 111 
6292.147389000 111 
6292.147944500 114 
6292.148500000 115 
6292.149055500 118 
6292.149611000 120 
6292.150166500 123 
6292.150722000 127 
6292.151277500 129 
6292.151833000 132 
6292.152388500 135 
6292.152944000 137 
6292.153499500 141 
6292.154055000 142 
6292.154610500 143 
6292.155166000 145 
6292.155721500 145 
6292.156277000 145 
6292.156832500 144 
6292.157388000 143 
6292.157943500 142 
6292.158499000 139 
6292.159054500 137 
6292.159610000 134 
6292.160165500 132 
6292.160721000 128 
6292.161276500 125 
6292.161832000 123 
6292.162387500 120 
6292.162943000 117 
6292.163498500 115 
6292.164054000 112 
6292.164609500 112 
6292.165165000 110 
6292.165720500 110 
6292.166276000 110 
6292.166831500 110 
6292.167387000 112 
6292.167942500 114 
6292.168498000 115 
6292.169053500 118 
6292.169609000 120 
6292.170164500 123 
6292.170720000 126 
6292.171275500 130 
6292.171831000 132 
6292.172386500 135 
6292.172942000 138 
6292.173497500 140 
6292.174053000 142 
6292.174608500 144 
6292.175164000 144 
6292.175719500 145 
6292.176275000 144 
6292.176830500 144 
6292.177386000 143 
6292.177941500 142 
6292.178497000 139 
6292.179052500 138 
6292.179608000 134 
6292.180163500 132 
6292.180719000 129 
6292.181274500 126 
6292.181830000 122 
6292.182385500 119 
6292.182941000 118 
6292.183496500 116 
6292.184052000 113 
6292.184607500 110 
6292.185163000 110 
6292.185718500 111 
6292.186274000 110 
6292.186829500 111 
6292.187385000 111 
6292.187940500 114 
6292.188496000 115 
6292.189051500 118 
6292.189607000 121 
6292.190162500 123 
6292.190718000 127 
6292.191273500 129 
6292.191829000 132 
6292.192384500 135 
6292.192940000 138 
6292.193495500 140 
6292.194051000 143 
6292.194606500 143 
6292.195162000 145 
6292.195717500 145 
6292.196273000 145 
6292.196828500 144 
6292.197384000 144 
6292.197939500 141 
6292.198495000 140 
6292.199050500 137 
6292.199606000 135 
6292.200161500 131 
6292.200717000 129 
6292.201272500 126 
6292.201828000 122 
6292.202383500 120 
6292.202939000 117 
6292.203494500 115 
6292.204050000 112 
6292.204605500 111 
6292.205161000 110 
6292.205716500 110 
6292.206272000 110 
6292.206827500 110 
6292.207383000 112 
6292.207938500 113 
6292.208494000 116 
6292.209049500 117 
6292.209605000 120 
6292.210160500 123 
6292.210716000 127 
6292.211271500 129 
6292.211827000 133 
6292.212382500 136 
6292.212938000 137 
6292.213493500 140 
6292.214049000 142 
6292.214604500 143 
6292.215160000 145 
6292.215715500 145 
6292.216271000 146 
6292.216826500 144 
6292.217382000 144 
6292.217937500 141 
6292.218493000 139 
6292.219048500 138 
6292.219604000 134 
6292.220159500 131 
6292.220715000 129 
6292.221270500 125 
6292.221826000 122 
6292.222381500 121 
6292.222937000 117 
6292.223492500 115 
6292.224048000 112 
6292.224603500 112 
6292.225159000 110 
6292.225714500 110 
6292.226270000 110 
6292.226825500 110 
6292.227381000 112 
6292.227936500 114 
6292.228492000 116 
6292.229047500 117 
6292.229603000 120 
6292.230158500 123 
6292.230714000 126 
6292.231269500 129 
6292.231825000 132 
6292.232380500 136 
6292.232936000 138 
6292.233491500 140 
6292.234047000 143 
6292.234602500 143 
6292.235158000 145 
6292.235713500 144 
6292.236269000 145 
6292.236824500 145 
6292.237380000 143 
6292.237935500 142 
6292.238491000 139 
6292.239046500 138 
6292.239602000 134 
6292.240157500 132 
6292.240713000 128 
6292.241268500 125 
6292.241824000 123 
6292.242379500 120 
6292.242935000 117 
6292.243490500 115 
6292.244046000 113 
6292.244601500 111 
6292.245157000 111 
6292.245712500 110 
6292.246268000 110 
6292.246823500 111 
6292.247379000 112 
6292.247934500 113 
6292.248490000 116 
6292.249045500 117 
6292.249601000 121 
6292.250156500 124 
6292.250712000 126 
6292.251267500 129 
6292.251823000 132 
6292.252378500 135 
6292.252934000 137 
6292.253489500 140 
6292.254045000 143 
6292.254600500 144 
6292.255156000 144 
6292.255711500 145 
6292.256267000 145 
6292.256822500 144 
6292.257378000 144 
6292.257933500 141 
6292.258489000 140 
6292.259044500 137 
6292.259600000 134 
6292.260155500 131 
6292.260711000 127 
6292.261266500 125 
6292.261822000 122 
6292.262377500 119 
6292.262933000 118 
6292.263488500 114 
6292.264044000 113 
6292.264599500 111 
6292.265155000 110 
6292.265710500 111 
6292.266266000 110 
6292.266821500 110 
6292.267377000 111 
6292.267932500 114 
6292.268488000 115 
6292.269043500 117 
6292.269599000 121 
6292.270154500 123 
6292.270710000 127 
6292.271265500 129 
6292.271821000 133 
6292.272376500 135 
6292.272932000 137 
6292.273487500 140 
6292.274043000 142 
6292.274598500 144 
6292.275154000 145 
6292.275709500 145 
6292.276265000 145 
6292.276820500 144 
6292.277376000 143 
6292.277931500 142 
6292.278487000 140 
6292.279042500 138 
6292.279598000 134 
6292.280153500 132 
6292.280709000 129 
6292.281264500 125 
6292.281820000 122 
6292.282375500 120 
6292.282931000 117 
6292.283486500 115 
6292.284042000 113 
6292.284597500 111 
6292.285153000 110 
6292.285708500 111 
6292.286264000 109 
6292.286819500 110 
6292.287375000 112 
6292.287930500 112 
6292.288486000 116 
6292.289041500 117 
6292.289597000 120 
6292.290152500 124 
6292.290708000 126 
6292.291263500 129 
6292.291819000 132 
6292.292374500 135 
6292.292930000 138 
6292.293485500 141 
6292.294041000 142 
6292.294596500 144 
6292.295152000 144 
6292.295707500 145 
6292.296263000 145 
6292.296818500 145 
6292.297374000 143 
6292.297929500 142 
6292.298485000 139 
6292.299040500 137 
6292.299596000 135 
6292.300151500 132 
6292.300707000 128 
6292.301262500 126 
6292.301818000 123 
6292.302373500 119 
6292.302929000 117 
6292.303484500 114 
6292.304040000 113 
6292.304595500 111 
6292.305151000 110 
6292.305706500 111 
6292.306262000 110 
6292.306817500 109 
6292.307373000 111 
6292.307928500 113 
6292.308484000 115 
6292.309039500 117 
6292.309595000 120 
6292.310150500 124 
6292.310706000 126 
6292.311261500 129 
6292.311817000 133 
6292.312372500 135 
6292.312928000 138 
6292.313483500 141 
6292.314039000 142 
6292.314594500 144 
6292.315150000 144 
6292.315705500 145 
6292.316261000 145 
6292.316816500 145 
6292.317372000 143 
6292.317927500 143 
6292.318483000 139 
6292.319038500 137 
6292.319594000 134 
6292.320149500 132 
6292.320705000 128 
6292.321260500 126 
6292.321816000 123 
6292.322371500 119 
6292.322927000 117 
6292.323482500 114 
6292.324038000 113 
6292.324593500 112 
6292.325149000 110 
6292.325704500 111 
6292.326260000 111 
6292.326815500 110 
6292.327371000 112 
6292.327926500 112 
6292.328482000 116 
6292.329037500 118 
6292.329593000 120 
6292.330148500 122 
6292.330704000 128 
6292.331259500 129 
6292.331815000 132 
6292.332370500 136 
6292.332926000 137 
6292.333481500 140 
6292.334037000 142 
6292.334592500 144 
6292.335148000 145 
6292.335703500 144 
6292.336259000 146 
6292.336814500 145 
6292.337370000 144 
6292.337925500 142 
6292.338481000 139 
6292.339036500 138 
6292.339592000 134 
6292.340147500 132 
6292.340703000 129 
6292.341258500 125 
6292.341814000 123 
6292.342369500 119 
6292.342925000 117 
6292.343480500 115 
6292.344036000 112 
6292.344591500 112 
6292.345147000 110 
6292.345702500 111 
6292.346258000 110 
6292.346813500 110 
6292.347369000 112 
6292.347924500 112 
6292.348480000 115 
6292.349035500 118 
6292.349591000 120 
6292.350146500 123 
6292.350702000 127 
6292.351257500 129 
6292.351813000 132 
6292.352368500 135 
6292.352924000 138 
6292.353479500 141 
6292.354035000 142 
6292.354590500 144 
6292.355146000 144 
6292.355701500 143 
6292.356257000 145 
6292.356812500 145 
6292.357368000 143 
6292.357923500 142 
6292.358479000 139 
6292.359034500 137 
6292.359590000 135 
6292.360145500 131 
6292.360701000 129 
6292.361256500 126 
6292.361812000 123 
6292.362367500 119 
6292.362923000 118 
6292.363478500 115 
6292.364034000 112 
6292.364589500 111 
6292.365145000 111 
6292.365700500 110 
6292.366256000 110 
6292.366811500 110 
6292.367367000 111 
6292.367922500 113 
6292.368478000 115 
6292.369033500 118 
6292.369589000 120 
6292.370144500 123 
6292.370700000 127 
6292.371255500 129 
6292.371811000 133 
6292.372366500 135 
6292.372922000 138 
6292.373477500 141 
6292.374033000 142 
6292.374588500 143 
6292.375144000 144 
6292.375699500 145 
6292.376255000 145 
6292.376810500 145 
6292.377366000 143 
6292.377921500 143 
6292.378477000 140 
6292.379032500 137 
6292.379588000 136 
6292.380143500 131 
6292.380699000 129 
6292.381254500 127 
6292.381810000 122 
6292.382365500 120 
6292.382921000 117 
6292.383476500 114 
6292.384032000 112 
6292.384587500 110 
6292.385143000 110 
6292.385698500 110 
6292.386254000 108 
6292.386809500 110 
6292.387365000 111 
6292.387920500 111 
6292.388476000 115 
6292.389031500 117 
6292.389587000 120 
6292.390142500 123 
6292.390698000 126 
6292.391253500 129 
6292.391809000 132 
6292.392364500 136 
6292.392920000 138 
6292.393475500 141 
6292.394031000 143 
6292.394586500 144 
6292.395142000 146 
6292.395697500 145 
6292.396253000 145 
6292.396808500 146 
6292.397364000 144 
6292.397919500 143 
6292.398475000 140 
6292.399030500 137 
6292.399586000 136 
6292.400141500 132 
6292.400697000 129 
6292.401252500 125 
6292.401808000 122 
6292.402363500 120 
6292.402919000 117 
6292.403474500 114 
6292.404030000 112 
6292.404585500 110 
6292.405141000 109 
6292.405696500 111 
6292.406252000 109 
6292.406807500 108 
6292.407363000 112 
6292.407918500 112 
6292.408474000 115 
6292.409029500 116 
6292.409585000 119 
6292.410140500 122 
6292.410696000 126 
6292.411251500 129 
6292.411807000 132 
6292.412362500 135 
6292.412918000 139 
6292.413473500 141 
6292.414029000 144 
6292.414584500 144 
6292.415140000 145 
6292.415695500 145 
6292.416251000 145 
6292.416806500 145 
6292.417362000 144 
6292.417917500 142 
6292.418473000 140 
6292.419028500 138 
6292.419584000 135 
6292.420139500 132 
6292.420695000 128 
6292.421250500 126 
6292.421806000 123 
6292.422361500 120 
6292.422917000 116 
6292.423472500 114 
6292.424028000 113 
6292.424583500 110 
6292.425139000 111 
6292.425694500 110 
6292.426250000 109 
6292.426805500 109 
6292.427361000 111 
6292.427916500 112 
6292.428472000 114 
6292.429027500 117 
6292.429583000 120 
6292.430138500 123 
6292.430694000 126 
6292.431249500 130 
6292.431805000 132 
6292.432360500 135 
6292.432916000 139 
6292.433471500 140 
6292.434027000 143 
6292.434582500 144 
6292.435138000 145 
6292.435693500 146 
6292.436249000 146 
6292.436804500 145 
6292.437360000 144 
6292.437915500 143 
6292.438471000 140 
6292.439026500 138 
6292.439582000 135 
6292.440137500 131 
6292.440693000 128 
6292.441248500 126 
6292.441804000 122 
6292.442359500 119 
6292.442915000 116 
6292.443470500 114 
6292.444026000 113 
6292.444581500 110 
6292.445137000 110 
6292.445692500 111 
6292.446248000 109 
6292.446803500 108 
6292.447359000 111 
6292.447914500 112 
6292.448470000 114 
6292.449025500 117 
6292.449581000 119 
6292.450136500 123 
6292.450692000 126 
6292.451247500 129 
6292.451803000 132 
6292.452358500 135 
6292.452914000 139 
6292.453469500 141 
6292.454025000 143 
6292.454580500 145 
6292.455136000 145 
6292.455691500 145 
6292.456247000 146 
6292.456802500 145 
6292.457358000 144 
6292.457913500 142 
6292.458469000 140 
6292.459024500 138 
6292.459580000 135 
6292.460135500 132 
6292.460691000 129 
6292.461246500 125 
6292.461802000 123 
6292.462357500 120 
6292.462913000 116 
6292.463468500 115 
6292.464024000 112 
6292.464579500 110 
6292.465135000 110 
6292.465690500 110 
6292.466246000 110 
6292.466801500 109 
6292.467357000 110 
6292.467912500 113 
6292.468468000 114 
6292.469023500 118 
6292.469579000 119 
6292.470134500 123 
6292.470690000 127 
6292.471245500 129 
6292.471801000 133 
6292.472356500 136 
6292.472912000 138 
6292.473467500 141 
6292.474023000 142 
6292.474578500 145 
6292.475134000 145 
6292.475689500 145 
6292.476245000 145 
6292.476800500 145 
6292.477356000 145 
6292.477911500 142 
6292.478467000 140 
6292.479022500 138 
6292.479578000 135 
6292.480133500 132 
6292.480689000 129 
6292.481244500 126 
6292.481800000 122 
6292.482355500 120 
6292.482911000 116 
6292.483466500 115 
6292.484022000 111 
6292.484577500 112 
6292.485133000 110 
6292.485688500 110 
6292.486244000 109 
6292.486799500 109 
6292.487355000 111 
6292.487910500 113 
6292.488466000 114 
6292.489021500 117 
6292.489577000 120 
6292.490132500 123 
6292.490688000 127 
6292.491243500 129 
6292.491799000 133 
6292.492354500 135 
6292.492910000 139 
6292.493465500 140 
6292.494021000 143 
6292.494576500 144 
6292.495132000 145 
6292.495687500 145 
6292.496243000 147 
6292.496798500 146 
6292.497354000 144 
6292.497909500 142 
6292.498465000 140 
6292.499020500 138 
6292.499576000 135 
6292.500131500 132 
6292.500687000 128 
6292.501242500 125 
6292.501798000 123 
6292.502353500 118 
6292.502909000 117 
6292.503464500 114 
6292.504020000 112 
6292.504575500 111 
6292.505131000 109 
6292.505686500 110 
6292.506242000 109 
6292.506797500 108 
6292.507353000 111 
6292.507908500 112 
6292.508464000 114 
6292.509019500 117 
6292.509575000 119 
6292.510130500 123 
6292.510686000 127 
6292.511241500 129 
6292.511797000 132 
6292.512352500 136 
6292.512908000 138 
6292.513463500 141 
6292.514019000 143 
6292.514574500 144 
6292.515130000 146 
6292.515685500 145 
6292.516241000 146 
6292.516796500 146 
6292.517352000 144 
6292.517907500 142 
6292.518463000 140 
6292.519018500 138 
6292.519574000 136 
6292.520129500 133 
6292.520685000 128 
6292.521240500 126 
6292.521796000 122 
6292.522351500 120 
6292.522907000 116 
6292.523462500 115 
6292.524018000 112 
6292.524573500 110 
6292.525129000 110 
6292.525684500 109 
6292.526240000 109 
6292.526795500 109 
6292.527351000 110 
6292.527906500 112 
6292.528462000 115 
6292.529017500 117 
6292.529573000 120 
6292.530128500 122 
6292.530684000 127 
6292.531239500 129 
6292.531795000 132 
6292.532350500 136 
6292.532906000 138 
6292.533461500 141 
6292.534017000 142 
6292.534572500 144 
6292.535128000 146 
6292.535683500 144 
6292.536239000 146 
6292.536794500 145 
6292.537350000 144 
6292.537905500 142 
6292.538461000 141 
6292.539016500 137 
6292.539572000 136 
6292.540127500 133 
6292.540683000 128 
6292.541238500 126 
6292.541794000 122 
6292.542349500 120 
6292.542905000 117 
6292.543460500 113 
6292.544016000 112 
6292.544571500 110 
6292.545127000 109 
6292.545682500 110 
6292.546238000 109 
6292.546793500 109 
6292.547349000 111 
6292.547904500 112 
6292.548460000 115 
6292.549015500 117 
6292.549571000 119 
6292.550126500 123 
6292.550682000 127 
6292.551237500 129 
6292.551793000 133 
6292.552348500 135 
6292.552904000 138 
6292.553459500 141 
6292.554015000 143 
6292.554570500 145 
6292.555126000 145 
6292.555681500 145 
6292.556237000 146 
6292.556792500 145 
6292.557348000 144 
6292.557903500 143 
6292.558459000 140 
6292.559014500 138 
6292.559570000 136 
6292.560125500 131 
6292.560681000 127 
6292.561236500 126 
6292.561792000 123 
6292.562347500 119 
6292.562903000 117 
6292.563458500 114 
6292.564014000 112 
6292.564569500 110 
6292.565125000 109 
6292.565680500 110 
6292.566236000 109 
6292.566791500 108 
6292.567347000 111 
6292.567902500 112 
6292.568458000 114 
6292.569013500 117 
6292.569569000 119 
6292.570124500 123 
6292.570680000 127 
6292.571235500 129 
6292.571791000 133 
6292.572346500 135 
6292.572902000 138 
6292.573457500 141 
6292.574013000 143 
6292.574568500 145 
6292.575124000 145 
6292.575679500 145 
6292.576235000 147 
6292.576790500 146 
6292.577346000 144 
6292.577901500 142 
6292.578457000 140 
6292.579012500 139 
6292.579568000 135 
6292.580123500 132 
6292.580679000 128 
6292.581234500 126 
6292.581790000 123 
6292.582345500 119 
6292.582901000 116 
6292.583456500 115 
6292.584012000 112 
6292.584567500 111 
6292.585123000 109 
6292.585678500 110 
6292.586234000 109 
6292.586789500 109 
6292.587345000 111 
6292.587900500 112 
6292.588456000 115 
6292.589011500 116 
6292.589567000 119 
6292.590122500 123 
6292.590678000 126 
6292.591233500 129 
6292.591789000 132 
6292.592344500 135 
6292.592900000 139 
6292.593455500 140 
6292.594011000 142 
6292.594566500 145 
6292.595122000 146 
6292.595677500 145 
6292.596233000 147 
6292.596788500 147 
6292.597344000 144 
6292.597899500 144 
6292.598455000 141 
6292.599010500 139 
6292.599566000 135 
6292.600121500 132 
6292.600677000 129 
6292.601232500 125 
6292.601788000 122 
6292.602343500 120 
6292.602899000 115 
6292.603454500 114 
6292.604010000 111 
6292.604565500 109 
6292.605121000 109 
6292.605676500 108 
6292.606232000 109 
6292.606787500 107 
6292.607343000 110 
6292.607898500 111 
6292.608454000 113 
6292.609009500 116 
6292.609565000 120 
6292.610120500 122 
6292.610676000 126 
6292.611231500 130 
6292.611787000 132 
6292.612342500 136 
6292.612898000 139 
6292.613453500 141 
6292.614009000 144 
6292.614564500 145 
6292.615120000 146 
6292.615675500 146 
6292.616231000 147 
6292.616786500 147 
6292.617342000 145 
6292.617897500 144 
6292.618453000 141 
6292.619008500 139 
6292.619564000 135 
6292.620119500 133 
6292.620675000 128 
6292.621230500 126 
6292.621786000 123 
6292.622341500 118 
6292.622897000 116 
6292.623452500 114 
6292.624008000 110 
6292.624563500 110 
6292.625119000 108 
6292.625674500 108 
6292.626230000 109 
6292.626785500 107 
6292.627341000 110 
6292.627896500 112 
6292.628452000 113 
6292.629007500 117 
6292.629563000 120 
6292.630118500 122 
6292.630674000 127 
6292.631229500 129 
6292.631785000 132 
6292.632340500 136 
6292.632896000 138 
6292.633451500 142 
6292.634007000 143 
6292.634562500 146 
6292.635118000 146 
6292.635673500 146 
6292.636229000 147 
6292.636784500 147 
6292.637340000 145 
6292.637895500 143 
6292.638451000 142 
6292.639006500 138 
6292.639562000 136 
6292.640117500 133 
6292.640673000 129 
6292.641228500 125 
6292.641784000 123 
6292.642339500 118 
6292.642895000 116 
6292.643450500 114 
6292.644006000 111 
6292.644561500 110 
6292.645117000 108 
6292.645672500 108 
6292.646228000 108 
6292.646783500 107 
6292.647339000 110 
6292.647894500 111 
6292.648450000 113 
6292.649005500 117 
6292.649561000 119 
6292.650116500 122 
6292.650672000 126 
6292.651227500 129 
6292.651783000 133 
6292.652338500 136 
6292.652894000 138 
6292.653449500 142 
6292.654005000 144 
6292.654560500 144 
6292.655116000 146 
6292.655671500 147 
6292.656227000 147 
6292.656782500 147 
6292.657338000 145 
6292.657893500 143 
6292.658449000 141 
6292.659004500 139 
6292.659560000 135 
6292.660115500 133 
6292.660671000 128 
6292.661226500 125 
6292.661782000 123 
6292.662337500 119 
6292.662893000 115 
6292.663448500 114 
6292.664004000 111 
6292.664559500 109 
6292.665115000 109 
6292.665670500 108 
6292.666226000 108 
6292.666781500 108 
6292.667337000 109 
6292.667892500 112 
6292.668448000 114 
6292.669003500 116 
6292.669559000 119 
6292.670114500 122 
6292.670670000 125 
6292.671225500 129 
6292.671781000 133 
6292.672336500 135 
6292.672892000 139 
6292.673447500 141 
6292.674003000 144 
6292.674558500 145 
6292.675114000 146 
6292.675669500 146 
6292.676225000 146 
6292.676780500 147 
6292.677336000 145 
6292.677891500 144 
6292.678447000 141 
6292.679002500 138 
6292.679558000 136 
6292.680113500 132 
6292.680669000 128 
6292.681224500 126 
6292.681780000 121 
6292.682335500 120 
6292.682891000 116 
6292.683446500 114 
6292.684002000 111 
6292.684557500 109 
6292.685113000 109 
6292.685668500 108 
6292.686224000 108 
6292.686779500 108 
6292.687335000 110 
6292.687890500 112 
6292.688446000 114 
6292.689001500 116 
6292.689557000 120 
6292.690112500 122 
6292.690668000 126 
6292.691223500 129 
6292.691779000 132 
6292.692334500 136 
6292.692890000 139 
6292.693445500 141 
6292.694001000 144 
6292.694556500 146 
6292.695112000 147 
6292.695667500 147 
6292.696223000 148 
6292.696778500 147 
6292.697334000 145 
6292.697889500 144 
6292.698445000 141 
6292.699000500 139 
6292.699556000 136 
6292.700111500 132 
6292.700667000 129 
6292.701222500 125 
6292.701778000 122 
6292.702333500 118 
6292.702889000 116 
6292.703444500 113 
6292.704000000 111 
6292.704555500 109 
6292.705111000 107 
6292.705666500 108 
6292.706222000 107 
6292.706777500 107 
6292.707333000 110 
6292.707888500 110 
6292.708444000 113 
6292.708999500 117 
6292.709555000 119 
6292.710110500 122 
6292.710666000 126 
6292.711221500 129 
6292.711777000 133 
6292.712332500 136 
6292.712888000 139 
6292.713443500 142 
6292.713999000 144 
6292.714554500 146 
6292.715110000 147 
6292.715665500 147 
6292.716221000 148 
6292.716776500 147 
6292.717332000 145 
6292.717887500 145 
6292.718443000 141 
6292.718998500 139 
6292.719554000 136 
6292.720109500 133 
6292.720665000 129 
6292.721220500 125 
6292.721776000 123 
6292.722331500 118 
6292.722887000 116 
6292.723442500 114 
6292.723998000 110 
6292.724553500 109 
6292.725109000 109 
6292.725664500 107 
6292.726220000 108 
6292.726775500 107 
6292.727331000 109 
6292.727886500 111 
6292.728442000 113 
6292.728997500 116 
6292.729553000 119 
6292.730108500 121 
6292.730664000 125 
6292.731219500 129 
6292.731775000 132 
6292.732330500 136 
6292.732886000 139 
6292.733441500 142 
6292.733997000 145 
6292.734552500 145 
6292.735108000 146 
6292.735663500 146 
6292.736219000 148 
6292.736774500 147 
6292.737330000 145 
6292.737885500 144 
6292.738441000 141 
6292.738996500 139 
6292.739552000 136 
6292.740107500 133 
6292.740663000 129 
6292.741218500 125 
6292.741774000 122 
6292.742329500 119 
6292.742885000 115 
6292.743440500 113 
6292.743996000 110 
6292.744551500 109 
6292.745107000 108 
6292.745662500 108 
6292.746218000 108 
6292.746773500 108 
6292.747329000 109 
6292.747884500 111 
6292.748440000 113 
6292.748995500 116 
6292.749551000 118 
6292.750106500 123 
6292.750662000 127 
6292.751217500 129 
6292.751773000 133 
6292.752328500 136 
6292.752884000 139 
6292.753439500 142 
6292.753995000 145 
6292.754550500 145 
6292.755106000 148 
6292.755661500 147 
6292.756217000 147 
6292.756772500 147 
6292.757328000 145 
6292.757883500 144 
6292.758439000 142 
6292.758994500 140 
6292.759550000 135 
6292.760105500 133 
6292.760661000 128 
6292.761216500 126 
6292.761772000 122 
6292.762327500 118 
6292.762883000 116 
6292.763438500 113 
6292.763994000 110 
6292.764549500 110 
6292.765105000 108 
6292.765660500 108 
6292.766216000 106 
6292.766771500 108 
6292.767327000 110 
6292.767882500 110 
6292.768438000 113 
6292.768993500 116 
6292.769549000 119 
6292.770104500 123 
6292.770660000 126 
6292.771215500 129 
6292.771771000 133 
6292.772326500 136 
6292.772882000 139 
6292.773437500 142 
6292.773993000 144 
6292.774548500 146 
6292.775104000 147 
6292.775659500 147 
6292.776215000 148 
6292.776770500 147 
6292.777326000 145 
6292.777881500 143 
6292.778437000 142 
6292.778992500 139 
6292.779548000 136 
6292.780103500 133 
6292.780659000 129 
6292.781214500 125 
6292.781770000 123 
6292.782325500 118 
6292.782881000 116 
6292.783436500 114 
6292.783992000 110 
6292.784547500 110 
6292.785103000 109 
6292.785658500 108 
6292.786214000 107 
6292.786769500 107 
6292.787325000 109 
6292.787880500 111 
6292.788436000 113 
6292.788991500 116 
6292.789547000 118 
6292.790102500 123 
6292.790658000 126 
6292.791213500 129 
6292.791769000 133 
6292.792324500 137 
6292.792880000 139 
6292.793435500 142 
6292.793991000 144 
6292.794546500 146 
6292.795102000 146 
6292.795657500 147 
6292.796213000 147 
6292.796768500 146 
6292.797324000 146 
6292.797879500 144 
6292.798435000 142 
6292.798990500 139 
6292.799546000 135 
6292.800101500 133 
6292.800657000 129 
6292.801212500 125 
6292.801768000 123 
6292.802323500 119 
6292.802879000 115 
6292.803434500 114 
6292.803990000 111 
6292.804545500 109 
6292.805101000 109 
6292.805656500 108 
6292.806212000 107 
6292.806767500 108 
6292.807323000 109 
6292.807878500 111 
6292.808434000 112 
6292.808989500 116 
6292.809545000 119 
6292.810100500 121 
6292.810656000 125 
6292.811211500 129 
6292.811767000 132 
6292.812322500 136 
6292.812878000 139 
6292.813433500 142 
6292.813989000 144 
6292.814544500 145 
6292.815100000 147 
6292.815655500 147 
6292.816211000 148 
6292.816766500 147 
6292.817322000 145 
6292.817877500 144 
6292.818433000 142 
6292.818988500 139 
6292.819544000 136 
6292.820099500 133 
6292.820655000 129 
6292.821210500 126 
6292.821766000 122 
6292.822321500 119 
6292.822877000 117 
6292.823432500 113 
6292.823988000 111 
6292.824543500 110 
6292.825099000 107 
6292.825654500 108 
6292.826210000 107 
6292.826765500 108 
6292.827321000 110 
6292.827876500 110 
6292.828432000 113 
6292.828987500 116 
6292.829543000 119 
6292.830098500 122 
6292.830654000 126 
6292.831209500 129 
6292.831765000 133 
6292.832320500 136 
6292.832876000 139 
6292.833431500 141 
6292.833987000 144 
6292.834542500 146 
6292.835098000 147 
6292.835653500 147 
6292.836209000 148 
6292.836764500 147 
6292.837320000 145 
6292.837875500 145 
6292.838431000 141 
6292.838986500 139 
6292.839542000 137 
6292.840097500 133 
6292.840653000 128 
6292.841208500 126 
6292.841764000 122 
6292.842319500 118 
6292.842875000 115 
6292.843430500 113 
6292.843986000 110 
6292.844541500 108 
6292.845097000 107 
6292.845652500 107 
6292.846208000 106 
6292.846763500 108 
6292.847319000 110 
6292.847874500 110 
6292.848430000 113 
6292.848985500 116 
6292.849541000 118 
6292.850096500 121 
6292.850652000 126 
6292.851207500 130 
6292.851763000 132 
6292.852318500 137 
6292.852874000 139 
6292.853429500 142 
6292.853985000 145 
6292.854540500 147 
6292.855096000 148 
6292.855651500 147 
6292.856207000 148 
6292.856762500 148 
6292.857318000 146 
6292.857873500 145 
6292.858429000 142 
6292.858984500 139 
6292.859540000 136 
6292.860095500 133 
6292.860651000 129 
6292.861206500 126 
6292.861762000 123 
6292.862317500 119 
6292.862873000 116 
6292.863428500 113 
6292.863984000 109 
6292.864539500 108 
6292.865095000 107 
6292.865650500 108 
6292.866206000 107 
6292.866761500 107 
6292.867317000 110 
6292.867872500 110 
6292.868428000 112 
6292.868983500 116 
6292.869539000 118 
6292.870094500 122 
6292.870650000 125 
6292.871205500 129 
6292.871761000 133 
6292.872316500 136 
6292.872872000 140 
6292.873427500 142 
6292.873983000 145 
6292.874538500 147 
6292.875094000 147 
6292.875649500 148 
6292.876205000 148 
6292.876760500 147 
6292.877316000 147 
6292.877871500 144 
6292.878427000 142 
6292.878982500 140 
6292.879538000 136 
6292.880093500 133 
6292.880649000 129 
6292.881204500 126 
6292.881760000 122 
6292.882315500 118 
6292.882871000 116 
6292.883426500 112 
6292.883982000 110 
6292.884537500 108 
6292.885093000 108 
6292.885648500 107 
6292.886204000 106 
6292.886759500 108 
6292.887315000 108 
6292.887870500 110 
6292.888426000 112 
6292.888981500 115 
6292.889537000 119 
6292.890092500 123 
6292.890648000 125 
6292.891203500 130 
6292.891759000 132 
6292.892314500 136 
6292.892870000 140 
6292.893425500 142 
6292.893981000 145 
6292.894536500 147 
6292.895092000 147 
6292.895647500 149 
6292.896203000 148 
6292.896758500 148 
6292.897314000 146 
6292.897869500 144 
6292.898425000 142 
6292.898980500 140 
6292.899536000 136 
6292.900091500 133 
6292.900647000 129 
6292.901202500 126 
6292.901758000 122 
6292.902313500 119 
6292.902869000 115 
6292.903424500 113 
6292.903980000 109 
6292.904535500 109 
6292.905091000 107 
6292.905646500 107 
6292.906202000 107 
6292.906757500 107 
6292.907313000 109 
6292.907868500 110 
6292.908424000 112 
6292.908979500 115 
6292.909535000 119 
6292.910090500 122 
6292.910646000 126 
6292.911201500 129 
6292.911757000 133 
6292.912312500 137 
6292.912868000 139 
6292.913423500 143 
6292.913979000 145 
6292.914534500 147 
6292.915090000 147 
6292.915645500 148 
6292.916201000 148 
6292.916756500 148 
6292.917312000 145 
6292.917867500 145 
6292.918423000 143 
6292.918978500 139 
6292.919534000 137 
6292.920089500 132 
6292.920645000 130 
6292.921200500 126 
6292.921756000 122 
6292.922311500 119 
6292.922867000 115 
6292.923422500 113 
6292.923978000 109 
6292.924533500 109 
6292.925089000 108 
6292.925644500 107 
6292.926200000 107 
6292.926755500 107 
6292.927311000 108 
6292.927866500 111 
6292.928422000 113 
6292.928977500 115 
6292.929533000 119 
6292.930088500 122 
6292.930644000 125 
6292.931199500 129 
6292.931755000 133 
6292.932310500 136 
6292.932866000 139 
6292.933421500 142 
6292.933977000 144 
6292.934532500 146 
6292.935088000 148 
6292.935643500 149 
6292.936199000 148 
6292.936754500 148 
6292.937310000 146 
6292.937865500 145 
6292.938421000 143 
6292.938976500 139 
6292.939532000 136 
6292.940087500 133 
6292.940643000 130 
6292.941198500 125 
6292.941754000 122 
6292.942309500 119 
6292.942865000 116 
6292.943420500 113 
6292.943976000 110 
6292.944531500 108 
6292.945087000 107 
6292.945642500 107 
6292.946198000 106 
6292.946753500 107 
6292.947309000 108 
6292.947864500 110 
6292.948420000 112 
6292.948975500 115 
6292.949531000 119 
6292.950086500 121 
6292.950642000 126 
6292.951197500 128 
6292.951753000 133 
6292.952308500 136 
6292.952864000 139 
6292.953419500 143 
6292.953975000 145 
6292.954530500 146 
6292.955086000 148 
6292.955641500 147 
6292.956197000 148 
6292.956752500 148 
6292.957308000 147 
6292.957863500 144 
6292.958419000 143 
6292.958974500 139 
6292.959530000 136 
6292.960085500 133 
6292.960641000 129 
6292.961196500 126 
6292.961752000 123 
6292.962307500 118 
6292.962863000 116 
6292.963418500 113 
6292.963974000 110 
6292.964529500 109 
6292.965085000 108 
6292.965640500 107 
6292.966196000 107 
6292.966751500 107 
6292.967307000 109 
6292.967862500 110 
6292.968418000 112 
6292.968973500 116 
6292.969529000 118 
6292.970084500 122 
6292.970640000 125 
6292.971195500 129 
6292.971751000 133 
6292.972306500 137 
6292.972862000 139 
6292.973417500 142 
6292.973973000 144 
6292.974528500 146 
6292.975084000 147 
6292.975639500 146 
6292.976195000 148 
6292.976750500 147 
6292.977306000 146 
6292.977861500 144 
6292.978417000 142 
6292.978972500 139 
6292.979528000 136 
6292.980083500 133 
6292.980639000 129 
6292.981194500 126 
6292.981750000 122 
6292.982305500 119 
6292.982861000 116 
6292.983416500 113 
6292.983972000 111 
6292.984527500 108 
6292.985083000 108 
6292.985638500 108 
6292.986194000 107 
6292.986749500 108 
6292.987305000 109 
6292.987860500 111 
6292.988416000 113 
6292.988971500 116 
6292.989527000 118 
6292.990082500 122 
6292.990638000 126 
6292.991193500 129 
6292.991749000 133 
6292.992304500 135 
6292.992860000 139 
6292.993415500 142 
6292.993971000 144 
6292.994526500 146 
6292.995082000 147 
6292.995637500 148 
6292.996193000 147 
6292.996748500 146 
6292.997304000 145 
6292.997859500 144 
6292.998415000 141 
6292.998970500 139 
6292.999526000 136 
6293.000081500 132 
6293.000637000 128 
6293.001192500 126 
6293.001748000 122 
6293.002303500 119 
6293.002859000 117 
6293.003414500 113 
6293.003970000 110 
6293.004525500 109 
6293.005081000 109 
6293.005636500 107 
6293.006192000 108 
6293.006747500 108 
6293.007303000 109 
6293.007858500 111 
6293.008414000 113 
6293.008969500 115 
6293.009525000 119 
6293.010080500 122 
6293.010636000 125 
6293.011191500 129 
6293.011747000 132 
6293.012302500 136 
6293.012858000 139 
6293.013413500 141 
6293.013969000 144 
6293.014524500 147 
6293.015080000 147 
6293.015635500 147 
6293.016191000 148 
6293.016746500 147 
6293.017302000 145 
6293.017857500 145 
6293.018413000 142 
6293.018968500 139 
6293.019524000 137 
6293.020079500 132 
6293.020635000 129 
6293.021190500 126 
6293.021746000 122 
6293.022301500 120 
6293.022857000 116 
6293.023412500 113 
6293.023968000 111 
6293.024523500 109 
6293.025079000 109 
6293.025634500 107 
6293.026190000 109 
6293.026745500 107 
6293.027301000 110 
6293.027856500 112 
6293.028412000 113 
6293.028967500 115 
6293.029523000 119 
6293.030078500 121 
6293.030634000 126 
6293.031189500 129 
6293.031745000 132 
6293.032300500 136 
6293.032856000 138 
6293.033411500 142 
6293.033967000 144 
6293.034522500 146 
6293.035078000 147 
6293.035633500 147 
6293.036189000 147 
6293.036744500 147 
6293.037300000 145 
6293.037855500 144 
6293.038411000 142 
6293.038966500 139 
6293.039522000 137 
6293.040077500 132 
6293.040633000 129 
6293.041188500 126 
6293.041744000 122 
6293.042299500 119 
6293.042855000 116 
6293.043410500 113 
6293.043966000 111 
6293.044521500 108 
6293.045077000 108 
6293.045632500 109 
6293.046188000 108 
6293.046743500 108 
6293.047299000 109 
6293.047854500 111 
6293.048410000 113 
6293.048965500 116 
6293.049521000 118 
6293.050076500 122 
6293.050632000 126 
6293.051187500 130 
6293.051743000 132 
6293.052298500 136 
6293.052854000 139 
6293.053409500 141 
6293.053965000 144 
6293.054520500 146 
6293.055076000 147 
6293.055631500 148 
6293.056187000 147 
6293.056742500 147 
6293.057298000 145 
6293.057853500 144 
6293.058409000 143 
6293.058964500 139 
6293.059520000 136 
6293.060075500 132 
6293.060631000 129 
6293.061186500 126 
6293.061742000 122 
6293.062297500 120 
6293.062853000 116 
6293.063408500 114 
6293.063964000 111 
6293.064519500 109 
6293.065075000 108 
6293.065630500 108 
6293.066186000 108 
6293.066741500 108 
6293.067297000 109 
6293.067852500 111 
6293.068408000 113 
6293.068963500 115 
6293.069519000 118 
6293.070074500 123 
6293.070630000 125 
6293.071185500 130 
6293.071741000 132 
6293.072296500 136 
6293.072852000 139 
6293.073407500 141 
6293.073963000 144 
6293.074518500 146 
6293.075074000 147 
6293.075629500 147 
6293.076185000 148 
6293.076740500 147 
6293.077296000 146 
6293.077851500 144 
6293.078407000 142 
6293.078962500 139 
6293.079518000 136 
6293.080073500 134 
6293.080629000 129 
6293.081184500 127 
6293.081740000 122 
6293.082295500 119 
6293.082851000 116 
6293.083406500 113 
6293.083962000 111 
6293.084517500 109 
6293.085073000 107 
6293.085628500 108 
6293.086184000 107 
6293.086739500 108 
6293.087295000 110 
6293.087850500 110 
6293.088406000 112 
6293.088961500 116 
6293.089517000 119 
6293.090072500 122 
6293.090628000 125 
6293.091183500 129 
6293.091739000 132 
6293.092294500 136 
6293.092850000 139 
6293.093405500 141 
6293.093961000 145 
6293.094516500 145 
6293.095072000 147 
6293.095627500 147 
6293.096183000 148 
6293.096738500 147 
6293.097294000 146 
6293.097849500 144 
6293.098405000 142 
6293.098960500 139 
6293.099516000 136 
6293.100071500 134 
6293.100627000 129 
6293.101182500 125 
6293.101738000 123 
6293.102293500 120 
6293.102849000 115 
6293.103404500 114 
6293.103960000 111 
6293.104515500 109 
6293.105071000 108 
6293.105626500 108 
6293.106182000 108 
6293.106737500 107 
6293.107293000 109 
6293.107848500 111 
6293.108404000 113 
6293.108959500 116 
6293.109515000 118 
6293.110070500 122 
6293.110626000 126 
6293.111181500 129 
6293.111737000 132 
6293.112292500 136 
6293.112848000 139 
6293.113403500 141 
6293.113959000 144 
6293.114514500 145 
6293.115070000 147 
6293.115625500 147 
6293.116181000 147 
6293.116736500 147 
6293.117292000 145 
6293.117847500 144 
6293.118403000 142 
6293.118958500 138 
6293.119514000 136 
6293.120069500 133 
6293.120625000 129 
6293.121180500 126 
6293.121736000 122 
6293.122291500 119 
6293.122847000 116 
6293.123402500 113 
6293.123958000 111 
6293.124513500 109 
6293.125069000 107 
6293.125624500 107 
6293.126180000 107 
6293.126735500 107 
6293.127291000 109 
6293.127846500 110 
6293.128402000 113 
6293.128957500 116 
6293.129513000 118 
6293.130068500 122 
6293.130624000 126 
6293.131179500 129 
6293.131735000 133 
6293.132290500 137 
6293.132846000 139 
6293.133401500 142 
6293.133957000 145 
6293.134512500 146 
6293.135068000 148 
6293.135623500 148 
6293.136179000 149 
6293.136734500 148 
6293.137290000 146 
6293.137845500 145 
6293.138401000 143 
6293.138956500 139 
6293.139512000 137 
6293.140067500 134 
6293.140623000 129 
6293.141178500 126 
6293.141734000 122 
6293.142289500 118 
6293.142845000 116 
6293.143400500 113 
6293.143956000 111 
6293.144511500 108 
6293.145067000 107 
6293.145622500 107 
6293.146178000 107 
6293.146733500 107 
6293.147289000 108 
6293.147844500 110 
6293.148400000 113 
6293.148955500 115 
6293.149511000 118 
6293.150066500 121 
6293.150622000 126 
6293.151177500 128 
6293.151733000 133 
6293.152288500 136 
6293.152844000 139 
6293.153399500 142 
6293.153955000 144 
6293.154510500 146 
6293.155066000 148 
6293.155621500 148 
6293.156177000 148 
6293.156732500 148 
6293.157288000 146 
6293.157843500 145 
6293.158399000 143 
6293.158954500 139 
6293.159510000 137 
6293.160065500 133 
6293.160621000 130 
6293.161176500 126 
6293.161732000 122 
6293.162287500 119 
6293.162843000 115 
6293.163398500 113 
6293.163954000 110 
6293.164509500 109 
6293.165065000 107 
6293.165620500 107 
6293.166176000 107 
6293.166731500 106 
6293.167287000 109 
6293.167842500 109 
6293.168398000 113 
6293.168953500 115 
6293.169509000 118 
6293.170064500 121 
6293.170620000 125 
6293.171175500 129 
6293.171731000 132 
6293.172286500 137 
6293.172842000 139 
6293.173397500 142 
6293.173953000 144 
6293.174508500 147 
6293.175064000 147 
6293.175619500 148 
6293.176175000 148 
6293.176730500 147 
6293.177286000 146 
6293.177841500 145 
6293.178397000 142 
6293.178952500 139 
6293.179508000 137 
6293.180063500 132 
6293.180619000 130 
6293.181174500 125 
6293.181730000 122 
6293.182285500 120 
6293.182841000 115 
6293.183396500 113 
6293.183952000 110 
6293.184507500 108 
6293.185063000 108 
6293.185618500 107 
6293.186174000 106 
6293.186729500 107 
6293.187285000 109 
6293.187840500 109 
6293.188396000 113 
6293.188951500 115 
6293.189507000 119 
6293.190062500 122 
6293.190618000 125 
6293.191173500 130 
6293.191729000 132 
6293.192284500 136 
6293.192840000 140 
6293.193395500 142 
6293.193951000 145 
6293.194506500 148 
6293.195062000 147 
6293.195617500 148 
6293.196173000 149 
6293.196728500 148 
6293.197284000 147 
6293.197839500 145 
6293.198395000 143 
6293.198950500 139 
6293.199506000 136 
6293.200061500 133 
6293.200617000 130 
6293.201172500 125 
6293.201728000 123 
6293.202283500 118 
6293.202839000 115 
6293.203394500 114 
6293.203950000 110 
6293.204505500 108 
6293.205061000 107 
6293.205616500 106 
6293.206172000 107 
6293.206727500 107 
6293.207283000 108 
6293.207838500 110 
6293.208394000 113 
6293.208949500 115 
6293.209505000 118 
6293.210060500 122 
6293.210616000 126 
6293.211171500 128 
6293.211727000 132 
6293.212282500 136 
6293.212838000 139 
6293.213393500 142 
6293.213949000 145 
6293.214504500 147 
6293.215060000 148 
6293.215615500 149 
6293.216171000 149 
6293.216726500 148 
6293.217282000 147 
6293.217837500 145 
6293.218393000 143 
6293.218948500 141 
6293.219504000 136 
6293.220059500 134 
6293.220615000 129 
6293.221170500 125 
6293.221726000 122 
6293.222281500 119 
6293.222837000 114 
6293.223392500 113 
6293.223948000 109 
6293.224503500 109 
6293.225059000 106 
6293.225614500 106 
6293.226170000 105 
6293.226725500 107 
6293.227281000 107 
6293.227836500 110 
6293.228392000 112 
6293.228947500 115 
6293.229503000 119 
6293.230058500 122 
6293.230614000 124 
6293.231169500 129 
6293.231725000 132 
6293.232280500 136 
6293.232836000 140 
6293.233391500 142 
6293.233947000 145 
6293.234502500 147 
6293.235058000 148 
6293.235613500 149 
6293.236169000 149 
6293.236724500 148 
6293.237280000 147 
6293.237835500 145 
6293.238391000 143 
6293.238946500 141 
6293.239502000 136 
6293.240057500 133 
6293.240613000 130 
6293.241168500 126 
6293.241724000 123 
6293.242279500 118 
6293.242835000 115 
6293.243390500 113 
6293.243946000 109 
6293.244501500 108 
6293.245057000 106 
6293.245612500 107 
6293.246168000 106 
6293.246723500 106 
6293.247279000 108 
6293.247834500 109 
6293.248390000 111 
6293.248945500 115 
6293.249501000 119 
6293.250056500 121 
6293.250612000 125 
6293.251167500 128 
6293.251723000 133 
6293.252278500 136 
6293.252834000 140 
6293.253389500 143 
6293.253945000 145 
6293.254500500 147 
6293.255056000 148 
6293.255611500 149 
6293.256167000 149 
6293.256722500 149 
6293.257278000 147 
6293.257833500 145 
6293.258389000 144 
6293.258944500 140 
6293.259500000 137 
6293.260055500 134 
6293.260611000 129 
6293.261166500 126 
6293.261722000 122 
6293.262277500 118 
6293.262833000 115 
6293.263388500 113 
6293.263944000 111 
6293.264499500 108 
6293.265055000 105 
6293.265610500 106 
6293.266166000 106 
6293.266721500 106 
6293.267277000 107 
6293.267832500 110 
6293.268388000 112 
6293.268943500 114 
6293.269499000 119 
6293.270054500 121 
6293.270610000 125 
6293.271165500 130 
6293.271721000 132 
6293.272276500 136 
6293.272832000 140 
6293.273387500 142 
6293.273943000 145 
6293.274498500 147 
6293.275054000 149 
6293.275609500 149 
6293.276165000 149 
6293.276720500 149 
6293.277276000 147 
6293.277831500 145 
6293.278387000 144 
6293.278942500 140 
6293.279498000 137 
6293.280053500 134 
6293.280609000 129 
6293.281164500 126 
6293.281720000 123 
6293.282275500 118 
6293.282831000 115 
6293.283386500 113 
6293.283942000 110 
6293.284497500 107 
6293.285053000 107 
6293.285608500 105 
6293.286164000 106 
6293.286719500 106 
6293.287275000 108 
6293.287830500 109 
6293.288386000 111 
6293.288941500 115 
6293.289497000 118 
6293.290052500 121 
6293.290608000 125 
6293.291163500 129 
6293.291719000 132 
6293.292274500 136 
6293.292830000 140 
6293.293385500 142 
6293.293941000 145 
6293.294496500 147 
6293.295052000 148 
6293.295607500 149 
6293.296163000 150 
6293.296718500 148 
6293.297274000 147 
6293.297829500 146 
6293.298385000 143 
6293.298940500 140 
6293.299496000 138 
6293.300051500 134 
6293.300607000 129 
6293.301162500 127 
6293.301718000 122 
6293.302273500 119 
6293.302829000 115 
6293.303384500 112 
6293.303940000 111 
6293.304495500 107 
6293.305051000 107 
6293.305606500 106 
6293.306162000 106 
6293.306717500 106 
6293.307273000 107 
6293.307828500 110 
6293.308384000 111 
6293.308939500 115 
6293.309495000 117 
6293.310050500 121 
6293.310606000 126 
6293.311161500 128 
6293.311717000 133 
6293.312272500 137 
6293.312828000 139 
6293.313383500 143 
6293.313939000 144 
6293.314494500 148 
6293.315050000 148 
6293.315605500 149 
6293.316161000 148 
6293.316716500 149 
6293.317272000 147 
6293.317827500 145 
6293.318383000 143 
6293.318938500 141 
6293.319494000 137 
6293.320049500 133 
6293.320605000 130 
6293.321160500 126 
6293.321716000 123 
6293.322271500 118 
6293.322827000 116 
6293.323382500 113 
6293.323938000 109 
6293.324493500 108 
6293.325049000 107 
6293.325604500 106 
6293.326160000 106 
6293.326715500 106 
6293.327271000 108 
6293.327826500 109 
6293.328382000 112 
6293.328937500 114 
6293.329493000 118 
6293.330048500 122 
6293.330604000 125 
6293.331159500 128 
6293.331715000 133 
6293.332270500 136 
6293.332826000 139 
6293.333381500 143 
6293.333937000 146 
6293.334492500 147 
6293.335048000 149 
6293.335603500 149 
6293.336159000 148 
6293.336714500 149 
6293.337270000 147 
6293.337825500 145 
6293.338381000 143 
6293.338936500 140 
6293.339492000 137 
6293.340047500 133 
6293.340603000 129 
6293.341158500 126 
6293.341714000 122 
6293.342269500 118 
6293.342825000 115 
6293.343380500 112 
6293.343936000 110 
6293.344491500 109 
6293.345047000 106 
6293.345602500 105 
6293.346158000 106 
6293.346713500 107 
6293.347269000 107 
6293.347824500 110 
6293.348380000 112 
6293.348935500 115 
6293.349491000 117 
6293.350046500 122 
6293.350602000 124 
6293.351157500 129 
6293.351713000 132 
6293.352268500 136 
6293.352824000 140 
6293.353379500 142 
6293.353935000 145 
6293.354490500 147 
6293.355046000 148 
6293.355601500 149 
6293.356157000 149 
6293.356712500 148 
6293.357268000 148 
6293.357823500 146 
6293.358379000 143 
6293.358934500 141 
6293.359490000 136 
6293.360045500 134 
6293.360601000 130 
6293.361156500 126 
6293.361712000 122 
6293.362267500 119 
6293.362823000 115 
6293.363378500 113 
6293.363934000 109 
6293.364489500 107 
6293.365045000 107 
6293.365600500 107 
6293.366156000 105 
6293.366711500 107 
6293.367267000 108 
6293.367822500 109 
6293.368378000 112 
6293.368933500 114 
6293.369489000 118 
6293.370044500 121 
6293.370600000 125 
6293.371155500 129 
6293.371711000 133 
6293.372266500 137 
6293.372822000 139 
6293.373377500 142 
6293.373933000 145 
6293.374488500 147 
6293.375044000 149 
6293.375599500 148 
6293.376155000 148 
6293.376710500 148 
6293.377266000 147 
6293.377821500 145 
6293.378377000 144 
6293.378932500 140 
6293.379488000 136 
6293.380043500 134 
6293.380599000 130 
6293.381154500 126 
6293.381710000 123 
6293.382265500 119 
6293.382821000 116 
6293.383376500 112 
6293.383932000 110 
6293.384487500 107 
6293.385043000 106 
6293.385598500 107 
6293.386154000 105 
6293.386709500 107 
6293.387265000 107 
6293.387820500 109 
6293.388376000 112 
6293.388931500 114 
6293.389487000 118 
6293.390042500 122 
6293.390598000 125 
6293.391153500 129 
6293.391709000 133 
6293.392264500 136 
6293.392820000 140 
6293.393375500 142 
6293.393931000 145 
6293.394486500 147 
6293.395042000 148 
6293.395597500 149 
6293.396153000 149 
6293.396708500 149 
6293.397264000 147 
6293.397819500 146 
6293.398375000 143 
6293.398930500 140 
6293.399486000 137 
6293.400041500 133 
6293.400597000 130 
6293.401152500 125 
6293.401708000 123 
6293.402263500 118 
6293.402819000 115 
6293.403374500 112 
6293.403930000 110 
6293.404485500 108 
6293.405041000 106 
6293.405596500 106 
6293.406152000 106 
6293.406707500 106 
6293.407263000 107 
6293.407818500 110 
6293.408374000 112 
6293.408929500 115 
6293.409485000 118 
6293.410040500 121 
6293.410596000 125 
6293.411151500 129 
6293.411707000 133 
6293.412262500 136 
6293.412818000 140 
6293.413373500 142 
6293.413929000 145 
6293.414484500 147 
6293.415040000 149 
6293.415595500 149 
6293.416151000 149 
6293.416706500 149 
6293.417262000 148 
6293.417817500 145 
6293.418373000 143 
6293.418928500 140 
6293.419484000 137 
6293.420039500 134 
6293.420595000 130 
6293.421150500 126 
6293.421706000 122 
6293.422261500 119 
6293.422817000 115 
6293.423372500 113 
6293.423928000 109 
6293.424483500 108 
6293.425039000 106 
6293.425594500 105 
6293.426150000 106 
6293.426705500 106 
6293.427261000 107 
6293.427816500 110 
6293.428372000 112 
6293.428927500 114 
6293.429483000 118 
6293.430038500 121 
6293.430594000 125 
6293.431149500 129 
6293.431705000 133 
6293.432260500 136 
6293.432816000 139 
6293.433371500 142 
6293.433927000 146 
6293.434482500 147 
6293.435038000 149 
6293.435593500 149 
6293.436149000 149 
6293.436704500 149 
6293.437260000 147 
6293.437815500 145 
6293.438371000 143 
6293.438926500 140 
6293.439482000 138 
6293.440037500 133 
6293.440593000 130 
6293.441148500 126 
6293.441704000 122 
6293.442259500 119 
6293.442815000 115 
6293.443370500 113 
6293.443926000 110 
6293.444481500 107 
6293.445037000 107 
6293.445592500 106 
6293.446148000 106 
6293.446703500 106 
6293.447259000 107 
6293.447814500 109 
6293.448370000 112 
6293.448925500 115 
6293.449481000 117 
6293.450036500 121 
6293.450592000 125 
6293.451147500 128 
6293.451703000 133 
6293.452258500 136 
6293.452814000 140 
6293.453369500 142 
6293.453925000 145 
6293.454480500 147 
6293.455036000 148 
6293.455591500 149 
6293.456147000 149 
6293.456702500 148 
6293.457258000 148 
6293.457813500 146 
6293.458369000 143 
6293.458924500 140 
6293.459480000 138 
6293.460035500 133 
6293.460591000 130 
6293.461146500 126 
6293.461702000 122 
6293.462257500 119 
6293.462813000 116 
6293.463368500 112 
6293.463924000 110 
6293.464479500 107 
6293.465035000 107 
6293.465590500 105 
6293.466146000 106 
6293.466701500 105 
6293.467257000 107 
6293.467812500 110 
6293.468368000 111 
6293.468923500 115 
6293.469479000 117 
6293.470034500 121 
6293.470590000 126 
6293.471145500 128 
6293.471701000 133 
6293.472256500 136 
6293.472812000 140 
6293.473367500 143 
6293.473923000 145 
6293.474478500 149 
6293.475034000 148 
6293.475589500 150 
6293.476145000 150 
6293.476700500 149 
6293.477256000 149 
6293.477811500 147 
6293.478367000 143 
6293.478922500 141 
6293.479478000 138 
6293.480033500 133 
6293.480589000 131 
6293.481144500 126 
6293.481700000 122 
6293.482255500 118 
6293.482811000 115 
6293.483366500 112 
6293.483922000 109 
6293.484477500 108 
6293.485033000 106 
6293.485588500 105 
6293.486144000 106 
6293.486699500 105 
6293.487255000 105 
6293.487810500 109 
6293.488366000 111 
6293.488921500 114 
6293.489477000 117 
6293.490032500 122 
6293.490588000 124 
6293.491143500 129 
6293.491699000 133 
6293.492254500 136 
6293.492810000 141 
6293.493365500 142 
6293.493921000 146 
6293.494476500 148 
6293.495032000 150 
6293.495587500 150 
6293.496143000 150 
6293.496698500 149 
6293.497254000 149 
6293.497809500 146 
6293.498365000 143 
6293.498920500 141 
6293.499476000 138 
6293.500031500 133 
6293.500587000 131 
6293.501142500 125 
6293.501698000 123 
6293.502253500 118 
6293.502809000 115 
6293.503364500 112 
6293.503920000 109 
6293.504475500 107 
6293.505031000 106 
6293.505586500 105 
6293.506142000 106 
6293.506697500 106 
6293.507253000 105 
6293.507808500 110 
6293.508364000 110 
6293.508919500 114 
6293.509475000 117 
6293.510030500 121 
6293.510586000 125 
6293.511141500 129 
6293.511697000 133 
6293.512252500 136 
6293.512808000 140 
6293.513363500 143 
6293.513919000 145 
6293.514474500 147 
6293.515030000 149 
6293.515585500 149 
6293.516141000 149 
6293.516696500 149 
6293.517252000 148 
6293.517807500 146 
6293.518363000 144 
6293.518918500 141 
6293.519474000 138 
6293.520029500 134 
6293.520585000 130 
6293.521140500 126 
6293.521696000 122 
6293.522251500 119 
6293.522807000 115 
6293.523362500 112 
6293.523918000 110 
6293.524473500 107 
6293.525029000 105 
6293.525584500 106 
6293.526140000 106 
6293.526695500 106 
6293.527251000 106 
6293.527806500 109 
6293.528362000 112 
6293.528917500 114 
6293.529473000 118 
6293.530028500 121 
6293.530584000 124 
6293.531139500 129 
6293.531695000 133 
6293.532250500 136 
6293.532806000 140 
6293.533361500 143 
6293.533917000 145 
6293.534472500 147 
6293.535028000 149 
6293.535583500 150 
6293.536139000 148 
6293.536694500 149 
6293.537250000 149 
6293.537805500 146 
6293.538361000 144 
6293.538916500 140 
6293.539472000 137 
6293.540027500 134 
6293.540583000 129 
6293.541138500 127 
6293.541694000 122 
6293.542249500 118 
6293.542805000 115 
6293.543360500 111 
6293.543916000 110 
6293.544471500 107 
6293.545027000 106 
6293.545582500 104 
6293.546138000 106 
6293.546693500 107 
6293.547249000 105 
6293.547804500 109 
6293.548360000 111 
6293.548915500 113 
6293.549471000 118 
6293.550026500 121 
6293.550582000 125 
6293.551137500 129 
6293.551693000 132 
6293.552248500 137 
6293.552804000 140 
6293.553359500 143 
6293.553915000 146 
6293.554470500 149 
6293.555026000 149 
6293.555581500 151 
6293.556137000 149 
6293.556692500 150 
6293.557248000 149 
6293.557803500 146 
6293.558359000 145 
6293.558914500 141 
6293.559470000 138 
6293.560025500 134 
6293.560581000 129 
6293.561136500 126 
6293.561692000 123 
6293.562247500 118 
6293.562803000 114 
6293.563358500 112 
6293.563914000 109 
6293.564469500 106 
6293.565025000 106 
6293.565580500 104 
6293.566136000 106 
6293.566691500 104 
6293.567247000 106 
6293.567802500 109 
6293.568358000 110 
6293.568913500 114 
6293.569469000 117 
6293.570024500 120 
6293.570580000 125 
6293.571135500 128 
6293.571691000 133 
6293.572246500 136 
6293.572802000 140 
6293.573357500 143 
6293.573913000 146 
6293.574468500 148 
6293.575024000 149 
6293.575579500 151 
6293.576135000 149 
6293.576690500 149 
6293.577246000 150 
6293.577801500 146 
6293.578357000 144 
6293.578912500 142 
6293.579468000 137 
6293.580023500 134 
6293.580579000 130 
6293.581134500 126 
6293.581690000 122 
6293.582245500 118 
6293.582801000 114 
6293.583356500 112 
6293.583912000 109 
6293.584467500 106 
6293.585023000 106 
6293.585578500 105 
6293.586134000 106 
6293.586689500 105 
6293.587245000 105 
6293.587800500 108 
6293.588356000 111 
6293.588911500 113 
6293.589467000 116 
6293.590022500 121 
6293.590578000 124 
6293.591133500 129 
6293.591689000 132 
6293.592244500 137 
6293.592800000 140 
6293.593355500 143 
6293.593911000 146 
6293.594466500 148 
6293.595022000 150 
6293.595577500 150 
6293.596133000 149 
6293.596688500 150 
6293.597244000 149 
6293.597799500 146 
6293.598355000 144 
6293.598910500 141 
6293.599466000 137 
6293.600021500 134 
6293.600577000 131 
6293.601132500 126 
6293.601688000 122 
6293.602243500 119 
6293.602799000 114 
6293.603354500 111 
6293.603910000 109 
6293.604465500 108 
6293.605021000 105 
6293.605576500 105 
6293.606132000 106 
6293.606687500 105 
6293.607243000 106 
6293.607798500 109 
6293.608354000 110 
6293.608909500 114 
6293.609465000 117 
6293.610020500 121 
6293.610576000 125 
6293.611131500 129 
6293.611687000 133 
6293.612242500 137 
6293.612798000 140 
6293.613353500 143 
6293.613909000 146 
6293.614464500 148 
6293.615020000 150 
6293.615575500 150 
6293.616131000 150 
6293.616686500 150 
6293.617242000 149 
6293.617797500 146 
6293.618353000 144 
6293.618908500 142 
6293.619464000 137 
6293.620019500 134 
6293.620575000 129 
6293.621130500 126 
6293.621686000 122 
6293.622241500 118 
6293.622797000 115 
6293.623352500 111 
6293.623908000 108 
6293.624463500 107 
6293.625019000 105 
6293.625574500 104 
6293.626130000 106 
6293.626685500 105 
6293.627241000 106 
6293.627796500 108 
6293.628352000 110 
6293.628907500 114 
6293.629463000 117 
6293.630018500 120 
6293.630574000 126 
6293.631129500 128 
6293.631685000 133 
6293.632240500 137 
6293.632796000 140 
6293.633351500 144 
6293.633907000 146 
6293.634462500 147 
6293.635018000 151 
6293.635573500 150 
6293.636129000 150 
6293.636684500 150 
6293.637240000 149 
6293.637795500 146 
6293.638351000 144 
6293.638906500 141 
6293.639462000 138 
6293.640017500 135 
6293.640573000 129 
6293.641128500 127 
6293.641684000 122 
6293.642239500 119 
6293.642795000 114 
6293.643350500 111 
6293.643906000 109 
6293.644461500 106 
6293.645017000 106 
6293.645572500 104 
6293.646128000 105 
6293.646683500 105 
6293.647239000 105 
6293.647794500 109 
6293.648350000 110 
6293.648905500 114 
6293.649461000 117 
6293.650016500 120 
6293.650572000 125 
6293.651127500 128 
6293.651683000 133 
6293.652238500 137 
6293.652794000 139 
6293.653349500 144 
6293.653905000 146 
6293.654460500 148 
6293.655016000 149 
6293.655571500 151 
6293.656127000 149 
6293.656682500 149 
6293.657238000 149 
6293.657793500 146 
6293.658349000 144 
6293.658904500 141 
6293.659460000 138 
6293.660015500 135 
6293.660571000 130 
6293.661126500 127 
6293.661682000 122 
6293.662237500 119 
6293.662793000 114 
6293.663348500 112 
6293.663904000 109 
6293.664459500 107 
6293.665015000 106 
6293.665570500 104 
6293.666126000 106 
6293.666681500 106 
6293.667237000 106 
6293.667792500 108 
6293.668348000 111 
6293.668903500 113 
6293.669459000 118 
6293.670014500 121 
6293.670570000 124 
6293.671125500 129 
6293.671681000 132 
6293.672236500 136 
6293.672792000 141 
6293.673347500 143 
6293.673903000 146 
6293.674458500 148 
6293.675014000 150 
6293.675569500 150 
6293.676125000 149 
6293.676680500 149 
6293.677236000 149 
6293.677791500 146 
6293.678347000 144 
6293.678902500 141 
6293.679458000 137 
6293.680013500 134 
6293.680569000 131 
6293.681124500 126 
6293.681680000 122 
6293.682235500 119 
6293.682791000 115 
6293.683346500 111 
6293.683902000 109 
6293.684457500 107 
6293.685013000 105 
6293.685568500 104 
6293.686124000 106 
6293.686679500 105 
6293.687235000 106 
6293.687790500 108 
6293.688346000 111 
6293.688901500 113 
6293.689457000 117 
6293.690012500 121 
6293.690568000 124 
6293.691123500 129 
6293.691679000 132 
6293.692234500 136 
6293.692790000 140 
6293.693345500 144 
6293.693901000 145 
6293.694456500 148 
6293.695012000 150 
6293.695567500 152 
6293.696123000 149 
6293.696678500 149 
6293.697234000 149 
6293.697789500 146 
6293.698345000 144 
6293.698900500 141 
6293.699456000 137 
6293.700011500 134 
6293.700567000 131 
6293.701122500 125 
6293.701678000 123 
6293.702233500 118 
6293.702789000 115 
6293.703344500 112 
6293.703900000 108 
6293.704455500 108 
6293.705011000 105 
6293.705566500 105 
6293.706122000 105 
6293.706677500 105 
6293.707233000 105 
6293.707788500 108 
6293.708344000 111 
6293.708899500 113 
6293.709455000 117 
6293.710010500 121 
6293.710566000 124 
6293.711121500 129 
6293.711677000 132 
6293.712232500 136 
6293.712788000 141 
6293.713343500 143 
6293.713899000 147 
6293.714454500 148 
6293.715010000 149 
6293.715565500 150 
6293.716121000 150 
6293.716676500 150 
6293.717232000 149 
6293.717787500 146 
6293.718343000 144 
6293.718898500 141 
6293.719454000 137 
6293.720009500 135 
6293.720565000 131 
6293.721120500 125 
6293.721676000 122 
6293.722231500 119 
6293.722787000 115 
6293.723342500 111 
6293.723898000 109 
6293.724453500 107 
6293.725009000 105 
6293.725564500 106 
6293.726120000 105 
6293.726675500 105 
6293.727231000 105 
6293.727786500 108 
6293.728342000 111 
6293.728897500 114 
6293.729453000 117 
6293.730008500 120 
6293.730564000 124 
6293.731119500 129 
6293.731675000 132 
6293.732230500 136 
6293.732786000 140 
6293.733341500 143 
6293.733897000 146 
6293.734452500 148 
6293.735008000 149 
6293.735563500 150 
6293.736119000 150 
6293.736674500 150 
6293.737230000 149 
6293.737785500 146 
6293.738341000 144 
6293.738896500 141 
6293.739452000 138 
6293.740007500 134 
6293.740563000 130 
6293.741118500 126 
6293.741674000 122 
6293.742229500 119 
6293.742785000 114 
6293.743340500 112 
6293.743896000 109 
6293.744451500 107 
6293.745007000 106 
6293.745562500 105 
6293.746118000 105 
6293.746673500 105 
6293.747229000 105 
6293.747784500 109 
6293.748340000 110 
6293.748895500 113 
6293.749451000 117 
6293.750006500 121 
6293.750562000 125 
6293.751117500 129 
6293.751673000 133 
6293.752228500 136 
6293.752784000 140 
6293.753339500 143 
6293.753895000 145 
6293.754450500 148 
6293.755006000 149 
6293.755561500 150 
6293.756117000 150 
6293.756672500 149 
6293.757228000 149 
6293.757783500 147 
6293.758339000 144 
6293.758894500 141 
6293.759450000 138 
6293.760005500 134 
6293.760561000 131 
6293.761116500 125 
6293.761672000 122 
6293.762227500 119 
6293.762783000 115 
6293.763338500 111 
6293.763894000 110 
6293.764449500 107 
6293.765005000 106 
6293.765560500 104 
6293.766116000 106 
6293.766671500 105 
6293.767227000 106 
6293.767782500 109 
6293.768338000 111 
6293.768893500 113 
6293.769449000 116 
6293.770004500 120 
6293.770560000 125 
6293.771115500 128 
6293.771671000 132 
6293.772226500 136 
6293.772782000 140 
6293.773337500 143 
6293.773893000 146 
6293.774448500 149 
6293.775004000 150 
6293.775559500 151 
6293.776115000 150 
6293.776670500 151 
6293.777226000 151 
6293.777781500 147 
6293.778337000 145 
6293.778892500 143 
6293.779448000 138 
6293.780003500 135 
6293.780559000 130 
6293.781114500 126 
6293.781670000 123 
6293.782225500 117 
6293.782781000 114 
6293.783336500 111 
6293.783892000 108 
6293.784447500 105 
6293.785003000 104 
6293.785558500 104 
6293.786114000 104 
6293.786669500 104 
6293.787225000 104 
6293.787780500 107 
6293.788336000 110 
6293.788891500 113 
6293.789447000 116 
6293.790002500 120 
6293.790558000 124 
6293.791113500 129 
6293.791669000 133 
6293.792224500 137 
6293.792780000 140 
6293.793335500 145 
6293.793891000 146 
6293.794446500 150 
6293.795002000 150 
6293.795557500 152 
6293.796113000 150 
6293.796668500 151 
6293.797224000 151 
6293.797779500 147 
6293.798335000 145 
6293.798890500 142 
6293.799446000 138 
6293.800001500 134 
6293.800557000 131 
6293.801112500 126 
6293.801668000 122 
6293.802223500 118 
6293.802779000 114 
6293.803334500 111 
6293.803890000 108 
6293.804445500 106 
6293.805001000 105 
6293.805556500 103 
6293.806112000 105 
6293.806667500 104 
6293.807223000 105 
6293.807778500 108 
6293.808334000 109 
6293.808889500 113 
6293.809445000 116 
6293.810000500 120 
6293.810556000 125 
6293.811111500 129 
6293.811667000 133 
6293.812222500 137 
6293.812778000 140 
6293.813333500 144 
6293.813889000 146 
6293.814444500 149 
6293.815000000 150 
6293.815555500 152 
6293.816111000 150 
6293.816666500 150 
6293.817222000 150 
6293.817777500 147 
6293.818333000 145 
6293.818888500 142 
6293.819444000 138 
6293.819999500 134 
6293.820555000 131 
6293.821110500 126 
6293.821666000 122 
6293.822221500 118 
6293.822777000 114 
6293.823332500 111 
6293.823888000 107 
6293.824443500 107 
6293.824999000 104 
6293.825554500 104 
6293.826110000 105 
6293.826665500 103 
6293.827221000 105 
6293.827776500 107 
6293.828332000 110 
6293.828887500 112 
6293.829443000 116 
6293.829998500 121 
6293.830554000 125 
6293.831109500 129 
6293.831665000 132 
6293.832220500 137 
6293.832776000 141 
6293.833331500 143 
6293.833887000 146 
6293.834442500 150 
6293.834998000 151 
6293.835553500 151 
6293.836109000 150 
6293.836664500 151 
6293.837220000 150 
6293.837775500 147 
6293.838331000 146 
6293.838886500 142 
6293.839442000 139 
6293.839997500 135 
6293.840553000 130 
6293.841108500 126 
6293.841664000 122 
6293.842219500 119 
6293.842775000 114 
6293.843330500 112 
6293.843886000 108 
6293.844441500 105 
6293.844997000 104 
6293.845552500 104 
6293.846108000 103 
6293.846663500 104 
6293.847219000 105 
6293.847774500 107 
6293.848330000 109 
6293.848885500 114 
6293.849441000 116 
6293.849996500 120 
6293.850552000 125 
6293.851107500 128 
6293.851663000 133 
6293.852218500 136 
6293.852774000 140 
6293.853329500 145 
6293.853885000 147 
6293.854440500 149 
6293.854996000 150 
6293.855551500 151 
6293.856107000 151 
6293.856662500 151 
6293.857218000 150 
6293.857773500 147 
6293.858329000 145 
6293.858884500 143 
6293.859440000 138 
6293.859995500 135 
6293.860551000 130 
6293.861106500 127 
6293.861662000 123 
6293.862217500 117 
6293.862773000 115 
6293.863328500 111 
6293.863884000 108 
6293.864439500 106 
6293.864995000 104 
6293.865550500 104 
6293.866106000 104 
6293.866661500 104 
6293.867217000 105 
6293.867772500 107 
6293.868328000 110 
6293.868883500 113 
6293.869439000 117 
6293.869994500 120 
6293.870550000 124 
6293.871105500 128 
6293.871661000 133 
6293.872216500 136 
6293.872772000 141 
6293.873327500 144 
6293.873883000 147 
6293.874438500 149 
6293.874994000 151 
6293.875549500 151 
6293.876105000 151 
6293.876660500 150 
6293.877216000 150 
6293.877771500 147 
6293.878327000 146 
6293.878882500 142 
6293.879438000 139 
6293.879993500 134 
6293.880549000 130 
6293.881104500 127 
6293.881660000 122 
6293.882215500 118 
6293.882771000 113 
6293.883326500 111 
6293.883882000 109 
6293.884437500 105 
6293.884993000 104 
6293.885548500 102 
6293.886104000 104 
6293.886659500 104 
6293.887215000 104 
6293.887770500 108 
6293.888326000 110 
6293.888881500 112 
6293.889437000 117 
6293.889992500 120 
6293.890548000 124 
6293.891103500 129 
6293.891659000 133 
6293.892214500 137 
6293.892770000 140 
6293.893325500 144 
6293.893881000 147 
6293.894436500 150 
6293.894992000 151 
6293.895547500 152 
6293.896103000 152 
6293.896658500 151 
6293.897214000 151 
6293.897769500 148 
6293.898325000 145 
6293.898880500 142 
6293.899436000 138 
6293.899991500 135 
6293.900547000 131 
6293.901102500 126 
6293.901658000 122 
6293.902213500 118 
6293.902769000 114 
6293.903324500 112 
6293.903880000 108 
6293.904435500 105 
6293.904991000 104 
6293.905546500 103 
6293.906102000 104 
6293.906657500 103 
6293.907213000 105 
6293.907768500 107 
6293.908324000 109 
6293.908879500 113 
6293.909435000 116 
6293.909990500 120 
6293.910546000 125 
6293.911101500 129 
6293.911657000 132 
6293.912212500 136 
6293.912768000 141 
6293.913323500 144 
6293.913879000 147 
6293.914434500 149 
6293.914990000 150 
6293.915545500 151 
6293.916101000 152 
6293.916656500 151 
6293.917212000 150 
6293.917767500 147 
6293.918323000 145 
6293.918878500 143 
6293.919434000 138 
6293.919989500 135 
6293.920545000 130 
6293.921100500 125 
6293.921656000 123 
6293.922211500 118 
6293.922767000 115 
6293.923322500 111 
6293.923878000 107 
6293.924433500 105 
6293.924989000 104 
6293.925544500 105 
6293.926100000 103 
6293.926655500 104 
6293.927211000 104 
6293.927766500 107 
6293.928322000 110 
6293.928877500 113 
6293.929433000 117 
6293.929988500 120 
6293.930544000 125 
6293.931099500 129 
6293.931655000 132 
6293.932210500 138 
6293.932766000 140 
6293.933321500 144 
6293.933877000 147 
6293.934432500 150 
6293.934988000 151 
6293.935543500 151 
6293.936099000 151 
6293.936654500 151 
6293.937210000 149 
6293.937765500 148 
6293.938321000 145 
6293.938876500 142 
6293.939432000 139 
6293.939987500 134 
6293.940543000 131 
6293.941098500 126 
6293.941654000 121 
6293.942209500 118 
6293.942765000 114 
6293.943320500 111 
6293.943876000 109 
6293.944431500 105 
6293.944987000 104 
6293.945542500 104 
6293.946098000 104 
6293.946653500 104 
6293.947209000 104 
6293.947764500 107 
6293.948320000 110 
6293.948875500 112 
6293.949431000 116 
6293.949986500 121 
6293.950542000 124 
6293.951097500 128 
6293.951653000 133 
6293.952208500 137 
6293.952764000 140 
6293.953319500 144 
6293.953875000 146 
6293.954430500 149 
6293.954986000 150 
6293.955541500 152 
6293.956097000 151 
6293.956652500 152 
6293.957208000 151 
6293.957763500 147 
6293.958319000 145 
6293.958874500 143 
6293.959430000 138 
6293.959985500 135 
6293.960541000 130 
6293.961096500 127 
6293.961652000 122 
6293.962207500 118 
6293.962763000 115 
6293.963318500 111 
6293.963874000 108 
6293.964429500 106 
6293.964985000 104 
6293.965540500 103 
6293.966096000 104 
6293.966651500 103 
6293.967207000 105 
6293.967762500 107 
6293.968318000 109 
6293.968873500 112 
6293.969429000 115 
6293.969984500 120 
6293.970540000 124 
6293.971095500 128 
6293.971651000 133 
6293.972206500 137 
6293.972762000 140 
6293.973317500 144 
6293.973873000 148 
6293.974428500 148 
6293.974984000 151 
6293.975539500 151 
6293.976095000 151 
6293.976650500 152 
6293.977206000 149 
6293.977761500 147 
6293.978317000 146 
6293.978872500 142 
6293.979428000 138 
6293.979983500 136 
6293.980539000 130 
6293.981094500 127 
6293.981650000 122 
6293.982205500 118 
6293.982761000 114 
6293.983316500 111 
6293.983872000 108 
6293.984427500 106 
6293.984983000 104 
6293.985538500 103 
6293.986094000 103 
6293.986649500 104 
6293.987205000 104 
6293.987760500 107 
6293.988316000 110 
6293.988871500 112 
6293.989427000 116 
6293.989982500 121 
6293.990538000 124 
6293.991093500 128 
6293.991649000 133 
6293.992204500 137 
6293.992760000 140 
6293.993315500 144 
6293.993871000 146 
6293.994426500 149 
6293.994982000 150 
6293.995537500 152 
6293.996093000 152 
6293.996648500 150 
6293.997204000 149 
6293.997759500 148 
6293.998315000 145 
6293.998870500 143 
6293.999426000 138 
6293.999981500 135 
6294.000537000 131 
6294.001092500 126 
6294.001648000 122 
6294.002203500 118 
6294.002759000 115 
6294.003314500 110 
6294.003870000 109 
6294.004425500 106 
6294.004981000 104 
6294.005536500 104 
6294.006092000 103 
6294.006647500 103 
6294.007203000 104 
6294.007758500 107 
6294.008314000 109 
6294.008869500 112 
6294.009425000 116 
6294.009980500 120 
6294.010536000 124 
6294.011091500 129 
6294.011647000 132 
6294.012202500 137 
6294.012758000 140 
6294.013313500 144 
6294.013869000 147 
6294.014424500 149 
6294.014980000 151 
6294.015535500 152 
6294.016091000 152 
6294.016646500 152 
6294.017202000 150 
6294.017757500 148 
6294.018313000 146 
6294.018868500 142 
6294.019424000 139 
6294.019979500 134 
6294.020535000 131 
6294.021090500 127 
6294.021646000 122 
6294.022201500 118 
6294.022757000 114 
6294.023312500 111 
6294.023868000 109 
6294.024423500 104 
6294.024979000 105 
6294.025534500 102 
6294.026090000 104 
6294.026645500 103 
6294.027201000 104 
6294.027756500 108 
6294.028312000 109 
6294.028867500 112 
6294.029423000 116 
6294.029978500 121 
6294.030534000 124 
6294.031089500 129 
6294.031645000 132 
6294.032200500 136 
6294.032756000 141 
6294.033311500 144 
6294.033867000 147 
6294.034422500 149 
6294.034978000 151 
6294.035533500 152 
6294.036089000 151 
6294.036644500 152 
6294.037200000 151 
6294.037755500 148 
6294.038311000 146 
6294.038866500 142 
6294.039422000 138 
6294.039977500 135 
6294.040533000 132 
6294.041088500 126 
6294.041644000 121 
6294.042199500 119 
6294.042755000 113 
6294.043310500 111 
6294.043866000 108 
6294.044421500 106 
6294.044977000 104 
6294.045532500 103 
6294.046088000 104 
6294.046643500 103 
6294.047199000 105 
6294.047754500 107 
6294.048310000 109 
6294.048865500 112 
6294.049421000 116 
6294.049976500 120 
6294.050532000 124 
6294.051087500 128 
6294.051643000 132 
6294.052198500 137 
6294.052754000 140 
6294.053309500 145 
6294.053865000 147 
6294.054420500 150 
6294.054976000 151 
6294.055531500 151 
6294.056087000 151 
6294.056642500 152 
6294.057198000 150 
6294.057753500 148 
6294.058309000 146 
6294.058864500 142 
6294.059420000 139 
6294.059975500 135 
6294.060531000 130 
6294.061086500 127 
6294.061642000 121 
6294.062197500 118 
6294.062753000 115 
6294.063308500 110 
6294.063864000 109 
6294.064419500 105 
6294.064975000 104 
6294.065530500 103 
6294.066086000 103 
6294.066641500 104 
6294.067197000 106 
6294.067752500 106 
6294.068308000 110 
6294.068863500 112 
6294.069419000 116 
6294.069974500 119 
6294.070530000 124 
6294.071085500 129 
6294.071641000 132 
6294.072196500 137 
6294.072752000 140 
6294.073307500 144 
6294.073863000 147 
6294.074418500 150 
6294.074974000 151 
6294.075529500 152 
6294.076085000 152 
6294.076640500 151 
6294.077196000 150 
6294.077751500 147 
6294.078307000 146 
6294.078862500 142 
6294.079418000 140 
6294.079973500 135 
6294.080529000 130 
6294.081084500 126 
6294.081640000 123 
6294.082195500 117 
6294.082751000 114 
6294.083306500 111 
6294.083862000 108 
6294.084417500 105 
6294.084973000 104 
6294.085528500 104 
6294.086084000 103 
6294.086639500 103 
6294.087195000 105 
6294.087750500 107 
6294.088306000 108 
6294.088861500 113 
6294.089417000 117 
6294.089972500 120 
6294.090528000 125 
6294.091083500 129 
6294.091639000 132 
6294.092194500 137 
6294.092750000 141 
6294.093305500 144 
6294.093861000 147 
6294.094416500 149 
6294.094972000 151 
6294.095527500 152 
6294.096083000 151 
6294.096638500 151 
6294.097194000 150 
6294.097749500 148 
6294.098305000 146 
6294.098860500 143 
6294.099416000 139 
6294.099971500 135 
6294.100527000 131 
6294.101082500 126 
6294.101638000 123 
6294.102193500 118 
6294.102749000 114 
6294.103304500 110 
6294.103860000 109 
6294.104415500 106 
6294.104971000 104 
6294.105526500 104 
6294.106082000 102 
6294.106637500 104 
6294.107193000 104 
6294.107748500 107 
6294.108304000 108 
6294.108859500 111 
6294.109415000 115 
6294.109970500 120 
6294.110526000 123 
6294.111081500 127 
6294.111637000 133 
6294.112192500 137 
6294.112748000 141 
6294.113303500 144 
6294.113859000 148 
6294.114414500 150 
6294.114970000 152 
6294.115525500 153 
6294.116081000 152 
6294.116636500 153 
6294.117192000 151 
6294.117747500 148 
6294.118303000 146 
6294.118858500 143 
6294.119414000 139 
6294.119969500 135 
6294.120525000 131 
6294.121080500 126 
6294.121636000 123 
6294.122191500 117 
6294.122747000 114 
6294.123302500 110 
6294.123858000 107 
6294.124413500 105 
6294.124969000 103 
6294.125524500 102 
6294.126080000 102 
6294.126635500 103 
6294.127191000 103 
6294.127746500 107 
6294.128302000 108 
6294.128857500 112 
6294.129413000 115 
6294.129968500 120 
6294.130524000 124 
6294.131079500 128 
6294.131635000 133 
6294.132190500 137 
6294.132746000 141 
6294.133301500 145 
6294.133857000 147 
6294.134412500 150 
6294.134968000 152 
6294.135523500 153 
6294.136079000 153 
6294.136634500 152 
6294.137190000 152 
6294.137745500 148 
6294.138301000 147 
6294.138856500 143 
6294.139412000 139 
6294.139967500 134 
6294.140523000 131 
6294.141078500 126 
6294.141634000 123 
6294.142189500 118 
6294.142745000 113 
6294.143300500 110 
6294.143856000 108 
6294.144411500 105 
6294.144967000 104 
6294.145522500 102 
6294.146078000 102 
6294.146633500 102 
6294.147189000 103 
6294.147744500 106 
6294.148300000 108 
6294.148855500 111 
6294.149411000 115 
6294.149966500 120 
6294.150522000 123 
6294.151077500 129 
6294.151633000 134 
6294.152188500 137 
6294.152744000 141 
6294.153299500 145 
6294.153855000 147 
6294.154410500 150 
6294.154966000 151 
6294.155521500 152 
6294.156077000 153 
6294.156632500 152 
6294.157188000 151 
6294.157743500 150 
6294.158299000 146 
6294.158854500 143 
6294.159410000 139 
6294.159965500 136 
6294.160521000 131 
6294.161076500 126 
6294.161632000 123 
6294.162187500 117 
6294.162743000 114 
6294.163298500 110 
6294.163854000 107 
6294.164409500 105 
6294.164965000 103 
6294.165520500 101 
6294.166076000 102 
6294.166631500 103 
6294.167187000 103 
6294.167742500 105 
6294.168298000 108 
6294.168853500 111 
6294.169409000 116 
6294.169964500 119 
6294.170520000 124 
6294.171075500 129 
6294.171631000 132 
6294.172186500 137 
6294.172742000 141 
6294.173297500 145 
6294.173853000 147 
6294.174408500 150 
6294.174964000 152 
6294.175519500 153 
6294.176075000 152 
6294.176630500 152 
6294.177186000 150 
6294.177741500 149 
6294.178297000 147 
6294.178852500 142 
6294.179408000 139 
6294.179963500 136 
6294.180519000 132 
6294.181074500 126 
6294.181630000 122 
6294.182185500 118 
6294.182741000 113 
6294.183296500 111 
6294.183852000 108 
6294.184407500 104 
6294.184963000 103 
6294.185518500 102 
6294.186074000 102 
6294.186629500 103 
6294.187185000 104 
6294.187740500 106 
6294.188296000 109 
6294.188851500 111 
6294.189407000 115 
6294.189962500 119 
6294.190518000 124 
6294.191073500 128 
6294.191629000 132 
6294.192184500 137 
6294.192740000 141 
6294.193295500 145 
6294.193851000 147 
6294.194406500 150 
6294.194962000 152 
6294.195517500 153 
6294.196073000 153 
6294.196628500 152 
6294.197184000 151 
6294.197739500 149 
6294.198295000 146 
6294.198850500 142 
6294.199406000 140 
6294.199961500 134 
6294.200517000 130 
6294.201072500 127 
6294.201628000 122 
6294.202183500 118 
6294.202739000 114 
6294.203294500 110 
6294.203850000 107 
6294.204405500 105 
6294.204961000 103 
6294.205516500 103 
6294.206072000 102 
6294.206627500 103 
6294.207183000 103 
6294.207738500 107 
6294.208294000 108 
6294.208849500 112 
6294.209405000 116 
6294.209960500 119 
6294.210516000 125 
6294.211071500 128 
6294.211627000 134 
6294.212182500 137 
6294.212738000 142 
6294.213293500 144 
6294.213849000 148 
6294.214404500 150 
6294.214960000 152 
6294.215515500 153 
6294.216071000 152 
6294.216626500 153 
6294.217182000 151 
6294.217737500 149 
6294.218293000 146 
6294.218848500 143 
6294.219404000 139 
6294.219959500 135 
6294.220515000 131 
6294.221070500 126 
6294.221626000 122 
6294.222181500 118 
6294.222737000 114 
6294.223292500 111 
6294.223848000 107 
6294.224403500 105 
6294.224959000 104 
6294.225514500 101 
6294.226070000 103 
6294.226625500 102 
6294.227181000 104 
6294.227736500 106 
6294.228292000 108 
6294.228847500 112 
6294.229403000 115 
6294.229958500 120 
6294.230514000 123 
6294.231069500 128 
6294.231625000 133 
6294.232180500 137 
6294.232736000 141 
6294.233291500 144 
6294.233847000 148 
6294.234402500 150 
6294.234958000 152 
6294.235513500 153 
6294.236069000 153 
6294.236624500 152 
6294.237180000 152 
6294.237735500 148 
6294.238291000 147 
6294.238846500 143 
6294.239402000 139 
6294.239957500 135 
6294.240513000 131 
6294.241068500 126 
6294.241624000 123 
6294.242179500 117 
6294.242735000 114 
6294.243290500 110 
6294.243846000 107 
6294.244401500 104 
6294.244957000 103 
6294.245512500 102 
6294.246068000 102 
6294.246623500 103 
6294.247179000 103 
6294.247734500 105 
6294.248290000 109 
6294.248845500 111 
6294.249401000 115 
6294.249956500 120 
6294.250512000 123 
6294.251067500 128 
6294.251623000 133 
6294.252178500 137 
6294.252734000 141 
6294.253289500 144 
6294.253845000 147 
6294.254400500 150 
6294.254956000 152 
6294.255511500 153 
6294.256067000 153 
6294.256622500 152 
6294.257178000 151 
6294.257733500 149 
6294.258289000 146 
6294.258844500 143 
6294.259400000 140 
6294.259955500 135 
6294.260511000 131 
6294.261066500 126 
6294.261622000 122 
6294.262177500 118 
6294.262733000 113 
6294.263288500 109 
6294.263844000 108 
6294.264399500 105 
6294.264955000 102 
6294.265510500 103 
6294.266066000 102 
6294.266621500 103 
6294.267177000 104 
6294.267732500 106 
6294.268288000 108 
6294.268843500 112 
6294.269399000 115 
6294.269954500 120 
6294.270510000 125 
6294.271065500 128 
6294.271621000 133 
6294.272176500 137 
6294.272732000 141 
6294.273287500 144 
6294.273843000 147 
6294.274398500 150 
6294.274954000 152 
6294.275509500 153 
6294.276065000 152 
6294.276620500 152 
6294.277176000 151 
6294.277731500 149 
6294.278287000 147 
6294.278842500 143 
6294.279398000 139 
6294.279953500 136 
6294.280509000 131 
6294.281064500 126 
6294.281620000 123 
6294.282175500 118 
6294.282731000 114 
6294.283286500 110 
6294.283842000 107 
6294.284397500 105 
6294.284953000 103 
6294.285508500 102 
6294.286064000 103 
6294.286619500 102 
6294.287175000 103 
6294.287730500 106 
6294.288286000 108 
6294.288841500 112 
6294.289397000 116 
6294.289952500 119 
6294.290508000 125 
6294.291063500 128 
6294.291619000 133 
6294.292174500 137 
6294.292730000 140 
6294.293285500 145 
6294.293841000 148 
6294.294396500 150 
6294.294952000 152 
6294.295507500 153 
6294.296063000 152 
6294.296618500 152 
6294.297174000 152 
6294.297729500 148 
6294.298285000 147 
6294.298840500 143 
6294.299396000 140 
6294.299951500 135 
6294.300507000 131 
6294.301062500 126 
6294.301618000 122 
6294.302173500 118 
6294.302729000 113 
6294.303284500 111 
6294.303840000 108 
6294.304395500 104 
6294.304951000 104 
6294.305506500 101 
6294.306062000 103 
6294.306617500 102 
6294.307173000 104 
6294.307728500 105 
6294.308284000 108 
6294.308839500 112 
6294.309395000 115 
6294.309950500 120 
6294.310506000 123 
6294.311061500 128 
6294.311617000 133 
6294.312172500 136 
6294.312728000 140 
6294.313283500 145 
6294.313839000 147 
6294.314394500 150 
6294.314950000 151 
6294.315505500 153 
6294.316061000 153 
6294.316616500 152 
6294.317172000 151 
6294.317727500 149 
6294.318283000 147 
6294.318838500 143 
6294.319394000 139 
6294.319949500 136 
6294.320505000 131 
6294.321060500 127 
6294.321616000 122 
6294.322171500 118 
6294.322727000 114 
6294.323282500 110 
6294.323838000 108 
6294.324393500 105 
6294.324949000 102 
6294.325504500 102 
6294.326060000 102 
6294.326615500 102 
6294.327171000 102 
6294.327726500 106 
6294.328282000 108 
6294.328837500 111 
6294.329393000 116 
6294.329948500 119 
6294.330504000 123 
6294.331059500 128 
6294.331615000 133 
6294.332170500 137 
6294.332726000 142 
6294.333281500 145 
6294.333837000 148 
6294.334392500 152 
6294.334948000 152 
6294.335503500 153 
6294.336059000 153 
6294.336614500 153 
6294.337170000 151 
6294.337725500 151 
6294.338281000 147 
6294.338836500 143 
6294.339392000 140 
6294.339947500 136 
6294.340503000 131 
6294.341058500 126 
6294.341614000 122 
6294.342169500 118 
6294.342725000 113 
6294.343280500 110 
6294.343836000 107 
6294.344391500 104 
6294.344947000 102 
6294.345502500 101 
6294.346058000 101 
6294.346613500 102 
6294.347169000 103 
6294.347724500 106 
6294.348280000 107 
6294.348835500 111 
6294.349391000 115 
6294.349946500 119 
6294.350502000 124 
6294.351057500 128 
6294.351613000 132 
6294.352168500 138 
6294.352724000 141 
6294.353279500 145 
6294.353835000 148 
6294.354390500 150 
6294.354946000 153 
6294.355501500 153 
6294.356057000 154 
6294.356612500 153 
6294.357168000 152 
6294.357723500 149 
6294.358279000 147 
6294.358834500 144 
6294.359390000 140 
6294.359945500 136 
6294.360501000 130 
6294.361056500 126 
6294.361612000 123 
6294.362167500 117 
6294.362723000 113 
6294.363278500 110 
6294.363834000 106 
6294.364389500 104 
6294.364945000 101 
6294.365500500 101 
6294.366056000 102 
6294.366611500 102 
6294.367167000 103 
6294.367722500 105 
6294.368278000 107 
6294.368833500 111 
6294.369389000 115 
6294.369944500 118 
6294.370500000 124 
6294.371055500 128 
6294.371611000 132 
6294.372166500 137 
6294.372722000 141 
6294.373277500 144 
6294.373833000 148 
6294.374388500 151 
6294.374944000 153 
6294.375499500 154 
6294.376055000 154 
6294.376610500 153 
6294.377166000 152 
6294.377721500 149 
6294.378277000 147 
6294.378832500 144 
6294.379388000 140 
6294.379943500 136 
6294.380499000 132 
6294.381054500 126 
6294.381610000 122 
6294.382165500 118 
6294.382721000 113 
6294.383276500 110 
6294.383832000 107 
6294.384387500 104 
6294.384943000 102 
6294.385498500 102 
6294.386054000 102 
6294.386609500 101 
6294.387165000 104 
6294.387720500 105 
6294.388276000 107 
6294.388831500 111 
6294.389387000 115 
6294.389942500 119 
6294.390498000 123 
6294.391053500 128 
6294.391609000 133 
6294.392164500 137 
6294.392720000 141 
6294.393275500 145 
6294.393831000 148 
6294.394386500 151 
6294.394942000 152 
6294.395497500 153 
6294.396053000 154 
6294.396608500 153 
6294.397164000 152 
6294.397719500 150 
6294.398275000 148 
6294.398830500 144 
6294.399386000 140 
6294.399941500 135 
6294.400497000 131 
6294.401052500 128 
6294.401608000 121 
6294.402163500 118 
6294.402719000 114 
6294.403274500 109 
6294.403830000 107 
6294.404385500 104 
6294.404941000 102 
6294.405496500 100 
6294.406052000 101 
6294.406607500 103 
6294.407163000 102 
6294.407718500 106 
6294.408274000 107 
6294.408829500 112 
6294.409385000 114 
6294.409940500 119 
6294.410496000 124 
6294.411051500 128 
6294.411607000 133 
6294.412162500 137 
6294.412718000 141 
6294.413273500 145 
6294.413829000 148 
6294.414384500 151 
6294.414940000 152 
6294.415495500 153 
6294.416051000 153 
6294.416606500 154 
6294.417162000 152 
6294.417717500 149 
6294.418273000 147 
6294.418828500 144 
6294.419384000 139 
6294.419939500 135 
6294.420495000 131 
6294.421050500 126 
6294.421606000 122 
6294.422161500 117 
6294.422717000 114 
6294.423272500 110 
6294.423828000 107 
6294.424383500 103 
6294.424939000 103 
6294.425494500 100 
6294.426050000 102 
6294.426605500 101 
6294.427161000 103 
6294.427716500 105 
6294.428272000 107 
6294.428827500 111 
6294.429383000 115 
6294.429938500 119 
6294.430494000 123 
6294.431049500 128 
6294.431605000 132 
6294.432160500 137 
6294.432716000 141 
6294.433271500 145 
6294.433827000 148 
6294.434382500 151 
6294.434938000 152 
6294.435493500 154 
6294.436049000 154 
6294.436604500 152 
6294.437160000 153 
6294.437715500 150 
6294.438271000 147 
6294.438826500 144 
6294.439382000 140 
6294.439937500 136 
6294.440493000 132 
6294.441048500 126 
6294.441604000 122 
6294.442159500 118 
6294.442715000 113 
6294.443270500 111 
6294.443826000 107 
6294.444381500 104 
6294.444937000 102 
6294.445492500 101 
6294.446048000 101 
6294.446603500 102 
6294.447159000 102 
6294.447714500 105 
6294.448270000 108 
6294.448825500 111 
6294.449381000 114 
6294.449936500 120 
6294.450492000 123 
6294.451047500 128 
6294.451603000 133 
6294.452158500 137 
6294.452714000 142 
6294.453269500 145 
6294.453825000 148 
6294.454380500 151 
6294.454936000 154 
6294.455491500 153 
6294.456047000 154 
6294.456602500 154 
6294.457158000 153 
6294.457713500 151 
6294.458269000 148 
6294.458824500 144 
6294.459380000 140 
6294.459935500 135 
6294.460491000 132 
6294.461046500 126 
6294.461602000 122 
6294.462157500 117 
6294.462713000 113 
6294.463268500 109 
6294.463824000 107 
6294.464379500 103 
6294.464935000 102 
6294.465490500 100 
6294.466046000 100 
6294.466601500 103 
6294.467157000 102 
6294.467712500 104 
6294.468268000 108 
6294.468823500 110 
6294.469379000 115 
6294.469934500 119 
6294.470490000 123 
6294.471045500 129 
6294.471601000 133 
6294.472156500 137 
6294.472712000 142 
6294.473267500 145 
6294.473823000 149 
6294.474378500 151 
6294.474934000 153 
6294.475489500 155 
6294.476045000 154 
6294.476600500 154 
6294.477156000 153 
6294.477711500 151 
6294.478267000 147 
6294.478822500 144 
6294.479378000 140 
6294.479933500 136 
6294.480489000 132 
6294.481044500 126 
6294.481600000 123 
6294.482155500 117 
6294.482711000 113 
6294.483266500 110 
6294.483822000 106 
6294.484377500 103 
6294.484933000 101 
6294.485488500 101 
6294.486044000 100 
6294.486599500 102 
6294.487155000 101 
6294.487710500 104 
6294.488266000 107 
6294.488821500 111 
6294.489377000 114 
6294.489932500 118 
6294.490488000 123 
6294.491043500 129 
6294.491599000 132 
6294.492154500 138 
6294.492710000 142 
6294.493265500 145 
6294.493821000 149 
6294.494376500 151 
6294.494932000 153 
6294.495487500 154 
6294.496043000 155 
6294.496598500 153 
6294.497154000 153 
6294.497709500 150 
6294.498265000 147 
6294.498820500 145 
6294.499376000 141 
6294.499931500 136 
6294.500487000 131 
6294.501042500 127 
6294.501598000 122 
6294.502153500 117 
6294.502709000 114 
6294.503264500 109 
6294.503820000 106 
6294.504375500 104 
6294.504931000 102 
6294.505486500 101 
6294.506042000 099 
6294.506597500 101 
6294.507153000 102 
6294.507708500 105 
6294.508264000 107 
6294.508819500 111 
6294.509375000 114 
6294.509930500 119 
6294.510486000 123 
6294.511041500 128 
6294.511597000 133 
6294.512152500 138 
6294.512708000 141 
6294.513263500 146 
6294.513819000 149 
6294.514374500 151 
6294.514930000 154 
6294.515485500 154 
6294.516041000 154 
6294.516596500 154 
6294.517152000 153 
6294.517707500 151 
6294.518263000 148 
6294.518818500 144 
6294.519374000 140 
6294.519929500 135 
6294.520485000 131 
6294.521040500 127 
6294.521596000 122 
6294.522151500 117 
6294.522707000 114 
6294.523262500 108 
6294.523818000 106 
6294.524373500 103 
6294.524929000 102 
6294.525484500 101 
6294.526040000 100 
6294.526595500 101 
6294.527151000 103 
6294.527706500 104 
6294.528262000 107 
6294.528817500 111 
6294.529373000 114 
6294.529928500 118 
6294.530484000 123 
6294.531039500 128 
6294.531595000 133 
6294.532150500 138 
6294.532706000 141 
6294.533261500 145 
6294.533817000 149 
6294.534372500 151 
6294.534928000 153 
6294.535483500 154 
6294.536039000 154 
6294.536594500 154 
6294.537150000 152 
6294.537705500 150 
6294.538261000 148 
6294.538816500 144 
6294.539372000 140 
6294.539927500 136 
6294.540483000 131 
6294.541038500 127 
6294.541594000 122 
6294.542149500 117 
6294.542705000 114 
6294.543260500 109 
6294.543816000 106 
6294.544371500 104 
6294.544927000 101 
6294.545482500 101 
6294.546038000 101 
6294.546593500 100 
6294.547149000 102 
6294.547704500 104 
6294.548260000 107 
6294.548815500 110 
6294.549371000 115 
6294.549926500 119 
6294.550482000 123 
6294.551037500 128 
6294.551593000 133 
6294.552148500 137 
6294.552704000 141 
6294.553259500 145 
6294.553815000 149 
6294.554370500 151 
6294.554926000 153 
6294.555481500 154 
6294.556037000 154 
6294.556592500 153 
6294.557148000 152 
6294.557703500 151 
6294.558259000 148 
6294.558814500 144 
6294.559370000 140 
6294.559925500 136 
6294.560481000 132 
6294.561036500 127 
6294.561592000 122 
6294.562147500 117 
6294.562703000 114 
6294.563258500 110 
6294.563814000 106 
6294.564369500 103 
6294.564925000 102 
6294.565480500 101 
6294.566036000 100 
6294.566591500 102 
6294.567147000 101 
6294.567702500 104 
6294.568258000 106 
6294.568813500 110 
6294.569369000 115 
6294.569924500 119 
6294.570480000 123 
6294.571035500 128 
6294.571591000 133 
6294.572146500 137 
6294.572702000 142 
6294.573257500 145 
6294.573813000 148 
6294.574368500 152 
6294.574924000 154 
6294.575479500 154 
6294.576035000 155 
6294.576590500 154 
6294.577146000 153 
6294.577701500 151 
6294.578257000 148 
6294.578812500 145 
6294.579368000 140 
6294.579923500 136 
6294.580479000 131 
6294.581034500 126 
6294.581590000 122 
6294.582145500 117 
6294.582701000 114 
6294.583256500 109 
6294.583812000 105 
6294.584367500 104 
6294.584923000 101 
6294.585478500 101 
6294.586034000 100 
6294.586589500 102 
6294.587145000 102 
6294.587700500 104 
6294.588256000 108 
6294.588811500 110 
6294.589367000 115 
6294.589922500 119 
6294.590478000 123 
6294.591033500 128 
6294.591589000 132 
6294.592144500 137 
6294.592700000 142 
6294.593255500 145 
6294.593811000 149 
6294.594366500 151 
6294.594922000 153 
6294.595477500 155 
6294.596033000 155 
6294.596588500 154 
6294.597144000 153 
6294.597699500 151 
6294.598255000 148 
6294.598810500 144 
6294.599366000 141 
6294.599921500 136 
6294.600477000 131 
6294.601032500 128 
6294.601588000 122 
6294.602143500 117 
6294.602699000 113 
6294.603254500 108 
6294.603810000 106 
6294.604365500 103 
6294.604921000 100 
6294.605476500 100 
6294.606032000 099 
6294.606587500 101 
6294.607143000 101 
6294.607698500 103 
6294.608254000 107 
6294.608809500 109 
6294.609365000 114 
6294.609920500 119 
6294.610476000 123 
6294.611031500 128 
6294.611587000 132 
6294.612142500 139 
6294.612698000 142 
6294.613253500 147 
6294.613809000 150 
6294.614364500 152 
6294.614920000 155 
6294.615475500 155 
6294.616031000 156 
6294.616586500 154 
6294.617142000 154 
6294.617697500 152 
6294.618253000 148 
6294.618808500 146 
6294.619364000 140 
6294.619919500 136 
6294.620475000 131 
6294.621030500 127 
6294.621586000 122 
6294.622141500 116 
6294.622697000 113 
6294.623252500 108 
6294.623808000 105 
6294.624363500 103 
6294.624919000 101 
6294.625474500 099 
6294.626030000 100 
6294.626585500 099 
6294.627141000 101 
6294.627696500 103 
6294.628252000 106 
6294.628807500 109 
6294.629363000 114 
6294.629918500 118 
6294.630474000 123 
6294.631029500 128 
6294.631585000 133 
6294.632140500 138 
6294.632696000 142 
6294.633251500 147 
6294.633807000 149 
6294.634362500 153 
6294.634918000 155 
6294.635473500 155 
6294.636029000 156 
6294.636584500 155 
6294.637140000 154 
6294.637695500 152 
6294.638251000 149 
6294.638806500 145 
6294.639362000 141 
6294.639917500 137 
6294.640473000 131 
6294.641028500 127 
6294.641584000 121 
6294.642139500 117 
6294.642695000 112 
6294.643250500 109 
6294.643806000 106 
6294.644361500 102 
6294.644917000 100 
6294.645472500 099 
6294.646028000 099 
6294.646583500 101 
6294.647139000 100 
6294.647694500 103 
6294.648250000 107 
6294.648805500 109 
6294.649361000 114 
6294.649916500 119 
6294.650472000 122 
6294.651027500 128 
6294.651583000 134 
6294.652138500 137 
6294.652694000 142 
6294.653249500 146 
6294.653805000 149 
6294.654360500 153 
6294.654916000 154 
6294.655471500 156 
6294.656027000 155 
6294.656582500 155 
6294.657138000 155 
6294.657693500 152 
6294.658249000 149 
6294.658804500 145 
6294.659360000 141 
6294.659915500 137 
6294.660471000 132 
6294.661026500 127 
6294.661582000 122 
6294.662137500 117 
6294.662693000 113 
6294.663248500 108 
6294.663804000 105 
6294.664359500 103 
6294.664915000 099 
6294.665470500 100 
6294.666026000 100 
6294.666581500 101 
6294.667137000 101 
6294.667692500 103 
6294.668248000 106 
6294.668803500 110 
6294.669359000 113 
6294.669914500 118 
6294.670470000 123 
6294.671025500 128 
6294.671581000 132 
6294.672136500 138 
6294.672692000 143 
6294.673247500 146 
6294.673803000 150 
6294.674358500 153 
6294.674914000 154 
6294.675469500 156 
6294.676025000 156 
6294.676580500 154 
6294.677136000 153 
6294.677691500 153 
6294.678247000 149 
6294.678802500 145 
6294.679358000 141 
6294.679913500 136 
6294.680469000 131 
6294.681024500 127 
6294.681580000 122 
6294.682135500 117 
6294.682691000 113 
6294.683246500 108 
6294.683802000 106 
6294.684357500 102 
6294.684913000 100 
6294.685468500 100 
6294.686024000 098 
6294.686579500 100 
6294.687135000 102 
6294.687690500 102 
6294.688246000 106 
6294.688801500 109 
6294.689357000 113 
6294.689912500 119 
6294.690468000 123 
6294.691023500 128 
6294.691579000 133 
6294.692134500 138 
6294.692690000 143 
6294.693245500 146 
6294.693801000 150 
6294.694356500 153 
6294.694912000 155 
6294.695467500 156 
6294.696023000 156 
6294.696578500 155 
6294.697134000 155 
6294.697689500 153 
6294.698245000 150 
6294.698800500 145 
6294.699356000 141 
6294.699911500 136 
6294.700467000 132 
6294.701022500 127 
6294.701578000 122 
6294.702133500 116 
6294.702689000 112 
6294.703244500 108 
6294.703800000 104 
6294.704355500 102 
6294.704911000 100 
6294.705466500 098 
6294.706022000 099 
6294.706577500 099 
6294.707133000 100 
6294.707688500 102 
6294.708244000 105 
6294.708799500 109 
6294.709355000 113 
6294.709910500 119 
6294.710466000 122 
6294.711021500 129 
6294.711577000 133 
6294.712132500 137 
6294.712688000 143 
6294.713243500 147 
6294.713799000 150 
6294.714354500 153 
6294.714910000 155 
6294.715465500 156 
6294.716021000 157 
6294.716576500 155 
6294.717132000 154 
6294.717687500 153 
6294.718243000 149 
6294.718798500 146 
6294.719354000 141 
6294.719909500 137 
6294.720465000 132 
6294.721020500 127 
6294.721576000 122 
6294.722131500 117 
6294.722687000 112 
6294.723242500 108 
6294.723798000 104 
6294.724353500 102 
6294.724909000 100 
6294.725464500 098 
6294.726020000 098 
6294.726575500 100 
6294.727131000 100 
6294.727686500 102 
6294.728242000 105 
6294.728797500 109 
6294.729353000 114 
6294.729908500 118 
6294.730464000 123 
6294.731019500 128 
6294.731575000 133 
6294.732130500 139 
6294.732686000 143 
6294.733241500 147 
6294.733797000 150 
6294.734352500 152 
6294.734908000 155 
6294.735463500 156 
6294.736019000 156 
6294.736574500 156 
6294.737130000 154 
6294.737685500 153 
6294.738241000 149 
6294.738796500 146 
6294.739352000 141 
6294.739907500 137 
6294.740463000 132 
6294.741018500 127 
6294.741574000 121 
6294.742129500 117 
6294.742685000 111 
6294.743240500 109 
6294.743796000 104 
6294.744351500 103 
6294.744907000 099 
6294.745462500 099 
6294.746018000 099 
6294.746573500 099 
6294.747129000 100 
6294.747684500 102 
6294.748240000 106 
6294.748795500 108 
6294.749351000 113 
6294.749906500 118 
6294.750462000 122 
6294.751017500 128 
6294.751573000 133 
6294.752128500 138 
6294.752684000 143 
6294.753239500 146 
6294.753795000 150 
6294.754350500 153 
6294.754906000 155 
6294.755461500 156 
6294.756017000 157 
6294.756572500 155 
6294.757128000 154 
6294.757683500 153 
6294.758239000 149 
6294.758794500 146 
6294.759350000 142 
6294.759905500 137 
6294.760461000 132 
6294.761016500 127 
6294.761572000 123 
6294.762127500 116 
6294.762683000 113 
6294.763238500 108 
6294.763794000 104 
6294.764349500 103 
6294.764905000 100 
6294.765460500 098 
6294.766016000 098 
6294.766571500 100 
6294.767127000 100 
6294.767682500 102 
6294.768238000 105 
6294.768793500 109 
6294.769349000 113 
6294.769904500 117 
6294.770460000 123 
6294.771015500 127 
6294.771571000 133 
6294.772126500 139 
6294.772682000 142 
6294.773237500 147 
6294.773793000 150 
6294.774348500 153 
6294.774904000 155 
6294.775459500 156 
6294.776015000 156 
6294.776570500 155 
6294.777126000 155 
6294.777681500 153 
6294.778237000 150 
6294.778792500 146 
6294.779348000 142 
6294.779903500 137 
6294.780459000 132 
6294.781014500 127 
6294.781570000 122 
6294.782125500 117 
6294.782681000 113 
6294.783236500 108 
6294.783792000 105 
6294.784347500 103 
6294.784903000 100 
6294.785458500 099 
6294.786014000 098 
6294.786569500 100 
6294.787125000 100 
6294.787680500 102 
6294.788236000 106 
6294.788791500 108 
6294.789347000 114 
6294.789902500 118 
6294.790458000 123 
6294.791013500 128 
6294.791569000 133 
6294.792124500 138 
6294.792680000 142 
6294.793235500 147 
6294.793791000 150 
6294.794346500 153 
6294.794902000 155 
6294.795457500 157 
6294.796013000 157 
6294.796568500 155 
6294.797124000 155 
6294.797679500 153 
6294.798235000 149 
6294.798790500 147 
6294.799346000 141 
6294.799901500 137 
6294.800457000 132 
6294.801012500 127 
6294.801568000 122 
6294.802123500 116 
6294.802679000 113 
6294.803234500 108 
6294.803790000 105 
6294.804345500 102 
6294.804901000 100 
6294.805456500 099 
6294.806012000 098 
6294.806567500 099 
6294.807123000 101 
6294.807678500 101 
6294.808234000 105 
6294.808789500 109 
6294.809345000 113 
6294.809900500 118 
6294.810456000 123 
6294.811011500 128 
6294.811567000 133 
6294.812122500 138 
6294.812678000 143 
6294.813233500 147 
6294.813789000 150 
6294.814344500 153 
6294.814900000 155 
6294.815455500 157 
6294.816011000 157 
6294.816566500 155 
6294.817122000 155 
6294.817677500 153 
6294.818233000 149 
6294.818788500 146 
6294.819344000 142 
6294.819899500 137 
6294.820455000 133 
6294.821010500 127 
6294.821566000 122 
6294.822121500 118 
6294.822677000 112 
6294.823232500 108 
6294.823788000 105 
6294.824343500 101 
6294.824899000 100 
6294.825454500 098 
6294.826010000 099 
6294.826565500 100 
6294.827121000 100 
6294.827676500 102 
6294.828232000 105 
6294.828787500 109 
6294.829343000 113 
6294.829898500 117 
6294.830454000 123 
6294.831009500 127 
6294.831565000 132 
6294.832120500 138 
6294.832676000 143 
6294.833231500 147 
6294.833787000 150 
6294.834342500 153 
6294.834898000 156 
6294.835453500 156 
6294.836009000 156 
6294.836564500 156 
6294.837120000 154 
6294.837675500 154 
6294.838231000 150 
6294.838786500 146 
6294.839342000 142 
6294.839897500 138 
6294.840453000 132 
6294.841008500 127 
6294.841564000 122 
6294.842119500 117 
6294.842675000 113 
6294.843230500 108 
6294.843786000 105 
6294.844341500 102 
6294.844897000 099 
6294.845452500 099 
6294.846008000 099 
6294.846563500 099 
6294.847119000 100 
6294.847674500 102 
6294.848230000 106 
6294.848785500 108 
6294.849341000 113 
6294.849896500 117 
6294.850452000 122 
6294.851007500 128 
6294.851563000 132 
6294.852118500 138 
6294.852674000 143 
6294.853229500 147 
6294.853785000 150 
6294.854340500 153 
6294.854896000 156 
6294.855451500 156 
6294.856007000 158 
6294.856562500 155 
6294.857118000 155 
6294.857673500 154 
6294.858229000 150 
6294.858784500 146 
6294.859340000 142 
6294.859895500 137 
6294.860451000 131 
6294.861006500 128 
6294.861562000 121 
6294.862117500 116 
6294.862673000 113 
6294.863228500 108 
6294.863784000 105 
6294.864339500 101 
6294.864895000 100 
6294.865450500 098 
6294.866006000 097 
6294.866561500 099 
6294.867117000 100 
6294.867672500 100 
6294.868228000 104 
6294.868783500 109 
6294.869339000 112 
6294.869894500 118 
6294.870450000 123 
6294.871005500 127 
6294.871561000 134 
6294.872116500 138 
6294.872672000 143 
6294.873227500 147 
6294.873783000 150 
6294.874338500 153 
6294.874894000 156 
6294.875449500 157 
6294.876005000 158 
6294.876560500 156 
6294.877116000 155 
6294.877671500 155 
6294.878227000 150 
6294.878782500 146 
6294.879338000 143 
6294.879893500 136 
6294.880449000 132 
6294.881004500 128 
6294.881560000 121 
6294.882115500 117 
6294.882671000 112 
6294.883226500 108 
6294.883782000 104 
6294.884337500 101 
6294.884893000 100 
6294.885448500 098 
6294.886004000 097 
6294.886559500 099 
6294.887115000 099 
6294.887670500 101 
6294.888226000 105 
6294.888781500 108 
6294.889337000 113 
6294.889892500 117 
6294.890448000 122 
6294.891003500 128 
6294.891559000 133 
6294.892114500 138 
6294.892670000 142 
6294.893225500 146 
6294.893781000 151 
6294.894336500 153 
6294.894892000 155 
6294.895447500 157 
6294.896003000 158 
6294.896558500 156 
6294.897114000 155 
6294.897669500 154 
6294.898225000 149 
6294.898780500 147 
6294.899336000 142 
6294.899891500 137 
6294.900447000 133 
6294.901002500 127 
6294.901558000 122 
6294.902113500 117 
6294.902669000 112 
6294.903224500 108 
6294.903780000 105 
6294.904335500 101 
6294.904891000 100 
6294.905446500 098 
6294.906002000 097 
6294.906557500 099 
6294.907113000 101 
6294.907668500 100 
6294.908224000 106 
6294.908779500 108 
6294.909335000 113 
6294.909890500 118 
6294.910446000 123 
6294.911001500 127 
6294.911557000 133 
6294.912112500 138 
6294.912668000 142 
6294.913223500 147 
6294.913779000 150 
6294.914334500 153 
6294.914890000 156 
6294.915445500 157 
6294.916001000 157 
6294.916556500 156 
6294.917112000 156 
6294.917667500 153 
6294.918223000 149 
6294.918778500 147 
6294.919334000 142 
6294.919889500 137 
6294.920445000 133 
6294.921000500 126 
6294.921556000 122 
6294.922111500 118 
6294.922667000 111 
6294.923222500 108 
6294.923778000 105 
6294.924333500 102 
6294.924889000 100 
6294.925444500 097 
6294.926000000 099 
6294.926555500 098 
6294.927111000 100 
6294.927666500 101 
6294.928222000 105 
6294.928777500 109 
6294.929333000 112 
6294.929888500 117 
6294.930444000 123 
6294.930999500 127 
6294.931555000 133 
6294.932110500 138 
6294.932666000 142 
6294.933221500 147 
6294.933777000 151 
6294.934332500 153 
6294.934888000 155 
6294.935443500 157 
6294.935999000 157 
6294.936554500 156 
6294.937110000 156 
6294.937665500 153 
6294.938221000 150 
6294.938776500 146 
6294.939332000 142 
6294.939887500 137 
6294.940443000 132 
6294.940998500 128 
6294.941554000 121 
6294.942109500 117 
6294.942665000 113 
6294.943220500 108 
6294.943776000 104 
6294.944331500 102 
6294.944887000 099 
6294.945442500 099 
6294.945998000 097 
6294.946553500 099 
6294.947109000 099 
6294.947664500 100 
6294.948220000 104 
6294.948775500 108 
6294.949331000 111 
6294.949886500 117 
6294.950442000 122 
6294.950997500 127 
6294.951553000 132 
6294.952108500 139 
6294.952664000 142 
6294.953219500 147 
6294.953775000 152 
6294.954330500 154 
6294.954886000 157 
6294.955441500 158 
6294.955997000 158 
6294.956552500 157 
6294.957108000 156 
6294.957663500 153 
6294.958219000 151 
6294.958774500 147 
6294.959330000 142 
6294.959885500 138 
6294.960441000 132 
6294.960996500 127 
6294.961552000 122 
6294.962107500 116 
6294.962663000 112 
6294.963218500 108 
6294.963774000 103 
6294.964329500 101 
6294.964885000 098 
6294.965440500 097 
6294.965996000 098 
6294.966551500 098 
6294.967107000 099 
6294.967662500 102 
6294.968218000 104 
6294.968773500 108 
6294.969329000 112 
6294.969884500 117 
6294.970440000 123 
6294.970995500 128 
6294.971551000 133 
6294.972106500 138 
6294.972662000 144 
6294.973217500 147 
6294.973773000 151 
6294.974328500 154 
6294.974884000 156 
6294.975439500 158 
6294.975995000 159 
6294.976550500 157 
6294.977106000 157 
6294.977661500 154 
6294.978217000 150 
6294.978772500 148 
6294.979328000 143 
6294.979883500 138 
6294.980439000 133 
6294.980994500 127 
6294.981550000 122 
6294.982105500 116 
6294.982661000 112 
6294.983216500 107 
6294.983772000 103 
6294.984327500 101 
6294.984883000 098 
6294.985438500 097 
6294.985994000 097 
6294.986549500 097 
6294.987105000 099 
6294.987660500 101 
6294.988216000 104 
6294.988771500 108 
6294.989327000 112 
6294.989882500 116 
6294.990438000 122 
6294.990993500 127 
6294.991549000 133 
6294.992104500 138 
6294.992660000 143 
6294.993215500 147 
6294.993771000 151 
6294.994326500 154 
6294.994882000 156 
6294.995437500 158 
6294.995993000 158 
6294.996548500 157 
6294.997104000 156 
6294.997659500 154 
6294.998215000 150 
6294.998770500 147 
6294.999326000 143 
6294.999881500 138 
6295.000437000 133 
6295.000992500 128 
6295.001548000 122 
6295.002103500 116 
6295.002659000 112 
6295.003214500 107 
6295.003770000 103 
6295.004325500 102 
6295.004881000 098 
6295.005436500 096 
6295.005992000 097 
6295.006547500 097 
6295.007103000 099 
6295.007658500 101 
6295.008214000 104 
6295.008769500 108 
6295.009325000 112 
6295.009880500 117 
6295.010436000 122 
6295.010991500 127 
6295.011547000 133 
6295.012102500 139 
6295.012658000 143 
6295.013213500 148 
6295.013769000 151 
6295.014324500 154 
6295.014880000 157 
6295.015435500 158 
6295.015991000 157 
6295.016546500 158 
6295.017102000 156 
6295.017657500 153 
6295.018213000 151 
6295.018768500 147 
6295.019324000 143 
6295.019879500 138 
6295.020435000 132 
6295.020990500 127 
6295.021546000 121 
6295.022101500 117 
6295.022657000 112 
6295.023212500 107 
6295.023768000 104 
6295.024323500 100 
6295.024879000 099 
6295.025434500 096 
6295.025990000 098 
6295.026545500 097 
6295.027101000 099 
6295.027656500 102 
6295.028212000 104 
6295.028767500 107 
6295.029323000 112 
6295.029878500 116 
6295.030434000 122 
6295.030989500 128 
6295.031545000 132 
6295.032100500 138 
6295.032656000 143 
6295.033211500 147 
6295.033767000 151 
6295.034322500 154 
6295.034878000 157 
6295.035433500 157 
6295.035989000 158 
6295.036544500 157 
6295.037100000 157 
6295.037655500 155 
6295.038211000 150 
6295.038766500 148 
6295.039322000 142 
6295.039877500 138 
6295.040433000 132 
6295.040988500 126 
6295.041544000 122 
6295.042099500 117 
6295.042655000 111 
6295.043210500 107 
6295.043766000 104 
6295.044321500 100 
6295.044877000 098 
6295.045432500 098 
6295.045988000 096 
6295.046543500 097 
6295.047099000 099 
6295.047654500 100 
6295.048210000 104 
6295.048765500 108 
6295.049321000 112 
6295.049876500 117 
6295.050432000 122 
6295.050987500 127 
6295.051543000 133 
6295.052098500 138 
6295.052654000 143 
6295.053209500 147 
6295.053765000 151 
6295.054320500 154 
6295.054876000 157 
6295.055431500 158 
6295.055987000 158 
6295.056542500 157 
6295.057098000 156 
6295.057653500 155 
6295.058209000 151 
6295.058764500 147 
6295.059320000 142 
6295.059875500 137 
6295.060431000 133 
6295.060986500 127 
6295.061542000 122 
6295.062097500 118 
6295.062653000 112 
6295.063208500 108 
6295.063764000 103 
6295.064319500 101 
6295.064875000 098 
6295.065430500 098 
6295.065986000 096 
6295.066541500 098 
6295.067097000 100 
6295.067652500 100 
6295.068208000 105 
6295.068763500 108 
6295.069319000 112 
6295.069874500 117 
6295.070430000 123 
6295.070985500 127 
6295.071541000 133 
6295.072096500 138 
6295.072652000 142 
6295.073207500 148 
6295.073763000 151 
6295.074318500 155 
6295.074874000 156 
6295.075429500 157 
6295.075985000 159 
6295.076540500 157 
6295.077096000 157 
6295.077651500 154 
6295.078207000 150 
6295.078762500 147 
6295.079318000 143 
6295.079873500 138 
6295.080429000 132 
6295.080984500 128 
6295.081540000 123 
6295.082095500 116 
6295.082651000 111 
6295.083206500 108 
6295.083762000 103 
6295.084317500 101 
6295.084873000 098 
6295.085428500 097 
6295.085984000 098 
6295.086539500 098 
6295.087095000 099 
6295.087650500 101 
6295.088206000 104 
6295.088761500 107 
6295.089317000 112 
6295.089872500 117 
6295.090428000 123 
6295.090983500 128 
6295.091539000 133 
6295.092094500 139 
6295.092650000 142 
6295.093205500 148 
6295.093761000 151 
6295.094316500 155 
6295.094872000 156 
6295.095427500 158 
6295.095983000 158 
6295.096538500 157 
6295.097094000 156 
6295.097649500 155 
6295.098205000 151 
6295.098760500 147 
6295.099316000 143 
6295.099871500 137 
6295.100427000 134 
6295.100982500 127 
6295.101538000 121 
6295.102093500 117 
6295.102649000 111 
6295.103204500 107 
6295.103760000 103 
6295.104315500 099 
6295.104871000 099 
6295.105426500 096 
6295.105982000 097 
6295.106537500 096 
6295.107093000 098 
6295.107648500 101 
6295.108204000 104 
6295.108759500 107 
6295.109315000 112 
6295.109870500 116 
6295.110426000 122 
6295.110981500 127 
6295.111537000 133 
6295.112092500 138 
6295.112648000 143 
6295.113203500 148 
6295.113759000 152 
6295.114314500 154 
6295.114870000 157 
6295.115425500 159 
6295.115981000 159 
6295.116536500 158 
6295.117092000 158 
6295.117647500 154 
6295.118203000 151 
6295.118758500 147 
6295.119314000 142 
6295.119869500 139 
6295.120425000 132 
6295.120980500 127 
6295.121536000 122 
6295.122091500 117 
6295.122647000 112 
6295.123202500 107 
6295.123758000 103 
6295.124313500 101 
6295.124869000 098 
6295.125424500 097 
6295.125980000 096 
6295.126535500 096 
6295.127091000 099 
6295.127646500 101 
6295.128202000 104 
6295.128757500 108 
6295.129313000 111 
6295.129868500 117 
6295.130424000 122 
6295.130979500 127 
6295.131535000 133 
6295.132090500 138 
6295.132646000 144 
6295.133201500 147 
6295.133757000 152 
6295.134312500 154 
6295.134868000 157 
6295.135423500 159 
6295.135979000 158 
6295.136534500 158 
6295.137090000 157 
6295.137645500 154 
6295.138201000 151 
6295.138756500 148 
6295.139312000 143 
6295.139867500 139 
6295.140423000 132 
6295.140978500 127 
6295.141534000 122 
6295.142089500 116 
6295.142645000 112 
6295.143200500 107 
6295.143756000 103 
6295.144311500 101 
6295.144867000 097 
6295.145422500 097 
6295.145978000 097 
6295.146533500 097 
6295.147089000 099 
6295.147644500 100 
6295.148200000 104 
6295.148755500 107 
6295.149311000 111 
6295.149866500 117 
6295.150422000 122 
6295.150977500 127 
6295.151533000 133 
6295.152088500 139 
6295.152644000 142 
6295.153199500 148 
6295.153755000 152 
6295.154310500 154 
6295.154866000 158 
6295.155421500 158 
6295.155977000 159 
6295.156532500 158 
6295.157088000 157 
6295.157643500 154 
6295.158199000 151 
6295.158754500 148 
6295.159310000 143 
6295.159865500 138 
6295.160421000 133 
6295.160976500 127 
6295.161532000 122 
6295.162087500 116 
6295.162643000 112 
6295.163198500 107 
6295.163754000 103 
6295.164309500 101 
6295.164865000 097 
6295.165420500 098 
6295.165976000 096 
6295.166531500 096 
6295.167087000 099 
6295.167642500 100 
6295.168198000 104 
6295.168753500 107 
6295.169309000 111 
6295.169864500 118 
6295.170420000 122 
6295.170975500 127 
6295.171531000 133 
6295.172086500 138 
6295.172642000 143 
6295.173197500 148 
6295.173753000 151 
6295.174308500 155 
6295.174864000 157 
6295.175419500 158 
6295.175975000 159 
6295.176530500 158 
6295.177086000 157 
6295.177641500 154 
6295.178197000 151 
6295.178752500 148 
6295.179308000 143 
6295.179863500 137 
6295.180419000 133 
6295.180974500 129 
6295.181530000 122 
6295.182085500 116 
6295.182641000 112 
6295.183196500 108 
6295.183752000 103 
6295.184307500 101 
6295.184863000 097 
6295.185418500 097 
6295.185974000 096 
6295.186529500 097 
6295.187085000 098 
6295.187640500 100 
6295.188196000 103 
6295.188751500 107 
6295.189307000 112 
6295.189862500 116 
6295.190418000 121 
6295.190973500 128 
6295.191529000 132 
6295.192084500 138 
6295.192640000 143 
6295.193195500 147 
6295.193751000 152 
6295.194306500 155 
6295.194862000 157 
6295.195417500 159 
6295.195973000 159 
6295.196528500 159 
6295.197084000 157 
6295.197639500 154 
6295.198195000 152 
6295.198750500 148 
6295.199306000 143 
6295.199861500 139 
6295.200417000 133 
6295.200972500 127 
6295.201528000 122 
6295.202083500 116 
6295.202639000 111 
6295.203194500 106 
6295.203750000 103 
6295.204305500 100 
6295.204861000 097 
6295.205416500 096 
6295.205972000 097 
6295.206527500 096 
6295.207083000 097 
6295.207638500 100 
6295.208194000 104 
6295.208749500 106 
6295.209305000 112 
6295.209860500 116 
6295.210416000 121 
6295.210971500 127 
6295.211527000 134 
6295.212082500 138 
6295.212638000 143 
6295.213193500 148 
6295.213749000 151 
6295.214304500 155 
6295.214860000 158 
6295.215415500 159 
6295.215971000 159 
6295.216526500 158 
6295.217082000 157 
6295.217637500 155 
6295.218193000 151 
6295.218748500 148 
6295.219304000 143 
6295.219859500 138 
6295.220415000 134 
6295.220970500 128 
6295.221526000 122 
6295.222081500 116 
6295.222637000 112 
6295.223192500 107 
6295.223748000 103 
6295.224303500 100 
6295.224859000 097 
6295.225414500 096 
6295.225970000 096 
6295.226525500 096 
6295.227081000 097 
6295.227636500 100 
6295.228192000 103 
6295.228747500 107 
6295.229303000 112 
6295.229858500 116 
6295.230414000 122 
6295.230969500 127 
6295.231525000 134 
6295.232080500 138 
6295.232636000 143 
6295.233191500 149 
6295.233747000 151 
6295.234302500 155 
6295.234858000 158 
6295.235413500 159 
6295.235969000 160 
6295.236524500 159 
6295.237080000 157 
6295.237635500 155 
6295.238191000 151 
6295.238746500 148 
6295.239302000 144 
6295.239857500 138 
6295.240413000 133 
6295.240968500 126 
6295.241524000 122 
6295.242079500 116 
6295.242635000 111 
6295.243190500 107 
6295.243746000 102 
6295.244301500 100 
6295.244857000 098 
6295.245412500 095 
6295.245968000 095 
6295.246523500 097 
6295.247079000 097 
6295.247634500 099 
6295.248190000 104 
6295.248745500 106 
6295.249301000 111 
6295.249856500 116 
6295.250412000 123 
6295.250967500 127 
6295.251523000 133 
6295.252078500 138 
6295.252634000 143 
6295.253189500 148 
6295.253745000 151 
6295.254300500 155 
6295.254856000 158 
6295.255411500 159 
6295.255967000 160 
6295.256522500 159 
6295.257078000 157 
6295.257633500 156 
6295.258189000 152 
6295.258744500 148 
6295.259300000 144 
6295.259855500 138 
6295.260411000 132 
6295.260966500 128 
6295.261522000 122 
6295.262077500 117 
6295.262633000 112 
6295.263188500 106 
6295.263744000 103 
6295.264299500 101 
6295.264855000 097 
6295.265410500 096 
6295.265966000 096 
6295.266521500 096 
6295.267077000 098 
6295.267632500 100 
6295.268188000 103 
6295.268743500 107 
6295.269299000 112 
6295.269854500 116 
6295.270410000 122 
6295.270965500 128 
6295.271521000 133 
6295.272076500 138 
6295.272632000 144 
6295.273187500 148 
6295.273743000 151 
6295.274298500 155 
6295.274854000 158 
6295.275409500 159 
6295.275965000 160 
6295.276520500 159 
6295.277076000 157 
6295.277631500 154 
6295.278187000 152 
6295.278742500 148 
6295.279298000 143 
6295.279853500 138 
6295.280409000 134 
6295.280964500 127 
6295.281520000 121 
6295.282075500 117 
6295.282631000 111 
6295.283186500 107 
6295.283742000 103 
6295.284297500 099 
6295.284853000 098 
6295.285408500 096 
6295.285964000 095 
6295.286519500 097 
6295.287075000 097 
6295.287630500 100 
6295.288186000 104 
6295.288741500 106 
6295.289297000 112 
6295.289852500 116 
6295.290408000 122 
6295.290963500 128 
6295.291519000 132 
6295.292074500 139 
6295.292630000 143 
6295.293185500 148 
6295.293741000 152 
6295.294296500 155 
6295.294852000 158 
6295.295407500 159 
6295.295963000 159 
6295.296518500 158 
6295.297074000 158 
6295.297629500 155 
6295.298185000 151 
6295.298740500 149 
6295.299296000 144 
6295.299851500 138 
6295.300407000 133 
6295.300962500 128 
6295.301518000 121 
6295.302073500 117 
6295.302629000 111 
6295.303184500 106 
6295.303740000 103 
6295.304295500 100 
6295.304851000 098 
6295.305406500 096 
6295.305962000 095 
6295.306517500 096 
6295.307073000 098 
6295.307628500 099 
6295.308184000 104 
6295.308739500 106 
6295.309295000 112 
6295.309850500 117 
6295.310406000 121 
6295.310961500 128 
6295.311517000 133 
6295.312072500 138 
6295.312628000 144 
6295.313183500 148 
6295.313739000 152 
6295.314294500 155 
6295.314850000 157 
6295.315405500 159 
6295.315961000 159 
6295.316516500 160 
6295.317072000 157 
6295.317627500 155 
6295.318183000 152 
6295.318738500 148 
6295.319294000 143 
6295.319849500 138 
6295.320405000 134 
6295.320960500 127 
6295.321516000 122 
6295.322071500 116 
6295.322627000 112 
6295.323182500 107 
6295.323738000 102 
6295.324293500 100 
6295.324849000 098 
6295.325404500 095 
6295.325960000 096 
6295.326515500 097 
6295.327071000 098 
6295.327626500 099 
6295.328182000 104 
6295.328737500 106 
6295.329293000 111 
6295.329848500 116 
6295.330404000 121 
6295.330959500 128 
6295.331515000 133 
6295.332070500 137 
6295.332626000 143 
6295.333181500 148 
6295.333737000 151 
6295.334292500 155 
6295.334848000 158 
6295.335403500 159 
6295.335959000 160 
6295.336514500 158 
6295.337070000 157 
6295.337625500 155 
6295.338181000 151 
6295.338736500 148 
6295.339292000 144 
6295.339847500 138 
6295.340403000 134 
6295.340958500 127 
6295.341514000 122 
6295.342069500 117 
6295.342625000 111 
6295.343180500 108 
6295.343736000 103 
6295.344291500 100 
6295.344847000 098 
6295.345402500 096 
6295.345958000 095 
6295.346513500 096 
6295.347069000 098 
6295.347624500 099 
6295.348180000 103 
6295.348735500 107 
6295.349291000 111 
6295.349846500 116 
6295.350402000 122 
6295.350957500 127 
6295.351513000 134 
6295.352068500 138 
6295.352624000 144 
6295.353179500 147 
6295.353735000 152 
6295.354290500 155 
6295.354846000 158 
6295.355401500 159 
6295.355957000 159 
6295.356512500 159 
6295.357068000 158 
6295.357623500 155 
6295.358179000 152 
6295.358734500 148 
6295.359290000 143 
6295.359845500 139 
6295.360401000 132 
6295.360956500 127 
6295.361512000 123 
6295.362067500 116 
6295.362623000 112 
6295.363178500 107 
6295.363734000 103 
6295.364289500 101 
6295.364845000 098 
6295.365400500 096 
6295.365956000 096 
6295.366511500 096 
6295.367067000 098 
6295.367622500 100 
6295.368178000 103 
6295.368733500 107 
6295.369289000 111 
6295.369844500 117 
6295.370400000 121 
6295.370955500 127 
6295.371511000 133 
6295.372066500 138 
6295.372622000 143 
6295.373177500 148 
6295.373733000 151 
6295.374288500 155 
6295.374844000 157 
6295.375399500 159 
6295.375955000 160 
6295.376510500 158 
6295.377066000 157 
6295.377621500 155 
6295.378177000 151 
6295.378732500 148 
6295.379288000 143 
6295.379843500 138 
6295.380399000 133 
6295.380954500 127 
6295.381510000 122 
6295.382065500 116 
6295.382621000 111 
6295.383176500 107 
6295.383732000 102 
6295.384287500 101 
6295.384843000 097 
6295.385398500 097 
6295.385954000 096 
6295.386509500 096 
6295.387065000 098 
6295.387620500 100 
6295.388176000 103 
6295.388731500 107 
6295.389287000 111 
6295.389842500 116 
6295.390398000 122 
6295.390953500 127 
6295.391509000 132 
6295.392064500 138 
6295.392620000 143 
6295.393175500 148 
6295.393731000 152 
6295.394286500 154 
6295.394842000 157 
6295.395397500 159 
6295.395953000 160 
6295.396508500 158 
6295.397064000 158 
6295.397619500 155 
6295.398175000 152 
6295.398730500 148 
6295.399286000 144 
6295.399841500 138 
6295.400397000 133 
6295.400952500 127 
6295.401508000 121 
6295.402063500 117 
6295.402619000 112 
6295.403174500 107 
6295.403730000 103 
6295.404285500 100 
6295.404841000 098 
6295.405396500 095 
6295.405952000 096 
6295.406507500 096 
6295.407063000 097 
6295.407618500 100 
6295.408174000 103 
6295.408729500 107 
6295.409285000 111 
6295.409840500 117 
6295.410396000 121 
6295.410951500 127 
6295.411507000 134 
6295.412062500 138 
6295.412618000 143 
6295.413173500 148 
6295.413729000 151 
6295.414284500 155 
6295.414840000 158 
6295.415395500 158 
6295.415951000 160 
6295.416506500 159 
6295.417062000 157 
6295.417617500 155 
6295.418173000 152 
6295.418728500 148 
6295.419284000 144 
6295.419839500 139 
6295.420395000 133 
6295.420950500 128 
6295.421506000 123 
6295.422061500 116 
6295.422617000 111 
6295.423172500 107 
6295.423728000 103 
6295.424283500 100 
6295.424839000 097 
6295.425394500 096 
6295.425950000 096 
6295.426505500 096 
6295.427061000 098 
6295.427616500 100 
6295.428172000 104 
6295.428727500 106 
6295.429283000 111 
6295.429838500 117 
6295.430394000 121 
6295.430949500 127 
6295.431505000 133 
6295.432060500 138 
6295.432616000 143 
6295.433171500 148 
6295.433727000 151 
6295.434282500 155 
6295.434838000 158 
6295.435393500 158 
6295.435949000 160 
6295.436504500 158 
6295.437060000 157 
6295.437615500 155 
6295.438171000 152 
6295.438726500 148 
6295.439282000 143 
6295.439837500 138 
6295.440393000 134 
6295.440948500 127 
6295.441504000 122 
6295.442059500 116 
6295.442615000 111 
6295.443170500 107 
6295.443726000 102 
6295.444281500 100 
6295.444837000 096 
6295.445392500 095 
6295.445948000 096 
6295.446503500 094 
6295.447059000 097 
6295.447614500 098 
6295.448170000 102 
6295.448725500 107 
6295.449281000 111 
6295.449836500 116 
6295.450392000 122 
6295.450947500 127 
6295.451503000 133 
6295.452058500 139 
6295.452614000 143 
6295.453169500 149 
6295.453725000 153 
6295.454280500 156 
6295.454836000 159 
6295.455391500 160 
6295.455947000 160 
6295.456502500 160 
6295.457058000 159 
6295.457613500 156 
6295.458169000 153 
6295.458724500 150 
6295.459280000 144 
6295.459835500 139 
6295.460391000 134 
6295.460946500 127 
6295.461502000 123 
6295.462057500 116 
6295.462613000 111 
6295.463168500 107 
6295.463724000 102 
6295.464279500 099 
6295.464835000 097 
6295.465390500 094 
6295.465946000 094 
6295.466501500 095 
6295.467057000 096 
6295.467612500 099 
6295.468168000 102 
6295.468723500 105 
6295.469279000 111 
6295.469834500 115 
6295.470390000 121 
6295.470945500 128 
6295.471501000 133 
6295.472056500 138 
6295.472612000 145 
6295.473167500 148 
6295.473723000 153 
6295.474278500 156 
6295.474834000 159 
6295.475389500 160 
6295.475945000 161 
6295.476500500 159 
6295.477056000 159 
6295.477611500 156 
6295.478167000 153 
6295.478722500 149 
6295.479278000 144 
6295.479833500 140 
6295.480389000 133 
6295.480944500 128 
6295.481500000 121 
6295.482055500 117 
6295.482611000 111 
6295.483166500 106 
6295.483722000 102 
6295.484277500 100 
6295.484833000 096 
6295.485388500 094 
6295.485944000 094 
6295.486499500 096 
6295.487055000 096 
6295.487610500 099 
6295.488166000 103 
6295.488721500 106 
6295.489277000 110 
6295.489832500 115 
6295.490388000 121 
6295.490943500 128 
6295.491499000 133 
6295.492054500 138 
6295.492610000 144 
6295.493165500 148 
6295.493721000 153 
6295.494276500 156 
6295.494832000 159 
6295.495387500 160 
6295.495943000 160 
6295.496498500 160 
6295.497054000 158 
6295.497609500 156 
6295.498165000 153 
6295.498720500 149 
6295.499276000 145 
6295.499831500 139 
6295.500387000 133 
6295.500942500 128 
6295.501498000 121 
6295.502053500 116 
6295.502609000 111 
6295.503164500 106 
6295.503720000 103 
6295.504275500 100 
6295.504831000 096 
6295.505386500 095 
6295.505942000 095 
6295.506497500 095 
6295.507053000 097 
6295.507608500 098 
6295.508164000 102 
6295.508719500 105 
6295.509275000 111 
6295.509830500 116 
6295.510386000 121 
6295.510941500 127 
6295.511497000 132 
6295.512052500 139 
6295.512608000 143 
6295.513163500 148 
6295.513719000 153 
6295.514274500 156 
6295.514830000 158 
6295.515385500 160 
6295.515941000 161 
6295.516496500 160 
6295.517052000 159 
6295.517607500 157 
6295.518163000 153 
6295.518718500 149 
6295.519274000 144 
6295.519829500 139 
6295.520385000 134 
6295.520940500 127 
6295.521496000 122 
6295.522051500 116 
6295.522607000 111 
6295.523162500 106 
6295.523718000 103 
6295.524273500 099 
6295.524829000 097 
6295.525384500 094 
6295.525940000 094 
6295.526495500 095 
6295.527051000 097 
6295.527606500 098 
6295.528162000 101 
6295.528717500 106 
6295.529273000 110 
6295.529828500 115 
6295.530384000 122 
6295.530939500 126 
6295.531495000 133 
6295.532050500 138 
6295.532606000 144 
6295.533161500 149 
6295.533717000 152 
6295.534272500 156 
6295.534828000 159 
6295.535383500 160 
6295.535939000 160 
6295.536494500 161 
6295.537050000 159 
6295.537605500 157 
6295.538161000 153 
6295.538716500 149 
6295.539272000 145 
6295.539827500 139 
6295.540383000 134 
6295.540938500 127 
6295.541494000 122 
6295.542049500 116 
6295.542605000 111 
6295.543160500 107 
6295.543716000 101 
6295.544271500 100 
6295.544827000 096 
6295.545382500 093 
6295.545938000 095 
6295.546493500 095 
6295.547049000 096 
6295.547604500 099 
6295.548160000 102 
6295.548715500 105 
6295.549271000 110 
6295.549826500 115 
6295.550382000 121 
6295.550937500 127 
6295.551493000 132 
6295.552048500 139 
6295.552604000 143 
6295.553159500 149 
6295.553715000 152 
6295.554270500 156 
6295.554826000 159 
6295.555381500 160 
6295.555937000 161 
6295.556492500 160 
6295.557048000 159 
6295.557603500 157 
6295.558159000 153 
6295.558714500 150 
6295.559270000 144 
6295.559825500 139 
6295.560381000 135 
6295.560936500 127 
6295.561492000 122 
6295.562047500 117 
6295.562603000 110 
6295.563158500 106 
6295.563714000 101 
6295.564269500 100 
6295.564825000 096 
6295.565380500 095 
6295.565936000 095 
6295.566491500 094 
6295.567047000 097 
6295.567602500 097 
6295.568158000 101 
6295.568713500 106 
6295.569269000 110 
6295.569824500 116 
6295.570380000 120 
6295.570935500 126 
6295.571491000 132 
6295.572046500 139 
6295.572602000 144 
6295.573157500 148 
6295.573713000 153 
6295.574268500 156 
6295.574824000 159 
6295.575379500 160 
6295.575935000 160 
6295.576490500 160 
6295.577046000 159 
6295.577601500 156 
6295.578157000 154 
6295.578712500 149 
6295.579268000 144 
6295.579823500 139 
6295.580379000 135 
6295.580934500 127 
6295.581490000 122 
6295.582045500 117 
6295.582601000 111 
6295.583156500 106 
6295.583712000 102 
6295.584267500 099 
6295.584823000 096 
6295.585378500 095 
6295.585934000 094 
6295.586489500 094 
6295.587045000 097 
6295.587600500 099 
6295.588156000 101 
6295.588711500 105 
6295.589267000 111 
6295.589822500 115 
6295.590378000 121 
6295.590933500 127 
6295.591489000 132 
6295.592044500 138 
6295.592600000 144 
6295.593155500 148 
6295.593711000 153 
6295.594266500 156 
6295.594822000 158 
6295.595377500 160 
6295.595933000 161 
6295.596488500 160 
6295.597044000 159 
6295.597599500 157 
6295.598155000 153 
6295.598710500 149 
6295.599266000 145 
6295.599821500 139 
6295.600377000 133 
6295.600932500 127 
6295.601488000 122 
6295.602043500 116 
6295.602599000 111 
6295.603154500 107 
6295.603710000 102 
6295.604265500 099 
6295.604821000 096 
6295.605376500 093 
6295.605932000 094 
6295.606487500 095 
6295.607043000 096 
6295.607598500 099 
6295.608154000 101 
6295.608709500 105 
6295.609265000 110 
6295.609820500 115 
6295.610376000 122 
6295.610931500 126 
6295.611487000 133 
6295.612042500 138 
6295.612598000 144 
6295.613153500 148 
6295.613709000 152 
6295.614264500 157 
6295.614820000 158 
6295.615375500 160 
6295.615931000 161 
6295.616486500 160 
6295.617042000 159 
6295.617597500 156 
6295.618153000 154 
6295.618708500 149 
6295.619264000 145 
6295.619819500 139 
6295.620375000 132 
6295.620930500 129 
6295.621486000 122 
6295.622041500 117 
6295.622597000 112 
6295.623152500 106 
6295.623708000 103 
6295.624263500 099 
6295.624819000 097 
6295.625374500 094 
6295.625930000 094 
6295.626485500 095 
6295.627041000 097 
6295.627596500 099 
6295.628152000 100 
6295.628707500 106 
6295.629263000 110 
6295.629818500 115 
6295.630374000 122 
6295.630929500 126 
6295.631485000 132 
6295.632040500 139 
6295.632596000 144 
6295.633151500 149 
6295.633707000 153 
6295.634262500 157 
6295.634818000 159 
6295.635373500 160 
6295.635929000 161 
6295.636484500 160 
6295.637040000 159 
6295.637595500 156 
6295.638151000 154 
6295.638706500 149 
6295.639262000 145 
6295.639817500 139 
6295.640373000 133 
6295.640928500 128 
6295.641484000 121 
6295.642039500 117 
6295.642595000 111 
6295.643150500 105 
6295.643706000 103 
6295.644261500 098 
6295.644817000 096 
6295.645372500 095 
6295.645928000 095 
6295.646483500 094 
6295.647039000 097 
6295.647594500 098 
6295.648150000 101 
6295.648705500 106 
6295.649261000 109 
6295.649816500 116 
6295.650372000 120 
6295.650927500 127 
6295.651483000 133 
6295.652038500 138 
6295.652594000 143 
6295.653149500 149 
6295.653705000 153 
6295.654260500 156 
6295.654816000 159 
6295.655371500 161 
6295.655927000 161 
6295.656482500 160 
6295.657038000 158 
6295.657593500 157 
6295.658149000 154 
6295.658704500 149 
6295.659260000 145 
6295.659815500 139 
6295.660371000 134 
6295.660926500 128 
6295.661482000 121 
6295.662037500 117 
6295.662593000 112 
6295.663148500 106 
6295.663704000 102 
6295.664259500 099 
6295.664815000 096 
6295.665370500 094 
6295.665926000 095 
6295.666481500 095 
6295.667037000 097 
6295.667592500 098 
6295.668148000 101 
6295.668703500 105 
6295.669259000 110 
6295.669814500 115 
6295.670370000 121 
6295.670925500 127 
6295.671481000 133 
6295.672036500 138 
6295.672592000 144 
6295.673147500 148 
6295.673703000 152 
6295.674258500 156 
6295.674814000 158 
6295.675369500 160 
6295.675925000 161 
6295.676480500 160 
6295.677036000 158 
6295.677591500 156 
6295.678147000 154 
6295.678702500 149 
6295.679258000 145 
6295.679813500 140 
6295.680369000 134 
6295.680924500 127 
6295.681480000 122 
6295.682035500 117 
6295.682591000 111 
6295.683146500 106 
6295.683702000 102 
6295.684257500 098 
6295.684813000 095 
6295.685368500 094 
6295.685924000 094 
6295.686479500 093 
6295.687035000 096 
6295.687590500 098 
6295.688146000 099 
6295.688701500 106 
6295.689257000 109 
6295.689812500 115 
6295.690368000 121 
6295.690923500 127 
6295.691479000 133 
6295.692034500 138 
6295.692590000 144 
6295.693145500 149 
6295.693701000 153 
6295.694256500 158 
6295.694812000 159 
6295.695367500 161 
6295.695923000 162 
6295.696478500 161 
6295.697034000 160 
6295.697589500 158 
6295.698145000 155 
6295.698700500 150 
6295.699256000 145 
6295.699811500 140 
6295.700367000 134 
6295.700922500 127 
6295.701478000 123 
6295.702033500 116 
6295.702589000 110 
6295.703144500 105 
6295.703700000 102 
6295.704255500 097 
6295.704811000 096 
6295.705366500 093 
6295.705922000 093 
6295.706477500 094 
6295.707033000 096 
6295.707588500 098 
6295.708144000 099 
6295.708699500 105 
6295.709255000 110 
6295.709810500 114 
6295.710366000 121 
6295.710921500 126 
6295.711477000 133 
6295.712032500 138 
6295.712588000 145 
6295.713143500 148 
6295.713699000 153 
6295.714254500 157 
6295.714810000 159 
6295.715365500 161 
6295.715921000 162 
6295.716476500 161 
6295.717032000 160 
6295.717587500 158 
6295.718143000 155 
6295.718698500 150 
6295.719254000 145 
6295.719809500 140 
6295.720365000 133 
6295.720920500 128 
6295.721476000 123 
6295.722031500 116 
6295.722587000 111 
6295.723142500 106 
6295.723698000 101 
6295.724253500 099 
6295.724809000 096 
6295.725364500 094 
6295.725920000 093 
6295.726475500 093 
6295.727031000 096 
6295.727586500 097 
6295.728142000 100 
6295.728697500 105 
6295.729253000 109 
6295.729808500 115 
6295.730364000 121 
6295.730919500 126 
6295.731475000 133 
6295.732030500 139 
6295.732586000 144 
6295.733141500 150 
6295.733697000 153 
6295.734252500 157 
6295.734808000 160 
6295.735363500 161 
6295.735919000 162 
6295.736474500 161 
6295.737030000 159 
6295.737585500 158 
6295.738141000 155 
6295.738696500 150 
6295.739252000 146 
6295.739807500 139 
6295.740363000 134 
6295.740918500 128 
6295.741474000 121 
6295.742029500 116 
6295.742585000 110 
6295.743140500 106 
6295.743696000 101 
6295.744251500 099 
6295.744807000 096 
6295.745362500 093 
6295.745918000 093 
6295.746473500 093 
6295.747029000 096 
6295.747584500 098 
6295.748140000 099 
6295.748695500 105 
6295.749251000 110 
6295.749806500 115 
6295.750362000 120 
6295.750917500 127 
6295.751473000 133 
6295.752028500 139 
6295.752584000 144 
6295.753139500 149 
6295.753695000 153 
6295.754250500 157 
6295.754806000 160 
6295.755361500 161 
6295.755917000 162 
6295.756472500 161 
6295.757028000 159 
6295.757583500 158 
6295.758139000 155 
6295.758694500 150 
6295.759250000 145 
6295.759805500 139 
6295.760361000 135 
6295.760916500 128 
6295.761472000 122 
6295.762027500 116 
6295.762583000 111 
6295.763138500 105 
6295.763694000 102 
6295.764249500 099 
6295.764805000 095 
6295.765360500 095 
6295.765916000 092 
6295.766471500 093 
6295.767027000 097 
6295.767582500 097 
6295.768138000 100 
6295.768693500 105 
6295.769249000 109 
6295.769804500 115 
6295.770360000 121 
6295.770915500 126 
6295.771471000 133 
6295.772026500 138 
6295.772582000 144 
6295.773137500 149 
6295.773693000 153 
6295.774248500 158 
6295.774804000 159 
6295.775359500 161 
6295.775915000 162 
6295.776470500 161 
6295.777026000 160 
6295.777581500 158 
6295.778137000 156 
6295.778692500 151 
6295.779248000 145 
6295.779803500 140 
6295.780359000 134 
6295.780914500 127 
6295.781470000 121 
6295.782025500 116 
6295.782581000 111 
6295.783136500 105 
6295.783692000 101 
6295.784247500 098 
6295.784803000 095 
6295.785358500 094 
6295.785914000 092 
6295.786469500 093 
6295.787025000 095 
6295.787580500 097 
6295.788136000 100 
6295.788691500 104 
6295.789247000 110 
6295.789802500 114 
6295.790358000 120 
6295.790913500 127 
6295.791469000 133 
6295.792024500 138 
6295.792580000 145 
6295.793135500 149 
6295.793691000 154 
6295.794246500 158 
6295.794802000 160 
6295.795357500 162 
6295.795913000 163 
6295.796468500 162 
6295.797024000 160 
6295.797579500 157 
6295.798135000 156 
6295.798690500 150 
6295.799246000 146 
6295.799801500 141 
6295.800357000 134 
6295.800912500 128 
6295.801468000 123 
6295.802023500 115 
6295.802579000 111 
6295.803134500 104 
6295.803690000 101 
6295.804245500 097 
6295.804801000 095 
6295.805356500 092 
6295.805912000 093 
6295.806467500 093 
6295.807023000 094 
6295.807578500 097 
6295.808134000 099 
6295.808689500 105 
6295.809245000 109 
6295.809800500 114 
6295.810356000 121 
6295.810911500 127 
6295.811467000 133 
6295.812022500 139 
6295.812578000 144 
6295.813133500 150 
6295.813689000 154 
6295.814244500 157 
6295.814800000 161 
6295.815355500 162 
6295.815911000 162 
6295.816466500 163 
6295.817022000 160 
6295.817577500 158 
6295.818133000 155 
6295.818688500 151 
6295.819244000 146 
6295.819799500 140 
6295.820355000 135 
6295.820910500 127 
6295.821466000 123 
6295.822021500 116 
6295.822577000 110 
6295.823132500 106 
6295.823688000 100 
6295.824243500 097 
6295.824799000 095 
6295.825354500 092 
6295.825910000 092 
6295.826465500 093 
6295.827021000 095 
6295.827576500 097 
6295.828132000 100 
6295.828687500 104 
6295.829243000 109 
6295.829798500 115 
6295.830354000 120 
6295.830909500 126 
6295.831465000 133 
6295.832020500 139 
6295.832576000 144 
6295.833131500 150 
6295.833687000 153 
6295.834242500 158 
6295.834798000 160 
6295.835353500 163 
6295.835909000 163 
6295.836464500 162 
6295.837020000 160 
6295.837575500 158 
6295.838131000 156 
6295.838686500 151 
6295.839242000 145 
6295.839797500 140 
6295.840353000 135 
6295.840908500 128 
6295.841464000 123 
6295.842019500 115 
6295.842575000 110 
6295.843130500 106 
6295.843686000 101 
6295.844241500 097 
6295.844797000 095 
6295.845352500 092 
6295.845908000 093 
6295.846463500 094 
6295.847019000 095 
6295.847574500 097 
6295.848130000 099 
6295.848685500 104 
6295.849241000 109 
6295.849796500 115 
6295.850352000 120 
6295.850907500 126 
6295.851463000 132 
6295.852018500 140 
6295.852574000 144 
6295.853129500 149 
6295.853685000 153 
6295.854240500 158 
6295.854796000 160 
6295.855351500 162 
6295.855907000 163 
6295.856462500 161 
6295.857018000 160 
6295.857573500 158 
6295.858129000 156 
6295.858684500 150 
6295.859240000 146 
6295.859795500 141 
6295.860351000 134 
6295.860906500 128 
6295.861462000 121 
6295.862017500 116 
6295.862573000 110 
6295.863128500 106 
6295.863684000 101 
6295.864239500 097 
6295.864795000 095 
6295.865350500 092 
6295.865906000 092 
6295.866461500 093 
6295.867017000 094 
6295.867572500 097 
6295.868128000 100 
6295.868683500 104 
6295.869239000 108 
6295.869794500 114 
6295.870350000 120 
6295.870905500 126 
6295.871461000 133 
6295.872016500 139 
6295.872572000 144 
6295.873127500 150 
6295.873683000 153 
6295.874238500 157 
6295.874794000 161 
6295.875349500 162 
6295.875905000 162 
6295.876460500 162 
6295.877016000 159 
6295.877571500 159 
6295.878127000 156 
6295.878682500 150 
6295.879238000 146 
6295.879793500 140 
6295.880349000 134 
6295.880904500 129 
6295.881460000 121 
6295.882015500 115 
6295.882571000 110 
6295.883126500 105 
6295.883682000 101 
6295.884237500 098 
6295.884793000 095 
6295.885348500 093 
6295.885904000 092 
6295.886459500 093 
6295.887015000 094 
6295.887570500 096 
6295.888126000 099 
6295.888681500 104 
6295.889237000 109 
6295.889792500 114 
6295.890348000 120 
6295.890903500 127 
6295.891459000 132 
6295.892014500 140 
6295.892570000 144 
6295.893125500 149 
6295.893681000 154 
6295.894236500 157 
6295.894792000 160 
6295.895347500 163 
6295.895903000 163 
6295.896458500 163 
6295.897014000 160 
6295.897569500 158 
6295.898125000 156 
6295.898680500 151 
6295.899236000 147 
6295.899791500 140 
6295.900347000 135 
6295.900902500 127 
6295.901458000 122 
6295.902013500 116 
6295.902569000 110 
6295.903124500 105 
6295.903680000 102 
6295.904235500 097 
6295.904791000 095 
6295.905346500 093 
6295.905902000 092 
6295.906457500 094 
6295.907013000 095 
6295.907568500 096 
6295.908124000 099 
6295.908679500 104 
6295.909235000 109 
6295.909790500 114 
6295.910346000 121 
6295.910901500 126 
6295.911457000 132 
6295.912012500 140 
6295.912568000 145 
6295.913123500 149 
6295.913679000 154 
6295.914234500 158 
6295.914790000 161 
6295.915345500 162 
6295.915901000 162 
6295.916456500 163 
6295.917012000 159 
6295.917567500 158 
6295.918123000 156 
6295.918678500 151 
6295.919234000 146 
6295.919789500 140 
6295.920345000 134 
6295.920900500 128 
6295.921456000 122 
6295.922011500 116 
6295.922567000 110 
6295.923122500 106 
6295.923678000 100 
6295.924233500 097 
6295.924789000 095 
6295.925344500 093 
6295.925900000 091 
6295.926455500 093 
6295.927011000 094 
6295.927566500 097 
6295.928122000 099 
6295.928677500 104 
6295.929233000 109 
6295.929788500 115 
6295.930344000 120 
6295.930899500 127 
6295.931455000 132 
6295.932010500 138 
6295.932566000 145 
6295.933121500 150 
6295.933677000 154 
6295.934232500 158 
6295.934788000 161 
6295.935343500 163 
6295.935899000 163 
6295.936454500 163 
6295.937010000 161 
6295.937565500 159 
6295.938121000 156 
6295.938676500 151 
6295.939232000 147 
6295.939787500 140 
6295.940343000 134 
6295.940898500 129 
6295.941454000 121 
6295.942009500 116 
6295.942565000 109 
6295.943120500 105 
6295.943676000 100 
6295.944231500 096 
6295.944787000 094 
6295.945342500 092 
6295.945898000 092 
6295.946453500 092 
6295.947009000 093 
6295.947564500 095 
6295.948120000 099 
6295.948675500 103 
6295.949231000 108 
6295.949786500 115 
6295.950342000 120 
6295.950897500 126 
6295.951453000 133 
6295.952008500 138 
6295.952564000 144 
6295.953119500 151 
6295.953675000 154 
6295.954230500 158 
6295.954786000 162 
6295.955341500 163 
6295.955897000 163 
6295.956452500 163 
6295.957008000 161 
6295.957563500 160 
6295.958119000 156 
6295.958674500 151 
6295.959230000 146 
6295.959785500 141 
6295.960341000 135 
6295.960896500 128 
6295.961452000 122 
6295.962007500 116 
6295.962563000 110 
6295.963118500 105 
6295.963674000 101 
6295.964229500 097 
6295.964785000 095 
6295.965340500 092 
6295.965896000 091 
6295.966451500 093 
6295.967007000 093 
6295.967562500 096 
6295.968118000 099 
6295.968673500 103 
6295.969229000 109 
6295.969784500 114 
6295.970340000 120 
6295.970895500 127 
6295.971451000 132 
6295.972006500 139 
6295.972562000 145 
6295.973117500 150 
6295.973673000 154 
6295.974228500 158 
6295.974784000 160 
6295.975339500 163 
6295.975895000 164 
6295.976450500 163 
6295.977006000 160 
6295.977561500 159 
6295.978117000 156 
6295.978672500 151 
6295.979228000 146 
6295.979783500 141 
6295.980339000 134 
6295.980894500 129 
6295.981450000 121 
6295.982005500 116 
6295.982561000 110 
6295.983116500 105 
6295.983672000 101 
6295.984227500 096 
6295.984783000 095 
6295.985338500 092 
6295.985894000 091 
6295.986449500 092 
6295.987005000 094 
6295.987560500 096 
6295.988116000 100 
6295.988671500 104 
6295.989227000 108 
6295.989782500 114 
6295.990338000 120 
6295.990893500 126 
6295.991449000 133 
6295.992004500 139 
6295.992560000 144 
6295.993115500 150 
6295.993671000 154 
6295.994226500 158 
6295.994782000 160 
6295.995337500 163 
6295.995893000 164 
6295.996448500 163 
6295.997004000 161 
6295.997559500 159 
6295.998115000 156 
6295.998670500 151 
6295.999226000 147 
6295.999781500 141 
6296.000337000 134 
6296.000892500 128 
6296.001448000 123 
6296.002003500 116 
6296.002559000 110 
6296.003114500 106 
6296.003670000 100 
6296.004225500 096 
6296.004781000 095 
6296.005336500 093 
6296.005892000 091 
6296.006447500 092 
6296.007003000 094 
6296.007558500 096 
6296.008114000 099 
6296.008669500 103 
6296.009225000 109 
6296.009780500 113 
6296.010336000 120 
6296.010891500 126 
6296.011447000 132 
6296.012002500 138 
6296.012558000 145 
6296.013113500 150 
6296.013669000 154 
6296.014224500 158 
6296.014780000 161 
6296.015335500 163 
6296.015891000 163 
6296.016446500 163 
6296.017002000 160 
6296.017557500 159 
6296.018113000 156 
6296.018668500 151 
6296.019224000 147 
6296.019779500 141 
6296.020335000 134 
6296.020890500 128 
6296.021446000 122 
6296.022001500 115 
6296.022557000 110 
6296.023112500 106 
6296.023668000 099 
6296.024223500 097 
6296.024779000 093 
6296.025334500 092 
6296.025890000 091 
6296.026445500 091 
6296.027001000 093 
6296.027556500 095 
6296.028112000 098 
6296.028667500 104 
6296.029223000 108 
6296.029778500 114 
6296.030334000 120 
6296.030889500 127 
6296.031445000 133 
6296.032000500 139 
6296.032556000 146 
6296.033111500 150 
6296.033667000 155 
6296.034222500 159 
6296.034778000 162 
6296.035333500 164 
6296.035889000 165 
6296.036444500 164 
6296.037000000 162 
6296.037555500 160 
6296.038111000 157 
6296.038666500 151 
6296.039222000 147 
6296.039777500 141 
6296.040333000 135 
6296.040888500 129 
6296.041444000 122 
6296.041999500 115 
6296.042555000 110 
6296.043110500 104 
6296.043666000 100 
6296.044221500 096 
6296.044777000 092 
6296.045332500 091 
6296.045888000 091 
6296.046443500 090 
6296.046999000 093 
6296.047554500 095 
6296.048110000 097 
6296.048665500 104 
6296.049221000 107 
6296.049776500 114 
6296.050332000 119 
6296.050887500 126 
6296.051443000 132 
6296.051998500 139 
6296.052554000 145 
6296.053109500 150 
6296.053665000 155 
6296.054220500 158 
6296.054776000 162 
6296.055331500 164 
6296.055887000 165 
6296.056442500 164 
6296.056998000 162 
6296.057553500 160 
6296.058109000 157 
6296.058664500 151 
6296.059220000 147 
6296.059775500 141 
6296.060331000 134 
6296.060886500 129 
6296.061442000 122 
6296.061997500 115 
6296.062553000 110 
6296.063108500 105 
6296.063664000 099 
6296.064219500 097 
6296.064775000 093 
6296.065330500 092 
6296.065886000 091 
6296.066441500 091 
6296.066997000 092 
6296.067552500 095 
6296.068108000 099 
6296.068663500 103 
6296.069219000 108 
6296.069774500 113 
6296.070330000 120 
6296.070885500 126 
6296.071441000 132 
6296.071996500 139 
6296.072552000 145 
6296.073107500 150 
6296.073663000 154 
6296.074218500 159 
6296.074774000 162 
6296.075329500 164 
6296.075885000 165 
6296.076440500 163 
6296.076996000 163 
6296.077551500 159 
6296.078107000 157 
6296.078662500 151 
6296.079218000 147 
6296.079773500 141 
6296.080329000 135 
6296.080884500 128 
6296.081440000 122 
6296.081995500 116 
6296.082551000 110 
6296.083106500 104 
6296.083662000 100 
6296.084217500 096 
6296.084773000 093 
6296.085328500 091 
6296.085884000 091 
6296.086439500 091 
6296.086995000 092 
6296.087550500 095 
6296.088106000 098 
6296.088661500 102 
6296.089217000 107 
6296.089772500 114 
6296.090328000 120 
6296.090883500 126 
6296.091439000 133 
6296.091994500 138 
6296.092550000 146 
6296.093105500 150 
6296.093661000 155 
6296.094216500 160 
6296.094772000 161 
6296.095327500 164 
6296.095883000 164 
6296.096438500 164 
6296.096994000 163 
6296.097549500 161 
6296.098105000 157 
6296.098660500 152 
6296.099216000 148 
6296.099771500 141 
6296.100327000 135 
6296.100882500 129 
6296.101438000 121 
6296.101993500 116 
6296.102549000 110 
6296.103104500 104 
6296.103660000 100 
6296.104215500 095 
6296.104771000 094 
6296.105326500 090 
6296.105882000 091 
6296.106437500 091 
6296.106993000 092 
6296.107548500 095 
6296.108104000 098 
6296.108659500 103 
6296.109215000 108 
6296.109770500 113 
6296.110326000 120 
6296.110881500 126 
6296.111437000 133 
6296.111992500 140 
6296.112548000 144 
6296.113103500 150 
6296.113659000 155 
6296.114214500 159 
6296.114770000 161 
6296.115325500 164 
6296.115881000 164 
6296.116436500 164 
6296.116992000 162 
6296.117547500 160 
6296.118103000 157 
6296.118658500 151 
6296.119214000 147 
6296.119769500 142 
6296.120325000 135 
6296.120880500 128 
6296.121436000 123 
6296.121991500 115 
6296.122547000 111 
6296.123102500 104 
6296.123658000 100 
6296.124213500 096 
6296.124769000 093 
6296.125324500 090 
6296.125880000 091 
6296.126435500 092 
6296.126991000 092 
6296.127546500 094 
6296.128102000 099 
6296.128657500 103 
6296.129213000 107 
6296.129768500 113 
6296.130324000 120 
6296.130879500 125 
6296.131435000 133 
6296.131990500 139 
6296.132546000 145 
6296.133101500 150 
6296.133657000 155 
6296.134212500 159 
6296.134768000 162 
6296.135323500 164 
6296.135879000 164 
6296.136434500 164 
6296.136990000 163 
6296.137545500 160 
6296.138101000 157 
6296.138656500 152 
6296.139212000 147 
6296.139767500 141 
6296.140323000 135 
6296.140878500 129 
6296.141434000 122 
6296.141989500 116 
6296.142545000 110 
6296.143100500 105 
6296.143656000 100 
6296.144211500 096 
6296.144767000 093 
6296.145322500 091 
6296.145878000 090 
6296.146433500 092 
6296.146989000 092 
6296.147544500 095 
6296.148100000 098 
6296.148655500 103 
6296.149211000 108 
6296.149766500 113 
6296.150322000 120 
6296.150877500 126 
6296.151433000 133 
6296.151988500 139 
6296.152544000 145 
6296.153099500 150 
6296.153655000 155 
6296.154210500 158 
6296.154766000 162 
6296.155321500 164 
6296.155877000 165 
6296.156432500 164 
6296.156988000 162 
6296.157543500 160 
6296.158099000 157 
6296.158654500 151 
6296.159210000 148 
6296.159765500 141 
6296.160321000 135 
6296.160876500 129 
6296.161432000 122 
6296.161987500 116 
6296.162543000 110 
6296.163098500 104 
6296.163654000 100 
6296.164209500 096 
6296.164765000 093 
6296.165320500 091 
6296.165876000 091 
6296.166431500 091 
6296.166987000 092 
6296.167542500 095 
6296.168098000 098 
6296.168653500 102 
6296.169209000 108 
6296.169764500 113 
6296.170320000 119 
6296.170875500 126 
6296.171431000 132 
6296.171986500 139 
6296.172542000 144 
6296.173097500 150 
6296.173653000 155 
6296.174208500 159 
6296.174764000 162 
6296.175319500 163 
6296.175875000 164 
6296.176430500 164 
6296.176986000 162 
6296.177541500 160 
6296.178097000 156 
6296.178652500 152 
6296.179208000 148 
6296.179763500 142 
6296.180319000 135 
6296.180874500 129 
6296.181430000 122 
6296.181985500 116 
6296.182541000 109 
6296.183096500 105 
6296.183652000 100 
6296.184207500 095 
6296.184763000 094 
6296.185318500 091 
6296.185874000 089 
6296.186429500 090 
6296.186985000 092 
6296.187540500 094 
6296.188096000 098 
6296.188651500 102 
6296.189207000 108 
6296.189762500 114 
6296.190318000 119 
6296.190873500 126 
6296.191429000 132 
6296.191984500 139 
6296.192540000 145 
6296.193095500 150 
6296.193651000 155 
6296.194206500 160 
6296.194762000 162 
6296.195317500 165 
6296.195873000 165 
6296.196428500 165 
6296.196984000 163 
6296.197539500 160 
6296.198095000 157 
6296.198650500 153 
6296.199206000 147 
6296.199761500 142 
6296.200317000 135 
6296.200872500 128 
6296.201428000 123 
6296.201983500 115 
6296.202539000 110 
6296.203094500 104 
6296.203650000 099 
6296.204205500 096 
6296.204761000 092 
6296.205316500 091 
6296.205872000 090 
6296.206427500 089 
6296.206983000 093 
6296.207538500 094 
6296.208094000 097 
6296.208649500 103 
6296.209205000 108 
6296.209760500 112 
6296.210316000 119 
6296.210871500 127 
6296.211427000 132 
6296.211982500 139 
6296.212538000 145 
6296.213093500 150 
6296.213649000 156 
6296.214204500 159 
6296.214760000 162 
6296.215315500 164 
6296.215871000 165 
6296.216426500 165 
6296.216982000 163 
6296.217537500 160 
6296.218093000 158 
6296.218648500 152 
6296.219204000 147 
6296.219759500 142 
6296.220315000 135 
6296.220870500 129 
6296.221426000 123 
6296.221981500 115 
6296.222537000 110 
6296.223092500 105 
6296.223648000 099 
6296.224203500 096 
6296.224759000 094 
6296.225314500 091 
6296.225870000 090 
6296.226425500 091 
6296.226981000 092 
6296.227536500 095 
6296.228092000 098 
6296.228647500 102 
6296.229203000 107 
6296.229758500 113 
6296.230314000 120 
6296.230869500 126 
6296.231425000 132 
6296.231980500 139 
6296.232536000 145 
6296.233091500 150 
6296.233647000 156 
6296.234202500 159 
6296.234758000 162 
6296.235313500 165 
6296.235869000 165 
6296.236424500 165 
6296.236980000 163 
6296.237535500 160 
6296.238091000 158 
6296.238646500 152 
6296.239202000 147 
6296.239757500 142 
6296.240313000 135 
6296.240868500 129 
6296.241424000 122 
6296.241979500 116 
6296.242535000 111 
6296.243090500 103 
6296.243646000 100 
6296.244201500 095 
6296.244757000 094 
6296.245312500 090 
6296.245868000 091 
6296.246423500 091 
6296.246979000 091 
6296.247534500 095 
6296.248090000 098 
6296.248645500 103 
6296.249201000 107 
6296.249756500 114 
6296.250312000 119 
6296.250867500 126 
6296.251423000 132 
6296.251978500 139 
6296.252534000 146 
6296.253089500 150 
6296.253645000 155 
6296.254200500 159 
6296.254756000 162 
6296.255311500 165 
6296.255867000 165 
6296.256422500 165 
6296.256978000 163 
6296.257533500 160 
6296.258089000 157 
6296.258644500 152 
6296.259200000 147 
6296.259755500 142 
6296.260311000 135 
6296.260866500 128 
6296.261422000 122 
6296.261977500 115 
6296.262533000 110 
6296.263088500 104 
6296.263644000 100 
6296.264199500 096 
6296.264755000 092 
6296.265310500 090 
6296.265866000 090 
6296.266421500 090 
6296.266977000 092 
6296.267532500 095 
6296.268088000 097 
6296.268643500 102 
6296.269199000 107 
6296.269754500 113 
6296.270310000 119 
6296.270865500 126 
6296.271421000 133 
6296.271976500 138 
6296.272532000 145 
6296.273087500 151 
6296.273643000 156 
6296.274198500 160 
6296.274754000 163 
6296.275309500 166 
6296.275865000 166 
6296.276420500 165 
6296.276976000 164 
6296.277531500 162 
6296.278087000 158 
6296.278642500 152 
6296.279198000 148 
6296.279753500 141 
6296.280309000 135 
6296.280864500 129 
6296.281420000 121 
6296.281975500 116 
6296.282531000 108 
6296.283086500 104 
6296.283642000 099 
6296.284197500 094 
6296.284753000 092 
6296.285308500 089 
6296.285864000 089 
6296.286419500 089 
6296.286975000 091 
6296.287530500 093 
6296.288086000 096 
6296.288641500 102 
6296.289197000 106 
6296.289752500 112 
6296.290308000 118 
6296.290863500 126 
6296.291419000 133 
6296.291974500 139 
6296.292530000 146 
6296.293085500 151 
6296.293641000 156 
6296.294196500 160 
6296.294752000 163 
6296.295307500 166 
6296.295863000 166 
6296.296418500 166 
6296.296974000 164 
6296.297529500 161 
6296.298085000 158 
6296.298640500 154 
6296.299196000 148 
6296.299751500 143 
6296.300307000 135 
6296.300862500 128 
6296.301418000 122 
6296.301973500 115 
6296.302529000 108 
6296.303084500 104 
6296.303640000 098 
6296.304195500 094 
6296.304751000 091 
6296.305306500 090 
6296.305862000 089 
6296.306417500 089 
6296.306973000 091 
6296.307528500 094 
6296.308084000 096 
6296.308639500 102 
6296.309195000 106 
6296.309750500 112 
6296.310306000 120 
6296.310861500 126 
6296.311417000 132 
6296.311972500 140 
6296.312528000 146 
6296.313083500 151 
6296.313639000 156 
6296.314194500 160 
6296.314750000 163 
6296.315305500 166 
6296.315861000 166 
6296.316416500 166 
6296.316972000 164 
6296.317527500 162 
6296.318083000 158 
6296.318638500 153 
6296.319194000 148 
6296.319749500 142 
6296.320305000 136 
6296.320860500 129 
6296.321416000 122 
6296.321971500 116 
6296.322527000 109 
6296.323082500 104 
6296.323638000 098 
6296.324193500 094 
6296.324749000 092 
6296.325304500 089 
6296.325860000 088 
6296.326415500 089 
6296.326971000 091 
6296.327526500 093 
6296.328082000 096 
6296.328637500 102 
6296.329193000 106 
6296.329748500 113 
6296.330304000 120 
6296.330859500 125 
6296.331415000 133 
6296.331970500 139 
6296.332526000 145 
6296.333081500 152 
6296.333637000 156 
6296.334192500 160 
6296.334748000 164 
6296.335303500 165 
6296.335859000 167 
6296.336414500 166 
6296.336970000 164 
6296.337525500 162 
6296.338081000 158 
6296.338636500 153 
6296.339192000 148 
6296.339747500 142 
6296.340303000 136 
6296.340858500 128 
6296.341414000 122 
6296.341969500 115 
6296.342525000 109 
6296.343080500 103 
6296.343636000 100 
6296.344191500 094 
6296.344747000 092 
6296.345302500 090 
6296.345858000 088 
6296.346413500 089 
6296.346969000 091 
6296.347524500 094 
6296.348080000 096 
6296.348635500 102 
6296.349191000 106 
6296.349746500 112 
6296.350302000 119 
6296.350857500 126 
6296.351413000 133 
6296.351968500 139 
6296.352524000 145 
6296.353079500 152 
6296.353635000 156 
6296.354190500 160 
6296.354746000 163 
6296.355301500 165 
6296.355857000 167 
6296.356412500 165 
6296.356968000 164 
6296.357523500 161 
6296.358079000 158 
6296.358634500 154 
6296.359190000 148 
6296.359745500 142 
6296.360301000 136 
6296.360856500 128 
6296.361412000 122 
6296.361967500 115 
6296.362523000 109 
6296.363078500 104 
6296.363634000 098 
6296.364189500 095 
6296.364745000 092 
6296.365300500 089 
6296.365856000 089 
6296.366411500 089 
6296.366967000 091 
6296.367522500 094 
6296.368078000 096 
6296.368633500 102 
6296.369189000 106 
6296.369744500 112 
6296.370300000 120 
6296.370855500 126 
6296.371411000 132 
6296.371966500 140 
6296.372522000 145 
6296.373077500 151 
6296.373633000 156 
6296.374188500 161 
6296.374744000 163 
6296.375299500 166 
6296.375855000 166 
6296.376410500 166 
6296.376966000 164 
6296.377521500 162 
6296.378077000 158 
6296.378632500 154 
6296.379188000 148 
6296.379743500 142 
6296.380299000 135 
6296.380854500 129 
6296.381410000 123 
6296.381965500 115 
6296.382521000 109 
6296.383076500 104 
6296.383632000 098 
6296.384187500 095 
6296.384743000 092 
6296.385298500 089 
6296.385854000 089 
6296.386409500 089 
6296.386965000 092 
6296.387520500 092 
6296.388076000 097 
6296.388631500 101 
6296.389187000 107 
6296.389742500 112 
6296.390298000 119 
6296.390853500 125 
6296.391409000 133 
6296.391964500 139 
6296.392520000 146 
6296.393075500 151 
6296.393631000 156 
6296.394186500 160 
6296.394742000 163 
6296.395297500 165 
6296.395853000 166 
6296.396408500 166 
6296.396964000 163 
6296.397519500 162 
6296.398075000 158 
6296.398630500 153 
6296.399186000 148 
6296.399741500 142 
6296.400297000 137 
6296.400852500 129 
6296.401408000 122 
6296.401963500 116 
6296.402519000 109 
6296.403074500 104 
6296.403630000 098 
6296.404185500 094 
6296.404741000 092 
6296.405296500 090 
6296.405852000 088 
6296.406407500 089 
6296.406963000 092 
6296.407518500 093 
6296.408074000 097 
6296.408629500 101 
6296.409185000 106 
6296.409740500 112 
6296.410296000 119 
6296.410851500 125 
6296.411407000 133 
6296.411962500 139 
6296.412518000 145 
6296.413073500 151 
6296.413629000 156 
6296.414184500 160 
6296.414740000 163 
6296.415295500 165 
6296.415851000 167 
6296.416406500 166 
6296.416962000 164 
6296.417517500 162 
6296.418073000 159 
6296.418628500 153 
6296.419184000 148 
6296.419739500 143 
6296.420295000 136 
6296.420850500 129 
6296.421406000 122 
6296.421961500 116 
6296.422517000 109 
6296.423072500 104 
6296.423628000 099 
6296.424183500 094 
6296.424739000 092 
6296.425294500 089 
6296.425850000 089 
6296.426405500 089 
6296.426961000 091 
6296.427516500 094 
6296.428072000 096 
6296.428627500 102 
6296.429183000 106 
6296.429738500 111 
6296.430294000 118 
6296.430849500 125 
6296.431405000 132 
6296.431960500 140 
6296.432516000 145 
6296.433071500 151 
6296.433627000 156 
6296.434182500 161 
6296.434738000 164 
6296.435293500 166 
6296.435849000 167 
6296.436404500 166 
6296.436960000 166 
6296.437515500 162 
6296.438071000 159 
6296.438626500 153 
6296.439182000 149 
6296.439737500 142 
6296.440293000 136 
6296.440848500 129 
6296.441404000 122 
6296.441959500 116 
6296.442515000 109 
6296.443070500 103 
6296.443626000 099 
6296.444181500 094 
6296.444737000 091 
6296.445292500 089 
6296.445848000 088 
6296.446403500 088 
6296.446959000 091 
6296.447514500 092 
6296.448070000 096 
6296.448625500 101 
6296.449181000 105 
6296.449736500 112 
6296.450292000 118 
6296.450847500 125 
6296.451403000 133 
6296.451958500 139 
6296.452514000 146 
6296.453069500 151 
6296.453625000 157 
6296.454180500 160 
6296.454736000 163 
6296.455291500 166 
6296.455847000 167 
6296.456402500 166 
6296.456958000 164 
6296.457513500 162 
6296.458069000 159 
6296.458624500 154 
6296.459180000 149 
6296.459735500 142 
6296.460291000 136 
6296.460846500 129 
6296.461402000 123 
6296.461957500 115 
6296.462513000 109 
6296.463068500 104 
6296.463624000 098 
6296.464179500 094 
6296.464735000 092 
6296.465290500 089 
6296.465846000 088 
6296.466401500 088 
6296.466957000 091 
6296.467512500 092 
6296.468068000 096 
6296.468623500 100 
6296.469179000 106 
6296.469734500 112 
6296.470290000 118 
6296.470845500 126 
6296.471401000 133 
6296.471956500 139 
6296.472512000 146 
6296.473067500 151 
6296.473623000 156 
6296.474178500 161 
6296.474734000 164 
6296.475289500 166 
6296.475845000 168 
6296.476400500 167 
6296.476956000 165 
6296.477511500 163 
6296.478067000 159 
6296.478622500 153 
6296.479178000 149 
6296.479733500 142 
6296.480289000 136 
6296.480844500 129 
6296.481400000 122 
6296.481955500 115 
6296.482511000 108 
6296.483066500 104 
6296.483622000 098 
6296.484177500 094 
6296.484733000 092 
6296.485288500 090 
6296.485844000 087 
6296.486399500 088 
6296.486955000 090 
6296.487510500 092 
6296.488066000 096 
6296.488621500 100 
6296.489177000 107 
6296.489732500 112 
6296.490288000 119 
6296.490843500 125 
6296.491399000 133 
6296.491954500 139 
6296.492510000 145 
6296.493065500 152 
6296.493621000 157 
6296.494176500 161 
6296.494732000 163 
6296.495287500 165 
6296.495843000 167 
6296.496398500 166 
6296.496954000 165 
6296.497509500 162 
6296.498065000 160 
6296.498620500 154 
6296.499176000 148 
6296.499731500 143 
6296.500287000 136 
6296.500842500 129 
6296.501398000 122 
6296.501953500 116 
6296.502509000 109 
6296.503064500 103 
6296.503620000 099 
6296.504175500 094 
6296.504731000 092 
6296.505286500 089 
6296.505842000 087 
6296.506397500 089 
6296.506953000 091 
6296.507508500 092 
6296.508064000 096 
6296.508619500 100 
6296.509175000 106 
6296.509730500 112 
6296.510286000 118 
6296.510841500 125 
6296.511397000 133 
6296.511952500 139 
6296.512508000 146 
6296.513063500 151 
6296.513619000 156 
6296.514174500 161 
6296.514730000 164 
6296.515285500 166 
6296.515841000 167 
6296.516396500 166 
6296.516952000 165 
6296.517507500 163 
6296.518063000 159 
6296.518618500 155 
6296.519174000 149 
6296.519729500 143 
6296.520285000 136 
6296.520840500 130 
6296.521396000 122 
6296.521951500 115 
6296.522507000 108 
6296.523062500 103 
6296.523618000 098 
6296.524173500 094 
6296.524729000 090 
6296.525284500 088 
6296.525840000 088 
6296.526395500 087 
6296.526951000 090 
6296.527506500 091 
6296.528062000 095 
6296.528617500 100 
6296.529173000 105 
6296.529728500 112 
6296.530284000 118 
6296.530839500 126 
6296.531395000 133 
6296.531950500 139 
6296.532506000 146 
6296.533061500 152 
6296.533617000 157 
6296.534172500 162 
6296.534728000 164 
6296.535283500 167 
6296.535839000 167 
6296.536394500 168 
6296.536950000 166 
6296.537505500 164 
6296.538061000 160 
6296.538616500 155 
6296.539172000 149 
6296.539727500 143 
6296.540283000 136 
6296.540838500 129 
6296.541394000 123 
6296.541949500 115 
6296.542505000 108 
6296.543060500 102 
6296.543616000 099 
6296.544171500 094 
6296.544727000 091 
6296.545282500 088 
6296.545838000 088 
6296.546393500 088 
6296.546949000 089 
6296.547504500 092 
6296.548060000 095 
6296.548615500 100 
6296.549171000 105 
6296.549726500 112 
6296.550282000 118 
6296.550837500 125 
6296.551393000 132 
6296.551948500 139 
6296.552504000 146 
6296.553059500 152 
6296.553615000 156 
6296.554170500 161 
6296.554726000 164 
6296.555281500 167 
6296.555837000 168 
6296.556392500 167 
6296.556948000 166 
6296.557503500 163 
6296.558059000 160 
6296.558614500 156 
6296.559170000 149 
6296.559725500 143 
6296.560281000 136 
6296.560836500 130 
6296.561392000 123 
6296.561947500 115 
6296.562503000 109 
6296.563058500 103 
6296.563614000 098 
6296.564169500 094 
6296.564725000 090 
6296.565280500 089 
6296.565836000 087 
6296.566391500 087 
6296.566947000 090 
6296.567502500 092 
6296.568058000 096 
6296.568613500 099 
6296.569169000 105 
6296.569724500 112 
6296.570280000 118 
6296.570835500 125 
6296.571391000 133 
6296.571946500 139 
6296.572502000 146 
6296.573057500 152 
6296.573613000 157 
6296.574168500 162 
6296.574724000 164 
6296.575279500 167 
6296.575835000 168 
6296.576390500 167 
6296.576946000 166 
6296.577501500 163 
6296.578057000 160 
6296.578612500 155 
6296.579168000 149 
6296.579723500 143 
6296.580279000 136 
6296.580834500 130 
6296.581390000 122 
6296.581945500 116 
6296.582501000 110 
6296.583056500 102 
6296.583612000 098 
6296.584167500 094 
6296.584723000 089 
6296.585278500 089 
6296.585834000 086 
6296.586389500 088 
6296.586945000 089 
6296.587500500 092 
6296.588056000 095 
6296.588611500 099 
6296.589167000 105 
6296.589722500 112 
6296.590278000 118 
6296.590833500 125 
6296.591389000 132 
6296.591944500 139 
6296.592500000 146 
6296.593055500 151 
6296.593611000 158 
6296.594166500 161 
6296.594722000 165 
6296.595277500 167 
6296.595833000 167 
6296.596388500 168 
6296.596944000 166 
6296.597499500 163 
6296.598055000 160 
6296.598610500 155 
6296.599166000 149 
6296.599721500 143 
6296.600277000 136 
6296.600832500 130 
6296.601388000 122 
6296.601943500 116 
6296.602499000 110 
6296.603054500 103 
6296.603610000 098 
6296.604165500 094 
6296.604721000 091 
6296.605276500 088 
6296.605832000 087 
6296.606387500 088 
6296.606943000 088 
6296.607498500 093 
6296.608054000 095 
6296.608609500 098 
6296.609165000 105 
6296.609720500 111 
6296.610276000 118 
6296.610831500 126 
6296.611387000 132 
6296.611942500 139 
6296.612498000 146 
6296.613053500 151 
6296.613609000 157 
6296.614164500 162 
6296.614720000 164 
6296.615275500 167 
6296.615831000 169 
6296.616386500 167 
6296.616942000 166 
6296.617497500 162 
6296.618053000 159 
6296.618608500 156 
6296.619164000 150 
6296.619719500 143 
6296.620275000 136 
6296.620830500 130 
6296.621386000 122 
6296.621941500 115 
6296.622497000 109 
6296.623052500 103 
6296.623608000 098 
6296.624163500 093 
6296.624719000 091 
6296.625274500 088 
6296.625830000 088 
6296.626385500 088 
6296.626941000 089 
6296.627496500 093 
6296.628052000 096 
6296.628607500 098 
6296.629163000 105 
6296.629718500 112 
6296.630274000 118 
6296.630829500 125 
6296.631385000 133 
6296.631940500 139 
6296.632496000 146 
6296.633051500 151 
6296.633607000 158 
6296.634162500 161 
6296.634718000 164 
6296.635273500 167 
6296.635829000 168 
6296.636384500 168 
6296.636940000 166 
6296.637495500 162 
6296.638051000 160 
6296.638606500 155 
6296.639162000 149 
6296.639717500 144 
6296.640273000 137 
6296.640828500 129 
6296.641384000 123 
6296.641939500 115 
6296.642495000 108 
6296.643050500 103 
6296.643606000 098 
6296.644161500 093 
6296.644717000 090 
6296.645272500 088 
6296.645828000 086 
6296.646383500 087 
6296.646939000 089 
6296.647494500 093 
6296.648050000 095 
6296.648605500 099 
6296.649161000 106 
6296.649716500 111 
6296.650272000 119 
6296.650827500 125 
6296.651383000 132 
6296.651938500 140 
6296.652494000 145 
6296.653049500 152 
6296.653605000 157 
6296.654160500 161 
6296.654716000 165 
6296.655271500 167 
6296.655827000 168 
6296.656382500 168 
6296.656938000 166 
6296.657493500 163 
6296.658049000 161 
6296.658604500 155 
6296.659160000 150 
6296.659715500 143 
6296.660271000 137 
6296.660826500 129 
6296.661382000 123 
6296.661937500 116 
6296.662493000 109 
6296.663048500 103 
6296.663604000 098 
6296.664159500 093 
6296.664715000 090 
6296.665270500 089 
6296.665826000 086 
6296.666381500 088 
6296.666937000 089 
6296.667492500 092 
6296.668048000 096 
6296.668603500 099 
6296.669159000 105 
6296.669714500 112 
6296.670270000 118 
6296.670825500 125 
6296.671381000 133 
6296.671936500 139 
6296.672492000 146 
6296.673047500 152 
6296.673603000 157 
6296.674158500 162 
6296.674714000 165 
6296.675269500 167 
6296.675825000 169 
6296.676380500 168 
6296.676936000 166 
6296.677491500 163 
6296.678047000 159 
6296.678602500 156 
6296.679158000 150 
6296.679713500 144 
6296.680269000 137 
6296.680824500 130 
6296.681380000 122 
6296.681935500 115 
6296.682491000 109 
6296.683046500 103 
6296.683602000 098 
6296.684157500 093 
6296.684713000 090 
6296.685268500 088 
6296.685824000 086 
6296.686379500 088 
6296.686935000 088 
6296.687490500 091 
6296.688046000 095 
6296.688601500 098 
6296.689157000 105 
6296.689712500 112 
6296.690268000 118 
6296.690823500 126 
6296.691379000 132 
6296.691934500 139 
6296.692490000 147 
6296.693045500 151 
6296.693601000 157 
6296.694156500 162 
6296.694712000 165 
6296.695267500 167 
6296.695823000 168 
6296.696378500 168 
6296.696934000 166 
6296.697489500 163 
6296.698045000 160 
6296.698600500 156 
6296.699156000 149 
6296.699711500 144 
6296.700267000 137 
6296.700822500 130 
6296.701378000 122 
6296.701933500 115 
6296.702489000 108 
6296.703044500 102 
6296.703600000 098 
6296.704155500 093 
6296.704711000 091 
6296.705266500 087 
6296.705822000 087 
6296.706377500 087 
6296.706933000 088 
6296.707488500 092 
6296.708044000 094 
6296.708599500 099 
6296.709155000 106 
6296.709710500 111 
6296.710266000 118 
6296.710821500 125 
6296.711377000 133 
6296.711932500 139 
6296.712488000 146 
6296.713043500 152 
6296.713599000 157 
6296.714154500 161 
6296.714710000 166 
6296.715265500 167 
6296.715821000 168 
6296.716376500 168 
6296.716932000 166 
6296.717487500 164 
6296.718043000 160 
6296.718598500 156 
6296.719154000 150 
6296.719709500 143 
6296.720265000 137 
6296.720820500 130 
6296.721376000 123 
6296.721931500 116 
6296.722487000 108 
6296.723042500 103 
6296.723598000 098 
6296.724153500 093 
6296.724709000 090 
6296.725264500 087 
6296.725820000 087 
6296.726375500 087 
6296.726931000 088 
6296.727486500 092 
6296.728042000 094 
6296.728597500 099 
6296.729153000 105 
6296.729708500 110 
6296.730264000 118 
6296.730819500 125 
6296.731375000 131 
6296.731930500 140 
6296.732486000 145 
6296.733041500 152 
6296.733597000 158 
6296.734152500 161 
6296.734708000 165 
6296.735263500 167 
6296.735819000 168 
6296.736374500 168 
6296.736930000 166 
6296.737485500 163 
6296.738041000 160 
6296.738596500 155 
6296.739152000 150 
6296.739707500 144 
6296.740263000 136 
6296.740818500 130 
6296.741374000 122 
6296.741929500 115 
6296.742485000 109 
6296.743040500 103 
6296.743596000 097 
6296.744151500 093 
6296.744707000 089 
6296.745262500 088 
6296.745818000 087 
6296.746373500 087 
6296.746929000 089 
6296.747484500 092 
6296.748040000 094 
6296.748595500 099 
6296.749151000 105 
6296.749706500 110 
6296.750262000 118 
6296.750817500 124 
6296.751373000 132 
6296.751928500 140 
6296.752484000 145 
6296.753039500 152 
6296.753595000 157 
6296.754150500 162 
6296.754706000 166 
6296.755261500 167 
6296.755817000 168 
6296.756372500 168 
6296.756928000 166 
6296.757483500 163 
6296.758039000 160 
6296.758594500 156 
6296.759150000 150 
6296.759705500 144 
6296.760261000 137 
6296.760816500 129 
6296.761372000 122 
6296.761927500 116 
6296.762483000 109 
6296.763038500 102 
6296.763594000 099 
6296.764149500 092 
6296.764705000 089 
6296.765260500 088 
6296.765816000 085 
6296.766371500 085 
6296.766927000 087 
6296.767482500 092 
6296.768038000 093 
6296.768593500 099 
6296.769149000 105 
6296.769704500 110 
6296.770260000 117 
6296.770815500 126 
6296.771371000 132 
6296.771926500 140 
6296.772482000 146 
6296.773037500 154 
6296.773593000 158 
6296.774148500 163 
6296.774704000 167 
6296.775259500 168 
6296.775815000 169 
6296.776370500 170 
6296.776926000 168 
6296.777481500 164 
6296.778037000 161 
6296.778592500 157 
6296.779148000 150 
6296.779703500 144 
6296.780259000 138 
6296.780814500 129 
6296.781370000 122 
6296.781925500 115 
6296.782481000 108 
6296.783036500 102 
6296.783592000 097 
6296.784147500 091 
6296.784703000 090 
6296.785258500 086 
6296.785814000 086 
6296.786369500 085 
6296.786925000 087 
6296.787480500 091 
6296.788036000 093 
6296.788591500 097 
6296.789147000 105 
6296.789702500 110 
6296.790258000 117 
6296.790813500 125 
6296.791369000 133 
6296.791924500 139 
6296.792480000 148 
6296.793035500 153 
6296.793591000 158 
6296.794146500 163 
6296.794702000 166 
6296.795257500 169 
6296.795813000 170 
6296.796368500 169 
6296.796924000 168 
6296.797479500 164 
6296.798035000 161 
6296.798590500 158 
6296.799146000 150 
6296.799701500 145 
6296.800257000 137 
6296.800812500 130 
6296.801368000 123 
6296.801923500 115 
6296.802479000 108 
6296.803034500 102 
6296.803590000 096 
6296.804145500 092 
6296.804701000 090 
6296.805256500 086 
6296.805812000 086 
6296.806367500 085 
6296.806923000 088 
6296.807478500 090 
6296.808034000 094 
6296.808589500 098 
6296.809145000 104 
6296.809700500 110 
6296.810256000 117 
6296.810811500 125 
6296.811367000 131 
6296.811922500 140 
6296.812478000 147 
6296.813033500 153 
6296.813589000 158 
6296.814144500 162 
6296.814700000 166 
6296.815255500 169 
6296.815811000 169 
6296.816366500 170 
6296.816922000 168 
6296.817477500 164 
6296.818033000 161 
6296.818588500 157 
6296.819144000 151 
6296.819699500 144 
6296.820255000 137 
6296.820810500 129 
6296.821366000 123 
6296.821921500 114 
6296.822477000 107 
6296.823032500 102 
6296.823588000 096 
6296.824143500 093 
6296.824699000 088 
6296.825254500 087 
6296.825810000 085 
6296.826365500 085 
6296.826921000 088 
6296.827476500 091 
6296.828032000 093 
6296.828587500 098 
6296.829143000 104 
6296.829698500 110 
6296.830254000 117 
6296.830809500 125 
6296.831365000 132 
6296.831920500 140 
6296.832476000 147 
6296.833031500 152 
6296.833587000 158 
6296.834142500 163 
6296.834698000 166 
6296.835253500 169 
6296.835809000 169 
6296.836364500 169 
6296.836920000 168 
6296.837475500 164 
6296.838031000 161 
6296.838586500 157 
6296.839142000 151 
6296.839697500 144 
6296.840253000 137 
6296.840808500 131 
6296.841364000 122 
6296.841919500 115 
6296.842475000 107 
6296.843030500 102 
6296.843586000 097 
6296.844141500 092 
6296.844697000 088 
6296.845252500 087 
6296.845808000 085 
6296.846363500 086 
6296.846919000 087 
6296.847474500 090 
6296.848030000 094 
6296.848585500 097 
6296.849141000 103 
6296.849696500 111 
6296.850252000 117 
6296.850807500 125 
6296.851363000 132 
6296.851918500 139 
6296.852474000 146 
6296.853029500 153 
6296.853585000 159 
6296.854140500 162 
6296.854696000 167 
6296.855251500 168 
6296.855807000 169 
6296.856362500 169 
6296.856918000 167 
6296.857473500 164 
6296.858029000 161 
6296.858584500 157 
6296.859140000 151 
6296.859695500 144 
6296.860251000 138 
6296.860806500 130 
6296.861362000 122 
6296.861917500 116 
6296.862473000 109 
6296.863028500 102 
6296.863584000 098 
6296.864139500 092 
6296.864695000 089 
6296.865250500 087 
6296.865806000 085 
6296.866361500 085 
6296.866917000 087 
6296.867472500 090 
6296.868028000 093 
6296.868583500 098 
6296.869139000 104 
6296.869694500 110 
6296.870250000 118 
6296.870805500 125 
6296.871361000 132 
6296.871916500 140 
6296.872472000 147 
6296.873027500 152 
6296.873583000 158 
6296.874138500 163 
6296.874694000 166 
6296.875249500 169 
6296.875805000 170 
6296.876360500 170 
6296.876916000 167 
6296.877471500 164 
6296.878027000 161 
6296.878582500 157 
6296.879138000 150 
6296.879693500 144 
6296.880249000 137 
6296.880804500 130 
6296.881360000 122 
6296.881915500 115 
6296.882471000 107 
6296.883026500 103 
6296.883582000 097 
6296.884137500 092 
6296.884693000 090 
6296.885248500 087 
6296.885804000 085 
6296.886359500 086 
6296.886915000 088 
6296.887470500 090 
6296.888026000 094 
6296.888581500 098 
6296.889137000 104 
6296.889692500 111 
6296.890248000 117 
6296.890803500 124 
6296.891359000 132 
6296.891914500 140 
6296.892470000 146 
6296.893025500 152 
6296.893581000 158 
6296.894136500 163 
6296.894692000 166 
6296.895247500 169 
6296.895803000 169 
6296.896358500 170 
6296.896914000 168 
6296.897469500 165 
6296.898025000 162 
6296.898580500 156 
6296.899136000 151 
6296.899691500 144 
6296.900247000 138 
6296.900802500 130 
6296.901358000 122 
6296.901913500 114 
6296.902469000 109 
6296.903024500 102 
6296.903580000 096 
6296.904135500 092 
6296.904691000 089 
6296.905246500 086 
6296.905802000 084 
6296.906357500 086 
6296.906913000 086 
6296.907468500 090 
6296.908024000 094 
6296.908579500 098 
6296.909135000 105 
6296.909690500 110 
6296.910246000 117 
6296.910801500 125 
6296.911357000 131 
6296.911912500 139 
6296.912468000 146 
6296.913023500 153 
6296.913579000 157 
6296.914134500 163 
6296.914690000 166 
6296.915245500 168 
6296.915801000 170 
6296.916356500 169 
6296.916912000 168 
6296.917467500 164 
6296.918023000 162 
6296.918578500 156 
6296.919134000 150 
6296.919689500 145 
6296.920245000 137 
6296.920800500 130 
6296.921356000 123 
6296.921911500 115 
6296.922467000 108 
6296.923022500 103 
6296.923578000 096 
6296.924133500 092 
6296.924689000 089 
6296.925244500 088 
6296.925800000 085 
6296.926355500 085 
6296.926911000 087 
6296.927466500 090 
6296.928022000 093 
6296.928577500 098 
6296.929133000 103 
6296.929688500 110 
6296.930244000 118 
6296.930799500 124 
6296.931355000 132 
6296.931910500 140 
6296.932466000 146 
6296.933021500 152 
6296.933577000 159 
6296.934132500 163 
6296.934688000 166 
6296.935243500 168 
6296.935799000 169 
6296.936354500 170 
6296.936910000 168 
6296.937465500 164 
6296.938021000 162 
6296.938576500 157 
6296.939132000 150 
6296.939687500 144 
6296.940243000 137 
6296.940798500 130 
6296.941354000 122 
6296.941909500 116 
6296.942465000 108 
6296.943020500 102 
6296.943576000 097 
6296.944131500 092 
6296.944687000 089 
6296.945242500 087 
6296.945798000 085 
6296.946353500 086 
6296.946909000 086 
6296.947464500 091 
6296.948020000 093 
6296.948575500 098 
6296.949131000 105 
6296.949686500 110 
6296.950242000 117 
6296.950797500 125 
6296.951353000 133 
6296.951908500 139 
6296.952464000 147 
6296.953019500 153 
6296.953575000 158 
6296.954130500 163 
6296.954686000 166 
6296.955241500 169 
6296.955797000 170 
6296.956352500 170 
6296.956908000 169 
6296.957463500 165 
6296.958019000 162 
6296.958574500 158 
6296.959130000 150 
6296.959685500 145 
6296.960241000 137 
6296.960796500 130 
6296.961352000 123 
6296.961907500 115 
6296.962463000 108 
6296.963018500 103 
6296.963574000 096 
6296.964129500 092 
6296.964685000 090 
6296.965240500 086 
6296.965796000 086 
6296.966351500 084 
6296.966907000 086 
6296.967462500 090 
6296.968018000 093 
6296.968573500 098 
6296.969129000 104 
6296.969684500 111 
6296.970240000 117 
6296.970795500 125 
6296.971351000 132 
6296.971906500 140 
6296.972462000 146 
6296.973017500 153 
6296.973573000 158 
6296.974128500 162 
6296.974684000 166 
6296.975239500 169 
6296.975795000 171 
6296.976350500 170 
6296.976906000 168 
6296.977461500 166 
6296.978017000 162 
6296.978572500 157 
6296.979128000 151 
6296.979683500 144 
6296.980239000 138 
6296.980794500 130 
6296.981350000 123 
6296.981905500 115 
6296.982461000 108 
6296.983016500 102 
6296.983572000 097 
6296.984127500 092 
6296.984683000 089 
6296.985238500 086 
6296.985794000 086 
6296.986349500 085 
6296.986905000 087 
6296.987460500 089 
6296.988016000 094 
6296.988571500 098 
6296.989127000 104 
6296.989682500 111 
6296.990238000 117 
6296.990793500 125 
6296.991349000 132 
6296.991904500 139 
6296.992460000 147 
6296.993015500 152 
6296.993571000 158 
6296.994126500 162 
6296.994682000 166 
6296.995237500 168 
6296.995793000 170 
6296.996348500 169 
6296.996904000 168 
6296.997459500 166 
6296.998015000 161 
6296.998570500 156 
6296.999126000 151 
6296.999681500 145 
6297.000237000 137 
6297.000792500 130 
6297.001348000 123 
6297.001903500 115 
6297.002459000 109 
6297.003014500 102 
6297.003570000 096 
6297.004125500 092 
6297.004681000 089 
6297.005236500 086 
6297.005792000 086 
6297.006347500 085 
6297.006903000 086 
6297.007458500 089 
6297.008014000 093 
6297.008569500 098 
6297.009125000 104 
6297.009680500 110 
6297.010236000 117 
6297.010791500 124 
6297.011347000 133 
6297.011902500 139 
6297.012458000 147 
6297.013013500 154 
6297.013569000 158 
6297.014124500 163 
6297.014680000 168 
6297.015235500 169 
6297.015791000 171 
6297.016346500 170 
6297.016902000 169 
6297.017457500 166 
6297.018013000 162 
6297.018568500 158 
6297.019124000 151 
6297.019679500 145 
6297.020235000 138 
6297.020790500 131 
6297.021346000 121 
6297.021901500 116 
6297.022457000 108 
6297.023012500 101 
6297.023568000 097 
6297.024123500 090 
6297.024679000 088 
6297.025234500 084 
6297.025790000 084 
6297.026345500 084 
6297.026901000 085 
6297.027456500 089 
6297.028012000 093 
6297.028567500 096 
6297.029123000 102 
6297.029678500 110 
6297.030234000 116 
6297.030789500 124 
6297.031345000 132 
6297.031900500 139 
6297.032456000 146 
6297.033011500 153 
6297.033567000 159 
6297.034122500 163 
6297.034678000 168 
6297.035233500 170 
6297.035789000 171 
6297.036344500 171 
6297.036900000 170 
6297.037455500 166 
6297.038011000 162 
6297.038566500 158 
6297.039122000 151 
6297.039677500 145 
6297.040233000 138 
6297.040788500 130 
6297.041344000 123 
6297.041899500 115 
6297.042455000 108 
6297.043010500 102 
6297.043566000 096 
6297.044121500 092 
6297.044677000 088 
6297.045232500 084 
6297.045788000 084 
6297.046343500 084 
6297.046899000 085 
6297.047454500 089 
6297.048010000 092 
6297.048565500 097 
6297.049121000 103 
6297.049676500 109 
6297.050232000 117 
6297.050787500 125 
6297.051343000 131 
6297.051898500 140 
6297.052454000 147 
6297.053009500 153 
6297.053565000 160 
6297.054120500 164 
6297.054676000 168 
6297.055231500 170 
6297.055787000 171 
6297.056342500 172 
6297.056898000 169 
6297.057453500 167 
6297.058009000 163 
6297.058564500 158 
6297.059120000 151 
6297.059675500 145 
6297.060231000 138 
6297.060786500 131 
6297.061342000 123 
6297.061897500 115 
6297.062453000 108 
6297.063008500 102 
6297.063564000 096 
6297.064119500 091 
6297.064675000 088 
6297.065230500 085 
6297.065786000 084 
6297.066341500 084 
6297.066897000 085 
6297.067452500 089 
6297.068008000 092 
6297.068563500 097 
6297.069119000 104 
6297.069674500 108 
6297.070230000 117 
6297.070785500 124 
6297.071341000 132 
6297.071896500 139 
6297.072452000 147 
6297.073007500 154 
6297.073563000 159 
6297.074118500 164 
6297.074674000 167 
6297.075229500 169 
6297.075785000 171 
6297.076340500 171 
6297.076896000 169 
6297.077451500 167 
6297.078007000 163 
6297.078562500 157 
6297.079118000 152 
6297.079673500 145 
6297.080229000 138 
6297.080784500 130 
6297.081340000 123 
6297.081895500 115 
6297.082451000 109 
6297.083006500 101 
6297.083562000 096 
6297.084117500 092 
6297.084673000 087 
6297.085228500 085 
6297.085784000 084 
6297.086339500 084 
6297.086895000 085 
6297.087450500 089 
6297.088006000 092 
6297.088561500 097 
6297.089117000 104 
6297.089672500 109 
6297.090228000 116 
6297.090783500 125 
6297.091339000 132 
6297.091894500 139 
6297.092450000 147 
6297.093005500 153 
6297.093561000 159 
6297.094116500 163 
6297.094672000 168 
6297.095227500 170 
6297.095783000 171 
6297.096338500 170 
6297.096894000 169 
6297.097449500 166 
6297.098005000 162 
6297.098560500 158 
6297.099116000 151 
6297.099671500 146 
6297.100227000 138 
6297.100782500 130 
6297.101338000 123 
6297.101893500 115 
6297.102449000 108 
6297.103004500 102 
6297.103560000 096 
6297.104115500 091 
6297.104671000 088 
6297.105226500 084 
6297.105782000 085 
6297.106337500 083 
6297.106893000 085 
6297.107448500 088 
6297.108004000 091 
6297.108559500 097 
6297.109115000 103 
6297.109670500 109 
6297.110226000 116 
6297.110781500 124 
6297.111337000 132 
6297.111892500 139 
6297.112448000 147 
6297.113003500 153 
6297.113559000 159 
6297.114114500 164 
6297.114670000 168 
6297.115225500 170 
6297.115781000 171 
6297.116336500 172 
6297.116892000 170 
6297.117447500 167 
6297.118003000 163 
6297.118558500 158 
6297.119114000 152 
6297.119669500 145 
6297.120225000 138 
6297.120780500 131 
6297.121336000 122 
6297.121891500 115 
6297.122447000 107 
6297.123002500 101 
6297.123558000 096 
6297.124113500 092 
6297.124669000 088 
6297.125224500 085 
6297.125780000 084 
6297.126335500 083 
6297.126891000 086 
6297.127446500 088 
6297.128002000 092 
6297.128557500 097 
6297.129113000 102 
6297.129668500 110 
6297.130224000 116 
6297.130779500 123 
6297.131335000 132 
6297.131890500 139 
6297.132446000 147 
6297.133001500 153 
6297.133557000 159 
6297.134112500 164 
6297.134668000 168 
6297.135223500 170 
6297.135779000 172 
6297.136334500 171 
6297.136890000 169 
6297.137445500 167 
6297.138001000 163 
6297.138556500 159 
6297.139112000 151 
6297.139667500 146 
6297.140223000 139 
6297.140778500 130 
6297.141334000 123 
6297.141889500 115 
6297.142445000 109 
6297.143000500 101 
6297.143556000 096 
6297.144111500 092 
6297.144667000 087 
6297.145222500 085 
6297.145778000 083 
6297.146333500 084 
6297.146889000 085 
6297.147444500 089 
6297.148000000 093 
6297.148555500 096 
6297.149111000 104 
6297.149666500 109 
6297.150222000 117 
6297.150777500 124 
6297.151333000 132 
6297.151888500 140 
6297.152444000 147 
6297.152999500 153 
6297.153555000 159 
6297.154110500 164 
6297.154666000 167 
6297.155221500 170 
6297.155777000 172 
6297.156332500 171 
6297.156888000 169 
6297.157443500 167 
6297.157999000 163 
6297.158554500 158 
6297.159110000 151 
6297.159665500 145 
6297.160221000 138 
6297.160776500 130 
6297.161332000 122 
6297.161887500 116 
6297.162443000 107 
6297.162998500 102 
6297.163554000 096 
6297.164109500 090 
6297.164665000 088 
6297.165220500 086 
6297.165776000 083 
6297.166331500 083 
6297.166887000 085 
6297.167442500 088 
6297.167998000 091 
6297.168553500 097 
6297.169109000 103 
6297.169664500 109 
6297.170220000 117 
6297.170775500 124 
6297.171331000 132 
6297.171886500 140 
6297.172442000 147 
6297.172997500 153 
6297.173553000 159 
6297.174108500 164 
6297.174664000 167 
6297.175219500 170 
6297.175775000 172 
6297.176330500 171 
6297.176886000 169 
6297.177441500 167 
6297.177997000 164 
6297.178552500 158 
6297.179108000 152 
6297.179663500 145 
6297.180219000 138 
6297.180774500 131 
6297.181330000 123 
6297.181885500 115 
6297.182441000 108 
6297.182996500 101 
6297.183552000 096 
6297.184107500 091 
6297.184663000 087 
6297.185218500 085 
6297.185774000 083 
6297.186329500 082 
6297.186885000 085 
6297.187440500 089 
6297.187996000 091 
6297.188551500 097 
6297.189107000 103 
6297.189662500 110 
6297.190218000 116 
6297.190773500 124 
6297.191329000 132 
6297.191884500 139 
6297.192440000 147 
6297.192995500 153 
6297.193551000 159 
6297.194106500 164 
6297.194662000 167 
6297.195217500 170 
6297.195773000 172 
6297.196328500 171 
6297.196884000 170 
6297.197439500 167 
6297.197995000 163 
6297.198550500 159 
6297.199106000 152 
6297.199661500 145 
6297.200217000 139 
6297.200772500 131 
6297.201328000 123 
6297.201883500 116 
6297.202439000 107 
6297.202994500 102 
6297.203550000 096 
6297.204105500 090 
6297.204661000 087 
6297.205216500 085 
6297.205772000 083 
6297.206327500 083 
6297.206883000 084 
6297.207438500 087 
6297.207994000 092 
6297.208549500 096 
6297.209105000 102 
6297.209660500 108 
6297.210216000 117 
6297.210771500 124 
6297.211327000 131 
6297.211882500 140 
6297.212438000 147 
6297.212993500 153 
6297.213549000 159 
6297.214104500 165 
6297.214660000 168 
6297.215215500 171 
6297.215771000 172 
6297.216326500 172 
6297.216882000 171 
6297.217437500 168 
6297.217993000 164 
6297.218548500 159 
6297.219104000 152 
6297.219659500 146 
6297.220215000 138 
6297.220770500 130 
6297.221326000 123 
6297.221881500 116 
6297.222437000 108 
6297.222992500 101 
6297.223548000 096 
6297.224103500 090 
6297.224659000 087 
6297.225214500 085 
6297.225770000 082 
6297.226325500 084 
6297.226881000 084 
6297.227436500 087 
6297.227992000 092 
6297.228547500 096 
6297.229103000 102 
6297.229658500 109 
6297.230214000 116 
6297.230769500 124 
6297.231325000 131 
6297.231880500 140 
6297.232436000 147 
6297.232991500 154 
6297.233547000 159 
6297.234102500 165 
6297.234658000 168 
6297.235213500 170 
6297.235769000 172 
6297.236324500 172 
6297.236880000 171 
6297.237435500 168 
6297.237991000 163 
6297.238546500 159 
6297.239102000 152 
6297.239657500 146 
6297.240213000 138 
6297.240768500 131 
6297.241324000 122 
6297.241879500 115 
6297.242435000 107 
6297.242990500 102 
6297.243546000 096 
6297.244101500 091 
6297.244657000 087 
6297.245212500 084 
6297.245768000 084 
6297.246323500 082 
6297.246879000 085 
6297.247434500 088 
6297.247990000 091 
6297.248545500 097 
6297.249101000 102 
6297.249656500 109 
6297.250212000 116 
6297.250767500 124 
6297.251323000 131 
6297.251878500 139 
6297.252434000 146 
6297.252989500 154 
6297.253545000 159 
6297.254100500 164 
6297.254656000 168 
6297.255211500 170 
6297.255767000 173 
6297.256322500 171 
6297.256878000 170 
6297.257433500 167 
6297.257989000 163 
6297.258544500 159 
6297.259100000 152 
6297.259655500 146 
6297.260211000 138 
6297.260766500 131 
6297.261322000 123 
6297.261877500 115 
6297.262433000 108 
6297.262988500 101 
6297.263544000 095 
6297.264099500 091 
6297.264655000 086 
6297.265210500 085 
6297.265766000 083 
6297.266321500 083 
6297.266877000 084 
6297.267432500 088 
6297.267988000 092 
6297.268543500 096 
6297.269099000 103 
6297.269654500 109 
6297.270210000 116 
6297.270765500 125 
6297.271321000 131 
6297.271876500 140 
6297.272432000 147 
6297.272987500 154 
6297.273543000 159 
6297.274098500 164 
6297.274654000 168 
6297.275209500 171 
6297.275765000 172 
6297.276320500 172 
6297.276876000 171 
6297.277431500 167 
6297.277987000 163 
6297.278542500 159 
6297.279098000 152 
6297.279653500 146 
6297.280209000 139 
6297.280764500 130 
6297.281320000 123 
6297.281875500 114 
6297.282431000 108 
6297.282986500 101 
6297.283542000 095 
6297.284097500 091 
6297.284653000 087 
6297.285208500 084 
6297.285764000 084 
6297.286319500 083 
6297.286875000 084 
6297.287430500 087 
6297.287986000 092 
6297.288541500 096 
6297.289097000 102 
6297.289652500 109 
6297.290208000 115 
6297.290763500 123 
6297.291319000 131 
6297.291874500 140 
6297.292430000 147 
6297.292985500 154 
6297.293541000 160 
6297.294096500 165 
6297.294652000 169 
6297.295207500 172 
6297.295763000 173 
6297.296318500 173 
6297.296874000 171 
6297.297429500 168 
6297.297985000 165 
6297.298540500 159 
6297.299096000 153 
6297.299651500 146 
6297.300207000 139 
6297.300762500 130 
6297.301318000 122 
6297.301873500 116 
6297.302429000 107 
6297.302984500 101 
6297.303540000 095 
6297.304095500 089 
6297.304651000 086 
6297.305206500 083 
6297.305762000 081 
6297.306317500 082 
6297.306873000 083 
6297.307428500 087 
6297.307984000 091 
6297.308539500 095 
6297.309095000 102 
6297.309650500 108 
6297.310206000 116 
6297.310761500 123 
6297.311317000 132 
6297.311872500 140 
6297.312428000 147 
6297.312983500 154 
6297.313539000 159 
6297.314094500 165 
6297.314650000 169 
6297.315205500 171 
6297.315761000 173 
6297.316316500 174 
6297.316872000 171 
6297.317427500 169 
6297.317983000 164 
6297.318538500 159 
6297.319094000 152 
6297.319649500 147 
6297.320205000 139 
6297.320760500 130 
6297.321316000 124 
6297.321871500 115 
6297.322427000 107 
6297.322982500 100 
6297.323538000 095 
6297.324093500 089 
6297.324649000 085 
6297.325204500 084 
6297.325760000 082 
6297.326315500 082 
6297.326871000 083 
6297.327426500 087 
6297.327982000 091 
6297.328537500 094 
6297.329093000 102 
6297.329648500 108 
6297.330204000 116 
6297.330759500 124 
6297.331315000 131 
6297.331870500 140 
6297.332426000 147 
6297.332981500 154 
6297.333537000 160 
6297.334092500 166 
6297.334648000 169 
6297.335203500 172 
6297.335759000 173 
6297.336314500 173 
6297.336870000 172 
6297.337425500 168 
6297.337981000 165 
6297.338536500 159 
6297.339092000 153 
6297.339647500 147 
6297.340203000 139 
6297.340758500 131 
6297.341314000 123 
6297.341869500 115 
6297.342425000 108 
6297.342980500 100 
6297.343536000 095 
6297.344091500 090 
6297.344647000 085 
6297.345202500 083 
6297.345758000 082 
6297.346313500 081 
6297.346869000 084 
6297.347424500 086 
6297.347980000 089 
6297.348535500 095 
6297.349091000 101 
6297.349646500 107 
6297.350202000 116 
6297.350757500 124 
6297.351313000 132 
6297.351868500 140 
6297.352424000 147 
6297.352979500 154 
6297.353535000 160 
6297.354090500 165 
6297.354646000 169 
6297.355201500 171 
6297.355757000 173 
6297.356312500 173 
6297.356868000 171 
6297.357423500 169 
6297.357979000 165 
6297.358534500 159 
6297.359090000 153 
6297.359645500 146 
6297.360201000 138 
6297.360756500 131 
6297.361312000 123 
6297.361867500 114 
6297.362423000 108 
6297.362978500 100 
6297.363534000 094 
6297.364089500 090 
6297.364645000 085 
6297.365200500 084 
6297.365756000 082 
6297.366311500 081 
6297.366867000 084 
6297.367422500 087 
6297.367978000 089 
6297.368533500 096 
6297.369089000 101 
6297.369644500 108 
6297.370200000 115 
6297.370755500 123 
6297.371311000 133 
6297.371866500 140 
6297.372422000 147 
6297.372977500 154 
6297.373533000 160 
6297.374088500 165 
6297.374644000 169 
6297.375199500 172 
6297.375755000 173 
6297.376310500 173 
6297.376866000 172 
6297.377421500 168 
6297.377977000 165 
6297.378532500 160 
6297.379088000 153 
6297.379643500 147 
6297.380199000 139 
6297.380754500 130 
6297.381310000 122 
6297.381865500 115 
6297.382421000 108 
6297.382976500 100 
6297.383532000 095 
6297.384087500 089 
6297.384643000 087 
6297.385198500 082 
6297.385754000 082 
6297.386309500 081 
6297.386865000 083 
6297.387420500 086 
6297.387976000 090 
6297.388531500 095 
6297.389087000 100 
6297.389642500 109 
6297.390198000 115 
6297.390753500 124 
6297.391309000 131 
6297.391864500 139 
6297.392420000 148 
6297.392975500 154 
6297.393531000 160 
6297.394086500 166 
6297.394642000 169 
6297.395197500 172 
6297.395753000 174 
6297.396308500 173 
6297.396864000 172 
6297.397419500 168 
6297.397975000 165 
6297.398530500 159 
6297.399086000 154 
6297.399641500 146 
6297.400197000 138 
6297.400752500 132 
6297.401308000 122 
6297.401863500 116 
6297.402419000 107 
6297.402974500 101 
6297.403530000 095 
6297.404085500 089 
6297.404641000 087 
6297.405196500 082 
6297.405752000 083 
6297.406307500 080 
6297.406863000 084 
6297.407418500 086 
6297.407974000 091 
6297.408529500 096 
6297.409085000 100 
6297.409640500 108 
6297.410196000 115 
6297.410751500 124 
6297.411307000 132 
6297.411862500 140 
6297.412418000 147 
6297.412973500 154 
6297.413529000 160 
6297.414084500 165 
6297.414640000 168 
6297.415195500 172 
6297.415751000 173 
6297.416306500 174 
6297.416862000 171 
6297.417417500 169 
6297.417973000 165 
6297.418528500 159 
6297.419084000 153 
6297.419639500 147 
6297.420195000 139 
6297.420750500 131 
6297.421306000 123 
6297.421861500 115 
6297.422417000 108 
6297.422972500 100 
6297.423528000 094 
6297.424083500 090 
6297.424639000 086 
6297.425194500 084 
6297.425750000 081 
6297.426305500 082 
6297.426861000 084 
6297.427416500 085 
6297.427972000 090 
6297.428527500 096 
6297.429083000 101 
6297.429638500 108 
6297.430194000 115 
6297.430749500 123 
6297.431305000 132 
6297.431860500 140 
6297.432416000 147 
6297.432971500 155 
6297.433527000 160 
6297.434082500 166 
6297.434638000 169 
6297.435193500 172 
6297.435749000 173 
6297.436304500 173 
6297.436860000 172 
6297.437415500 169 
6297.437971000 165 
6297.438526500 160 
6297.439082000 153 
6297.439637500 146 
6297.440193000 140 
6297.440748500 131 
6297.441304000 123 
6297.441859500 115 
6297.442415000 107 
6297.442970500 101 
6297.443526000 095 
6297.444081500 090 
6297.444637000 086 
6297.445192500 084 
6297.445748000 081 
6297.446303500 081 
6297.446859000 084 
6297.447414500 086 
6297.447970000 089 
6297.448525500 095 
6297.449081000 101 
6297.449636500 108 
6297.450192000 115 
6297.450747500 123 
6297.451303000 132 
6297.451858500 140 
6297.452414000 147 
6297.452969500 154 
6297.453525000 160 
6297.454080500 165 
6297.454636000 169 
6297.455191500 171 
6297.455747000 173 
6297.456302500 173 
6297.456858000 173 
6297.457413500 168 
6297.457969000 165 
6297.458524500 160 
6297.459080000 154 
6297.459635500 146 
6297.460191000 140 
6297.460746500 130 
6297.461302000 122 
6297.461857500 116 
6297.462413000 107 
6297.462968500 101 
6297.463524000 096 
6297.464079500 089 
6297.464635000 086 
6297.465190500 083 
6297.465746000 082 
6297.466301500 082 
6297.466857000 083 
6297.467412500 087 
6297.467968000 089 
6297.468523500 096 
6297.469079000 100 
6297.469634500 108 
6297.470190000 115 
6297.470745500 123 
6297.471301000 132 
6297.471856500 140 
6297.472412000 146 
6297.472967500 154 
6297.473523000 160 
6297.474078500 165 
6297.474634000 169 
6297.475189500 172 
6297.475745000 174 
6297.476300500 173 
6297.476856000 172 
6297.477411500 169 
6297.477967000 165 
6297.478522500 160 
6297.479078000 155 
6297.479633500 147 
6297.480189000 140 
6297.480744500 131 
6297.481300000 123 
6297.481855500 115 
6297.482411000 107 
6297.482966500 101 
6297.483522000 094 
6297.484077500 089 
6297.484633000 086 
6297.485188500 082 
6297.485744000 080 
6297.486299500 081 
6297.486855000 082 
6297.487410500 086 
6297.487966000 089 
6297.488521500 095 
6297.489077000 099 
6297.489632500 108 
6297.490188000 115 
6297.490743500 124 
6297.491299000 131 
6297.491854500 140 
6297.492410000 148 
6297.492965500 155 
6297.493521000 161 
6297.494076500 166 
6297.494632000 170 
6297.495187500 173 
6297.495743000 174 
6297.496298500 174 
6297.496854000 173 
6297.497409500 170 
6297.497965000 166 
6297.498520500 160 
6297.499076000 155 
6297.499631500 147 
6297.500187000 139 
6297.500742500 132 
6297.501298000 123 
6297.501853500 115 
6297.502409000 107 
6297.502964500 101 
6297.503520000 094 
6297.504075500 089 
6297.504631000 085 
6297.505186500 081 
6297.505742000 081 
6297.506297500 080 
6297.506853000 081 
6297.507408500 085 
6297.507964000 090 
6297.508519500 094 
6297.509075000 100 
6297.509630500 107 
6297.510186000 116 
6297.510741500 124 
6297.511297000 131 
6297.511852500 140 
6297.512408000 147 
6297.512963500 154 
6297.513519000 161 
6297.514074500 166 
6297.514630000 170 
6297.515185500 173 
6297.515741000 174 
6297.516296500 174 
6297.516852000 172 
6297.517407500 170 
6297.517963000 165 
6297.518518500 161 
6297.519074000 154 
6297.519629500 146 
6297.520185000 140 
6297.520740500 131 
6297.521296000 124 
6297.521851500 114 
6297.522407000 108 
6297.522962500 100 
6297.523518000 095 
6297.524073500 089 
6297.524629000 085 
6297.525184500 082 
6297.525740000 080 
6297.526295500 081 
6297.526851000 083 
6297.527406500 085 
6297.527962000 090 
6297.528517500 095 
6297.529073000 100 
6297.529628500 107 
6297.530184000 115 
6297.530739500 123 
6297.531295000 132 
6297.531850500 140 
6297.532406000 147 
6297.532961500 155 
6297.533517000 161 
6297.534072500 165 
6297.534628000 170 
6297.535183500 173 
6297.535739000 174 
6297.536294500 175 
6297.536850000 173 
6297.537405500 170 
6297.537961000 165 
6297.538516500 160 
6297.539072000 155 
6297.539627500 147 
6297.540183000 140 
6297.540738500 131 
6297.541294000 122 
6297.541849500 115 
6297.542405000 107 
6297.542960500 100 
6297.543516000 094 
6297.544071500 088 
6297.544627000 084 
6297.545182500 083 
6297.545738000 080 
6297.546293500 081 
6297.546849000 083 
6297.547404500 085 
6297.547960000 090 
6297.548515500 095 
6297.549071000 099 
6297.549626500 108 
6297.550182000 115 
6297.550737500 123 
6297.551293000 132 
6297.551848500 139 
6297.552404000 147 
6297.552959500 155 
6297.553515000 161 
6297.554070500 166 
6297.554626000 170 
6297.555181500 173 
6297.555737000 175 
6297.556292500 174 
6297.556848000 173 
6297.557403500 170 
6297.557959000 165 
6297.558514500 160 
6297.559070000 155 
6297.559625500 147 
6297.560181000 140 
6297.560736500 131 
6297.561292000 123 
6297.561847500 116 
6297.562403000 107 
6297.562958500 101 
6297.563514000 094 
6297.564069500 089 
6297.564625000 086 
6297.565180500 082 
6297.565736000 081 
6297.566291500 082 
6297.566847000 081 
6297.567402500 086 
6297.567958000 089 
6297.568513500 094 
6297.569069000 099 
6297.569624500 107 
6297.570180000 114 
6297.570735500 124 
6297.571291000 131 
6297.571846500 139 
6297.572402000 148 
6297.572957500 154 
6297.573513000 162 
6297.574068500 166 
6297.574624000 171 
6297.575179500 174 
6297.575735000 175 
6297.576290500 175 
6297.576846000 173 
6297.577401500 170 
6297.577957000 165 
6297.578512500 161 
6297.579068000 156 
6297.579623500 147 
6297.580179000 140 
6297.580734500 132 
6297.581290000 122 
6297.581845500 115 
6297.582401000 107 
6297.582956500 099 
6297.583512000 094 
6297.584067500 088 
6297.584623000 084 
6297.585178500 082 
6297.585734000 080 
6297.586289500 080 
6297.586845000 082 
6297.587400500 084 
6297.587956000 089 
6297.588511500 094 
6297.589067000 099 
6297.589622500 107 
6297.590178000 115 
6297.590733500 123 
6297.591289000 132 
6297.591844500 140 
6297.592400000 148 
6297.592955500 155 
6297.593511000 161 
6297.594066500 166 
6297.594622000 171 
6297.595177500 173 
6297.595733000 175 
6297.596288500 175 
6297.596844000 173 
6297.597399500 170 
6297.597955000 165 
6297.598510500 161 
6297.599066000 155 
6297.599621500 148 
6297.600177000 139 
6297.600732500 131 
6297.601288000 124 
6297.601843500 114 
6297.602399000 107 
6297.602954500 100 
6297.603510000 093 
6297.604065500 089 
6297.604621000 084 
6297.605176500 082 
6297.605732000 080 
6297.606287500 080 
6297.606843000 082 
6297.607398500 083 
6297.607954000 089 
6297.608509500 093 
6297.609065000 100 
6297.609620500 106 
6297.610176000 115 
6297.610731500 123 
6297.611287000 131 
6297.611842500 140 
6297.612398000 147 
6297.612953500 155 
6297.613509000 161 
6297.614064500 166 
6297.614620000 171 
6297.615175500 173 
6297.615731000 175 
6297.616286500 175 
6297.616842000 173 
6297.617397500 170 
6297.617953000 166 
6297.618508500 161 
6297.619064000 156 
6297.619619500 148 
6297.620175000 139 
6297.620730500 132 
6297.621286000 123 
6297.621841500 115 
6297.622397000 107 
6297.622952500 100 
6297.623508000 093 
6297.624063500 089 
6297.624619000 084 
6297.625174500 081 
6297.625730000 081 
6297.626285500 079 
6297.626841000 082 
6297.627396500 084 
6297.627952000 089 
6297.628507500 094 
6297.629063000 100 
6297.629618500 106 
6297.630174000 115 
6297.630729500 124 
6297.631285000 131 
6297.631840500 140 
6297.632396000 147 
6297.632951500 155 
6297.633507000 161 
6297.634062500 166 
6297.634618000 171 
6297.635173500 173 
6297.635729000 175 
6297.636284500 175 
6297.636840000 174 
6297.637395500 170 
6297.637951000 165 
6297.638506500 161 
6297.639062000 156 
6297.639617500 147 
6297.640173000 140 
6297.640728500 131 
6297.641284000 123 
6297.641839500 115 
6297.642395000 107 
6297.642950500 100 
6297.643506000 093 
6297.644061500 089 
6297.644617000 085 
6297.645172500 081 
6297.645728000 080 
6297.646283500 081 
6297.646839000 081 
6297.647394500 085 
6297.647950000 090 
6297.648505500 093 
6297.649061000 099 
6297.649616500 107 
6297.650172000 114 
6297.650727500 124 
6297.651283000 131 
6297.651838500 140 
6297.652394000 148 
6297.652949500 155 
6297.653505000 162 
6297.654060500 166 
6297.654616000 171 
6297.655171500 173 
6297.655727000 175 
6297.656282500 176 
6297.656838000 173 
6297.657393500 171 
6297.657949000 166 
6297.658504500 161 
6297.659060000 156 
6297.659615500 147 
6297.660171000 140 
6297.660726500 131 
6297.661282000 123 
6297.661837500 115 
6297.662393000 107 
6297.662948500 100 
6297.663504000 093 
6297.664059500 089 
6297.664615000 084 
6297.665170500 082 
6297.665726000 080 
6297.666281500 080 
6297.666837000 081 
6297.667392500 084 
6297.667948000 088 
6297.668503500 094 
6297.669059000 099 
6297.669614500 107 
6297.670170000 115 
6297.670725500 123 
6297.671281000 131 
6297.671836500 140 
6297.672392000 148 
6297.672947500 155 
6297.673503000 161 
6297.674058500 167 
6297.674614000 170 
6297.675169500 174 
6297.675725000 175 
6297.676280500 175 
6297.676836000 174 
6297.677391500 170 
6297.677947000 166 
6297.678502500 161 
6297.679058000 156 
6297.679613500 148 
6297.680169000 141 
6297.680724500 132 
6297.681280000 123 
6297.681835500 116 
6297.682391000 107 
6297.682946500 100 
6297.683502000 095 
6297.684057500 088 
6297.684613000 085 
6297.685168500 081 
6297.685724000 081 
6297.686279500 080 
6297.686835000 081 
6297.687390500 084 
6297.687946000 089 
6297.688501500 094 
6297.689057000 100 
6297.689612500 106 
6297.690168000 114 
6297.690723500 123 
6297.691279000 131 
6297.691834500 140 
6297.692390000 147 
6297.692945500 155 
6297.693501000 160 
6297.694056500 166 
6297.694612000 171 
6297.695167500 173 
6297.695723000 175 
6297.696278500 175 
6297.696834000 174 
6297.697389500 170 
6297.697945000 166 
6297.698500500 161 
6297.699056000 156 
6297.699611500 147 
6297.700167000 140 
6297.700722500 131 
6297.701278000 124 
6297.701833500 115 
6297.702389000 107 
6297.702944500 100 
6297.703500000 093 
6297.704055500 089 
6297.704611000 085 
6297.705166500 081 
6297.705722000 081 
6297.706277500 079 
6297.706833000 082 
6297.707388500 084 
6297.707944000 089 
6297.708499500 094 
6297.709055000 098 
6297.709610500 108 
6297.710166000 114 
6297.710721500 123 
6297.711277000 131 
6297.711832500 139 
6297.712388000 148 
6297.712943500 155 
6297.713499000 161 
6297.714054500 167 
6297.714610000 170 
6297.715165500 174 
6297.715721000 174 
6297.716276500 175 
6297.716832000 174 
6297.717387500 171 
6297.717943000 166 
6297.718498500 161 
6297.719054000 156 
6297.719609500 147 
6297.720165000 140 
6297.720720500 131 
6297.721276000 123 
6297.721831500 115 
6297.722387000 107 
6297.722942500 099 
6297.723498000 093 
6297.724053500 088 
6297.724609000 084 
6297.725164500 081 
6297.725720000 080 
6297.726275500 080 
6297.726831000 080 
6297.727386500 083 
6297.727942000 088 
6297.728497500 093 
6297.729053000 098 
6297.729608500 106 
6297.730164000 115 
6297.730719500 123 
6297.731275000 132 
6297.731830500 140 
6297.732386000 148 
6297.732941500 155 
6297.733497000 162 
6297.734052500 167 
6297.734608000 171 
6297.735163500 174 
6297.735719000 176 
6297.736274500 175 
6297.736830000 175 
6297.737385500 171 
6297.737941000 166 
6297.738496500 162 
6297.739052000 157 
6297.739607500 147 
6297.740163000 141 
6297.740718500 131 
6297.741274000 124 
6297.741829500 115 
6297.742385000 107 
6297.742940500 099 
6297.743496000 094 
6297.744051500 089 
6297.744607000 083 
6297.745162500 081 
6297.745718000 080 
6297.746273500 079 
6297.746829000 081 
6297.747384500 084 
6297.747940000 088 
6297.748495500 094 
6297.749051000 098 
6297.749606500 107 
6297.750162000 115 
6297.750717500 122 
6297.751273000 132 
6297.751828500 139 
6297.752384000 147 
6297.752939500 156 
6297.753495000 161 
6297.754050500 167 
6297.754606000 171 
6297.755161500 174 
6297.755717000 176 
6297.756272500 175 
6297.756828000 174 
6297.757383500 171 
6297.757939000 166 
6297.758494500 162 
6297.759050000 156 
6297.759605500 148 
6297.760161000 141 
6297.760716500 131 
6297.761272000 124 
6297.761827500 115 
6297.762383000 107 
6297.762938500 100 
6297.763494000 093 
6297.764049500 088 
6297.764605000 085 
6297.765160500 080 
6297.765716000 080 
6297.766271500 080 
6297.766827000 080 
6297.767382500 085 
6297.767938000 088 
6297.768493500 093 
6297.769049000 099 
6297.769604500 106 
6297.770160000 114 
6297.770715500 124 
6297.771271000 131 
6297.771826500 140 
6297.772382000 147 
6297.772937500 155 
6297.773493000 162 
6297.774048500 166 
6297.774604000 171 
6297.775159500 174 
6297.775715000 176 
6297.776270500 175 
6297.776826000 174 
6297.777381500 171 
6297.777937000 166 
6297.778492500 162 
6297.779048000 156 
6297.779603500 148 
6297.780159000 140 
6297.780714500 132 
6297.781270000 124 
6297.781825500 115 
6297.782381000 107 
6297.782936500 100 
6297.783492000 093 
6297.784047500 089 
6297.784603000 085 
6297.785158500 080 
6297.785714000 079 
6297.786269500 080 
6297.786825000 081 
6297.787380500 084 
6297.787936000 088 
6297.788491500 093 
6297.789047000 098 
6297.789602500 107 
6297.790158000 114 
6297.790713500 122 
6297.791269000 132 
6297.791824500 140 
6297.792380000 147 
6297.792935500 155 
6297.793491000 161 
6297.794046500 167 
6297.794602000 171 
6297.795157500 174 
6297.795713000 175 
6297.796268500 176 
6297.796824000 174 
6297.797379500 170 
6297.797935000 166 
6297.798490500 162 
6297.799046000 156 
6297.799601500 147 
6297.800157000 141 
6297.800712500 132 
6297.801268000 124 
6297.801823500 115 
6297.802379000 108 
6297.802934500 099 
6297.803490000 093 
6297.804045500 089 
6297.804601000 083 
6297.805156500 080 
6297.805712000 079 
6297.806267500 080 
6297.806823000 080 
6297.807378500 083 
6297.807934000 088 
6297.808489500 093 
6297.809045000 099 
6297.809600500 106 
6297.810156000 115 
6297.810711500 122 
6297.811267000 131 
6297.811822500 140 
6297.812378000 147 
6297.812933500 156 
6297.813489000 161 
6297.814044500 167 
6297.814600000 171 
6297.815155500 174 
6297.815711000 176 
6297.816266500 176 
6297.816822000 175 
6297.817377500 171 
6297.817933000 167 
6297.818488500 163 
6297.819044000 156 
6297.819599500 148 
6297.820155000 140 
6297.820710500 132 
6297.821266000 124 
6297.821821500 114 
6297.822377000 107 
6297.822932500 098 
6297.823488000 092 
6297.824043500 088 
6297.824599000 083 
6297.825154500 080 
6297.825710000 079 
6297.826265500 077 
6297.826821000 079 
6297.827376500 083 
6297.827932000 087 
6297.828487500 092 
6297.829043000 098 
6297.829598500 106 
6297.830154000 114 
6297.830709500 123 
6297.831265000 131 
6297.831820500 139 
6297.832376000 148 
6297.832931500 156 
6297.833487000 162 
6297.834042500 168 
6297.834598000 172 
6297.835153500 175 
6297.835709000 177 
6297.836264500 177 
6297.836820000 175 
6297.837375500 172 
6297.837931000 167 
6297.838486500 162 
6297.839042000 156 
6297.839597500 148 
6297.840153000 141 
6297.840708500 132 
6297.841264000 123 
6297.841819500 115 
6297.842375000 107 
6297.842930500 099 
6297.843486000 093 
6297.844041500 087 
6297.844597000 082 
6297.845152500 081 
6297.845708000 078 
6297.846263500 078 
6297.846819000 079 
6297.847374500 084 
6297.847930000 086 
6297.848485500 092 
6297.849041000 099 
6297.849596500 106 
6297.850152000 114 
6297.850707500 123 
6297.851263000 131 
6297.851818500 140 
6297.852374000 148 
6297.852929500 156 
6297.853485000 162 
6297.854040500 168 
6297.854596000 172 
6297.855151500 175 
6297.855707000 177 
6297.856262500 176 
6297.856818000 176 
6297.857373500 172 
6297.857929000 168 
6297.858484500 163 
6297.859040000 156 
6297.859595500 148 
6297.860151000 141 
6297.860706500 133 
6297.861262000 123 
6297.861817500 115 
6297.862373000 107 
6297.862928500 099 
6297.863484000 093 
6297.864039500 087 
6297.864595000 082 
6297.865150500 080 
6297.865706000 078 
6297.866261500 078 
6297.866817000 079 
6297.867372500 082 
6297.867928000 087 
6297.868483500 092 
6297.869039000 098 
6297.869594500 107 
6297.870150000 113 
6297.870705500 123 
6297.871261000 131 
6297.871816500 139 
6297.872372000 148 
6297.872927500 156 
6297.873483000 162 
6297.874038500 168 
6297.874594000 172 
6297.875149500 175 
6297.875705000 177 
6297.876260500 177 
6297.876816000 175 
6297.877371500 173 
6297.877927000 168 
6297.878482500 163 
6297.879038000 157 
6297.879593500 148 
6297.880149000 140 
6297.880704500 133 
6297.881260000 124 
6297.881815500 115 
6297.882371000 107 
6297.882926500 099 
6297.883482000 093 
6297.884037500 087 
6297.884593000 083 
6297.885148500 080 
6297.885704000 078 
6297.886259500 079 
6297.886815000 079 
6297.887370500 083 
6297.887926000 087 
6297.888481500 092 
6297.889037000 098 
6297.889592500 106 
6297.890148000 114 
6297.890703500 122 
6297.891259000 131 
6297.891814500 140 
6297.892370000 147 
6297.892925500 156 
6297.893481000 162 
6297.894036500 167 
6297.894592000 172 
6297.895147500 175 
6297.895703000 177 
6297.896258500 177 
6297.896814000 176 
6297.897369500 173 
6297.897925000 168 
6297.898480500 162 
6297.899036000 156 
6297.899591500 148 
6297.900147000 141 
6297.900702500 132 
6297.901258000 124 
6297.901813500 114 
6297.902369000 106 
6297.902924500 099 
6297.903480000 093 
6297.904035500 087 
6297.904591000 084 
6297.905146500 080 
6297.905702000 079 
6297.906257500 078 
6297.906813000 079 
6297.907368500 083 
6297.907924000 087 
6297.908479500 092 
6297.909035000 098 
6297.909590500 106 
6297.910146000 113 
6297.910701500 123 
6297.911257000 131 
6297.911812500 140 
6297.912368000 148 
6297.912923500 155 
6297.913479000 162 
6297.914034500 168 
6297.914590000 172 
6297.915145500 175 
6297.915701000 177 
6297.916256500 177 
6297.916812000 175 
6297.917367500 173 
6297.917923000 168 
6297.918478500 162 
6297.919034000 156 
6297.919589500 149 
6297.920145000 140 
6297.920700500 132 
6297.921256000 123 
6297.921811500 114 
6297.922367000 107 
6297.922922500 099 
6297.923478000 092 
6297.924033500 087 
6297.924589000 082 
6297.925144500 079 
6297.925700000 078 
6297.926255500 077 
6297.926811000 079 
6297.927366500 081 
6297.927922000 087 
6297.928477500 091 
6297.929033000 099 
6297.929588500 105 
6297.930144000 113 
6297.930699500 123 
6297.931255000 131 
6297.931810500 140 
6297.932366000 147 
6297.932921500 156 
6297.933477000 162 
6297.934032500 168 
6297.934588000 172 
6297.935143500 175 
6297.935699000 177 
6297.936254500 177 
6297.936810000 175 
6297.937365500 173 
6297.937921000 168 
6297.938476500 163 
6297.939032000 157 
6297.939587500 148 
6297.940143000 142 
6297.940698500 132 
6297.941254000 124 
6297.941809500 116 
6297.942365000 107 
6297.942920500 099 
6297.943476000 094 
6297.944031500 086 
6297.944587000 083 
6297.945142500 079 
6297.945698000 078 
6297.946253500 078 
6297.946809000 078 
6297.947364500 083 
6297.947920000 086 
6297.948475500 091 
6297.949031000 099 
6297.949586500 106 
6297.950142000 113 
6297.950697500 122 
6297.951253000 130 
6297.951808500 140 
6297.952364000 147 
6297.952919500 156 
6297.953475000 162 
6297.954030500 168 
6297.954586000 172 
6297.955141500 175 
6297.955697000 177 
6297.956252500 177 
6297.956808000 176 
6297.957363500 173 
6297.957919000 168 
6297.958474500 163 
6297.959030000 156 
6297.959585500 149 
6297.960141000 141 
6297.960696500 132 
6297.961252000 123 
6297.961807500 115 
6297.962363000 106 
6297.962918500 099 
6297.963474000 093 
6297.964029500 087 
6297.964585000 083 
6297.965140500 080 
6297.965696000 079 
6297.966251500 077 
6297.966807000 079 
6297.967362500 083 
6297.967918000 086 
6297.968473500 091 
6297.969029000 099 
6297.969584500 106 
6297.970140000 113 
6297.970695500 123 
6297.971251000 131 
6297.971806500 139 
6297.972362000 149 
6297.972917500 155 
6297.973473000 162 
6297.974028500 167 
6297.974584000 172 
6297.975139500 176 
6297.975695000 177 
6297.976250500 177 
6297.976806000 176 
6297.977361500 173 
6297.977917000 168 
6297.978472500 163 
6297.979028000 156 
6297.979583500 149 
6297.980139000 141 
6297.980694500 132 
6297.981250000 124 
6297.981805500 114 
6297.982361000 107 
6297.982916500 098 
6297.983472000 093 
6297.984027500 087 
6297.984583000 082 
6297.985138500 079 
6297.985694000 078 
6297.986249500 078 
6297.986805000 079 
6297.987360500 081 
6297.987916000 087 
6297.988471500 091 
6297.989027000 098 
6297.989582500 107 
6297.990138000 113 
6297.990693500 122 
6297.991249000 131 
6297.991804500 139 
6297.992360000 147 
6297.992915500 156 
6297.993471000 162 
6297.994026500 168 
6297.994582000 172 
6297.995137500 175 
6297.995693000 177 
6297.996248500 177 
6297.996804000 176 
6297.997359500 173 
6297.997915000 168 
6297.998470500 163 
6297.999026000 156 
6297.999581500 149 
6298.000137000 141 
6298.000692500 132 
6298.001248000 124 
6298.001803500 114 
6298.002359000 107 
6298.002914500 100 
6298.003470000 093 
6298.004025500 088 
6298.004581000 082 
6298.005136500 080 
6298.005692000 078 
6298.006247500 077 
6298.006803000 080 
6298.007358500 082 
6298.007914000 087 
6298.008469500 091 
6298.009025000 098 
6298.009580500 106 
6298.010136000 114 
6298.010691500 122 
6298.011247000 131 
6298.011802500 140 
6298.012358000 147 
6298.012913500 156 
6298.013469000 163 
6298.014024500 168 
6298.014580000 172 
6298.015135500 175 
6298.015691000 176 
6298.016246500 177 
6298.016802000 175 
6298.017357500 173 
6298.017913000 168 
6298.018468500 163 
6298.019024000 157 
6298.019579500 148 
6298.020135000 141 
6298.020690500 132 
6298.021246000 124 
6298.021801500 115 
6298.022357000 106 
6298.022912500 100 
6298.023468000 092 
6298.024023500 087 
6298.024579000 083 
6298.025134500 079 
6298.025690000 079 
6298.026245500 077 
6298.026801000 079 
6298.027356500 082 
6298.027912000 087 
6298.028467500 091 
6298.029023000 099 
6298.029578500 105 
6298.030134000 114 
6298.030689500 121 
6298.031245000 131 
6298.031800500 140 
6298.032356000 148 
6298.032911500 156 
6298.033467000 162 
6298.034022500 168 
6298.034578000 172 
6298.035133500 176 
6298.035689000 177 
6298.036244500 177 
6298.036800000 176 
6298.037355500 173 
6298.037911000 168 
6298.038466500 163 
6298.039022000 157 
6298.039577500 148 
6298.040133000 141 
6298.040688500 132 
6298.041244000 124 
6298.041799500 115 
6298.042355000 107 
6298.042910500 100 
6298.043466000 092 
6298.044021500 088 
6298.044577000 082 
6298.045132500 081 
6298.045688000 078 
6298.046243500 078 
6298.046799000 080 
6298.047354500 081 
6298.047910000 087 
6298.048465500 091 
6298.049021000 098 
6298.049576500 106 
6298.050132000 113 
6298.050687500 122 
6298.051243000 131 
6298.051798500 139 
6298.052354000 148 
6298.052909500 156 
6298.053465000 162 
6298.054020500 167 
6298.054576000 172 
6298.055131500 175 
6298.055687000 177 
6298.056242500 177 
6298.056798000 176 
6298.057353500 173 
6298.057909000 168 
6298.058464500 163 
6298.059020000 157 
6298.059575500 149 
6298.060131000 141 
6298.060686500 133 
6298.061242000 124 
6298.061797500 116 
6298.062353000 107 
6298.062908500 100 
6298.063464000 093 
6298.064019500 087 
6298.064575000 082 
6298.065130500 079 
6298.065686000 079 
6298.066241500 077 
6298.066797000 079 
6298.067352500 082 
6298.067908000 087 
6298.068463500 091 
6298.069019000 098 
6298.069574500 106 
6298.070130000 113 
6298.070685500 122 
6298.071241000 131 
6298.071796500 139 
6298.072352000 148 
6298.072907500 156 
6298.073463000 162 
6298.074018500 168 
6298.074574000 172 
6298.075129500 175 
6298.075685000 177 
6298.076240500 178 
6298.076796000 176 
6298.077351500 173 
6298.077907000 168 
6298.078462500 163 
6298.079018000 157 
6298.079573500 149 
6298.080129000 141 
6298.080684500 133 
6298.081240000 123 
6298.081795500 116 
6298.082351000 106 
6298.082906500 099 
6298.083462000 093 
6298.084017500 088 
6298.084573000 082 
6298.085128500 080 
6298.085684000 077 
6298.086239500 078 
6298.086795000 079 
6298.087350500 082 
6298.087906000 087 
6298.088461500 091 
6298.089017000 098 
6298.089572500 106 
6298.090128000 112 
6298.090683500 123 
6298.091239000 130 
6298.091794500 139 
6298.092350000 148 
6298.092905500 155 
6298.093461000 162 
6298.094016500 167 
6298.094572000 172 
6298.095127500 176 
6298.095683000 177 
6298.096238500 177 
6298.096794000 176 
6298.097349500 173 
6298.097905000 169 
6298.098460500 163 
6298.099016000 157 
6298.099571500 149 
6298.100127000 141 
6298.100682500 133 
6298.101238000 125 
6298.101793500 114 
6298.102349000 107 
6298.102904500 098 
6298.103460000 093 
6298.104015500 088 
6298.104571000 082 
6298.105126500 079 
6298.105682000 078 
6298.106237500 077 
6298.106793000 079 
6298.107348500 082 
6298.107904000 086 
6298.108459500 092 
6298.109015000 098 
6298.109570500 105 
6298.110126000 113 
6298.110681500 122 
6298.111237000 131 
6298.111792500 139 
6298.112348000 148 
6298.112903500 155 
6298.113459000 163 
6298.114014500 167 
6298.114570000 172 
6298.115125500 176 
6298.115681000 177 
6298.116236500 177 
6298.116792000 176 
6298.117347500 173 
6298.117903000 169 
6298.118458500 163 
6298.119014000 157 
6298.119569500 149 
6298.120125000 142 
6298.120680500 132 
6298.121236000 124 
6298.121791500 115 
6298.122347000 106 
6298.122902500 100 
6298.123458000 092 
6298.124013500 087 
6298.124569000 083 
6298.125124500 079 
6298.125680000 079 
6298.126235500 077 
6298.126791000 079 
6298.127346500 081 
6298.127902000 087 
6298.128457500 092 
6298.129013000 097 
6298.129568500 106 
6298.130124000 113 
6298.130679500 121 
6298.131235000 131 
6298.131790500 140 
6298.132346000 148 
6298.132901500 155 
6298.133457000 162 
6298.134012500 168 
6298.134568000 172 
6298.135123500 176 
6298.135679000 177 
6298.136234500 177 
6298.136790000 176 
6298.137345500 173 
6298.137901000 168 
6298.138456500 163 
6298.139012000 157 
6298.139567500 149 
6298.140123000 142 
6298.140678500 132 
6298.141234000 124 
6298.141789500 115 
6298.142345000 107 
6298.142900500 100 
6298.143456000 093 
6298.144011500 088 
6298.144567000 082 
6298.145122500 079 
6298.145678000 079 
6298.146233500 077 
6298.146789000 079 
6298.147344500 082 
6298.147900000 086 
6298.148455500 091 
6298.149011000 098 
6298.149566500 105 
6298.150122000 113 
6298.150677500 121 
6298.151233000 131 
6298.151788500 140 
6298.152344000 148 
6298.152899500 156 
6298.153455000 162 
6298.154010500 168 
6298.154566000 172 
6298.155121500 175 
6298.155677000 178 
6298.156232500 177 
6298.156788000 176 
6298.157343500 174 
6298.157899000 169 
6298.158454500 164 
6298.159010000 157 
6298.159565500 150 
6298.160121000 142 
6298.160676500 133 
6298.161232000 124 
6298.161787500 115 
6298.162343000 107 
6298.162898500 099 
6298.163454000 092 
6298.164009500 088 
6298.164565000 082 
6298.165120500 079 
6298.165676000 078 
6298.166231500 078 
6298.166787000 078 
6298.167342500 082 
6298.167898000 085 
6298.168453500 091 
6298.169009000 098 
6298.169564500 105 
6298.170120000 114 
6298.170675500 122 
6298.171231000 130 
6298.171786500 140 
6298.172342000 147 
6298.172897500 155 
6298.173453000 162 
6298.174008500 167 
6298.174564000 172 
6298.175119500 175 
6298.175675000 177 
6298.176230500 178 
6298.176786000 176 
6298.177341500 173 
6298.177897000 169 
6298.178452500 164 
6298.179008000 157 
6298.179563500 149 
6298.180119000 142 
6298.180674500 132 
6298.181230000 123 
6298.181785500 116 
6298.182341000 107 
6298.182896500 099 
6298.183452000 093 
6298.184007500 087 
6298.184563000 082 
6298.185118500 080 
6298.185674000 077 
6298.186229500 078 
6298.186785000 079 
6298.187340500 083 
6298.187896000 086 
6298.188451500 091 
6298.189007000 097 
6298.189562500 105 
6298.190118000 113 
6298.190673500 122 
6298.191229000 130 
6298.191784500 140 
6298.192340000 148 
6298.192895500 155 
6298.193451000 163 
6298.194006500 167 
6298.194562000 173 
6298.195117500 175 
6298.195673000 177 
6298.196228500 178 
6298.196784000 176 
6298.197339500 173 
6298.197895000 169 
6298.198450500 163 
6298.199006000 157 
6298.199561500 149 
6298.200117000 141 
6298.200672500 133 
6298.201228000 124 
6298.201783500 115 
6298.202339000 106 
6298.202894500 098 
6298.203450000 093 
6298.204005500 086 
6298.204561000 082 
6298.205116500 080 
6298.205672000 078 
6298.206227500 078 
6298.206783000 079 
6298.207338500 081 
6298.207894000 086 
6298.208449500 091 
6298.209005000 097 
6298.209560500 105 
6298.210116000 113 
6298.210671500 122 
6298.211227000 130 
6298.211782500 139 
6298.212338000 148 
6298.212893500 155 
6298.213449000 162 
6298.214004500 168 
6298.214560000 172 
6298.215115500 176 
6298.215671000 177 
6298.216226500 178 
6298.216782000 176 
6298.217337500 174 
6298.217893000 170 
6298.218448500 163 
6298.219004000 158 
6298.219559500 149 
6298.220115000 141 
6298.220670500 133 
6298.221226000 124 
6298.221781500 115 
6298.222337000 107 
6298.222892500 099 
6298.223448000 092 
6298.224003500 087 
6298.224559000 082 
6298.225114500 079 
6298.225670000 078 
6298.226225500 077 
6298.226781000 078 
6298.227336500 081 
6298.227892000 086 
6298.228447500 090 
6298.229003000 097 
6298.229558500 105 
6298.230114000 113 
6298.230669500 122 
6298.231225000 130 
6298.231780500 140 
6298.232336000 148 
6298.232891500 155 
6298.233447000 163 
6298.234002500 167 
6298.234558000 172 
6298.235113500 175 
6298.235669000 177 
6298.236224500 178 
6298.236780000 176 
6298.237335500 173 
6298.237891000 169 
6298.238446500 163 
6298.239002000 158 
6298.239557500 149 
6298.240113000 141 
6298.240668500 133 
6298.241224000 124 
6298.241779500 114 
6298.242335000 108 
6298.242890500 099 
6298.243446000 093 
6298.244001500 088 
6298.244557000 083 
6298.245112500 079 
6298.245668000 079 
6298.246223500 076 
6298.246779000 079 
6298.247334500 081 
6298.247890000 086 
6298.248445500 091 
6298.249001000 097 
6298.249556500 105 
6298.250112000 114 
6298.250667500 121 
6298.251223000 131 
6298.251778500 139 
6298.252334000 147 
6298.252889500 156 
6298.253445000 162 
6298.254000500 168 
6298.254556000 173 
6298.255111500 175 
6298.255667000 177 
6298.256222500 178 
6298.256778000 176 
6298.257333500 173 
6298.257889000 168 
6298.258444500 163 
6298.259000000 157 
6298.259555500 150 
6298.260111000 141 
6298.260666500 133 
6298.261222000 124 
6298.261777500 115 
6298.262333000 107 
6298.262888500 100 
6298.263444000 092 
6298.263999500 087 
6298.264555000 083 
6298.265110500 079 
6298.265666000 077 
6298.266221500 078 
6298.266777000 079 
6298.267332500 081 
6298.267888000 085 
6298.268443500 091 
6298.268999000 097 
6298.269554500 105 
6298.270110000 113 
6298.270665500 121 
6298.271221000 131 
6298.271776500 139 
6298.272332000 147 
6298.272887500 155 
6298.273443000 163 
6298.273998500 168 
6298.274554000 173 
6298.275109500 175 
6298.275665000 177 
6298.276220500 178 
6298.276776000 176 
6298.277331500 174 
6298.277887000 170 
6298.278442500 163 
6298.278998000 157 
6298.279553500 150 
6298.280109000 141 
6298.280664500 133 
6298.281220000 124 
6298.281775500 115 
6298.282331000 107 
6298.282886500 100 
6298.283442000 092 
6298.283997500 087 
6298.284553000 082 
6298.285108500 079 
6298.285664000 078 
6298.286219500 078 
6298.286775000 077 
6298.287330500 083 
6298.287886000 085 
6298.288441500 091 
6298.288997000 098 
6298.289552500 104 
6298.290108000 113 
6298.290663500 122 
6298.291219000 130 
6298.291774500 138 
6298.292330000 148 
6298.292885500 155 
6298.293441000 162 
6298.293996500 168 
6298.294552000 173 
6298.295107500 175 
6298.295663000 177 
6298.296218500 177 
6298.296774000 176 
6298.297329500 173 
6298.297885000 169 
6298.298440500 164 
6298.298996000 157 
6298.299551500 150 
6298.300107000 141 
6298.300662500 133 
6298.301218000 124 
6298.301773500 116 
6298.302329000 106 
6298.302884500 099 
6298.303440000 094 
6298.303995500 086 
6298.304551000 082 
6298.305106500 079 
6298.305662000 078 
6298.306217500 077 
6298.306773000 079 
6298.307328500 080 
6298.307884000 086 
6298.308439500 091 
6298.308995000 097 
6298.309550500 104 
6298.310106000 113 
6298.310661500 121 
6298.311217000 131 
6298.311772500 139 
6298.312328000 147 
6298.312883500 155 
6298.313439000 162 
6298.313994500 168 
6298.314550000 172 
6298.315105500 175 
6298.315661000 177 
6298.316216500 178 
6298.316772000 176 
6298.317327500 174 
6298.317883000 168 
6298.318438500 164 
6298.318994000 157 
6298.319549500 150 
6298.320105000 141 
6298.320660500 133 
6298.321216000 124 
6298.321771500 115 
6298.322327000 108 
6298.322882500 099 
6298.323438000 092 
6298.323993500 088 
6298.324549000 082 
6298.325104500 079 
6298.325660000 078 
6298.326215500 078 
6298.326771000 078 
6298.327326500 081 
6298.327882000 086 
6298.328437500 091 
6298.328993000 098 
6298.329548500 104 
6298.330104000 113 
6298.330659500 121 
6298.331215000 130 
6298.331770500 140 
6298.332326000 147 
6298.332881500 155 
6298.333437000 163 
6298.333992500 168 
6298.334548000 172 
6298.335103500 176 
6298.335659000 177 
6298.336214500 178 
6298.336770000 176 
6298.337325500 173 
6298.337881000 169 
6298.338436500 165 
6298.338992000 157 
6298.339547500 150 
6298.340103000 142 
6298.340658500 133 
6298.341214000 124 
6298.341769500 116 
6298.342325000 108 
6298.342880500 099 
6298.343436000 093 
6298.343991500 087 
6298.344547000 083 
6298.345102500 080 
6298.345658000 077 
6298.346213500 077 
6298.346769000 079 
6298.347324500 081 
6298.347880000 086 
6298.348435500 091 
6298.348991000 097 
6298.349546500 104 
6298.350102000 113 
6298.350657500 122 
6298.351213000 130 
6298.351768500 139 
6298.352324000 148 
6298.352879500 155 
6298.353435000 163 
6298.353990500 168 
6298.354546000 172 
6298.355101500 176 
6298.355657000 177 
6298.356212500 177 
6298.356768000 177 
6298.357323500 173 
6298.357879000 169 
6298.358434500 164 
6298.358990000 157 
6298.359545500 150 
6298.360101000 141 
6298.360656500 133 
6298.361212000 124 
6298.361767500 115 
6298.362323000 108 
6298.362878500 099 
6298.363434000 092 
6298.363989500 087 
6298.364545000 083 
6298.365100500 079 
6298.365656000 078 
6298.366211500 077 
6298.366767000 079 
6298.367322500 081 
6298.367878000 086 
6298.368433500 090 
6298.368989000 098 
6298.369544500 104 
6298.370100000 113 
6298.370655500 122 
6298.371211000 130 
6298.371766500 139 
6298.372322000 148 
6298.372877500 156 
6298.373433000 162 
6298.373988500 168 
6298.374544000 172 
6298.375099500 175 
6298.375655000 177 
6298.376210500 177 
6298.376766000 176 
6298.377321500 173 
6298.377877000 169 
6298.378432500 163 
6298.378988000 157 
6298.379543500 150 
6298.380099000 142 
6298.380654500 133 
6298.381210000 124 
6298.381765500 116 
6298.382321000 107 
6298.382876500 099 
6298.383432000 093 
6298.383987500 087 
6298.384543000 082 
6298.385098500 080 
6298.385654000 077 
6298.386209500 079 
6298.386765000 077 
6298.387320500 081 
6298.387876000 086 
6298.388431500 091 
6298.388987000 097 
6298.389542500 105 
6298.390098000 112 
6298.390653500 121 
6298.391209000 130 
6298.391764500 139 
6298.392320000 148 
6298.392875500 155 
6298.393431000 163 
6298.393986500 167 
6298.394542000 172 
6298.395097500 175 
6298.395653000 177 
6298.396208500 178 
6298.396764000 176 
6298.397319500 173 
6298.397875000 170 
6298.398430500 164 
6298.398986000 158 
6298.399541500 151 
6298.400097000 141 
6298.400652500 134 
6298.401208000 124 
6298.401763500 116 
6298.402319000 108 
6298.402874500 099 
6298.403430000 093 
6298.403985500 087 
6298.404541000 083 
6298.405096500 080 
6298.405652000 077 
6298.406207500 078 
6298.406763000 078 
6298.407318500 082 
6298.407874000 085 
6298.408429500 092 
6298.408985000 096 
6298.409540500 104 
6298.410096000 113 
6298.410651500 121 
6298.411207000 130 
6298.411762500 140 
6298.412318000 147 
6298.412873500 155 
6298.413429000 162 
6298.413984500 167 
6298.414540000 173 
6298.415095500 175 
6298.415651000 177 
6298.416206500 178 
6298.416762000 176 
6298.417317500 174 
6298.417873000 169 
6298.418428500 164 
6298.418984000 158 
6298.419539500 151 
6298.420095000 141 
6298.420650500 133 
6298.421206000 124 
6298.421761500 115 
6298.422317000 107 
6298.422872500 100 
6298.423428000 092 
6298.423983500 088 
6298.424539000 083 
6298.425094500 079 
6298.425650000 078 
6298.426205500 077 
6298.426761000 079 
6298.427316500 081 
6298.427872000 085 
6298.428427500 092 
6298.428983000 097 
6298.429538500 103 
6298.430094000 113 
6298.430649500 121 
6298.431205000 130 
6298.431760500 139 
6298.432316000 147 
6298.432871500 155 
6298.433427000 162 
6298.433982500 168 
6298.434538000 172 
6298.435093500 175 
6298.435649000 178 
6298.436204500 177 
6298.436760000 176 
6298.437315500 174 
6298.437871000 168 
6298.438426500 163 
6298.438982000 157 
6298.439537500 150 
6298.440093000 142 
6298.440648500 134 
6298.441204000 124 
6298.441759500 116 
6298.442315000 108 
6298.442870500 099 
6298.443426000 093 
6298.443981500 088 
6298.444537000 082 
6298.445092500 079 
6298.445648000 078 
6298.446203500 078 
6298.446759000 079 
6298.447314500 080 
6298.447870000 085 
6298.448425500 092 
6298.448981000 096 
6298.449536500 103 
6298.450092000 113 
6298.450647500 121 
6298.451203000 130 
6298.451758500 139 
6298.452314000 147 
6298.452869500 155 
6298.453425000 162 
6298.453980500 168 
6298.454536000 172 
6298.455091500 175 
6298.455647000 178 
6298.456202500 178 
6298.456758000 176 
6298.457313500 174 
6298.457869000 169 
6298.458424500 163 
6298.458980000 157 
6298.459535500 150 
6298.460091000 142 
6298.460646500 133 
6298.461202000 125 
6298.461757500 116 
6298.462313000 107 
6298.462868500 100 
6298.463424000 093 
6298.463979500 086 
6298.464535000 082 
6298.465090500 080 
6298.465646000 076 
6298.466201500 078 
6298.466757000 078 
6298.467312500 080 
6298.467868000 085 
6298.468423500 091 
6298.468979000 097 
6298.469534500 104 
6298.470090000 112 
6298.470645500 122 
6298.471201000 130 
6298.471756500 138 
6298.472312000 148 
6298.472867500 156 
6298.473423000 162 
6298.473978500 168 
6298.474534000 173 
6298.475089500 176 
6298.475645000 178 
6298.476200500 178 
6298.476756000 177 
6298.477311500 174 
6298.477867000 170 
6298.478422500 163 
6298.478978000 158 
6298.479533500 150 
6298.480089000 142 
6298.480644500 133 
6298.481200000 125 
6298.481755500 115 
6298.482311000 107 
6298.482866500 100 
6298.483422000 092 
6298.483977500 086 
6298.484533000 082 
6298.485088500 078 
6298.485644000 077 
6298.486199500 078 
6298.486755000 077 
6298.487310500 082 
6298.487866000 084 
6298.488421500 091 
6298.488977000 097 
6298.489532500 103 
6298.490088000 112 
6298.490643500 121 
6298.491199000 129 
6298.491754500 139 
6298.492310000 147 
6298.492865500 155 
6298.493421000 163 
6298.493976500 168 
6298.494532000 172 
6298.495087500 176 
6298.495643000 178 
6298.496198500 178 
6298.496754000 177 
6298.497309500 174 
6298.497865000 170 
6298.498420500 163 
6298.498976000 158 
6298.499531500 151 
6298.500087000 142 
6298.500642500 134 
6298.501198000 124 
6298.501753500 115 
6298.502309000 107 
6298.502864500 100 
6298.503420000 092 
6298.503975500 087 
6298.504531000 083 
6298.505086500 079 
6298.505642000 078 
6298.506197500 076 
6298.506753000 078 
6298.507308500 080 
6298.507864000 085 
6298.508419500 091 
6298.508975000 096 
6298.509530500 104 
6298.510086000 112 
6298.510641500 121 
6298.511197000 130 
6298.511752500 140 
6298.512308000 147 
6298.512863500 155 
6298.513419000 163 
6298.513974500 167 
6298.514530000 173 
6298.515085500 175 
6298.515641000 178 
6298.516196500 179 
6298.516752000 177 
6298.517307500 174 
6298.517863000 169 
6298.518418500 164 
6298.518974000 158 
6298.519529500 151 
6298.520085000 142 
6298.520640500 133 
6298.521196000 124 
6298.521751500 115 
6298.522307000 107 
6298.522862500 100 
6298.523418000 092 
6298.523973500 088 
6298.524529000 082 
6298.525084500 079 
6298.525640000 077 
6298.526195500 077 
6298.526751000 079 
6298.527306500 080 
6298.527862000 086 
6298.528417500 090 
6298.528973000 097 
6298.529528500 104 
6298.530084000 112 
6298.530639500 122 
6298.531195000 130 
6298.531750500 139 
6298.532306000 148 
6298.532861500 155 
6298.533417000 162 
6298.533972500 168 
6298.534528000 172 
6298.535083500 176 
6298.535639000 177 
6298.536194500 178 
6298.536750000 177 
6298.537305500 174 
6298.537861000 170 
6298.538416500 163 
6298.538972000 158 
6298.539527500 151 
6298.540083000 142 
6298.540638500 134 
6298.541194000 124 
6298.541749500 116 
6298.542305000 108 
6298.542860500 098 
6298.543416000 093 
6298.543971500 088 
6298.544527000 082 
6298.545082500 079 
6298.545638000 078 
6298.546193500 077 
6298.546749000 077 
6298.547304500 081 
6298.547860000 085 
6298.548415500 091 
6298.548971000 096 
6298.549526500 104 
6298.550082000 112 
6298.550637500 121 
6298.551193000 130 
6298.551748500 138 
6298.552304000 148 
6298.552859500 155 
6298.553415000 162 
6298.553970500 167 
6298.554526000 173 
6298.555081500 176 
6298.555637000 178 
6298.556192500 178 
6298.556748000 178 
6298.557303500 174 
6298.557859000 171 
6298.558414500 164 
6298.558970000 158 
6298.559525500 152 
6298.560081000 142 
6298.560636500 134 
6298.561192000 125 
6298.561747500 115 
6298.562303000 108 
6298.562858500 098 
6298.563414000 093 
6298.563969500 086 
6298.564525000 082 
6298.565080500 078 
6298.565636000 077 
6298.566191500 077 
6298.566747000 077 
6298.567302500 080 
6298.567858000 085 
6298.568413500 090 
6298.568969000 096 
6298.569524500 104 
6298.570080000 112 
6298.570635500 121 
6298.571191000 130 
6298.571746500 139 
6298.572302000 147 
6298.572857500 155 
6298.573413000 162 
6298.573968500 168 
6298.574524000 173 
6298.575079500 176 
6298.575635000 178 
6298.576190500 178 
6298.576746000 177 
6298.577301500 174 
6298.577857000 170 
6298.578412500 164 
6298.578968000 158 
6298.579523500 151 
6298.580079000 142 
6298.580634500 134 
6298.581190000 125 
6298.581745500 115 
6298.582301000 107 
6298.582856500 100 
6298.583412000 092 
6298.583967500 087 
6298.584523000 081 
6298.585078500 080 
6298.585634000 076 
6298.586189500 078 
6298.586745000 078 
6298.587300500 080 
6298.587856000 085 
6298.588411500 091 
6298.588967000 097 
6298.589522500 103 
6298.590078000 113 
6298.590633500 120 
6298.591189000 129 
6298.591744500 139 
6298.592300000 148 
6298.592855500 155 
6298.593411000 162 
6298.593966500 168 
6298.594522000 172 
6298.595077500 176 
6298.595633000 178 
6298.596188500 178 
6298.596744000 177 
6298.597299500 174 
6298.597855000 171 
6298.598410500 164 
6298.598966000 158 
6298.599521500 151 
6298.600077000 142 
6298.600632500 134 
6298.601188000 125 
6298.601743500 115 
6298.602299000 107 
6298.602854500 100 
6298.603410000 092 
6298.603965500 087 
6298.604521000 082 
6298.605076500 079 
6298.605632000 078 
6298.606187500 076 
6298.606743000 078 
6298.607298500 080 
6298.607854000 085 
6298.608409500 090 
6298.608965000 097 
6298.609520500 103 
6298.610076000 112 
6298.610631500 121 
6298.611187000 129 
6298.611742500 139 
6298.612298000 147 
6298.612853500 155 
6298.613409000 162 
6298.613964500 168 
6298.614520000 173 
6298.615075500 177 
6298.615631000 178 
6298.616186500 178 
6298.616742000 177 
6298.617297500 174 
6298.617853000 171 
6298.618408500 164 
6298.618964000 159 
6298.619519500 151 
6298.620075000 142 
6298.620630500 134 
6298.621186000 125 
6298.621741500 116 
6298.622297000 107 
6298.622852500 099 
6298.623408000 093 
6298.623963500 088 
6298.624519000 082 
6298.625074500 079 
6298.625630000 077 
6298.626185500 077 
6298.626741000 078 
6298.627296500 080 
6298.627852000 084 
6298.628407500 091 
6298.628963000 096 
6298.629518500 103 
6298.630074000 113 
6298.630629500 120 
6298.631185000 129 
6298.631740500 138 
6298.632296000 147 
6298.632851500 155 
6298.633407000 163 
6298.633962500 168 
6298.634518000 172 
6298.635073500 176 
6298.635629000 178 
6298.636184500 179 
6298.636740000 176 
6298.637295500 174 
6298.637851000 171 
6298.638406500 163 
6298.638962000 158 
6298.639517500 151 
6298.640073000 142 
6298.640628500 134 
6298.641184000 124 
6298.641739500 116 
6298.642295000 107 
6298.642850500 099 
6298.643406000 092 
6298.643961500 086 
6298.644517000 083 
6298.645072500 079 
6298.645628000 077 
6298.646183500 077 
6298.646739000 077 
6298.647294500 081 
6298.647850000 085 
6298.648405500 091 
6298.648961000 097 
6298.649516500 103 
6298.650072000 113 
6298.650627500 121 
6298.651183000 130 
6298.651738500 139 
6298.652294000 147 
6298.652849500 156 
6298.653405000 163 
6298.653960500 168 
6298.654516000 172 
6298.655071500 176 
6298.655627000 178 
6298.656182500 178 
6298.656738000 177 
6298.657293500 175 
6298.657849000 170 
6298.658404500 164 
6298.658960000 158 
6298.659515500 152 
6298.660071000 142 
6298.660626500 134 
6298.661182000 125 
6298.661737500 115 
6298.662293000 108 
6298.662848500 099 
6298.663404000 092 
6298.663959500 087 
6298.664515000 081 
6298.665070500 079 
6298.665626000 078 
6298.666181500 076 
6298.666737000 078 
6298.667292500 080 
6298.667848000 084 
6298.668403500 091 
6298.668959000 096 
6298.669514500 103 
6298.670070000 113 
6298.670625500 120 
6298.671181000 130 
6298.671736500 140 
6298.672292000 147 
6298.672847500 155 
6298.673403000 163 
6298.673958500 168 
6298.674514000 173 
6298.675069500 177 
6298.675625000 178 
6298.676180500 178 
6298.676736000 178 
6298.677291500 174 
6298.677847000 170 
6298.678402500 165 
6298.678958000 158 
6298.679513500 152 
6298.680069000 142 
6298.680624500 134 
6298.681180000 126 
6298.681735500 115 
6298.682291000 108 
6298.682846500 100 
6298.683402000 092 
6298.683957500 087 
6298.684513000 083 
6298.685068500 078 
6298.685624000 077 
6298.686179500 077 
6298.686735000 078 
6298.687290500 081 
6298.687846000 085 
6298.688401500 090 
6298.688957000 097 
6298.689512500 102 
6298.690068000 113 
6298.690623500 121 
6298.691179000 129 
6298.691734500 139 
6298.692290000 147 
6298.692845500 155 
6298.693401000 163 
6298.693956500 168 
6298.694512000 173 
6298.695067500 176 
6298.695623000 178 
6298.696178500 178 
6298.696734000 177 
6298.697289500 175 
6298.697845000 170 
6298.698400500 164 
6298.698956000 159 
6298.699511500 151 
6298.700067000 143 
6298.700622500 133 
6298.701178000 125 
6298.701733500 116 
6298.702289000 107 
6298.702844500 100 
6298.703400000 092 
6298.703955500 087 
6298.704511000 082 
6298.705066500 079 
6298.705622000 078 
6298.706177500 076 
6298.706733000 077 
6298.707288500 081 
6298.707844000 085 
6298.708399500 090 
6298.708955000 097 
6298.709510500 104 
6298.710066000 112 
6298.710621500 121 
6298.711177000 130 
6298.711732500 138 
6298.712288000 147 
6298.712843500 156 
6298.713399000 162 
6298.713954500 168 
6298.714510000 173 
6298.715065500 176 
6298.715621000 178 
6298.716176500 179 
6298.716732000 177 
6298.717287500 175 
6298.717843000 171 
6298.718398500 164 
6298.718954000 158 
6298.719509500 152 
6298.720065000 142 
6298.720620500 134 
6298.721176000 125 
6298.721731500 116 
6298.722287000 108 
6298.722842500 099 
6298.723398000 094 
6298.723953500 087 
6298.724509000 082 
6298.725064500 080 
6298.725620000 076 
6298.726175500 078 
6298.726731000 078 
6298.727286500 080 
6298.727842000 085 
6298.728397500 090 
6298.728953000 096 
6298.729508500 102 
6298.730064000 113 
6298.730619500 120 
6298.731175000 130 
6298.731730500 138 
6298.732286000 147 
6298.732841500 155 
6298.733397000 162 
6298.733952500 168 
6298.734508000 172 
6298.735063500 176 
6298.735619000 178 
6298.736174500 178 
6298.736730000 178 
6298.737285500 174 
6298.737841000 170 
6298.738396500 165 
6298.738952000 158 
6298.739507500 152 
6298.740063000 142 
6298.740618500 134 
6298.741174000 125 
6298.741729500 116 
6298.742285000 108 
6298.742840500 099 
6298.743396000 093 
6298.743951500 088 
6298.744507000 082 
6298.745062500 080 
6298.745618000 076 
6298.746173500 077 
6298.746729000 078 
6298.747284500 081 
6298.747840000 084 
6298.748395500 091 
6298.748951000 096 
6298.749506500 103 
6298.750062000 113 
6298.750617500 121 
6298.751173000 129 
6298.751728500 139 
6298.752284000 147 
6298.752839500 155 
6298.753395000 162 
6298.753950500 168 
6298.754506000 173 
6298.755061500 176 
6298.755617000 178 
6298.756172500 178 
6298.756728000 177 
6298.757283500 175 
6298.757839000 170 
6298.758394500 164 
6298.758950000 158 
6298.759505500 151 
6298.760061000 143 
6298.760616500 133 
6298.761172000 125 
6298.761727500 115 
6298.762283000 107 
6298.762838500 101 
6298.763394000 092 
6298.763949500 087 
6298.764505000 083 
6298.765060500 078 
6298.765616000 077 
6298.766171500 077 
6298.766727000 078 
6298.767282500 080 
6298.767838000 084 
6298.768393500 091 
6298.768949000 097 
6298.769504500 103 
6298.770060000 113 
6298.770615500 120 
6298.771171000 130 
6298.771726500 139 
6298.772282000 148 
6298.772837500 154 
6298.773393000 162 
6298.773948500 168 
6298.774504000 172 
6298.775059500 177 
6298.775615000 178 
6298.776170500 179 
6298.776726000 178 
6298.777281500 175 
6298.777837000 171 
6298.778392500 165 
6298.778948000 158 
6298.779503500 151 
6298.780059000 142 
6298.780614500 135 
6298.781170000 124 
6298.781725500 116 
6298.782281000 108 
6298.782836500 099 
6298.783392000 093 
6298.783947500 087 
6298.784503000 081 
6298.785058500 079 
6298.785614000 077 
6298.786169500 075 
6298.786725000 077 
6298.787280500 080 
6298.787836000 084 
6298.788391500 090 
6298.788947000 096 
6298.789502500 103 
6298.790058000 112 
6298.790613500 121 
6298.791169000 129 
6298.791724500 139 
6298.792280000 147 
6298.792835500 155 
6298.793391000 162 
6298.793946500 169 
6298.794502000 173 
6298.795057500 176 
6298.795613000 178 
6298.796168500 178 
6298.796724000 178 
6298.797279500 175 
6298.797835000 170 
6298.798390500 165 
6298.798946000 158 
6298.799501500 151 
6298.800057000 143 
6298.800612500 134 
6298.801168000 125 
6298.801723500 117 
6298.802279000 107 
6298.802834500 099 
6298.803390000 093 
6298.803945500 086 
6298.804501000 081 
6298.805056500 079 
6298.805612000 078 
6298.806167500 076 
6298.806723000 078 
6298.807278500 079 
6298.807834000 085 
6298.808389500 090 
6298.808945000 096 
6298.809500500 104 
6298.810056000 112 
6298.810611500 120 
6298.811167000 129 
6298.811722500 139 
6298.812278000 147 
6298.812833500 155 
6298.813389000 163 
6298.813944500 168 
6298.814500000 173 
6298.815055500 176 
6298.815611000 178 
6298.816166500 179 
6298.816722000 178 
6298.817277500 175 
6298.817833000 170 
6298.818388500 165 
6298.818944000 159 
6298.819499500 151 
6298.820055000 143 
6298.820610500 134 
6298.821166000 125 
6298.821721500 116 
6298.822277000 107 
6298.822832500 100 
6298.823388000 093 
6298.823943500 086 
6298.824499000 083 
6298.825054500 079 
6298.825610000 076 
6298.826165500 077 
6298.826721000 077 
6298.827276500 081 
6298.827832000 084 
6298.828387500 090 
6298.828943000 096 
6298.829498500 103 
6298.830054000 112 
6298.830609500 121 
6298.831165000 129 
6298.831720500 139 
6298.832276000 147 
6298.832831500 155 
6298.833387000 162 
6298.833942500 169 
6298.834498000 173 
6298.835053500 176 
6298.835609000 178 
6298.836164500 179 
6298.836720000 178 
6298.837275500 175 
6298.837831000 170 
6298.838386500 165 
6298.838942000 159 
6298.839497500 150 
6298.840053000 143 
6298.840608500 135 
6298.841164000 125 
6298.841719500 116 
6298.842275000 108 
6298.842830500 100 
6298.843386000 093 
6298.843941500 087 
6298.844497000 081 
6298.845052500 079 
6298.845608000 077 
6298.846163500 077 
6298.846719000 077 
6298.847274500 081 
6298.847830000 083 
6298.848385500 089 
6298.848941000 096 
6298.849496500 103 
6298.850052000 112 
6298.850607500 120 
6298.851163000 129 
6298.851718500 138 
6298.852274000 148 
6298.852829500 155 
6298.853385000 162 
6298.853940500 169 
6298.854496000 173 
6298.855051500 177 
6298.855607000 178 
6298.856162500 178 
6298.856718000 177 
6298.857273500 174 
6298.857829000 171 
6298.858384500 164 
6298.858940000 160 
6298.859495500 151 
6298.860051000 143 
6298.860606500 134 
6298.861162000 126 
6298.861717500 115 
6298.862273000 107 
6298.862828500 101 
6298.863384000 093 
6298.863939500 087 
6298.864495000 083 
6298.865050500 079 
6298.865606000 078 
6298.866161500 076 
6298.866717000 077 
6298.867272500 080 
6298.867828000 085 
6298.868383500 089 
6298.868939000 096 
6298.869494500 103 
6298.870050000 112 
6298.870605500 120 
6298.871161000 129 
6298.871716500 139 
6298.872272000 147 
6298.872827500 155 
6298.873383000 163 
6298.873938500 168 
6298.874494000 173 
6298.875049500 177 
6298.875605000 178 
6298.876160500 179 
6298.876716000 177 
6298.877271500 174 
6298.877827000 171 
6298.878382500 165 
6298.878938000 158 
6298.879493500 151 
6298.880049000 142 
6298.880604500 134 
6298.881160000 125 
6298.881715500 115 
6298.882271000 108 
6298.882826500 100 
6298.883382000 094 
6298.883937500 087 
6298.884493000 083 
6298.885048500 078 
6298.885604000 076 
6298.886159500 077 
6298.886715000 078 
6298.887270500 080 
6298.887826000 084 
6298.888381500 090 
6298.888937000 096 
6298.889492500 104 
6298.890048000 112 
6298.890603500 120 
6298.891159000 130 
6298.891714500 138 
6298.892270000 147 
6298.892825500 155 
6298.893381000 162 
6298.893936500 168 
6298.894492000 173 
6298.895047500 176 
6298.895603000 178 
6298.896158500 179 
6298.896714000 177 
6298.897269500 176 
6298.897825000 171 
6298.898380500 165 
6298.898936000 159 
6298.899491500 151 
6298.900047000 142 
6298.900602500 135 
6298.901158000 125 
6298.901713500 116 
6298.902269000 108 
6298.902824500 099 
6298.903380000 093 
6298.903935500 086 
6298.904491000 082 
6298.905046500 078 
6298.905602000 076 
6298.906157500 076 
6298.906713000 076 
6298.907268500 080 
6298.907824000 083 
6298.908379500 089 
6298.908935000 095 
6298.909490500 103 
6298.910046000 112 
6298.910601500 120 
6298.911157000 130 
6298.911712500 139 
6298.912268000 147 
6298.912823500 155 
6298.913379000 163 
6298.913934500 168 
6298.914490000 173 
6298.915045500 177 
6298.915601000 179 
6298.916156500 179 
6298.916712000 178 
6298.917267500 176 
6298.917823000 171 
6298.918378500 166 
6298.918934000 159 
6298.919489500 152 
6298.920045000 143 
6298.920600500 134 
6298.921156000 125 
6298.921711500 117 
6298.922267000 107 
6298.922822500 100 
6298.923378000 092 
6298.923933500 087 
6298.924489000 081 
6298.925044500 079 
6298.925600000 077 
6298.926155500 075 
6298.926711000 078 
6298.927266500 079 
6298.927822000 084 
6298.928377500 090 
6298.928933000 095 
6298.929488500 103 
6298.930044000 112 
6298.930599500 120 
6298.931155000 129 
6298.931710500 138 
6298.932266000 147 
6298.932821500 155 
6298.933377000 162 
6298.933932500 168 
6298.934488000 174 
6298.935043500 176 
6298.935599000 179 
6298.936154500 179 
6298.936710000 178 
6298.937265500 176 
6298.937821000 171 
6298.938376500 165 
6298.938932000 160 
6298.939487500 151 
6298.940043000 143 
6298.940598500 134 
6298.941154000 125 
6298.941709500 116 
6298.942265000 107 
6298.942820500 099 
6298.943376000 093 
6298.943931500 086 
6298.944487000 082 
6298.945042500 079 
6298.945598000 076 
6298.946153500 076 
6298.946709000 077 
6298.947264500 079 
6298.947820000 084 
6298.948375500 090 
6298.948931000 095 
6298.949486500 103 
6298.950042000 112 
6298.950597500 120 
6298.951153000 129 
6298.951708500 138 
6298.952264000 147 
6298.952819500 156 
6298.953375000 162 
6298.953930500 169 
6298.954486000 173 
6298.955041500 176 
6298.955597000 179 
6298.956152500 179 
6298.956708000 179 
6298.957263500 175 
6298.957819000 172 
6298.958374500 166 
6298.958930000 159 
6298.959485500 152 
6298.960041000 142 
6298.960596500 135 
6298.961152000 125 
6298.961707500 115 
6298.962263000 107 
6298.962818500 099 
6298.963374000 092 
6298.963929500 087 
6298.964485000 081 
6298.965040500 078 
6298.965596000 076 
6298.966151500 076 
6298.966707000 077 
6298.967262500 079 
6298.967818000 084 
6298.968373500 088 
6298.968929000 096 
6298.969484500 103 
6298.970040000 111 
6298.970595500 120 
6298.971151000 129 
6298.971706500 138 
6298.972262000 147 
6298.972817500 155 
6298.973373000 163 
6298.973928500 168 
6298.974484000 173 
6298.975039500 177 
6298.975595000 178 
6298.976150500 179 
6298.976706000 178 
6298.977261500 176 
6298.977817000 171 
6298.978372500 165 
6298.978928000 160 
6298.979483500 151 
6298.980039000 143 
6298.980594500 134 
6298.981150000 125 
6298.981705500 115 
6298.982261000 108 
6298.982816500 099 
6298.983372000 092 
6298.983927500 087 
6298.984483000 081 
6298.985038500 079 
6298.985594000 076 
6298.986149500 076 
6298.986705000 076 
6298.987260500 079 
6298.987816000 084 
6298.988371500 088 
6298.988927000 096 
6298.989482500 103 
6298.990038000 112 
6298.990593500 120 
6298.991149000 129 
6298.991704500 139 
6298.992260000 146 
6298.992815500 155 
6298.993371000 162 
6298.993926500 168 
6298.994482000 174 
6298.995037500 176 
6298.995593000 179 
6298.996148500 179 
6298.996704000 178 
6298.997259500 176 
6298.997815000 171 
6298.998370500 165 
6298.998926000 159 
6298.999481500 151 
6299.000037000 143 
6299.000592500 135 
6299.001148000 125 
6299.001703500 117 
6299.002259000 108 
6299.002814500 099 
6299.003370000 093 
6299.003925500 086 
6299.004481000 081 
6299.005036500 079 
6299.005592000 077 
6299.006147500 076 
6299.006703000 076 
6299.007258500 080 
6299.007814000 083 
6299.008369500 089 
6299.008925000 095 
6299.009480500 103 
6299.010036000 112 
6299.010591500 120 
6299.011147000 130 
6299.011702500 138 
6299.012258000 147 
6299.012813500 156 
6299.013369000 163 
6299.013924500 168 
6299.014480000 173 
6299.015035500 177 
6299.015591000 179 
6299.016146500 179 
6299.016702000 178 
6299.017257500 175 
6299.017813000 172 
6299.018368500 166 
6299.018924000 159 
6299.019479500 152 
6299.020035000 143 
6299.020590500 134 
6299.021146000 125 
6299.021701500 117 
6299.022257000 108 
6299.022812500 099 
6299.023368000 093 
6299.023923500 086 
6299.024479000 082 
6299.025034500 079 
6299.025590000 076 
6299.026145500 076 
6299.026701000 077 
6299.027256500 079 
6299.027812000 084 
6299.028367500 089 
6299.028923000 095 
6299.029478500 103 
6299.030034000 112 
6299.030589500 119 
6299.031145000 129 
6299.031700500 139 
6299.032256000 147 
6299.032811500 155 
6299.033367000 162 
6299.033922500 168 
6299.034478000 174 
6299.035033500 176 
6299.035589000 179 
6299.036144500 179 
6299.036700000 178 
6299.037255500 175 
6299.037811000 171 
6299.038366500 166 
6299.038922000 159 
6299.039477500 152 
6299.040033000 143 
6299.040588500 135 
6299.041144000 125 
6299.041699500 117 
6299.042255000 108 
6299.042810500 099 
6299.043366000 093 
6299.043921500 086 
6299.044477000 082 
6299.045032500 079 
6299.045588000 076 
6299.046143500 076 
6299.046699000 077 
6299.047254500 080 
6299.047810000 084 
6299.048365500 090 
6299.048921000 095 
6299.049476500 103 
6299.050032000 111 
6299.050587500 119 
6299.051143000 129 
6299.051698500 138 
6299.052254000 147 
6299.052809500 155 
6299.053365000 162 
6299.053920500 168 
6299.054476000 173 
6299.055031500 177 
6299.055587000 179 
6299.056142500 179 
6299.056698000 178 
6299.057253500 176 
6299.057809000 171 
6299.058364500 165 
6299.058920000 160 
6299.059475500 151 
6299.060031000 144 
6299.060586500 134 
6299.061142000 125 
6299.061697500 116 
6299.062253000 108 
6299.062808500 099 
6299.063364000 093 
6299.063919500 086 
6299.064475000 082 
6299.065030500 078 
6299.065586000 076 
6299.066141500 076 
6299.066697000 076 
6299.067252500 080 
6299.067808000 082 
6299.068363500 088 
6299.068919000 095 
6299.069474500 103 
6299.070030000 110 
6299.070585500 120 
6299.071141000 129 
6299.071696500 138 
6299.072252000 147 
6299.072807500 155 
6299.073363000 162 
6299.073918500 168 
6299.074474000 173 
6299.075029500 177 
6299.075585000 178 
6299.076140500 179 
6299.076696000 178 
6299.077251500 175 
6299.077807000 171 
6299.078362500 165 
6299.078918000 159 
6299.079473500 152 
6299.080029000 143 
6299.080584500 135 
6299.081140000 126 
6299.081695500 116 
6299.082251000 108 
6299.082806500 099 
6299.083362000 093 
6299.083917500 087 
6299.084473000 082 
6299.085028500 078 
6299.085584000 077 
6299.086139500 076 
6299.086695000 076 
6299.087250500 079 
6299.087806000 084 
6299.088361500 088 
6299.088917000 095 
6299.089472500 103 
6299.090028000 111 
6299.090583500 120 
6299.091139000 129 
6299.091694500 138 
6299.092250000 147 
6299.092805500 155 
6299.093361000 163 
6299.093916500 168 
6299.094472000 173 
6299.095027500 177 
6299.095583000 178 
6299.096138500 179 
6299.096694000 178 
6299.097249500 175 
6299.097805000 171 
6299.098360500 165 
6299.098916000 159 
6299.099471500 152 
6299.100027000 143 
6299.100582500 135 
6299.101138000 126 
6299.101693500 116 
6299.102249000 108 
6299.102804500 099 
6299.103360000 092 
6299.103915500 087 
6299.104471000 081 
6299.105026500 079 
6299.105582000 076 
6299.106137500 076 
6299.106693000 076 
6299.107248500 079 
6299.107804000 085 
6299.108359500 088 
6299.108915000 096 
6299.109470500 102 
6299.110026000 112 
6299.110581500 120 
6299.111137000 128 
6299.111692500 139 
6299.112248000 146 
6299.112803500 155 
6299.113359000 163 
6299.113914500 168 
6299.114470000 173 
6299.115025500 176 
6299.115581000 179 
6299.116136500 179 
6299.116692000 178 
6299.117247500 176 
6299.117803000 171 
6299.118358500 165 
6299.118914000 160 
6299.119469500 152 
6299.120025000 143 
6299.120580500 135 
6299.121136000 125 
6299.121691500 116 
6299.122247000 109 
6299.122802500 099 
6299.123358000 093 
6299.123913500 087 
6299.124469000 081 
6299.125024500 079 
6299.125580000 076 
6299.126135500 076 
6299.126691000 077 
6299.127246500 079 
6299.127802000 084 
6299.128357500 088 
6299.128913000 095 
6299.129468500 103 
6299.130024000 111 
6299.130579500 120 
6299.131135000 129 
6299.131690500 137 
6299.132246000 147 
6299.132801500 154 
6299.133357000 162 
6299.133912500 168 
6299.134468000 173 
6299.135023500 177 
6299.135579000 179 
6299.136134500 179 
6299.136690000 179 
6299.137245500 176 
6299.137801000 172 
6299.138356500 166 
6299.138912000 159 
6299.139467500 152 
6299.140023000 143 
6299.140578500 135 
6299.141134000 125 
6299.141689500 117 
6299.142245000 107 
6299.142800500 099 
6299.143356000 094 
6299.143911500 086 
6299.144467000 081 
6299.145022500 079 
6299.145578000 076 
6299.146133500 076 
6299.146689000 077 
6299.147244500 079 
6299.147800000 084 
6299.148355500 089 
6299.148911000 095 
6299.149466500 102 
6299.150022000 112 
6299.150577500 120 
6299.151133000 128 
6299.151688500 138 
6299.152244000 147 
6299.152799500 155 
6299.153355000 162 
6299.153910500 168 
6299.154466000 173 
6299.155021500 176 
6299.155577000 179 
6299.156132500 179 
6299.156688000 179 
6299.157243500 175 
6299.157799000 171 
6299.158354500 166 
6299.158910000 159 
6299.159465500 152 
6299.160021000 143 
6299.160576500 134 
6299.161132000 126 
6299.161687500 117 
6299.162243000 107 
6299.162798500 101 
6299.163354000 092 
6299.163909500 087 
6299.164465000 082 
6299.165020500 078 
6299.165576000 077 
6299.166131500 076 
6299.166687000 077 
6299.167242500 080 
6299.167798000 083 
6299.168353500 090 
6299.168909000 095 
6299.169464500 103 
6299.170020000 111 
6299.170575500 119 
6299.171131000 128 
6299.171686500 139 
6299.172242000 147 
6299.172797500 155 
6299.173353000 162 
6299.173908500 168 
6299.174464000 173 
6299.175019500 177 
6299.175575000 179 
6299.176130500 179 
6299.176686000 178 
6299.177241500 175 
6299.177797000 172 
6299.178352500 166 
6299.178908000 159 
6299.179463500 152 
6299.180019000 144 
6299.180574500 134 
6299.181130000 126 
6299.181685500 116 
6299.182241000 108 
6299.182796500 100 
6299.183352000 092 
6299.183907500 087 
6299.184463000 081 
6299.185018500 077 
6299.185574000 076 
6299.186129500 074 
6299.186685000 076 
6299.187240500 079 
6299.187796000 083 
6299.188351500 089 
6299.188907000 094 
6299.189462500 103 
6299.190018000 111 
6299.190573500 120 
6299.191129000 128 
6299.191684500 138 
6299.192240000 147 
6299.192795500 155 
6299.193351000 162 
6299.193906500 169 
6299.194462000 173 
6299.195017500 177 
6299.195573000 179 
6299.196128500 180 
6299.196684000 179 
6299.197239500 176 
6299.197795000 172 
6299.198350500 167 
6299.198906000 159 
6299.199461500 152 
6299.200017000 144 
6299.200572500 134 
6299.201128000 126 
6299.201683500 116 
6299.202239000 108 
6299.202794500 100 
6299.203350000 092 
6299.203905500 087 
6299.204461000 081 
6299.205016500 079 
6299.205572000 076 
6299.206127500 075 
6299.206683000 077 
6299.207238500 080 
6299.207794000 082 
6299.208349500 089 
6299.208905000 095 
6299.209460500 103 
6299.210016000 111 
6299.210571500 119 
6299.211127000 129 
6299.211682500 138 
6299.212238000 146 
6299.212793500 156 
6299.213349000 162 
6299.213904500 168 
6299.214460000 174 
6299.215015500 177 
6299.215571000 178 
6299.216126500 179 
6299.216682000 179 
6299.217237500 175 
6299.217793000 172 
6299.218348500 166 
6299.218904000 160 
6299.219459500 152 
6299.220015000 143 
6299.220570500 135 
6299.221126000 125 
6299.221681500 116 
6299.222237000 108 
6299.222792500 099 
6299.223348000 093 
6299.223903500 087 
6299.224459000 081 
6299.225014500 078 
6299.225570000 076 
6299.226125500 075 
6299.226681000 076 
6299.227236500 080 
6299.227792000 082 
6299.228347500 089 
6299.228903000 094 
6299.229458500 102 
6299.230014000 111 
6299.230569500 120 
6299.231125000 128 
6299.231680500 138 
6299.232236000 147 
6299.232791500 154 
6299.233347000 162 
6299.233902500 168 
6299.234458000 173 
6299.235013500 177 
6299.235569000 179 
6299.236124500 179 
6299.236680000 179 
6299.237235500 176 
6299.237791000 172 
6299.238346500 166 
6299.238902000 159 
6299.239457500 152 
6299.240013000 143 
6299.240568500 135 
6299.241124000 125 
6299.241679500 117 
6299.242235000 107 
6299.242790500 101 
6299.243346000 092 
6299.243901500 087 
6299.244457000 082 
6299.245012500 077 
6299.245568000 077 
6299.246123500 077 
6299.246679000 076 
6299.247234500 079 
6299.247790000 083 
6299.248345500 089 
6299.248901000 095 
6299.249456500 102 
6299.250012000 111 
6299.250567500 120 
6299.251123000 128 
6299.251678500 138 
6299.252234000 147 
6299.252789500 154 
6299.253345000 163 
6299.253900500 168 
6299.254456000 173 
6299.255011500 177 
6299.255567000 179 
6299.256122500 180 
6299.256678000 178 
6299.257233500 177 
6299.257789000 172 
6299.258344500 166 
6299.258900000 160 
6299.259455500 152 
6299.260011000 143 
6299.260566500 135 
6299.261122000 126 
6299.261677500 116 
6299.262233000 108 
6299.262788500 100 
6299.263344000 093 
6299.263899500 087 
6299.264455000 081 
6299.265010500 079 
6299.265566000 076 
6299.266121500 076 
6299.266677000 095 
6299.267232500 110 
6299.267788000 115 
6299.268343500 117 
6299.268899000 118 
6299.269454500 119 
6299.270010000 119 
6299.270565500 121 
6299.271121000 125 
6299.271676500 133 
6299.272232000 142 
6299.272787500 148 
6299.273343000 156 
6299.273898500 163 
6299.274454000 167 
6299.275009500 171 
6299.275565000 174 
6299.276120500 174 
6299.276676000 173 
6299.277231500 171 
6299.277787000 167 
6299.278342500 162 
6299.278898000 156 
6299.279453500 148 
6299.280009000 139 
6299.280564500 131 
6299.281120000 123 
6299.281675500 113 
6299.282231000 105 
6299.282786500 097 
6299.283342000 089 
6299.283897500 083 
6299.284453000 079 
6299.285008500 076 
6299.285564000 073 
6299.286119500 074 
6299.286675000 074 
6299.287230500 077 
6299.287786000 081 
6299.288341500 087 
6299.288897000 093 
6299.289452500 100 
6299.290008000 109 
6299.290563500 118 
6299.291119000 127 
6299.291674500 137 
6299.292230000 145 
6299.292785500 154 
6299.293341000 161 
6299.293896500 167 
6299.294452000 173 
6299.295007500 176 
6299.295563000 178 
6299.296118500 179 
6299.296674000 177 
6299.297229500 175 
6299.297785000 171 
6299.298340500 166 
6299.298896000 160 
6299.299451500 151 
6299.300007000 144 
6299.300562500 134 
6299.301118000 125 
6299.301673500 117 
6299.302229000 108 
6299.302784500 099 
6299.303340000 092 
6299.303895500 085 
6299.304451000 081 
6299.305006500 078 
6299.305562000 075 
6299.306117500 076 
6299.306673000 077 
6299.307228500 078 
6299.307784000 082 
6299.308339500 088 
6299.308895000 094 
6299.309450500 103 
6299.310006000 110 
6299.310561500 119 
6299.311117000 129 
6299.311672500 138 
6299.312228000 146 
6299.312783500 155 
6299.313339000 162 
6299.313894500 169 
6299.314450000 173 
6299.315005500 177 
6299.315561000 179 
6299.316116500 179 
6299.316672000 178 
6299.317227500 177 
6299.317783000 172 
6299.318338500 166 
6299.318894000 161 
6299.319449500 152 
6299.320005000 143 
6299.320560500 135 
6299.321116000 126 
6299.321671500 116 
6299.322227000 108 
6299.322782500 100 
6299.323338000 093 
6299.323893500 085 
6299.324449000 082 
6299.325004500 078 
6299.325560000 076 
6299.326115500 076 
6299.326671000 076 
6299.327226500 079 
6299.327782000 082 
6299.328337500 088 
6299.328893000 095 
6299.329448500 101 
6299.330004000 109 
6299.330559500 120 
6299.331115000 128 
6299.331670500 138 
6299.332226000 147 
6299.332781500 154 
6299.333337000 162 
6299.333892500 169 
6299.334448000 173 
6299.335003500 177 
6299.335559000 179 
6299.336114500 179 
6299.336670000 179 
6299.337225500 176 
6299.337781000 172 
6299.338336500 166 
6299.338892000 160 
6299.339447500 152 
6299.340003000 145 
6299.340558500 135 
6299.341114000 127 
6299.341669500 116 
6299.342225000 108 
6299.342780500 100 
6299.343336000 092 
6299.343891500 087 
6299.344447000 081 
6299.345002500 078 
6299.345558000 076 
6299.346113500 074 
6299.346669000 077 
6299.347224500 078 
6299.347780000 083 
6299.348335500 087 
6299.348891000 095 
6299.349446500 102 
6299.350002000 109 
6299.350557500 120 
6299.351113000 128 
6299.351668500 138 
6299.352224000 147 
6299.352779500 155 
6299.353335000 162 
6299.353890500 168 
6299.354446000 173 
6299.355001500 177 
6299.355557000 179 
6299.356112500 180 
6299.356668000 178 
6299.357223500 177 
6299.357779000 171 
6299.358334500 166 
6299.358890000 159 
6299.359445500 152 
6299.360001000 144 
6299.360556500 135 
6299.361112000 127 
6299.361667500 117 
6299.362223000 108 
6299.362778500 099 
6299.363334000 093 
6299.363889500 087 
6299.364445000 081 
6299.365000500 079 
6299.365556000 076 
6299.366111500 075 
6299.366667000 077 
6299.367222500 078 
6299.367778000 083 
6299.368333500 088 
6299.368889000 095 
6299.369444500 103 
6299.370000000 110 
6299.370555500 120 
6299.371111000 128 
6299.371666500 138 
6299.372222000 147 
6299.372777500 155 
6299.373333000 163 
6299.373888500 168 
6299.374444000 174 
6299.374999500 177 
6299.375555000 179 
6299.376110500 179 
6299.376666000 179 
6299.377221500 176 
6299.377777000 172 
6299.378332500 167 
6299.378888000 159 
6299.379443500 152 
6299.379999000 145 
6299.380554500 135 
6299.381110000 126 
6299.381665500 117 
6299.382221000 108 
6299.382776500 099 
6299.383332000 092 
6299.383887500 087 
6299.384443000 082 
6299.384998500 078 
6299.385554000 077 
6299.386109500 076 
6299.386665000 077 
6299.387220500 078 
6299.387776000 083 
6299.388331500 087 
6299.388887000 095 
6299.389442500 102 
6299.389998000 109 
6299.390553500 120 
6299.391109000 128 
6299.391664500 138 
6299.392220000 147 
6299.392775500 155 
6299.393331000 163 
6299.393886500 168 
6299.394442000 173 
6299.394997500 177 
6299.395553000 179 
6299.396108500 180 
6299.396664000 179 
6299.397219500 176 
6299.397775000 172 
6299.398330500 167 
6299.398886000 159 
6299.399441500 153 
6299.399997000 145 
6299.400552500 134 
6299.401108000 126 
6299.401663500 117 
6299.402219000 108 
6299.402774500 099 
6299.403330000 094 
6299.403885500 086 
6299.404441000 082 
6299.404996500 077 
6299.405552000 076 
6299.406107500 075 
6299.406663000 077 
6299.407218500 078 
6299.407774000 083 
6299.408329500 088 
6299.408885000 095 
6299.409440500 102 
6299.409996000 110 
6299.410551500 119 
6299.411107000 128 
6299.411662500 138 
6299.412218000 147 
6299.412773500 155 
6299.413329000 163 
6299.413884500 168 
6299.414440000 173 
6299.414995500 177 
6299.415551000 178 
6299.416106500 180 
6299.416662000 179 
6299.417217500 176 
6299.417773000 173 
6299.418328500 166 
6299.418884000 159 
6299.419439500 153 
6299.419995000 144 
6299.420550500 136 
6299.421106000 126 
6299.421661500 117 
6299.422217000 108 
6299.422772500 100 
6299.423328000 093 
6299.423883500 086 
6299.424439000 082 
6299.424994500 078 
6299.425550000 076 
6299.426105500 076 
6299.426661000 076 
6299.427216500 078 
6299.427772000 083 
6299.428327500 088 
6299.428883000 095 
6299.429438500 103 
6299.429994000 109 
6299.430549500 120 
6299.431105000 128 
6299.431660500 138 
6299.432216000 146 
6299.432771500 155 
6299.433327000 162 
6299.433882500 169 
6299.434438000 173 
6299.434993500 177 
6299.435549000 179 
6299.436104500 180 
6299.436660000 178 
6299.437215500 176 
6299.437771000 172 
6299.438326500 167 
6299.438882000 160 
6299.439437500 152 
6299.439993000 145 
6299.440548500 135 
6299.441104000 126 
6299.441659500 116 
6299.442215000 108 
6299.442770500 100 
6299.443326000 093 
6299.443881500 088 
6299.444437000 082 
6299.444992500 077 
6299.445548000 076 
6299.446103500 075 
6299.446659000 077 
6299.447214500 078 
6299.447770000 083 
6299.448325500 088 
6299.448881000 094 
6299.449436500 102 
6299.449992000 109 
6299.450547500 119 
6299.451103000 129 
6299.451658500 137 
6299.452214000 147 
6299.452769500 155 
6299.453325000 162 
6299.453880500 169 
6299.454436000 173 
6299.454991500 176 
6299.455547000 179 
6299.456102500 180 
6299.456658000 179 
6299.457213500 176 
6299.457769000 171 
6299.458324500 166 
6299.458880000 160 
6299.459435500 152 
6299.459991000 144 
6299.460546500 135 
6299.461102000 126 
6299.461657500 117 
6299.462213000 108 
6299.462768500 100 
6299.463324000 093 
6299.463879500 087 
6299.464435000 081 
6299.464990500 079 
6299.465546000 076 
6299.466101500 076 
6299.466657000 077 
6299.467212500 078 
6299.467768000 083 
6299.468323500 087 
6299.468879000 096 
6299.469434500 102 
6299.469990000 110 
6299.470545500 119 
6299.471101000 128 
6299.471656500 137 
6299.472212000 147 
6299.472767500 155 
6299.473323000 162 
6299.473878500 169 
6299.474434000 173 
6299.474989500 177 
6299.475545000 179 
6299.476100500 179 
6299.476656000 179 
6299.477211500 176 
6299.477767000 172 
6299.478322500 167 
6299.478878000 159 
6299.479433500 153 
6299.479989000 145 
6299.480544500 135 
6299.481100000 126 
6299.481655500 117 
6299.482211000 108 
6299.482766500 100 
6299.483322000 092 
6299.483877500 087 
6299.484433000 082 
6299.484988500 077 
6299.485544000 076 
6299.486099500 076 
6299.486655000 076 
6299.487210500 079 
6299.487766000 082 
6299.488321500 089 
6299.488877000 094 
6299.489432500 103 
6299.489988000 109 
6299.490543500 119 
6299.491099000 129 
6299.491654500 137 
6299.492210000 147 
6299.492765500 154 
6299.493321000 162 
6299.493876500 168 
6299.494432000 174 
6299.494987500 177 
6299.495543000 179 
6299.496098500 180 
6299.496654000 179 
6299.497209500 176 
6299.497765000 172 
6299.498320500 167 
6299.498876000 159 
6299.499431500 152 
6299.499987000 145 
6299.500542500 136 
6299.501098000 126 
6299.501653500 117 
6299.502209000 108 
6299.502764500 100 
6299.503320000 093 
6299.503875500 087 
6299.504431000 083 
6299.504986500 078 
6299.505542000 077 
6299.506097500 076 
6299.506653000 077 
6299.507208500 078 
6299.507764000 082 
6299.508319500 089 
6299.508875000 095 
6299.509430500 102 
6299.509986000 110 
6299.510541500 118 
6299.511097000 128 
6299.511652500 138 
6299.512208000 147 
6299.512763500 155 
6299.513319000 162 
6299.513874500 168 
6299.514430000 173 
6299.514985500 177 
6299.515541000 179 
6299.516096500 179 
6299.516652000 179 
6299.517207500 176 
6299.517763000 172 
6299.518318500 167 
6299.518874000 159 
6299.519429500 153 
6299.519985000 145 
6299.520540500 135 
6299.521096000 127 
6299.521651500 117 
6299.522207000 108 
6299.522762500 101 
6299.523318000 092 
6299.523873500 087 
6299.524429000 083 
6299.524984500 077 
6299.525540000 076 
6299.526095500 076 
6299.526651000 076 
6299.527206500 080 
6299.527762000 082 
6299.528317500 087 
6299.528873000 096 
6299.529428500 102 
6299.529984000 109 
6299.530539500 120 
6299.531095000 128 
6299.531650500 138 
6299.532206000 146 
6299.532761500 155 
6299.533317000 162 
6299.533872500 169 
6299.534428000 173 
6299.534983500 178 
6299.535539000 179 
6299.536094500 180 
6299.536650000 179 
6299.537205500 176 
6299.537761000 172 
6299.538316500 167 
6299.538872000 159 
6299.539427500 153 
6299.539983000 145 
6299.540538500 135 
6299.541094000 126 
6299.541649500 118 
6299.542205000 108 
6299.542760500 100 
6299.543316000 093 
6299.543871500 086 
6299.544427000 081 
6299.544982500 078 
6299.545538000 076 
6299.546093500 075 
6299.546649000 077 
6299.547204500 079 
6299.547760000 083 
6299.548315500 089 
6299.548871000 094 
6299.549426500 102 
6299.549982000 110 
6299.550537500 119 
6299.551093000 128 
6299.551648500 137 
6299.552204000 146 
6299.552759500 155 
6299.553315000 161 
6299.553870500 169 
6299.554426000 173 
6299.554981500 177 
6299.555537000 179 
6299.556092500 180 
6299.556648000 178 
6299.557203500 176 
6299.557759000 172 
6299.558314500 167 
6299.558870000 159 
6299.559425500 153 
6299.559981000 145 
6299.560536500 136 
6299.561092000 127 
6299.561647500 117 
6299.562203000 109 
6299.562758500 099 
6299.563314000 093 
6299.563869500 087 
6299.564425000 082 
6299.564980500 078 
6299.565536000 076 
6299.566091500 076 
6299.566647000 077 
6299.567202500 078 
6299.567758000 083 
6299.568313500 087 
6299.568869000 095 
6299.569424500 102 
6299.569980000 110 
6299.570535500 119 
6299.571091000 128 
6299.571646500 137 
6299.572202000 146 
6299.572757500 155 
6299.573313000 162 
6299.573868500 169 
6299.574424000 173 
6299.574979500 177 
6299.575535000 179 
6299.576090500 180 
6299.576646000 178 
6299.577201500 177 
6299.577757000 172 
6299.578312500 167 
6299.578868000 160 
6299.579423500 153 
6299.579979000 145 
6299.580534500 135 
6299.581090000 126 
6299.581645500 118 
6299.582201000 109 
6299.582756500 099 
6299.583312000 094 
6299.583867500 086 
6299.584423000 081 
6299.584978500 079 
6299.585534000 076 
6299.586089500 075 
6299.586645000 076 
6299.587200500 079 
6299.587756000 082 
6299.588311500 088 
6299.588867000 094 
6299.589422500 101 
6299.589978000 109 
6299.590533500 119 
6299.591089000 128 
6299.591644500 137 
6299.592200000 146 
6299.592755500 154 
6299.593311000 161 
6299.593866500 169 
6299.594422000 174 
6299.594977500 177 
6299.595533000 179 
6299.596088500 180 
6299.596644000 179 
6299.597199500 176 
6299.597755000 173 
6299.598310500 166 
6299.598866000 159 
6299.599421500 153 
6299.599977000 145 
6299.600532500 135 
6299.601088000 127 
6299.601643500 117 
6299.602199000 108 
6299.602754500 101 
6299.603310000 093 
6299.603865500 087 
6299.604421000 081 
6299.604976500 079 
6299.605532000 075 
6299.606087500 075 
6299.606643000 076 
6299.607198500 078 
6299.607754000 083 
6299.608309500 088 
6299.608865000 095 
6299.609420500 102 
6299.609976000 109 
6299.610531500 120 
6299.611087000 128 
6299.611642500 137 
6299.612198000 146 
6299.612753500 154 
6299.613309000 162 
6299.613864500 169 
6299.614420000 173 
6299.614975500 177 
6299.615531000 179 
6299.616086500 180 
6299.616642000 178 
6299.617197500 177 
6299.617753000 173 
6299.618308500 166 
6299.618864000 159 
6299.619419500 153 
6299.619975000 145 
6299.620530500 135 
6299.621086000 126 
6299.621641500 118 
6299.622197000 108 
6299.622752500 100 
6299.623308000 092 
6299.623863500 086 
6299.624419000 082 
6299.624974500 079 
6299.625530000 075 
6299.626085500 075 
6299.626641000 077 
6299.627196500 079 
6299.627752000 082 
6299.628307500 087 
6299.628863000 095 
6299.629418500 102 
6299.629974000 108 
6299.630529500 119 
6299.631085000 127 
6299.631640500 138 
6299.632196000 146 
6299.632751500 154 
6299.633307000 163 
6299.633862500 169 
6299.634418000 173 
6299.634973500 177 
6299.635529000 179 
6299.636084500 180 
6299.636640000 179 
6299.637195500 176 
6299.637751000 172 
6299.638306500 167 
6299.638862000 160 
6299.639417500 153 
6299.639973000 145 
6299.640528500 136 
6299.641084000 126 
6299.641639500 117 
6299.642195000 109 
6299.642750500 100 
6299.643306000 093 
6299.643861500 086 
6299.644417000 081 
6299.644972500 078 
6299.645528000 077 
6299.646083500 075 
6299.646639000 077 
6299.647194500 078 
6299.647750000 083 
6299.648305500 087 
6299.648861000 095 
6299.649416500 101 
6299.649972000 108 
6299.650527500 120 
6299.651083000 128 
6299.651638500 137 
6299.652194000 146 
6299.652749500 154 
6299.653305000 162 
6299.653860500 169 
6299.654416000 173 
6299.654971500 177 
6299.655527000 179 
6299.656082500 180 
6299.656638000 178 
6299.657193500 176 
6299.657749000 172 
6299.658304500 166 
6299.658860000 160 
6299.659415500 153 
6299.659971000 145 
6299.660526500 136 
6299.661082000 126 
6299.661637500 117 
6299.662193000 108 
6299.662748500 099 
6299.663304000 094 
6299.663859500 087 
6299.664415000 081 
6299.664970500 079 
6299.665526000 076 
6299.666081500 075 
6299.666637000 077 
6299.667192500 079 
6299.667748000 082 
6299.668303500 088 
6299.668859000 095 
6299.669414500 102 
6299.669970000 108 
6299.670525500 119 
6299.671081000 128 
6299.671636500 137 
6299.672192000 146 
6299.672747500 154 
6299.673303000 162 
6299.673858500 168 
6299.674414000 174 
6299.674969500 177 
6299.675525000 179 
6299.676080500 180 
6299.676636000 178 
6299.677191500 177 
6299.677747000 172 
6299.678302500 167 
6299.678858000 159 
6299.679413500 153 
6299.679969000 145 
6299.680524500 136 
6299.681080000 126 
6299.681635500 118 
6299.682191000 109 
6299.682746500 100 
6299.683302000 093 
6299.683857500 087 
6299.684413000 082 
6299.684968500 078 
6299.685524000 077 
6299.686079500 076 
6299.686635000 076 
6299.687190500 078 
6299.687746000 082 
6299.688301500 087 
6299.688857000 096 
6299.689412500 101 
6299.689968000 109 
6299.690523500 119 
6299.691079000 127 
6299.691634500 137 
6299.692190000 146 
6299.692745500 154 
6299.693301000 161 
6299.693856500 168 
6299.694412000 173 
6299.694967500 177 
6299.695523000 179 
6299.696078500 180 
6299.696634000 179 
6299.697189500 176 
6299.697745000 172 
6299.698300500 167 
6299.698856000 161 
6299.699411500 153 
6299.699967000 145 
6299.700522500 136 
6299.701078000 126 
6299.701633500 118 
6299.702189000 108 
6299.702744500 100 
6299.703300000 093 
6299.703855500 088 
6299.704411000 081 
6299.704966500 079 
6299.705522000 077 
6299.706077500 075 
6299.706633000 075 
6299.707188500 079 
6299.707744000 083 
6299.708299500 088 
6299.708855000 095 
6299.709410500 101 
6299.709966000 110 
6299.710521500 119 
6299.711077000 128 
6299.711632500 138 
6299.712188000 145 
6299.712743500 155 
6299.713299000 162 
6299.713854500 167 
6299.714410000 173 
6299.714965500 176 
6299.715521000 179 
6299.716076500 180 
6299.716632000 179 
6299.717187500 177 
6299.717743000 172 
6299.718298500 167 
6299.718854000 159 
6299.719409500 153 
6299.719965000 145 
6299.720520500 135 
6299.721076000 127 
6299.721631500 118 
6299.722187000 108 
6299.722742500 101 
6299.723298000 093 
6299.723853500 087 
6299.724409000 083 
6299.724964500 079 
6299.725520000 075 
6299.726075500 076 
6299.726631000 076 
6299.727186500 078 
6299.727742000 083 
6299.728297500 088 
6299.728853000 095 
6299.729408500 101 
6299.729964000 109 
6299.730519500 119 
6299.731075000 128 
6299.731630500 138 
6299.732186000 146 
6299.732741500 155 
6299.733297000 161 
6299.733852500 168 
6299.734408000 173 
6299.734963500 176 
6299.735519000 180 
6299.736074500 179 
6299.736630000 179 
6299.737185500 177 
6299.737741000 172 
6299.738296500 167 
6299.738852000 159 
6299.739407500 153 
6299.739963000 144 
6299.740518500 136 
6299.741074000 127 
6299.741629500 117 
6299.742185000 108 
6299.742740500 100 
6299.743296000 093 
6299.743851500 086 
6299.744407000 082 
6299.744962500 079 
6299.745518000 076 
6299.746073500 076 
6299.746629000 076 
6299.747184500 078 
6299.747740000 082 
6299.748295500 087 
6299.748851000 095 
6299.749406500 102 
6299.749962000 109 
6299.750517500 119 
6299.751073000 127 
6299.751628500 137 
6299.752184000 146 
6299.752739500 153 
6299.753295000 161 
6299.753850500 168 
6299.754406000 173 
6299.754961500 176 
6299.755517000 179 
6299.756072500 180 
6299.756628000 178 
6299.757183500 176 
6299.757739000 173 
6299.758294500 167 
6299.758850000 160 
6299.759405500 153 
6299.759961000 145 
6299.760516500 135 
6299.761072000 126 
6299.761627500 118 
6299.762183000 109 
6299.762738500 101 
6299.763294000 094 
6299.763849500 086 
6299.764405000 083 
6299.764960500 078 
6299.765516000 077 
6299.766071500 075 
6299.766627000 077 
6299.767182500 079 
6299.767738000 081 
6299.768293500 088 
6299.768849000 095 
6299.769404500 101 
6299.769960000 110 
6299.770515500 119 
6299.771071000 128 
6299.771626500 137 
6299.772182000 146 
6299.772737500 154 
6299.773293000 161 
6299.773848500 168 
6299.774404000 173 
6299.774959500 176 
6299.775515000 179 
6299.776070500 179 
6299.776626000 179 
6299.777181500 177 
6299.777737000 172 
6299.778292500 167 
6299.778848000 160 
6299.779403500 153 
6299.779959000 145 
6299.780514500 136 
6299.781070000 126 
6299.781625500 118 
6299.782181000 109 
6299.782736500 100 
6299.783292000 093 
6299.783847500 088 
6299.784403000 081 
6299.784958500 079 
6299.785514000 075 
6299.786069500 075 
6299.786625000 076 
6299.787180500 078 
6299.787736000 083 
6299.788291500 087 
6299.788847000 094 
6299.789402500 101 
6299.789958000 110 
6299.790513500 119 
6299.791069000 127 
6299.791624500 137 
6299.792180000 146 
6299.792735500 154 
6299.793291000 162 
6299.793846500 168 
6299.794402000 173 
6299.794957500 177 
6299.795513000 179 
6299.796068500 180 
6299.796624000 179 
6299.797179500 177 
6299.797735000 173 
6299.798290500 167 
6299.798846000 160 
6299.799401500 153 
6299.799957000 144 
6299.800512500 136 
6299.801068000 127 
6299.801623500 117 
6299.802179000 109 
6299.802734500 100 
6299.803290000 093 
6299.803845500 088 
6299.804401000 082 
6299.804956500 078 
6299.805512000 076 
6299.806067500 075 
6299.806623000 077 
6299.807178500 077 
6299.807734000 082 
6299.808289500 088 
6299.808845000 094 
6299.809400500 102 
6299.809956000 109 
6299.810511500 119 
6299.811067000 127 
6299.811622500 137 
6299.812178000 146 
6299.812733500 155 
6299.813289000 160 
6299.813844500 168 
6299.814400000 173 
6299.814955500 176 
6299.815511000 179 
6299.816066500 179 
6299.816622000 178 
6299.817177500 177 
6299.817733000 172 
6299.818288500 168 
6299.818844000 160 
6299.819399500 153 
6299.819955000 145 
6299.820510500 135 
6299.821066000 128 
6299.821621500 117 
6299.822177000 109 
6299.822732500 100 
6299.823288000 094 
6299.823843500 087 
6299.824399000 082 
6299.824954500 079 
6299.825510000 077 
6299.826065500 075 
6299.826621000 077 
6299.827176500 078 
6299.827732000 083 
6299.828287500 087 
6299.828843000 094 
6299.829398500 102 
6299.829954000 109 
6299.830509500 119 
6299.831065000 128 
6299.831620500 137 
6299.832176000 145 
6299.832731500 155 
6299.833287000 161 
6299.833842500 168 
6299.834398000 173 
6299.834953500 176 
6299.835509000 179 
6299.836064500 179 
6299.836620000 179 
6299.837175500 178 
6299.837731000 172 
6299.838286500 167 
6299.838842000 160 
6299.839397500 152 
6299.839953000 145 
6299.840508500 136 
6299.841064000 127 
6299.841619500 117 
6299.842175000 108 
6299.842730500 101 
6299.843286000 094 
6299.843841500 086 
6299.844397000 081 
6299.844952500 079 
6299.845508000 075 
6299.846063500 075 
6299.846619000 076 
6299.847174500 078 
6299.847730000 081 
6299.848285500 088 
6299.848841000 094 
6299.849396500 101 
6299.849952000 110 
6299.850507500 118 
6299.851063000 128 
6299.851618500 137 
6299.852174000 145 
6299.852729500 154 
6299.853285000 162 
6299.853840500 168 
6299.854396000 173 
6299.854951500 177 
6299.855507000 179 
6299.856062500 180 
6299.856618000 179 
6299.857173500 177 
6299.857729000 173 
6299.858284500 168 
6299.858840000 161 
6299.859395500 153 
6299.859951000 145 
6299.860506500 135 
6299.861062000 126 
6299.861617500 118 
6299.862173000 108 
6299.862728500 101 
6299.863284000 094 
6299.863839500 088 
6299.864395000 081 
6299.864950500 079 
6299.865506000 076 
6299.866061500 075 
6299.866617000 077 
6299.867172500 078 
6299.867728000 082 
6299.868283500 088 
6299.868839000 093 
6299.869394500 102 
6299.869950000 110 
6299.870505500 119 
6299.871061000 128 
6299.871616500 137 
6299.872172000 146 
6299.872727500 154 
6299.873283000 161 
6299.873838500 168 
6299.874394000 172 
6299.874949500 176 
6299.875505000 179 
6299.876060500 180 
6299.876616000 178 
6299.877171500 177 
6299.877727000 173 
6299.878282500 168 
6299.878838000 160 
6299.879393500 153 
6299.879949000 145 
6299.880504500 135 
6299.881060000 127 
6299.881615500 118 
6299.882171000 108 
6299.882726500 101 
6299.883282000 093 
6299.883837500 088 
6299.884393000 081 
6299.884948500 079 
6299.885504000 076 
6299.886059500 075 
6299.886615000 077 
6299.887170500 077 
6299.887726000 083 
6299.888281500 087 
6299.888837000 094 
6299.889392500 102 
6299.889948000 109 
6299.890503500 119 
6299.891059000 127 
6299.891614500 137 
6299.892170000 146 
6299.892725500 154 
6299.893281000 161 
6299.893836500 168 
6299.894392000 173 
6299.894947500 177 
6299.895503000 179 
6299.896058500 179 
6299.896614000 179 
6299.897169500 177 
6299.897725000 172 
6299.898280500 167 
6299.898836000 161 
6299.899391500 153 
6299.899947000 145 
6299.900502500 136 
6299.901058000 127 
6299.901613500 118 
6299.902169000 109 
6299.902724500 101 
6299.903280000 093 
6299.903835500 087 
6299.904391000 083 
6299.904946500 078 
6299.905502000 077 
6299.906057500 074 
6299.906613000 077 
6299.907168500 079 
6299.907724000 082 
6299.908279500 087 
6299.908835000 095 
6299.909390500 101 
6299.909946000 110 
6299.910501500 119 
6299.911057000 128 
6299.911612500 136 
6299.912168000 146 
6299.912723500 155 
6299.913279000 162 
6299.913834500 168 
6299.914390000 173 
6299.914945500 176 
6299.915501000 179 
6299.916056500 180 
6299.916612000 178 
6299.917167500 177 
6299.917723000 172 
6299.918278500 168 
6299.918834000 161 
6299.919389500 153 
6299.919945000 146 
6299.920500500 136 
6299.921056000 127 
6299.921611500 119 
6299.922167000 108 
6299.922722500 100 
6299.923278000 094 
6299.923833500 086 
6299.924389000 082 
6299.924944500 079 
6299.925500000 075 
6299.926055500 076 
6299.926611000 076 
6299.927166500 078 
6299.927722000 083 
6299.928277500 087 
6299.928833000 095 
6299.929388500 101 
6299.929944000 109 
6299.930499500 119 
6299.931055000 127 
6299.931610500 137 
6299.932166000 146 
6299.932721500 153 
6299.933277000 161 
6299.933832500 168 
6299.934388000 173 
6299.934943500 177 
6299.935499000 179 
6299.936054500 179 
6299.936610000 179 
6299.937165500 177 
6299.937721000 172 
6299.938276500 168 
6299.938832000 160 
6299.939387500 153 
6299.939943000 145 
6299.940498500 136 
6299.941054000 128 
6299.941609500 117 
6299.942165000 109 
6299.942720500 101 
6299.943276000 093 
6299.943831500 088 
6299.944387000 083 
6299.944942500 078 
6299.945498000 075 
6299.946053500 076 
6299.946609000 077 
6299.947164500 078 
6299.947720000 082 
6299.948275500 089 
6299.948831000 093 
6299.949386500 101 
6299.949942000 110 
6299.950497500 118 
6299.951053000 127 
6299.951608500 136 
6299.952164000 146 
6299.952719500 153 
6299.953275000 161 
6299.953830500 167 
6299.954386000 172 
6299.954941500 177 
6299.955497000 179 
6299.956052500 180 
6299.956608000 179 
6299.957163500 176 
6299.957719000 173 
6299.958274500 167 
6299.958830000 160 
6299.959385500 153 
6299.959941000 144 
6299.960496500 136 
6299.961052000 128 
6299.961607500 118 
6299.962163000 108 
6299.962718500 101 
6299.963274000 093 
6299.963829500 087 
6299.964385000 083 
6299.964940500 079 
6299.965496000 076 
6299.966051500 076 
6299.966607000 076 
6299.967162500 078 
6299.967718000 083 
6299.968273500 087 
6299.968829000 094 
6299.969384500 102 
6299.969940000 109 
6299.970495500 119 
6299.971051000 128 
6299.971606500 136 
6299.972162000 145 
6299.972717500 154 
6299.973273000 162 
6299.973828500 168 
6299.974384000 173 
6299.974939500 177 
6299.975495000 179 
6299.976050500 179 
6299.976606000 179 
6299.977161500 177 
6299.977717000 173 
6299.978272500 167 
6299.978828000 160 
6299.979383500 153 
6299.979939000 145 
6299.980494500 136 
6299.981050000 128 
6299.981605500 118 
6299.982161000 109 
6299.982716500 100 
6299.983272000 094 
6299.983827500 088 
6299.984383000 081 
6299.984938500 078 
6299.985494000 076 
6299.986049500 075 
6299.986605000 077 
6299.987160500 077 
6299.987716000 083 
6299.988271500 087 
6299.988827000 093 
6299.989382500 101 
6299.989938000 108 
6299.990493500 118 
6299.991049000 127 
6299.991604500 136 
6299.992160000 145 
6299.992715500 155 
6299.993271000 161 
6299.993826500 167 
6299.994382000 173 
6299.994937500 176 
6299.995493000 179 
6299.996048500 180 
6299.996604000 178 
6299.997159500 177 
6299.997715000 172 
6299.998270500 168 
6299.998826000 160 
6299.999381500 153 
6299.999937000 145 
6300.000492500 137 
6300.001048000 127 
6300.001603500 118 
6300.002159000 108 
6300.002714500 101 
6300.003270000 094 
6300.003825500 087 
6300.004381000 083 
6300.004936500 079 
6300.005492000 076 
6300.006047500 076 
6300.006603000 076 
6300.007158500 079 
6300.007714000 082 
6300.008269500 088 
6300.008825000 095 
6300.009380500 101 
6300.009936000 110 
6300.010491500 118 
6300.011047000 128 
6300.011602500 136 
6300.012158000 145 
6300.012713500 154 
6300.013269000 161 
6300.013824500 167 
6300.014380000 172 
6300.014935500 177 
6300.015491000 178 
6300.016046500 180 
6300.016602000 178 
6300.017157500 177 
6300.017713000 173 
6300.018268500 167 
6300.018824000 160 
6300.019379500 153 
6300.019935000 145 
6300.020490500 136 
6300.021046000 127 
6300.021601500 117 
6300.022157000 109 
6300.022712500 100 
6300.023268000 094 
6300.023823500 088 
6300.024379000 081 
6300.024934500 079 
6300.025490000 075 
6300.026045500 076 
6300.026601000 077 
6300.027156500 078 
6300.027712000 082 
6300.028267500 086 
6300.028823000 094 
6300.029378500 102 
6300.029934000 108 
6300.030489500 119 
6300.031045000 127 
6300.031600500 136 
6300.032156000 146 
6300.032711500 154 
6300.033267000 161 
6300.033822500 168 
6300.034378000 173 
6300.034933500 176 
6300.035489000 179 
6300.036044500 180 
6300.036600000 178 
6300.037155500 177 
6300.037711000 172 
6300.038266500 168 
6300.038822000 160 
6300.039377500 153 
6300.039933000 146 
6300.040488500 136 
6300.041044000 127 
6300.041599500 118 
6300.042155000 109 
6300.042710500 101 
6300.043266000 094 
6300.043821500 087 
6300.044377000 081 
6300.044932500 079 
6300.045488000 076 
6300.046043500 075 
6300.046599000 077 
6300.047154500 078 
6300.047710000 082 
6300.048265500 088 
6300.048821000 094 
6300.049376500 102 
6300.049932000 109 
6300.050487500 119 
6300.051043000 127 
6300.051598500 136 
6300.052154000 146 
6300.052709500 153 
6300.053265000 161 
6300.053820500 167 
6300.054376000 172 
6300.054931500 177 
6300.055487000 179 
6300.056042500 180 
6300.056598000 179 
6300.057153500 176 
6300.057709000 172 
6300.058264500 168 
6300.058820000 160 
6300.059375500 153 
6300.059931000 145 
6300.060486500 136 
6300.061042000 128 
6300.061597500 117 
6300.062153000 109 
6300.062708500 102 
6300.063264000 093 
6300.063819500 088 
6300.064375000 082 
6300.064930500 079 
6300.065486000 076 
6300.066041500 076 
6300.066597000 076 
6300.067152500 078 
6300.067708000 082 
6300.068263500 087 
6300.068819000 093 
6300.069374500 102 
6300.069930000 109 
6300.070485500 118 
6300.071041000 128 
6300.071596500 136 
6300.072152000 146 
6300.072707500 153 
6300.073263000 161 
6300.073818500 168 
6300.074374000 173 
6300.074929500 177 
6300.075485000 179 
6300.076040500 180 
6300.076596000 179 
6300.077151500 176 
6300.077707000 173 
6300.078262500 167 
6300.078818000 161 
6300.079373500 153 
6300.079929000 145 
6300.080484500 136 
6300.081040000 127 
6300.081595500 118 
6300.082151000 110 
6300.082706500 101 
6300.083262000 094 
6300.083817500 087 
6300.084373000 083 
6300.084928500 079 
6300.085484000 075 
6300.086039500 075 
6300.086595000 076 
6300.087150500 077 
6300.087706000 083 
6300.088261500 087 
6300.088817000 093 
6300.089372500 101 
6300.089928000 108 
6300.090483500 119 
6300.091039000 127 
6300.091594500 137 
6300.092150000 145 
6300.092705500 153 
6300.093261000 161 
6300.093816500 168 
6300.094372000 172 
6300.094927500 176 
6300.095483000 179 
6300.096038500 179 
6300.096594000 178 
6300.097149500 177 
6300.097705000 173 
6300.098260500 167 
6300.098816000 160 
6300.099371500 154 
6300.099927000 145 
6300.100482500 136 
6300.101038000 127 
6300.101593500 117 
6300.102149000 110 
6300.102704500 100 
6300.103260000 094 
6300.103815500 088 
6300.104371000 083 
6300.104926500 078 
6300.105482000 077 
6300.106037500 076 
6300.106593000 076 
6300.107148500 079 
6300.107704000 081 
6300.108259500 088 
6300.108815000 094 
6300.109370500 101 
6300.109926000 110 
6300.110481500 118 
6300.111037000 127 
6300.111592500 136 
6300.112148000 145 
6300.112703500 154 
6300.113259000 161 
6300.113814500 168 
6300.114370000 172 
6300.114925500 176 
6300.115481000 179 
6300.116036500 179 
6300.116592000 179 
6300.117147500 177 
6300.117703000 172 
6300.118258500 168 
6300.118814000 161 
6300.119369500 153 
6300.119925000 145 
6300.120480500 137 
6300.121036000 127 
6300.121591500 118 
6300.122147000 109 
6300.122702500 101 
6300.123258000 094 
6300.123813500 086 
6300.124369000 082 
6300.124924500 079 
6300.125480000 075 
6300.126035500 076 
6300.126591000 076 
6300.127146500 078 
6300.127702000 082 
6300.128257500 086 
6300.128813000 094 
6300.129368500 102 
6300.129924000 108 
6300.130479500 118 
6300.131035000 128 
6300.131590500 134 
6300.132146000 137 
6300.132701500 137 
6300.133257000 135 
6300.133812500 135 
6300.134368000 134 
6300.134923500 134 
6300.135479000 133 
6300.136034500 132 
6300.136590000 132 
6300.137145500 131 
6300.137701000 131 
6300.138256500 131 
6300.138812000 131 
6300.139367500 130 
6300.139923000 130 
6300.140478500 129 
6300.141034000 130 
6300.141589500 129 
6300.142145000 128 
6300.142700500 130 
6300.143256000 128 
6300.143811500 129 
6300.144367000 129 
6300.144922500 128 
6300.145478000 129 
6300.146033500 129 
6300.146589000 128 
6300.147144500 128 
6300.147700000 128 
6300.148255500 128 
6300.148811000 129 
6300.149366500 128 
6300.149922000 128 
6300.150477500 128 
6300.151033000 127 
6300.151588500 128 
6300.152144000 128 
6300.152699500 127 
6300.153255000 128 
6300.153810500 127 
6300.154366000 127 
6300.154921500 128 
6300.155477000 128 
6300.156032500 127 
6300.156588000 127 
6300.157143500 128 
6300.157699000 128 
6300.158254500 127 
6300.158810000 127 
6300.159365500 128 
6300.159921000 128 
6300.160476500 127 
6300.161032000 128 
6300.161587500 127 
6300.162143000 127 
6300.162698500 127 
6300.163254000 127 
6300.163809500 128 
6300.164365000 127 
6300.164920500 127 
6300.165476000 128 
6300.166031500 127 
6300.166587000 128 
6300.167142500 127 
6300.167698000 127 
6300.168253500 128 
6300.168809000 128 
6300.169364500 127 
6300.169920000 127 
6300.170475500 128 
6300.171031000 127 
6300.171586500 127 
6300.172142000 128 
6300.172697500 128 
6300.173253000 127 
6300.173808500 128 
6300.174364000 128 
6300.174919500 127 
6300.175475000 127 
6300.176030500 128 
6300.176586000 127 
6300.177141500 128 
6300.177697000 128 
6300.178252500 128 
6300.178808000 128 
6300.179363500 127 
6300.179919000 128 
6300.180474500 128 
6300.181030000 127 
6300.181585500 128 
6300.182141000 128 
6300.182696500 127 
6300.183252000 128 
6300.183807500 128 
6300.184363000 127 
6300.184918500 127 
6300.185474000 127 
6300.186029500 128 
6300.186585000 127 
6300.187140500 128 
6300.187696000 127 
6300.188251500 127 
6300.188807000 128 
6300.189362500 127 
6300.189918000 128 
6300.190473500 127 
6300.191029000 128 
6300.191584500 127 
6300.192140000 127 
6300.192695500 128 
6300.193251000 127 
6300.193806500 127 
6300.194362000 128 
6300.194917500 127 
6300.195473000 127 
6300.196028500 128 
6300.196584000 127 
6300.197139500 128 
6300.197695000 127 
6300.198250500 127 
6300.198806000 127 
6300.199361500 127 
6300.199917000 128 
6300.200472500 127 
6300.201028000 127 
6300.201583500 128 
6300.202139000 127 
6300.202694500 128 
6300.203250000 127 
6300.203805500 127 
6300.204361000 127 
6300.204916500 128 
6300.205472000 127 
6300.206027500 128 
6300.206583000 127 
6300.207138500 127 
6300.207694000 128 
6300.208249500 127 
6300.208805000 127 
6300.209360500 128 
6300.209916000 127 
6300.210471500 128 
6300.211027000 127 
6300.211582500 128 
6300.212138000 127 
6300.212693500 128 
6300.213249000 127 
6300.213804500 127 
6300.214360000 128 
6300.214915500 128 
6300.215471000 128 
6300.216026500 128 
6300.216582000 127 
6300.217137500 127 
6300.217693000 127 
6300.218248500 128 
6300.218804000 128 
6300.219359500 127 
6300.219915000 128 
6300.220470500 127 
6300.221026000 127 
6300.221581500 128 
6300.222137000 127 
6300.222692500 128 
6300.223248000 128 
6300.223803500 127 
6300.224359000 127 
6300.224914500 128 
6300.225470000 127 
6300.226025500 128 
6300.226581000 127 
6300.227136500 128 
6300.227692000 128 
6300.228247500 127 
6300.228803000 128 
6300.229358500 127 
6300.229914000 127 
6300.230469500 128 
6300.231025000 127 
6300.231580500 128 
6300.232136000 128 
6300.232691500 127 
6300.233247000 128 
6300.233802500 127 
6300.234358000 127 
6300.234913500 127 
6300.235469000 128 
6300.236024500 127 
6300.236580000 127 
6300.237135500 128 
6300.237691000 128 
6300.238246500 128 
6300.238802000 127 
6300.239357500 128 
6300.239913000 127 
6300.240468500 127 
6300.241024000 128 
6300.241579500 127 
6300.242135000 128 
6300.242690500 127 
6300.243246000 128 
6300.243801500 127 
6300.244357000 128 
6300.244912500 127 
6300.245468000 128 
6300.246023500 127 
6300.246579000 128 
6300.247134500 128 
6300.247690000 127 
6300.248245500 127 
6300.248801000 128 
6300.249356500 128 
6300.249912000 127 
6300.250467500 127 
6300.251023000 128 
6300.251578500 127 
6300.252134000 128 
6300.252689500 127 
6300.253245000 127 
6300.253800500 128 
6300.254356000 127 
6300.254911500 127 
6300.255467000 128 
6300.256022500 127 
6300.256578000 127 
6300.257133500 128 
6300.257689000 129 
6300.258244500 127 
6300.258800000 127 
6300.259355500 128 
6300.259911000 127 
6300.260466500 127 
6300.261022000 128 
6300.261577500 127 
6300.262133000 126 
6300.262688500 128 
6300.263244000 127 
6300.263799500 127 
6300.264355000 127 
6300.264910500 128 
6300.265466000 127 
6300.266021500 127 
6300.266577000 127 
6300.267132500 127 
6300.267688000 127 
6300.268243500 127 
6300.268799000 127 
6300.269354500 128 
6300.269910000 127 
6300.270465500 128 
6300.271021000 127 
6300.271576500 127 
6300.272132000 128 
6300.272687500 127 
6300.273243000 128 
6300.273798500 128 
6300.274354000 127 
6300.274909500 127 
6300.275465000 128 
6300.276020500 127 
6300.276576000 128 
6300.277131500 128 
6300.277687000 128 
6300.278242500 127 
6300.278798000 128 
6300.279353500 127 
6300.279909000 127 
6300.280464500 128 
6300.281020000 128 
6300.281575500 127 
6300.282131000 128 
6300.282686500 127 
6300.283242000 127 
6300.283797500 128 
6300.284353000 127 
6300.284908500 128 
6300.285464000 128 
6300.286019500 128 
6300.286575000 127 
6300.287130500 127 
6300.287686000 128 
6300.288241500 127 
6300.288797000 127 
6300.289352500 128 
6300.289908000 127 
6300.290463500 128 
6300.291019000 127 
6300.291574500 127 
6300.292130000 127 
6300.292685500 128 
6300.293241000 128 
6300.293796500 127 
6300.294352000 128 
6300.294907500 128 
6300.295463000 127 
6300.296018500 127 
6300.296574000 128 
6300.297129500 127 
6300.297685000 129 
6300.298240500 127 
6300.298796000 128 
6300.299351500 127 
6300.299907000 128 
6300.300462500 127 
6300.301018000 127 
6300.301573500 128 
6300.302129000 127 
6300.302684500 128 
6300.303240000 127 
6300.303795500 127 
6300.304351000 127 
6300.304906500 127 
6300.305462000 128 
6300.306017500 127 
6300.306573000 128 
6300.307128500 127 
6300.307684000 128 
6300.308239500 127 
6300.308795000 128 
6300.309350500 128 
6300.309906000 127 
6300.310461500 127 
6300.311017000 128 
6300.311572500 127 
6300.312128000 128 
6300.312683500 128 
6300.313239000 127 
6300.313794500 128 
6300.314350000 128 
6300.314905500 127 
6300.315461000 128 
6300.316016500 127 
6300.316572000 127 
6300.317127500 128 
6300.317683000 127 
6300.318238500 128 
6300.318794000 127 
6300.319349500 128 
6300.319905000 128 
6300.320460500 128 
6300.321016000 127 
6300.321571500 128 
6300.322127000 127 
6300.322682500 128 
6300.323238000 128 
6300.323793500 127 
6300.324349000 127 
6300.324904500 127 
6300.325460000 128 
6300.326015500 128 
6300.326571000 127 
6300.327126500 128 
6300.327682000 126 
6300.328237500 128 
6300.328793000 128 
6300.329348500 127 
6300.329904000 128 
6300.330459500 127 
6300.331015000 128 
6300.331570500 128 
6300.332126000 128 
6300.332681500 127 
6300.333237000 127 
6300.333792500 128 
6300.334348000 127 
6300.334903500 128 
6300.335459000 127 
6300.336014500 127 
6300.336570000 128 
6300.337125500 127 
6300.337681000 128 
6300.338236500 127 
6300.338792000 128 
6300.339347500 127 
6300.339903000 127 
6300.340458500 128 
6300.341014000 127 
6300.341569500 128 
6300.342125000 127 
6300.342680500 127 
6300.343236000 128 
6300.343791500 127 
6300.344347000 128 
6300.344902500 128 
6300.345458000 127 
6300.346013500 128 
6300.346569000 128 
6300.347124500 127 
6300.347680000 128 
6300.348235500 128 
6300.348791000 127 
6300.349346500 128 
6300.349902000 128 
6300.350457500 127 
6300.351013000 127 
6300.351568500 128 
6300.352124000 127 
6300.352679500 127 
6300.353235000 128 
6300.353790500 128 
6300.354346000 128 
6300.354901500 127 
6300.355457000 127 
6300.356012500 127 
6300.356568000 127 
6300.357123500 128 
6300.357679000 128 
6300.358234500 128 
6300.358790000 127 
6300.359345500 128 
6300.359901000 127 
6300.360456500 128 
6300.361012000 128 
6300.361567500 127 
6300.362123000 127 
6300.362678500 128 
6300.363234000 127 
6300.363789500 127 
6300.364345000 128 
6300.364900500 127 
6300.365456000 127 
6300.366011500 128 
6300.366567000 127 
6300.367122500 128 
6300.367678000 127 
6300.368233500 127 
6300.368789000 127 
6300.369344500 129 
6300.369900000 127 
6300.370455500 126 
6300.371011000 128 
6300.371566500 128 
6300.372122000 127 
6300.372677500 128 
6300.373233000 127 
6300.373788500 128 
6300.374344000 127 
6300.374899500 127 
6300.375455000 128 
6300.376010500 127 
6300.376566000 128 
6300.377121500 127 
6300.377677000 127 
6300.378232500 128 
6300.378788000 128 
6300.379343500 127 
6300.379899000 128 
6300.380454500 128 
6300.381010000 127 
6300.381565500 128 
6300.382121000 127 
6300.382676500 127 
6300.383232000 127 
6300.383787500 127 
6300.384343000 127 
6300.384898500 128 
6300.385454000 127 
6300.386009500 128 
6300.386565000 127 
6300.387120500 127 
6300.387676000 128 
6300.388231500 127 
6300.388787000 129 
6300.389342500 129 
6300.389898000 127 
6300.390453500 127 
6300.391009000 127 
6300.391564500 127 
6300.392120000 128 
6300.392675500 127 
6300.393231000 128 
6300.393786500 127 
6300.394342000 128 
6300.394897500 127 
6300.395453000 127 
6300.396008500 127 
6300.396564000 128 
6300.397119500 128 
6300.397675000 127 
6300.398230500 128 
6300.398786000 127 
6300.399341500 127 
6300.399897000 127 
6300.400452500 129 
6300.401008000 127 
6300.401563500 127 
6300.402119000 128 
6300.402674500 127 
6300.403230000 127 
6300.403785500 128 
6300.404341000 127 
6300.404896500 128 
6300.405452000 128 
6300.406007500 127 
6300.406563000 128 
6300.407118500 127 
6300.407674000 127 
6300.408229500 127 
6300.408785000 128 
6300.409340500 128 
6300.409896000 127 
6300.410451500 126 
6300.411007000 127 
6300.411562500 128 
6300.412118000 128 
6300.412673500 127 
6300.413229000 128 
6300.413784500 127 
6300.414340000 127 
6300.414895500 128 
6300.415451000 127 
6300.416006500 127 
6300.416562000 127 
6300.417117500 128 
6300.417673000 128 
6300.418228500 128 
6300.418784000 127 
6300.419339500 127 
6300.419895000 128 
6300.420450500 128 
6300.421006000 127 
6300.421561500 128 
6300.422117000 127 
6300.422672500 128 
6300.423228000 127 
6300.423783500 128 
6300.424339000 127 
6300.424894500 127 
6300.425450000 128 
6300.426005500 128 
6300.426561000 127 
6300.427116500 128 
6300.427672000 127 
6300.428227500 127 
6300.428783000 128 
6300.429338500 128 
6300.429894000 128 
6300.430449500 127 
6300.431005000 127 
6300.431560500 127 
6300.432116000 128 
6300.432671500 127 
6300.433227000 128 
6300.433782500 128 
6300.434338000 127 
6300.434893500 128 
6300.435449000 127 
6300.436004500 127 
6300.436560000 128 
6300.437115500 127 
6300.437671000 128 
6300.438226500 127 
6300.438782000 127 
6300.439337500 126 
6300.439893000 128 
6300.440448500 128 
6300.441004000 127 
6300.441559500 127 
6300.442115000 127 
6300.442670500 128 
6300.443226000 127 
6300.443781500 127 
6300.444337000 128 
6300.444892500 127 
6300.445448000 128 
6300.446003500 128 
6300.446559000 127 
6300.447114500 128 
6300.447670000 127 
6300.448225500 127 
6300.448781000 128 
6300.449336500 128 
6300.449892000 127 
6300.450447500 127 
6300.451003000 127 
6300.451558500 127 
6300.452114000 128 
6300.452669500 127 
6300.453225000 128 
6300.453780500 127 
6300.454336000 127 
6300.454891500 127 
6300.455447000 127 
6300.456002500 128 
6300.456558000 127 
6300.457113500 128 
6300.457669000 128 
6300.458224500 127 
6300.458780000 127 
6300.459335500 127 
6300.459891000 128 
6300.460446500 128 
6300.461002000 127 
6300.461557500 127 
6300.462113000 127 
6300.462668500 127 
6300.463224000 128 
6300.463779500 127 
6300.464335000 128 
6300.464890500 128 
6300.465446000 127 
6300.466001500 128 
6300.466557000 127 
6300.467112500 128 
6300.467668000 127 
6300.468223500 127 
6300.468779000 128 
6300.469334500 128 
6300.469890000 128 
6300.470445500 127 
6300.471001000 127 
6300.471556500 127 
6300.472112000 127 
6300.472667500 127 
6300.473223000 128 
6300.473778500 127 
6300.474334000 128 
6300.474889500 127 
6300.475445000 127 
6300.476000500 127 
6300.476556000 128 
6300.477111500 127 
6300.477667000 128 
6300.478222500 127 
6300.478778000 127 
6300.479333500 126 
6300.479889000 127 
6300.480444500 128 
6300.481000000 127 
6300.481555500 127 
6300.482111000 128 
6300.482666500 127 
6300.483222000 128 
6300.483777500 128 
6300.484333000 127 
6300.484888500 128 
6300.485444000 128 
6300.485999500 127 
6300.486555000 128 
6300.487110500 127 
6300.487666000 128 
6300.488221500 127 
6300.488777000 128 
6300.489332500 128 
6300.489888000 127 
6300.490443500 127 
6300.490999000 128 
6300.491554500 127 
6300.492110000 128 
6300.492665500 127 
6300.493221000 128 
6300.493776500 127 
6300.494332000 127 
6300.494887500 128 
6300.495443000 128 
6300.495998500 128 
6300.496554000 127 
6300.497109500 128 
6300.497665000 128 
6300.498220500 127 
6300.498776000 128 
6300.499331500 127 
6300.499887000 128 
6300.500442500 128 
6300.500998000 127 
6300.501553500 128 
6300.502109000 127 
6300.502664500 127 
6300.503220000 128 
6300.503775500 127 
6300.504331000 128 
6300.504886500 127 
6300.505442000 127 
6300.505997500 128 
6300.506553000 127 
6300.507108500 128 
6300.507664000 127 
6300.508219500 127 
6300.508775000 128 
6300.509330500 128 
6300.509886000 128 
6300.510441500 127 
6300.510997000 127 
6300.511552500 127 
6300.512108000 128 
6300.512663500 127 
6300.513219000 128 
6300.513774500 127 
6300.514330000 127 
6300.514885500 128 
6300.515441000 127 
6300.515996500 127 
6300.516552000 128 
6300.517107500 128 
6300.517663000 127 
6300.518218500 128 
6300.518774000 127 
6300.519329500 126 
6300.519885000 128 
6300.520440500 128 
6300.520996000 128 
6300.521551500 127 
6300.522107000 128 
6300.522662500 128 
6300.523218000 127 
6300.523773500 128 
6300.524329000 127 
6300.524884500 128 
6300.525440000 128 
6300.525995500 128 
6300.526551000 127 
6300.527106500 127 
6300.527662000 127 
6300.528217500 127 
6300.528773000 128 
6300.529328500 129 
6300.529884000 127 
6300.530439500 127 
6300.530995000 128 
6300.531550500 127 
6300.532106000 128 
6300.532661500 128 
6300.533217000 127 
6300.533772500 128 
6300.534328000 128 
6300.534883500 127 
6300.535439000 128 
6300.535994500 128 
6300.536550000 127 
6300.537105500 127 
6300.537661000 128 
6300.538216500 127 
6300.538772000 127 
6300.539327500 127 
6300.539883000 127 
6300.540438500 128 
6300.540994000 127 
6300.541549500 127 
6300.542105000 128 
6300.542660500 127 
6300.543216000 127 
6300.543771500 128 
6300.544327000 127 
6300.544882500 127 
6300.545438000 128 
6300.545993500 127 
6300.546549000 127 
6300.547104500 128 
6300.547660000 127 
6300.548215500 127 
6300.548771000 127 
6300.549326500 129 
6300.549882000 127 
6300.550437500 127 
6300.550993000 128 
6300.551548500 127 
6300.552104000 128 
6300.552659500 127 
6300.553215000 128 
6300.553770500 127 
6300.554326000 127 
6300.554881500 128 
6300.555437000 127 
6300.555992500 128 
6300.556548000 128 
6300.557103500 127 
6300.557659000 128 
6300.558214500 127 
6300.558770000 127 
6300.559325500 127 
6300.559881000 127 
6300.560436500 128 
6300.560992000 128 
6300.561547500 127 
6300.562103000 128 
6300.562658500 127 
6300.563214000 128 
6300.563769500 127 
6300.564325000 127 
6300.564880500 128 
6300.565436000 127 
6300.565991500 127 
6300.566547000 127 
6300.567102500 127 
6300.567658000 127 
6300.568213500 127 
6300.568769000 127 
6300.569324500 128 
6300.569880000 128 
6300.570435500 126 
6300.570991000 128 
6300.571546500 128 
6300.572102000 127 
6300.572657500 128 
6300.573213000 128 
6300.573768500 127 
6300.574324000 128 
6300.574879500 127 
6300.575435000 127 
6300.575990500 128 
6300.576546000 128 
6300.577101500 128 
6300.577657000 127 
6300.578212500 127 
6300.578768000 127 
6300.579323500 126 
6300.579879000 128 
6300.580434500 128 
6300.580990000 127 
6300.581545500 128 
6300.582101000 128 
6300.582656500 127 
6300.583212000 127 
6300.583767500 127 
6300.584323000 127 
6300.584878500 127 
6300.585434000 127 
6300.585989500 127 
6300.586545000 128 
6300.587100500 127 
6300.587656000 127 
6300.588211500 127 
6300.588767000 128 
6300.589322500 128 
6300.589878000 127 
6300.590433500 127 
6300.590989000 127 
6300.591544500 127 
6300.592100000 127 
6300.592655500 129 
6300.593211000 127 
6300.593766500 128 
6300.594322000 127 
6300.594877500 127 
6300.595433000 128 
6300.595988500 128 
6300.596544000 127 
6300.597099500 128 
6300.597655000 127 
6300.598210500 127 
6300.598766000 128 
6300.599321500 126 
6300.599877000 128 
6300.600432500 128 
6300.600988000 127 
6300.601543500 128 
6300.602099000 127 
6300.602654500 127 
6300.603210000 128 
6300.603765500 127 
6300.604321000 127 
6300.604876500 128 
6300.605432000 127 
6300.605987500 127 
6300.606543000 127 
6300.607098500 128 
6300.607654000 127 
6300.608209500 128 
6300.608765000 127 
6300.609320500 128 
6300.609876000 128 
6300.610431500 126 
6300.610987000 127 
6300.611542500 128 
6300.612098000 127 
6300.612653500 128 
6300.613209000 127 
6300.613764500 128 
6300.614320000 128 
6300.614875500 127 
6300.615431000 127 
6300.615986500 128 
6300.616542000 127 
6300.617097500 127 
6300.617653000 128 
6300.618208500 128 
6300.618764000 127 
6300.619319500 127 
6300.619875000 127 
6300.620430500 128 
6300.620986000 128 
6300.621541500 127 
6300.622097000 127 
6300.622652500 127 
6300.623208000 128 
6300.623763500 127 
6300.624319000 127 
6300.624874500 128 
6300.625430000 127 
6300.625985500 128 
6300.626541000 127 
6300.627096500 128 
6300.627652000 127 
6300.628207500 127 
6300.628763000 127 
6300.629318500 129 
6300.629874000 127 
6300.630429500 127 
6300.630985000 127 
6300.631540500 127 
6300.632096000 128 
6300.632651500 127 
6300.633207000 128 
6300.633762500 128 
6300.634318000 128 
6300.634873500 128 
6300.635429000 127 
6300.635984500 128 
6300.636540000 127 
6300.637095500 127 
6300.637651000 127 
6300.638206500 127 
6300.638762000 128 
6300.639317500 128 
6300.639873000 127 
6300.640428500 129 
6300.640984000 127 
6300.641539500 127 
6300.642095000 127 
6300.642650500 128 
6300.643206000 127 
6300.643761500 127 
6300.644317000 127 
6300.644872500 127 
6300.645428000 127 
6300.645983500 128 
6300.646539000 127 
6300.647094500 128 
6300.647650000 127 
6300.648205500 128 
6300.648761000 128 
6300.649316500 128 
6300.649872000 127 
6300.650427500 126 
6300.650983000 127 
6300.651538500 128 
6300.652094000 127 
6300.652649500 127 
6300.653205000 128 
6300.653760500 128 
6300.654316000 128 
6300.654871500 127 
6300.655427000 127 
6300.655982500 128 
6300.656538000 127 
6300.657093500 128 
6300.657649000 127 
6300.658204500 127 
6300.658760000 127 
6300.659315500 126 
6300.659871000 127 
6300.660426500 128 
6300.660982000 127 
6300.661537500 128 
6300.662093000 127 
6300.662648500 127 
6300.663204000 127 
6300.663759500 127 
6300.664315000 128 
6300.664870500 127 
6300.665426000 128 
6300.665981500 127 
6300.666537000 128 
6300.667092500 127 
6300.667648000 127 
6300.668203500 127 
6300.668759000 127 
6300.669314500 128 
6300.669870000 128 
6300.670425500 126 
6300.670981000 127 
6300.671536500 128 
6300.672092000 127 
6300.672647500 127 
6300.673203000 128 
6300.673758500 128 
6300.674314000 128 
6300.674869500 128 
6300.675425000 128 
6300.675980500 127 
6300.676536000 128 
6300.677091500 127 
6300.677647000 128 
6300.678202500 128 
6300.678758000 127 
6300.679313500 127 
6300.679869000 128 
6300.680424500 128 
6300.680980000 128 
6300.681535500 128 
6300.682091000 127 
6300.682646500 126 
6300.683202000 128 
6300.683757500 127 
6300.684313000 128 
6300.684868500 127 
6300.685424000 127 
6300.685979500 128 
6300.686535000 127 
6300.687090500 128 
6300.687646000 127 
6300.688201500 128 
6300.688757000 127 
6300.689312500 128 
6300.689868000 127 
6300.690423500 127 
6300.690979000 128 
6300.691534500 128 
6300.692090000 128 
6300.692645500 127 
6300.693201000 127 
6300.693756500 128 
6300.694312000 127 
6300.694867500 127 
6300.695423000 128 
6300.695978500 127 
6300.696534000 128 
6300.697089500 127 
6300.697645000 128 
6300.698200500 127 
6300.698756000 127 
6300.699311500 127 
6300.699867000 127 
6300.700422500 128 
6300.700978000 127 
6300.701533500 128 
6300.702089000 127 
6300.702644500 128 
6300.703200000 128 
6300.703755500 127 
6300.704311000 128 
6300.704866500 127 
6300.705422000 128 
6300.705977500 127 
6300.706533000 127 
6300.707088500 128 
6300.707644000 127 
6300.708199500 127 
6300.708755000 128 
6300.709310500 128 
6300.709866000 128 
6300.710421500 127 
6300.710977000 127 
6300.711532500 127 
6300.712088000 128 
6300.712643500 128 
6300.713199000 127 
6300.713754500 127 
6300.714310000 128 
6300.714865500 128 
6300.715421000 127 
6300.715976500 128 
6300.716532000 128 
6300.717087500 127 
6300.717643000 128 
6300.718198500 128 
6300.718754000 126 
6300.719309500 128 
6300.719865000 127 
6300.720420500 128 
6300.720976000 126 
6300.721531500 128 
6300.722087000 127 
6300.722642500 128 
6300.723198000 127 
6300.723753500 127 
6300.724309000 127 
6300.724864500 128 
6300.725420000 127 
6300.725975500 127 
6300.726531000 128 
6300.727086500 127 
6300.727642000 126 
6300.728197500 128 
6300.728753000 128 
6300.729308500 128 
6300.729864000 127 
6300.730419500 127 
6300.730975000 128 
6300.731530500 127 
6300.732086000 127 
6300.732641500 128 
6300.733197000 127 
6300.733752500 128 
6300.734308000 127 
6300.734863500 128 
6300.735419000 127 
6300.735974500 127 
6300.736530000 128 
6300.737085500 127 
6300.737641000 128 
6300.738196500 128 
6300.738752000 127 
6300.739307500 127 
6300.739863000 127 
6300.740418500 128 
6300.740974000 127 
6300.741529500 128 
6300.742085000 127 
6300.742640500 128 
6300.743196000 127 
6300.743751500 127 
6300.744307000 128 
6300.744862500 127 
6300.745418000 128 
6300.745973500 127 
6300.746529000 127 
6300.747084500 128 
6300.747640000 127 
6300.748195500 128 
6300.748751000 128 
6300.749306500 128 
6300.749862000 128 
6300.750417500 128 
6300.750973000 127 
6300.751528500 128 
6300.752084000 128 
6300.752639500 127 
6300.753195000 127 
6300.753750500 127 
6300.754306000 127 
6300.754861500 127 
6300.755417000 127 
6300.755972500 128 
6300.756528000 127 
6300.757083500 128 
6300.757639000 127 
6300.758194500 128 
6300.758750000 127 
6300.759305500 127 
6300.759861000 127 
6300.760416500 127 
6300.760972000 128 
6300.761527500 127 
6300.762083000 127 
6300.762638500 128 
6300.763194000 127 
6300.763749500 127 
6300.764305000 128 
6300.764860500 127 
6300.765416000 128 
6300.765971500 127 
6300.766527000 127 
6300.767082500 128 
6300.767638000 127 
6300.768193500 127 
6300.768749000 128 
6300.769304500 128 
6300.769860000 127 
6300.770415500 128 
6300.770971000 127 
6300.771526500 128 
6300.772082000 127 
6300.772637500 127 
6300.773193000 128 
6300.773748500 127 
6300.774304000 128 
6300.774859500 127 
6300.775415000 127 
6300.775970500 127 
6300.776526000 128 
6300.777081500 127 
6300.777637000 127 
6300.778192500 128 
6300.778748000 128 
6300.779303500 127 
6300.779859000 128 
6300.780414500 127 
6300.780970000 128 
6300.781525500 127 
6300.782081000 127 
6300.782636500 128 
6300.783192000 127 
6300.783747500 127 
6300.784303000 128 
6300.784858500 127 
6300.785414000 128 
6300.785969500 128 
6300.786525000 127 
6300.787080500 128 
6300.787636000 127 
6300.788191500 128 
6300.788747000 128 
6300.789302500 129 
6300.789858000 127 
6300.790413500 128 
6300.790969000 128 
6300.791524500 127 
6300.792080000 128 
6300.792635500 127 
6300.793191000 127 
6300.793746500 127 
6300.794302000 127 
6300.794857500 127 
6300.795413000 128 
6300.795968500 127 
6300.796524000 127 
6300.797079500 128 
6300.797635000 127 
6300.798190500 128 
6300.798746000 127 
6300.799301500 127 
6300.799857000 128 
6300.800412500 127 
6300.800968000 127 
6300.801523500 128 
6300.802079000 127 
6300.802634500 128 
6300.803190000 127 
6300.803745500 127 
6300.804301000 128 
6300.804856500 127 
6300.805412000 128 
6300.805967500 127 
6300.806523000 127 
6300.807078500 127 
6300.807634000 127 
6300.808189500 127 
6300.808745000 128 
6300.809300500 129 
6300.809856000 127 
6300.810411500 127 
6300.810967000 128 
6300.811522500 127 
6300.812078000 128 
6300.812633500 127 
6300.813189000 127 
6300.813744500 128 
6300.814300000 127 
6300.814855500 127 
6300.815411000 128 
6300.815966500 127 
6300.816522000 127 
6300.817077500 128 
6300.817633000 127 
6300.818188500 128 
6300.818744000 127 
6300.819299500 127 
6300.819855000 128 
6300.820410500 127 
6300.820966000 128 
6300.821521500 127 
6300.822077000 127 
6300.822632500 128 
6300.823188000 127 
6300.823743500 127 
6300.824299000 127 
6300.824854500 127 
6300.825410000 127 
6300.825965500 127 
6300.826521000 128 
6300.827076500 127 
6300.827632000 127 
6300.828187500 127 
6300.828743000 128 
6300.829298500 127 
6300.829854000 127 
6300.830409500 127 
6300.830965000 128 
6300.831520500 127 
6300.832076000 128 
6300.832631500 127 
6300.833187000 127 
6300.833742500 128 
6300.834298000 127 
6300.834853500 128 
6300.835409000 127 
6300.835964500 127 
6300.836520000 127 
6300.837075500 128 
6300.837631000 127 
6300.838186500 127 
6300.838742000 127 
6300.839297500 127 
6300.839853000 128 
6300.840408500 127 
6300.840964000 127 
6300.841519500 127 
6300.842075000 127 
6300.842630500 128 
6300.843186000 127 
6300.843741500 128 
6300.844297000 128 
6300.844852500 127 
6300.845408000 127 
6300.845963500 128 
6300.846519000 127 
6300.847074500 128 
6300.847630000 127 
6300.848185500 128 
6300.848741000 128 
6300.849296500 128 
6300.849852000 128 
6300.850407500 128 
6300.850963000 128 
6300.851518500 127 
6300.852074000 127 
6300.852629500 128 
6300.853185000 127 
6300.853740500 127 
6300.854296000 128 
6300.854851500 127 
6300.855407000 128 
6300.855962500 127 
6300.856518000 128 
6300.857073500 127 
6300.857629000 127 
6300.858184500 128 
6300.858740000 128 
6300.859295500 127 
6300.859851000 128 
6300.860406500 127 
6300.860962000 127 
6300.861517500 128 
6300.862073000 127 
6300.862628500 127 
6300.863184000 128 
6300.863739500 126 
6300.864295000 127 
6300.864850500 127 
6300.865406000 127 
6300.865961500 128 
6300.866517000 127 
6300.867072500 127 
6300.867628000 127 
6300.868183500 127 
6300.868739000 128 
6300.869294500 128 
6300.869850000 127 
6300.870405500 128 
6300.870961000 128 
6300.871516500 127 
6300.872072000 128 
6300.872627500 127 
6300.873183000 127 
6300.873738500 128 
6300.874294000 127 
6300.874849500 128 
6300.875405000 128 
6300.875960500 127 
6300.876516000 128 
6300.877071500 127 
6300.877627000 128 
6300.878182500 128 
6300.878738000 127 
6300.879293500 128 
6300.879849000 128 
6300.880404500 127 
6300.880960000 128 
6300.881515500 128 
6300.882071000 127 
6300.882626500 128 
6300.883182000 127 
6300.883737500 128 
6300.884293000 128 
6300.884848500 127 
6300.885404000 127 
6300.885959500 128 
6300.886515000 127 
6300.887070500 128 
6300.887626000 126 
6300.888181500 128 
6300.888737000 127 
6300.889292500 129 
6300.889848000 127 
6300.890403500 128 
6300.890959000 127 
6300.891514500 127 
6300.892070000 128 
6300.892625500 127 
6300.893181000 127 
6300.893736500 127 
6300.894292000 127 
6300.894847500 127 
6300.895403000 127 
6300.895958500 127 
6300.896514000 128 
6300.897069500 127 
6300.897625000 127 
6300.898180500 128 
6300.898736000 127 
6300.899291500 127 
6300.899847000 128 
6300.900402500 127 
6300.900958000 127 
6300.901513500 128 
6300.902069000 128 
6300.902624500 127 
6300.903180000 127 
6300.903735500 128 
6300.904291000 127 
6300.904846500 128 
6300.905402000 128 
6300.905957500 127 
6300.906513000 128 
6300.907068500 128 
6300.907624000 126 
6300.908179500 128 
6300.908735000 127 
6300.909290500 128 
6300.909846000 128 
6300.910401500 127 
6300.910957000 127 
6300.911512500 127 
6300.912068000 128 
6300.912623500 127 
6300.913179000 128 
6300.913734500 128 
6300.914290000 127 
6300.914845500 128 
6300.915401000 128 
6300.915956500 127 
6300.916512000 127 
6300.917067500 128 
6300.917623000 128 
6300.918178500 127 
6300.918734000 128 
6300.919289500 127 
6300.919845000 127 
6300.920400500 127 
6300.920956000 127 
6300.921511500 127 
6300.922067000 128 
6300.922622500 128 
6300.923178000 127 
6300.923733500 128 
6300.924289000 127 
6300.924844500 127 
6300.925400000 127 
6300.925955500 127 
6300.926511000 128 
6300.927066500 128 
6300.927622000 126 
6300.928177500 127 
6300.928733000 128 
6300.929288500 128 
6300.929844000 126 
6300.930399500 128 
6300.930955000 127 
6300.931510500 127 
6300.932066000 128 
6300.932621500 127 
6300.933177000 127 
6300.933732500 127 
6300.934288000 127 
6300.934843500 128 
6300.935399000 127 
6300.935954500 128 
6300.936510000 128 
6300.937065500 127 
6300.937621000 128 
6300.938176500 127 
6300.938732000 128 
6300.939287500 127 
6300.939843000 128 
6300.940398500 128 
6300.940954000 126 
6300.941509500 127 
6300.942065000 128 
6300.942620500 127 
6300.943176000 128 
6300.943731500 127 
6300.944287000 128 
6300.944842500 127 
6300.945398000 127 
6300.945953500 128 
6300.946509000 127 
6300.947064500 127 
6300.947620000 127 
6300.948175500 127 
6300.948731000 128 
6300.949286500 127 
6300.949842000 127 
6300.950397500 128 
6300.950953000 128 
6300.951508500 128 
6300.952064000 127 
6300.952619500 128 
6300.953175000 127 
6300.953730500 128 
6300.954286000 128 
6300.954841500 127 
6300.955397000 128 
6300.955952500 128 
6300.956508000 127 
6300.957063500 128 
6300.957619000 127 
6300.958174500 128 
6300.958730000 128 
6300.959285500 127 
6300.959841000 128 
6300.960396500 127 
6300.960952000 127 
6300.961507500 127 
6300.962063000 128 
6300.962618500 127 
6300.963174000 127 
6300.963729500 127 
6300.964285000 127 
6300.964840500 127 
6300.965396000 128 
6300.965951500 127 
6300.966507000 128 
6300.967062500 128 
6300.967618000 127 
6300.968173500 127 
6300.968729000 127 
6300.969284500 129 
6300.969840000 127 
6300.970395500 127 
6300.970951000 128 
6300.971506500 127 
6300.972062000 128 
6300.972617500 127 
6300.973173000 127 
6300.973728500 127 
6300.974284000 128 
6300.974839500 128 
6300.975395000 127 
6300.975950500 128 
6300.976506000 127 
6300.977061500 128 
6300.977617000 127 
6300.978172500 128 
6300.978728000 128 
6300.979283500 127 
6300.979839000 127 
6300.980394500 127 
6300.980950000 127 
6300.981505500 128 
6300.982061000 127 
6300.982616500 127 
6300.983172000 128 
6300.983727500 127 
6300.984283000 127 
6300.984838500 128 
6300.985394000 127 
6300.985949500 128 
6300.986505000 127 
6300.987060500 127 
6300.987616000 127 
6300.988171500 127 
6300.988727000 127 
6300.989282500 128 
6300.989838000 127 
6300.990393500 128 
6300.990949000 127 
6300.991504500 127 
6300.992060000 127 
6300.992615500 128 
6300.993171000 127 
6300.993726500 128 
6300.994282000 128 
6300.994837500 127 
6300.995393000 128 
6300.995948500 127 
6300.996504000 127 
6300.997059500 127 
6300.997615000 127 
6300.998170500 128 
6300.998726000 127 
6300.999281500 127 
6300.999837000 127 
6301.000392500 128 
6301.000948000 127 
6301.001503500 127 
6301.002059000 128 
6301.002614500 127 
6301.003170000 127 
6301.003725500 128 
6301.004281000 127 
6301.004836500 127 
6301.005392000 128 
6301.005947500 127 
6301.006503000 127 
6301.007058500 128 
6301.007614000 127 
6301.008169500 128 
6301.008725000 127 
6301.009280500 128 
6301.009836000 127 
6301.010391500 127 
6301.010947000 128 
6301.011502500 128 
6301.012058000 127 
6301.012613500 128 
6301.013169000 128 
6301.013724500 128 
6301.014280000 128 
6301.014835500 127 
6301.015391000 128 
6301.015946500 127 
6301.016502000 127 
6301.017057500 127 
6301.017613000 128 
6301.018168500 127 
6301.018724000 127 
6301.019279500 128 
6301.019835000 127 
6301.020390500 128 
6301.020946000 128 
6301.021501500 127 
6301.022057000 128 
6301.022612500 127 
6301.023168000 128 
6301.023723500 128 
6301.024279000 127 
6301.024834500 128 
6301.025390000 127 
6301.025945500 128 
6301.026501000 128 
6301.027056500 127 
6301.027612000 127 
6301.028167500 127 
6301.028723000 127 
6301.029278500 128 
6301.029834000 127 
6301.030389500 127 
6301.030945000 128 
6301.031500500 127 
6301.032056000 128 
6301.032611500 127 
6301.033167000 127 
6301.033722500 128 
6301.034278000 127 
6301.034833500 127 
6301.035389000 128 
6301.035944500 127 
6301.036500000 128 
6301.037055500 127 
6301.037611000 128 
6301.038166500 127 
6301.038722000 128 
6301.039277500 127 
6301.039833000 127 
6301.040388500 127 
6301.040944000 127 
6301.041499500 127 
6301.042055000 127 
6301.042610500 127 
6301.043166000 127 
6301.043721500 128 
6301.044277000 127 
6301.044832500 127 
6301.045388000 128 
6301.045943500 127 
6301.046499000 127 
6301.047054500 128 
6301.047610000 127 
6301.048165500 127 
6301.048721000 127 
6301.049276500 128 
6301.049832000 127 
6301.050387500 127 
6301.050943000 129 
6301.051498500 127 
6301.052054000 128 
6301.052609500 127 
6301.053165000 127 
6301.053720500 127 
6301.054276000 128 
6301.054831500 128 
6301.055387000 127 
6301.055942500 127 
6301.056498000 128 
6301.057053500 128 
6301.057609000 127 
6301.058164500 128 
6301.058720000 127 
6301.059275500 127 
6301.059831000 128 
6301.060386500 127 
6301.060942000 128 
6301.061497500 127 
6301.062053000 127 
6301.062608500 128 
6301.063164000 127 
6301.063719500 128 
6301.064275000 127 
6301.064830500 128 
6301.065386000 127 
6301.065941500 127 
6301.066497000 127 
6301.067052500 127 
6301.067608000 127 
6301.068163500 128 
6301.068719000 128 
6301.069274500 127 
6301.069830000 128 
6301.070385500 128 
6301.070941000 127 
6301.071496500 127 
6301.072052000 128 
6301.072607500 127 
6301.073163000 128 
6301.073718500 127 
6301.074274000 127 
6301.074829500 127 
6301.075385000 127 
6301.075940500 128 
6301.076496000 127 
6301.077051500 128 
6301.077607000 128 
6301.078162500 127 
6301.078718000 127 
6301.079273500 128 
6301.079829000 127 
6301.080384500 127 
6301.080940000 127 
6301.081495500 127 
6301.082051000 128 
6301.082606500 128 
6301.083162000 127 
6301.083717500 127 
6301.084273000 128 
6301.084828500 127 
6301.085384000 127 
6301.085939500 127 
6301.086495000 127 
6301.087050500 128 
6301.087606000 128 
6301.088161500 126 
6301.088717000 128 
6301.089272500 128 
6301.089828000 127 
6301.090383500 128 
6301.090939000 127 
6301.091494500 128 
6301.092050000 127 
