6272.914868000 129 
6272.915423500 129 
6272.915979000 128 
6272.916534500 129 
6272.917090000 128 
6272.917645500 130 
6272.918201000 129 
6272.918756500 129 
6272.919312000 129 
6272.919867500 128 
6272.920423000 128 
6272.920978500 129 
6272.921534000 128 
6272.922089500 128 
6272.922645000 127 
6272.923200500 128 
6272.923756000 127 
6272.924311500 127 
6272.924867000 126 
6272.925422500 127 
6272.925978000 126 
6272.926533500 127 
6272.927089000 127 
6272.927644500 126 
6272.928200000 126 
6272.928755500 127 
6272.929311000 127 
6272.929866500 127 
6272.930422000 127 
6272.930977500 126 
6272.931533000 127 
6272.932088500 127 
6272.932644000 128 
6272.933199500 128 
6272.933755000 127 
6272.934310500 128 
6272.934866000 129 
6272.935421500 129 
6272.935977000 128 
6272.936532500 128 
6272.937088000 129 
6272.937643500 129 
6272.938199000 129 
6272.938754500 129 
6272.939310000 129 
6272.939865500 129 
6272.940421000 128 
6272.940976500 128 
6272.941532000 129 
6272.942087500 128 
6272.942643000 127 
6272.943198500 128 
6272.943754000 127 
6272.944309500 127 
6272.944865000 128 
6272.945420500 126 
6272.945976000 127 
6272.946531500 127 
6272.947087000 126 
6272.947642500 127 
6272.948198000 127 
6272.948753500 126 
6272.949309000 126 
6272.949864500 127 
6272.950420000 127 
6272.950975500 126 
6272.951531000 126 
6272.952086500 128 
6272.952642000 128 
6272.953197500 128 
6272.953753000 127 
6272.954308500 128 
6272.954864000 129 
6272.955419500 128 
6272.955975000 129 
6272.956530500 129 
6272.957086000 129 
6272.957641500 129 
6272.958197000 129 
6272.958752500 128 
6272.959308000 129 
6272.959863500 129 
6272.960419000 128 
6272.960974500 129 
6272.961530000 128 
6272.962085500 128 
6272.962641000 128 
6272.963196500 127 
6272.963752000 127 
6272.964307500 127 
6272.964863000 127 
6272.965418500 127 
6272.965974000 126 
6272.966529500 127 
6272.967085000 126 
6272.967640500 126 
6272.968196000 127 
6272.968751500 126 
6272.969307000 127 
6272.969862500 127 
6272.970418000 127 
6272.970973500 128 
6272.971529000 127 
6272.972084500 127 
6272.972640000 128 
6272.973195500 127 
6272.973751000 129 
6272.974306500 128 
6272.974862000 128 
6272.975417500 128 
6272.975973000 128 
6272.976528500 129 
6272.977084000 128 
6272.977639500 129 
6272.978195000 129 
6272.978750500 128 
6272.979306000 128 
6272.979861500 129 
6272.980417000 129 
6272.980972500 129 
6272.981528000 129 
6272.982083500 128 
6272.982639000 128 
6272.983194500 127 
6272.983750000 128 
6272.984305500 128 
6272.984861000 126 
6272.985416500 127 
6272.985972000 126 
6272.986527500 127 
6272.987083000 126 
6272.987638500 126 
6272.988194000 126 
6272.988749500 127 
6272.989305000 126 
6272.989860500 126 
6272.990416000 126 
6272.990971500 127 
6272.991527000 126 
6272.992082500 127 
6272.992638000 128 
6272.993193500 127 
6272.993749000 127 
6272.994304500 129 
6272.994860000 128 
6272.995415500 128 
6272.995971000 129 
6272.996526500 129 
6272.997082000 129 
6272.997637500 130 
6272.998193000 129 
6272.998748500 128 
6272.999304000 129 
6272.999859500 129 
6273.000415000 128 
6273.000970500 129 
6273.001526000 128 
6273.002081500 128 
6273.002637000 129 
6273.003192500 128 
6273.003748000 127 
6273.004303500 128 
6273.004859000 127 
6273.005414500 126 
6273.005970000 127 
6273.006525500 127 
6273.007081000 126 
6273.007636500 126 
6273.008192000 127 
6273.008747500 127 
6273.009303000 126 
6273.009858500 126 
6273.010414000 127 
6273.010969500 127 
6273.011525000 127 
6273.012080500 127 
6273.012636000 128 
6273.013191500 127 
6273.013747000 127 
6273.014302500 129 
6273.014858000 128 
6273.015413500 129 
6273.015969000 129 
6273.016524500 129 
6273.017080000 130 
6273.017635500 129 
6273.018191000 129 
6273.018746500 128 
6273.019302000 130 
6273.019857500 129 
6273.020413000 128 
6273.020968500 128 
6273.021524000 128 
6273.022079500 128 
6273.022635000 129 
6273.023190500 128 
6273.023746000 127 
6273.024301500 128 
6273.024857000 127 
6273.025412500 126 
6273.025968000 126 
6273.026523500 127 
6273.027079000 127 
6273.027634500 126 
6273.028190000 127 
6273.028745500 126 
6273.029301000 126 
6273.029856500 127 
6273.030412000 126 
6273.030967500 126 
6273.031523000 128 
6273.032078500 127 
6273.032634000 127 
6273.033189500 128 
6273.033745000 128 
6273.034300500 128 
6273.034856000 129 
6273.035411500 129 
6273.035967000 128 
6273.036522500 130 
6273.037078000 129 
6273.037633500 129 
6273.038189000 128 
6273.038744500 128 
6273.039300000 129 
6273.039855500 129 
6273.040411000 130 
6273.040966500 129 
6273.041522000 128 
6273.042077500 129 
6273.042633000 128 
6273.043188500 127 
6273.043744000 128 
6273.044299500 128 
6273.044855000 127 
6273.045410500 126 
6273.045966000 128 
6273.046521500 127 
6273.047077000 126 
6273.047632500 127 
6273.048188000 126 
6273.048743500 126 
6273.049299000 127 
6273.049854500 126 
6273.050410000 126 
6273.050965500 128 
6273.051521000 127 
6273.052076500 127 
6273.052632000 128 
6273.053187500 128 
6273.053743000 128 
6273.054298500 128 
6273.054854000 128 
6273.055409500 129 
6273.055965000 128 
6273.056520500 128 
6273.057076000 129 
6273.057631500 129 
6273.058187000 128 
6273.058742500 129 
6273.059298000 129 
6273.059853500 129 
6273.060409000 128 
6273.060964500 129 
6273.061520000 129 
6273.062075500 128 
6273.062631000 128 
6273.063186500 128 
6273.063742000 128 
6273.064297500 127 
6273.064853000 128 
6273.065408500 127 
6273.065964000 128 
6273.066519500 127 
6273.067075000 127 
6273.067630500 126 
6273.068186000 127 
6273.068741500 126 
6273.069297000 127 
6273.069852500 127 
6273.070408000 126 
6273.070963500 128 
6273.071519000 127 
6273.072074500 127 
6273.072630000 128 
6273.073185500 128 
6273.073741000 128 
6273.074296500 127 
6273.074852000 129 
6273.075407500 129 
6273.075963000 128 
6273.076518500 129 
6273.077074000 129 
6273.077629500 129 
6273.078185000 129 
6273.078740500 129 
6273.079296000 128 
6273.079851500 129 
6273.080407000 129 
6273.080962500 128 
6273.081518000 128 
6273.082073500 128 
6273.082629000 128 
6273.083184500 127 
6273.083740000 128 
6273.084295500 127 
6273.084851000 128 
6273.085406500 127 
6273.085962000 127 
6273.086517500 127 
6273.087073000 127 
6273.087628500 127 
6273.088184000 127 
6273.088739500 126 
6273.089295000 126 
6273.089850500 127 
6273.090406000 127 
6273.090961500 126 
6273.091517000 126 
6273.092072500 128 
6273.092628000 127 
6273.093183500 127 
6273.093739000 128 
6273.094294500 128 
6273.094850000 128 
6273.095405500 128 
6273.095961000 129 
6273.096516500 128 
6273.097072000 129 
6273.097627500 129 
6273.098183000 129 
6273.098738500 130 
6273.099294000 129 
6273.099849500 128 
6273.100405000 128 
6273.100960500 129 
6273.101516000 128 
6273.102071500 128 
6273.102627000 128 
6273.103182500 128 
6273.103738000 127 
6273.104293500 127 
6273.104849000 126 
6273.105404500 127 
6273.105960000 127 
6273.106515500 126 
6273.107071000 127 
6273.107626500 127 
6273.108182000 126 
6273.108737500 127 
6273.109293000 126 
6273.109848500 126 
6273.110404000 128 
6273.110959500 127 
6273.111515000 127 
6273.112070500 128 
6273.112626000 128 
6273.113181500 127 
6273.113737000 128 
6273.114292500 129 
6273.114848000 128 
6273.115403500 128 
6273.115959000 129 
6273.116514500 129 
6273.117070000 129 
6273.117625500 130 
6273.118181000 129 
6273.118736500 129 
6273.119292000 128 
6273.119847500 129 
6273.120403000 128 
6273.120958500 128 
6273.121514000 129 
6273.122069500 128 
6273.122625000 128 
6273.123180500 127 
6273.123736000 128 
6273.124291500 127 
6273.124847000 127 
6273.125402500 127 
6273.125958000 127 
6273.126513500 127 
6273.127069000 126 
6273.127624500 126 
6273.128180000 127 
6273.128735500 126 
6273.129291000 126 
6273.129846500 126 
6273.130402000 127 
6273.130957500 127 
6273.131513000 126 
6273.132068500 127 
6273.132624000 128 
6273.133179500 128 
6273.133735000 127 
6273.134290500 128 
6273.134846000 129 
6273.135401500 128 
6273.135957000 128 
6273.136512500 129 
6273.137068000 129 
6273.137623500 129 
6273.138179000 129 
6273.138734500 130 
6273.139290000 129 
6273.139845500 129 
6273.140401000 129 
6273.140956500 128 
6273.141512000 128 
6273.142067500 128 
6273.142623000 128 
6273.143178500 127 
6273.143734000 128 
6273.144289500 128 
6273.144845000 127 
6273.145400500 126 
6273.145956000 126 
6273.146511500 127 
6273.147067000 127 
6273.147622500 126 
6273.148178000 127 
6273.148733500 126 
6273.149289000 126 
6273.149844500 127 
6273.150400000 126 
6273.150955500 126 
6273.151511000 127 
6273.152066500 127 
6273.152622000 128 
6273.153177500 127 
6273.153733000 129 
6273.154288500 129 
6273.154844000 128 
6273.155399500 128 
6273.155955000 129 
6273.156510500 128 
6273.157066000 129 
6273.157621500 129 
6273.158177000 128 
6273.158732500 129 
6273.159288000 129 
6273.159843500 128 
6273.160399000 128 
6273.160954500 129 
6273.161510000 128 
6273.162065500 128 
6273.162621000 128 
6273.163176500 128 
6273.163732000 128 
6273.164287500 127 
6273.164843000 127 
6273.165398500 126 
6273.165954000 127 
6273.166509500 127 
6273.167065000 126 
6273.167620500 127 
6273.168176000 126 
6273.168731500 126 
6273.169287000 127 
6273.169842500 127 
6273.170398000 126 
6273.170953500 127 
6273.171509000 127 
6273.172064500 127 
6273.172620000 128 
6273.173175500 127 
6273.173731000 127 
6273.174286500 129 
6273.174842000 129 
6273.175397500 129 
6273.175953000 128 
6273.176508500 129 
6273.177064000 129 
6273.177619500 129 
6273.178175000 128 
6273.178730500 130 
6273.179286000 129 
6273.179841500 128 
6273.180397000 128 
6273.180952500 129 
6273.181508000 128 
6273.182063500 129 
6273.182619000 128 
6273.183174500 127 
6273.183730000 128 
6273.184285500 128 
6273.184841000 127 
6273.185396500 126 
6273.185952000 127 
6273.186507500 126 
6273.187063000 127 
6273.187618500 127 
6273.188174000 126 
6273.188729500 126 
6273.189285000 127 
6273.189840500 126 
6273.190396000 127 
6273.190951500 127 
6273.191507000 127 
6273.192062500 128 
6273.192618000 128 
6273.193173500 128 
6273.193729000 129 
6273.194284500 128 
6273.194840000 128 
6273.195395500 129 
6273.195951000 128 
6273.196506500 130 
6273.197062000 129 
6273.197617500 129 
6273.198173000 128 
6273.198728500 129 
6273.199284000 129 
6273.199839500 128 
6273.200395000 130 
6273.200950500 129 
6273.201506000 128 
6273.202061500 128 
6273.202617000 128 
6273.203172500 127 
6273.203728000 127 
6273.204283500 128 
6273.204839000 127 
6273.205394500 126 
6273.205950000 127 
6273.206505500 126 
6273.207061000 126 
6273.207616500 127 
6273.208172000 126 
6273.208727500 127 
6273.209283000 126 
6273.209838500 126 
6273.210394000 127 
6273.210949500 127 
6273.211505000 126 
6273.212060500 128 
6273.212616000 127 
6273.213171500 127 
6273.213727000 128 
6273.214282500 128 
6273.214838000 128 
6273.215393500 129 
6273.215949000 128 
6273.216504500 128 
6273.217060000 129 
6273.217615500 129 
6273.218171000 128 
6273.218726500 129 
6273.219282000 129 
6273.219837500 128 
6273.220393000 129 
6273.220948500 128 
6273.221504000 129 
6273.222059500 128 
6273.222615000 129 
6273.223170500 128 
6273.223726000 127 
6273.224281500 127 
6273.224837000 128 
6273.225392500 127 
6273.225948000 126 
6273.226503500 127 
6273.227059000 127 
6273.227614500 126 
6273.228170000 127 
6273.228725500 127 
6273.229281000 126 
6273.229836500 126 
6273.230392000 127 
6273.230947500 127 
6273.231503000 127 
6273.232058500 127 
6273.232614000 128 
6273.233169500 127 
6273.233725000 128 
6273.234280500 128 
6273.234836000 128 
6273.235391500 130 
6273.235947000 129 
6273.236502500 129 
6273.237058000 129 
6273.237613500 128 
6273.238169000 129 
6273.238724500 129 
6273.239280000 128 
6273.239835500 129 
6273.240391000 128 
6273.240946500 128 
6273.241502000 128 
6273.242057500 129 
6273.242613000 128 
6273.243168500 128 
6273.243724000 127 
6273.244279500 128 
6273.244835000 127 
6273.245390500 126 
6273.245946000 127 
6273.246501500 127 
6273.247057000 126 
6273.247612500 126 
6273.248168000 127 
6273.248723500 126 
6273.249279000 126 
6273.249834500 127 
6273.250390000 126 
6273.250945500 127 
6273.251501000 127 
6273.252056500 127 
6273.252612000 128 
6273.253167500 128 
6273.253723000 127 
6273.254278500 129 
6273.254834000 129 
6273.255389500 128 
6273.255945000 128 
6273.256500500 129 
6273.257056000 129 
6273.257611500 129 
6273.258167000 128 
6273.258722500 128 
6273.259278000 129 
6273.259833500 129 
6273.260389000 128 
6273.260944500 129 
6273.261500000 128 
6273.262055500 128 
6273.262611000 128 
6273.263166500 127 
6273.263722000 128 
6273.264277500 127 
6273.264833000 127 
6273.265388500 127 
6273.265944000 126 
6273.266499500 127 
6273.267055000 127 
6273.267610500 126 
6273.268166000 126 
6273.268721500 127 
6273.269277000 126 
6273.269832500 126 
6273.270388000 127 
6273.270943500 127 
6273.271499000 127 
6273.272054500 127 
6273.272610000 128 
6273.273165500 128 
6273.273721000 127 
6273.274276500 128 
6273.274832000 129 
6273.275387500 128 
6273.275943000 129 
6273.276498500 129 
6273.277054000 128 
6273.277609500 129 
6273.278165000 129 
6273.278720500 128 
6273.279276000 129 
6273.279831500 129 
6273.280387000 128 
6273.280942500 128 
6273.281498000 129 
6273.282053500 129 
6273.282609000 128 
6273.283164500 127 
6273.283720000 128 
6273.284275500 127 
6273.284831000 127 
6273.285386500 126 
6273.285942000 128 
6273.286497500 127 
6273.287053000 126 
6273.287608500 126 
6273.288164000 127 
6273.288719500 126 
6273.289275000 127 
6273.289830500 127 
6273.290386000 127 
6273.290941500 126 
6273.291497000 128 
6273.292052500 127 
6273.292608000 128 
6273.293163500 127 
6273.293719000 127 
6273.294274500 129 
6273.294830000 128 
6273.295385500 128 
6273.295941000 129 
6273.296496500 129 
6273.297052000 128 
6273.297607500 129 
6273.298163000 129 
6273.298718500 129 
6273.299274000 128 
6273.299829500 129 
6273.300385000 129 
6273.300940500 128 
6273.301496000 129 
6273.302051500 128 
6273.302607000 127 
6273.303162500 128 
6273.303718000 127 
6273.304273500 127 
6273.304829000 127 
6273.305384500 127 
6273.305940000 127 
6273.306495500 126 
6273.307051000 127 
6273.307606500 126 
6273.308162000 126 
6273.308717500 126 
6273.309273000 127 
6273.309828500 126 
6273.310384000 127 
6273.310939500 127 
6273.311495000 127 
6273.312050500 127 
6273.312606000 128 
6273.313161500 128 
6273.313717000 128 
6273.314272500 128 
6273.314828000 128 
6273.315383500 128 
6273.315939000 128 
6273.316494500 129 
6273.317050000 129 
6273.317605500 129 
6273.318161000 130 
6273.318716500 129 
6273.319272000 128 
6273.319827500 129 
6273.320383000 129 
6273.320938500 128 
6273.321494000 129 
6273.322049500 128 
6273.322605000 127 
6273.323160500 128 
6273.323716000 128 
6273.324271500 127 
6273.324827000 127 
6273.325382500 126 
6273.325938000 127 
6273.326493500 126 
6273.327049000 126 
6273.327604500 126 
6273.328160000 127 
6273.328715500 126 
6273.329271000 127 
6273.329826500 126 
6273.330382000 126 
6273.330937500 126 
6273.331493000 127 
6273.332048500 127 
6273.332604000 128 
6273.333159500 128 
6273.333715000 128 
6273.334270500 128 
6273.334826000 128 
6273.335381500 128 
6273.335937000 129 
6273.336492500 129 
6273.337048000 128 
6273.337603500 130 
6273.338159000 129 
6273.338714500 129 
6273.339270000 128 
6273.339825500 129 
6273.340381000 129 
6273.340936500 128 
6273.341492000 129 
6273.342047500 128 
6273.342603000 127 
6273.343158500 128 
6273.343714000 127 
6273.344269500 127 
6273.344825000 127 
6273.345380500 127 
6273.345936000 127 
6273.346491500 127 
6273.347047000 126 
6273.347602500 127 
6273.348158000 126 
6273.348713500 126 
6273.349269000 127 
6273.349824500 127 
6273.350380000 126 
6273.350935500 126 
6273.351491000 127 
6273.352046500 127 
6273.352602000 127 
6273.353157500 128 
6273.353713000 128 
6273.354268500 128 
6273.354824000 129 
6273.355379500 129 
6273.355935000 128 
6273.356490500 129 
6273.357046000 128 
6273.357601500 129 
6273.358157000 129 
6273.358712500 129 
6273.359268000 130 
6273.359823500 129 
6273.360379000 128 
6273.360934500 128 
6273.361490000 129 
6273.362045500 128 
6273.362601000 128 
6273.363156500 128 
6273.363712000 127 
6273.364267500 127 
6273.364823000 127 
6273.365378500 127 
6273.365934000 127 
6273.366489500 126 
6273.367045000 126 
6273.367600500 127 
6273.368156000 126 
6273.368711500 126 
6273.369267000 127 
6273.369822500 127 
6273.370378000 127 
6273.370933500 128 
6273.371489000 127 
6273.372044500 127 
6273.372600000 128 
6273.373155500 128 
6273.373711000 128 
6273.374266500 128 
6273.374822000 128 
6273.375377500 128 
6273.375933000 129 
6273.376488500 128 
6273.377044000 129 
6273.377599500 128 
6273.378155000 130 
6273.378710500 129 
6273.379266000 129 
6273.379821500 129 
6273.380377000 128 
6273.380932500 129 
6273.381488000 128 
6273.382043500 127 
6273.382599000 128 
6273.383154500 128 
6273.383710000 127 
6273.384265500 127 
6273.384821000 127 
6273.385376500 126 
6273.385932000 127 
6273.386487500 127 
6273.387043000 126 
6273.387598500 127 
6273.388154000 126 
6273.388709500 126 
6273.389265000 127 
6273.389820500 126 
6273.390376000 126 
6273.390931500 127 
6273.391487000 127 
6273.392042500 127 
6273.392598000 128 
6273.393153500 128 
6273.393709000 128 
6273.394264500 127 
6273.394820000 128 
6273.395375500 129 
6273.395931000 129 
6273.396486500 128 
6273.397042000 129 
6273.397597500 129 
6273.398153000 129 
6273.398708500 129 
6273.399264000 129 
6273.399819500 128 
6273.400375000 129 
6273.400930500 129 
6273.401486000 128 
6273.402041500 128 
6273.402597000 128 
6273.403152500 128 
6273.403708000 128 
6273.404263500 127 
6273.404819000 128 
6273.405374500 127 
6273.405930000 126 
6273.406485500 126 
6273.407041000 127 
6273.407596500 126 
6273.408152000 126 
6273.408707500 127 
6273.409263000 127 
6273.409818500 126 
6273.410374000 126 
6273.410929500 127 
6273.411485000 127 
6273.412040500 127 
6273.412596000 127 
6273.413151500 128 
6273.413707000 128 
6273.414262500 127 
6273.414818000 129 
6273.415373500 129 
6273.415929000 128 
6273.416484500 129 
6273.417040000 129 
6273.417595500 129 
6273.418151000 129 
6273.418706500 129 
6273.419262000 128 
6273.419817500 128 
6273.420373000 129 
6273.420928500 128 
6273.421484000 128 
6273.422039500 128 
6273.422595000 128 
6273.423150500 128 
6273.423706000 128 
6273.424261500 127 
6273.424817000 127 
6273.425372500 127 
6273.425928000 127 
6273.426483500 126 
6273.427039000 126 
6273.427594500 127 
6273.428150000 126 
6273.428705500 126 
6273.429261000 127 
6273.429816500 127 
6273.430372000 127 
6273.430927500 126 
6273.431483000 127 
6273.432038500 128 
6273.432594000 127 
6273.433149500 128 
6273.433705000 128 
6273.434260500 129 
6273.434816000 128 
6273.435371500 128 
6273.435927000 129 
6273.436482500 129 
6273.437038000 129 
6273.437593500 128 
6273.438149000 129 
6273.438704500 130 
6273.439260000 129 
6273.439815500 128 
6273.440371000 129 
6273.440926500 129 
6273.441482000 129 
6273.442037500 128 
6273.442593000 127 
6273.443148500 128 
6273.443704000 127 
6273.444259500 128 
6273.444815000 127 
6273.445370500 126 
6273.445926000 127 
6273.446481500 126 
6273.447037000 126 
6273.447592500 127 
6273.448148000 127 
6273.448703500 126 
6273.449259000 127 
6273.449814500 127 
6273.450370000 127 
6273.450925500 126 
6273.451481000 127 
6273.452036500 127 
6273.452592000 127 
6273.453147500 128 
6273.453703000 128 
6273.454258500 128 
6273.454814000 128 
6273.455369500 129 
6273.455925000 129 
6273.456480500 129 
6273.457036000 129 
6273.457591500 129 
6273.458147000 129 
6273.458702500 129 
6273.459258000 129 
6273.459813500 129 
6273.460369000 128 
6273.460924500 129 
6273.461480000 128 
6273.462035500 129 
6273.462591000 128 
6273.463146500 127 
6273.463702000 127 
6273.464257500 128 
6273.464813000 127 
6273.465368500 126 
6273.465924000 127 
6273.466479500 126 
6273.467035000 127 
6273.467590500 127 
6273.468146000 126 
6273.468701500 126 
6273.469257000 127 
6273.469812500 126 
6273.470368000 126 
6273.470923500 127 
6273.471479000 127 
6273.472034500 127 
6273.472590000 127 
6273.473145500 128 
6273.473701000 127 
6273.474256500 128 
6273.474812000 129 
6273.475367500 128 
6273.475923000 128 
6273.476478500 129 
6273.477034000 129 
6273.477589500 128 
6273.478145000 129 
6273.478700500 129 
6273.479256000 128 
6273.479811500 129 
6273.480367000 128 
6273.480922500 128 
6273.481478000 128 
6273.482033500 128 
6273.482589000 128 
6273.483144500 128 
6273.483700000 127 
6273.484255500 128 
6273.484811000 127 
6273.485366500 126 
6273.485922000 127 
6273.486477500 127 
6273.487033000 127 
6273.487588500 126 
6273.488144000 126 
6273.488699500 127 
6273.489255000 127 
6273.489810500 126 
6273.490366000 127 
6273.490921500 127 
6273.491477000 127 
6273.492032500 127 
6273.492588000 128 
6273.493143500 128 
6273.493699000 127 
6273.494254500 128 
6273.494810000 128 
6273.495365500 128 
6273.495921000 129 
6273.496476500 129 
6273.497032000 129 
6273.497587500 129 
6273.498143000 129 
6273.498698500 129 
6273.499254000 128 
6273.499809500 129 
6273.500365000 128 
6273.500920500 129 
6273.501476000 129 
6273.502031500 128 
6273.502587000 127 
6273.503142500 128 
6273.503698000 128 
6273.504253500 127 
6273.504809000 127 
6273.505364500 127 
6273.505920000 126 
6273.506475500 127 
6273.507031000 127 
6273.507586500 126 
6273.508142000 126 
6273.508697500 127 
6273.509253000 126 
6273.509808500 126 
6273.510364000 127 
6273.510919500 127 
6273.511475000 126 
6273.512030500 128 
6273.512586000 128 
6273.513141500 127 
6273.513697000 127 
6273.514252500 128 
6273.514808000 128 
6273.515363500 129 
6273.515919000 129 
6273.516474500 128 
6273.517030000 129 
6273.517585500 130 
6273.518141000 129 
6273.518696500 128 
6273.519252000 130 
6273.519807500 129 
6273.520363000 128 
6273.520918500 128 
6273.521474000 129 
6273.522029500 129 
6273.522585000 128 
6273.523140500 127 
6273.523696000 128 
6273.524251500 128 
6273.524807000 127 
6273.525362500 126 
6273.525918000 126 
6273.526473500 127 
6273.527029000 127 
6273.527584500 126 
6273.528140000 127 
6273.528695500 126 
6273.529251000 127 
6273.529806500 127 
6273.530362000 126 
6273.530917500 126 
6273.531473000 128 
6273.532028500 127 
6273.532584000 127 
6273.533139500 128 
6273.533695000 128 
6273.534250500 127 
6273.534806000 128 
6273.535361500 130 
6273.535917000 129 
6273.536472500 129 
6273.537028000 128 
6273.537583500 129 
6273.538139000 129 
6273.538694500 128 
6273.539250000 129 
6273.539805500 129 
6273.540361000 129 
6273.540916500 128 
6273.541472000 129 
6273.542027500 128 
6273.542583000 127 
6273.543138500 128 
6273.543694000 128 
6273.544249500 127 
6273.544805000 128 
6273.545360500 126 
6273.545916000 127 
6273.546471500 126 
6273.547027000 127 
6273.547582500 126 
6273.548138000 126 
6273.548693500 127 
6273.549249000 126 
6273.549804500 126 
6273.550360000 127 
6273.550915500 127 
6273.551471000 127 
6273.552026500 127 
6273.552582000 128 
6273.553137500 127 
6273.553693000 128 
6273.554248500 128 
6273.554804000 128 
6273.555359500 129 
6273.555915000 128 
6273.556470500 129 
6273.557026000 129 
6273.557581500 129 
6273.558137000 130 
6273.558692500 129 
6273.559248000 128 
6273.559803500 129 
6273.560359000 129 
6273.560914500 128 
6273.561470000 128 
6273.562025500 129 
6273.562581000 128 
6273.563136500 127 
6273.563692000 127 
6273.564247500 127 
6273.564803000 127 
6273.565358500 126 
6273.565914000 127 
6273.566469500 126 
6273.567025000 127 
6273.567580500 126 
6273.568136000 126 
6273.568691500 127 
6273.569247000 126 
6273.569802500 127 
6273.570358000 126 
6273.570913500 126 
6273.571469000 127 
6273.572024500 127 
6273.572580000 127 
6273.573135500 127 
6273.573691000 128 
6273.574246500 127 
6273.574802000 129 
6273.575357500 129 
6273.575913000 128 
6273.576468500 129 
6273.577024000 128 
6273.577579500 130 
6273.578135000 129 
6273.578690500 129 
6273.579246000 129 
6273.579801500 129 
6273.580357000 128 
6273.580912500 129 
6273.581468000 129 
6273.582023500 128 
6273.582579000 128 
6273.583134500 127 
6273.583690000 128 
6273.584245500 127 
6273.584801000 128 
6273.585356500 126 
6273.585912000 126 
6273.586467500 127 
6273.587023000 127 
6273.587578500 126 
6273.588134000 126 
6273.588689500 127 
6273.589245000 126 
6273.589800500 126 
6273.590356000 127 
6273.590911500 127 
6273.591467000 127 
6273.592022500 127 
6273.592578000 128 
6273.593133500 127 
6273.593689000 127 
6273.594244500 129 
6273.594800000 128 
6273.595355500 129 
6273.595911000 129 
6273.596466500 129 
6273.597022000 128 
6273.597577500 129 
6273.598133000 129 
6273.598688500 128 
6273.599244000 130 
6273.599799500 129 
6273.600355000 128 
6273.600910500 129 
6273.601466000 128 
6273.602021500 128 
6273.602577000 127 
6273.603132500 128 
6273.603688000 127 
6273.604243500 127 
6273.604799000 127 
6273.605354500 126 
6273.605910000 127 
6273.606465500 127 
6273.607021000 127 
6273.607576500 127 
6273.608132000 126 
6273.608687500 126 
6273.609243000 127 
6273.609798500 127 
6273.610354000 127 
6273.610909500 127 
6273.611465000 127 
6273.612020500 127 
6273.612576000 128 
6273.613131500 127 
6273.613687000 127 
6273.614242500 128 
6273.614798000 129 
6273.615353500 129 
6273.615909000 128 
6273.616464500 129 
6273.617020000 128 
6273.617575500 128 
6273.618131000 130 
6273.618686500 129 
6273.619242000 129 
6273.619797500 129 
6273.620353000 129 
6273.620908500 129 
6273.621464000 128 
6273.622019500 129 
6273.622575000 128 
6273.623130500 128 
6273.623686000 127 
6273.624241500 127 
6273.624797000 127 
6273.625352500 127 
6273.625908000 127 
6273.626463500 127 
6273.627019000 126 
6273.627574500 127 
6273.628130000 126 
6273.628685500 126 
6273.629241000 126 
6273.629796500 126 
6273.630352000 127 
6273.630907500 126 
6273.631463000 128 
6273.632018500 128 
6273.632574000 128 
6273.633129500 127 
6273.633685000 128 
6273.634240500 129 
6273.634796000 128 
6273.635351500 128 
6273.635907000 129 
6273.636462500 129 
6273.637018000 129 
6273.637573500 129 
6273.638129000 130 
6273.638684500 129 
6273.639240000 130 
6273.639795500 128 
6273.640351000 129 
6273.640906500 129 
6273.641462000 129 
6273.642017500 128 
6273.642573000 128 
6273.643128500 127 
6273.643684000 128 
6273.644239500 127 
6273.644795000 127 
6273.645350500 127 
6273.645906000 127 
6273.646461500 126 
6273.647017000 127 
6273.647572500 127 
6273.648128000 126 
6273.648683500 127 
6273.649239000 127 
6273.649794500 126 
6273.650350000 126 
6273.650905500 127 
6273.651461000 127 
6273.652016500 127 
6273.652572000 127 
6273.653127500 127 
6273.653683000 128 
6273.654238500 128 
6273.654794000 128 
6273.655349500 128 
6273.655905000 129 
6273.656460500 129 
6273.657016000 128 
6273.657571500 129 
6273.658127000 129 
6273.658682500 129 
6273.659238000 129 
6273.659793500 129 
6273.660349000 129 
6273.660904500 128 
6273.661460000 129 
6273.662015500 128 
6273.662571000 127 
6273.663126500 128 
6273.663682000 128 
6273.664237500 127 
6273.664793000 127 
6273.665348500 127 
6273.665904000 126 
6273.666459500 127 
6273.667015000 127 
6273.667570500 126 
6273.668126000 127 
6273.668681500 126 
6273.669237000 126 
6273.669792500 127 
6273.670348000 127 
6273.670903500 126 
6273.671459000 128 
6273.672014500 127 
6273.672570000 127 
6273.673125500 128 
6273.673681000 128 
6273.674236500 128 
6273.674792000 128 
6273.675347500 129 
6273.675903000 129 
6273.676458500 129 
6273.677014000 129 
6273.677569500 129 
6273.678125000 129 
6273.678680500 128 
6273.679236000 129 
6273.679791500 129 
6273.680347000 129 
6273.680902500 129 
6273.681458000 129 
6273.682013500 129 
6273.682569000 128 
6273.683124500 127 
6273.683680000 128 
6273.684235500 127 
6273.684791000 127 
6273.685346500 126 
6273.685902000 127 
6273.686457500 127 
6273.687013000 126 
6273.687568500 126 
6273.688124000 127 
6273.688679500 126 
6273.689235000 126 
6273.689790500 127 
6273.690346000 127 
6273.690901500 126 
6273.691457000 126 
6273.692012500 128 
6273.692568000 127 
6273.693123500 128 
6273.693679000 128 
6273.694234500 129 
6273.694790000 128 
6273.695345500 129 
6273.695901000 129 
6273.696456500 129 
6273.697012000 129 
6273.697567500 129 
6273.698123000 129 
6273.698678500 128 
6273.699234000 129 
6273.699789500 129 
6273.700345000 129 
6273.700900500 129 
6273.701456000 128 
6273.702011500 128 
6273.702567000 128 
6273.703122500 128 
6273.703678000 128 
6273.704233500 127 
6273.704789000 127 
6273.705344500 127 
6273.705900000 127 
6273.706455500 126 
6273.707011000 127 
6273.707566500 126 
6273.708122000 127 
6273.708677500 126 
6273.709233000 126 
6273.709788500 127 
6273.710344000 127 
6273.710899500 126 
6273.711455000 128 
6273.712010500 127 
6273.712566000 127 
6273.713121500 128 
6273.713677000 128 
6273.714232500 128 
6273.714788000 129 
6273.715343500 129 
6273.715899000 128 
6273.716454500 129 
6273.717010000 129 
6273.717565500 129 
6273.718121000 129 
6273.718676500 130 
6273.719232000 129 
6273.719787500 129 
6273.720343000 129 
6273.720898500 129 
6273.721454000 128 
6273.722009500 128 
6273.722565000 128 
6273.723120500 127 
6273.723676000 128 
6273.724231500 127 
6273.724787000 126 
6273.725342500 127 
6273.725898000 127 
6273.726453500 127 
6273.727009000 127 
6273.727564500 126 
6273.728120000 126 
6273.728675500 127 
6273.729231000 127 
6273.729786500 126 
6273.730342000 127 
6273.730897500 127 
6273.731453000 127 
6273.732008500 127 
6273.732564000 128 
6273.733119500 127 
6273.733675000 128 
6273.734230500 129 
6273.734786000 128 
6273.735341500 128 
6273.735897000 129 
6273.736452500 128 
6273.737008000 129 
6273.737563500 128 
6273.738119000 129 
6273.738674500 129 
6273.739230000 129 
6273.739785500 129 
6273.740341000 128 
6273.740896500 129 
6273.741452000 129 
6273.742007500 128 
6273.742563000 127 
6273.743118500 128 
6273.743674000 128 
6273.744229500 127 
6273.744785000 127 
6273.745340500 128 
6273.745896000 127 
6273.746451500 126 
6273.747007000 127 
6273.747562500 126 
6273.748118000 126 
6273.748673500 126 
6273.749229000 126 
6273.749784500 126 
6273.750340000 127 
6273.750895500 127 
6273.751451000 127 
6273.752006500 126 
6273.752562000 128 
6273.753117500 128 
6273.753673000 127 
6273.754228500 129 
6273.754784000 128 
6273.755339500 128 
6273.755895000 129 
6273.756450500 128 
6273.757006000 128 
6273.757561500 130 
6273.758117000 129 
6273.758672500 129 
6273.759228000 129 
6273.759783500 128 
6273.760339000 129 
6273.760894500 129 
6273.761450000 128 
6273.762005500 127 
6273.762561000 128 
6273.763116500 128 
6273.763672000 128 
6273.764227500 127 
6273.764783000 128 
6273.765338500 127 
6273.765894000 126 
6273.766449500 128 
6273.767005000 127 
6273.767560500 126 
6273.768116000 127 
6273.768671500 126 
6273.769227000 126 
6273.769782500 127 
6273.770338000 127 
6273.770893500 126 
6273.771449000 128 
6273.772004500 127 
6273.772560000 127 
6273.773115500 127 
6273.773671000 128 
6273.774226500 128 
6273.774782000 128 
6273.775337500 129 
6273.775893000 129 
6273.776448500 129 
6273.777004000 129 
6273.777559500 128 
6273.778115000 129 
6273.778670500 128 
6273.779226000 129 
6273.779781500 129 
6273.780337000 128 
6273.780892500 128 
6273.781448000 129 
6273.782003500 128 
6273.782559000 128 
6273.783114500 128 
6273.783670000 128 
6273.784225500 127 
6273.784781000 127 
6273.785336500 126 
6273.785892000 127 
6273.786447500 127 
6273.787003000 126 
6273.787558500 127 
6273.788114000 126 
6273.788669500 126 
6273.789225000 127 
6273.789780500 127 
6273.790336000 127 
6273.790891500 126 
6273.791447000 128 
6273.792002500 127 
6273.792558000 128 
6273.793113500 127 
6273.793669000 129 
6273.794224500 128 
6273.794780000 128 
6273.795335500 129 
6273.795891000 129 
6273.796446500 129 
6273.797002000 129 
6273.797557500 129 
6273.798113000 129 
6273.798668500 129 
6273.799224000 129 
6273.799779500 129 
6273.800335000 129 
6273.800890500 129 
6273.801446000 128 
6273.802001500 128 
6273.802557000 128 
6273.803112500 128 
6273.803668000 127 
6273.804223500 127 
6273.804779000 126 
6273.805334500 127 
6273.805890000 126 
6273.806445500 127 
6273.807001000 127 
6273.807556500 126 
6273.808112000 127 
6273.808667500 127 
6273.809223000 126 
6273.809778500 126 
6273.810334000 127 
6273.810889500 127 
6273.811445000 127 
6273.812000500 127 
6273.812556000 128 
6273.813111500 128 
6273.813667000 127 
6273.814222500 129 
6273.814778000 128 
6273.815333500 129 
6273.815889000 128 
6273.816444500 129 
6273.817000000 129 
6273.817555500 129 
6273.818111000 130 
6273.818666500 129 
6273.819222000 130 
6273.819777500 129 
6273.820333000 128 
6273.820888500 129 
6273.821444000 128 
6273.821999500 129 
6273.822555000 128 
6273.823110500 128 
6273.823666000 127 
6273.824221500 128 
6273.824777000 127 
6273.825332500 126 
6273.825888000 127 
6273.826443500 127 
6273.826999000 127 
6273.827554500 126 
6273.828110000 126 
6273.828665500 127 
6273.829221000 126 
6273.829776500 126 
6273.830332000 127 
6273.830887500 126 
6273.831443000 128 
6273.831998500 127 
6273.832554000 127 
6273.833109500 128 
6273.833665000 127 
6273.834220500 128 
6273.834776000 128 
6273.835331500 129 
6273.835887000 129 
6273.836442500 129 
6273.836998000 128 
6273.837553500 128 
6273.838109000 130 
6273.838664500 129 
6273.839220000 129 
6273.839775500 129 
6273.840331000 129 
6273.840886500 127 
6273.841442000 129 
6273.841997500 128 
6273.842553000 127 
6273.843108500 128 
6273.843664000 127 
6273.844219500 127 
6273.844775000 126 
6273.845330500 127 
6273.845886000 127 
6273.846441500 126 
6273.846997000 127 
6273.847552500 126 
6273.848108000 126 
6273.848663500 126 
6273.849219000 126 
6273.849774500 127 
6273.850330000 126 
6273.850885500 128 
6273.851441000 127 
6273.851996500 127 
6273.852552000 128 
6273.853107500 128 
6273.853663000 128 
6273.854218500 128 
6273.854774000 129 
6273.855329500 129 
6273.855885000 128 
6273.856440500 129 
6273.856996000 128 
6273.857551500 129 
6273.858107000 130 
6273.858662500 129 
6273.859218000 129 
6273.859773500 128 
6273.860329000 129 
6273.860884500 128 
6273.861440000 129 
6273.861995500 128 
6273.862551000 128 
6273.863106500 128 
6273.863662000 127 
6273.864217500 128 
6273.864773000 127 
6273.865328500 127 
6273.865884000 126 
6273.866439500 127 
6273.866995000 127 
6273.867550500 126 
6273.868106000 126 
6273.868661500 126 
6273.869217000 127 
6273.869772500 126 
6273.870328000 127 
6273.870883500 127 
6273.871439000 127 
6273.871994500 127 
6273.872550000 128 
6273.873105500 128 
6273.873661000 127 
6273.874216500 129 
6273.874772000 128 
6273.875327500 129 
6273.875883000 128 
6273.876438500 129 
6273.876994000 128 
6273.877549500 129 
6273.878105000 129 
6273.878660500 129 
6273.879216000 129 
6273.879771500 128 
6273.880327000 129 
6273.880882500 129 
6273.881438000 128 
6273.881993500 127 
6273.882549000 128 
6273.883104500 128 
6273.883660000 127 
6273.884215500 127 
6273.884771000 127 
6273.885326500 126 
6273.885882000 127 
6273.886437500 127 
6273.886993000 126 
6273.887548500 127 
6273.888104000 126 
6273.888659500 127 
6273.889215000 127 
6273.889770500 126 
6273.890326000 128 
6273.890881500 127 
6273.891437000 127 
6273.891992500 127 
6273.892548000 128 
6273.893103500 127 
6273.893659000 127 
6273.894214500 129 
6273.894770000 128 
6273.895325500 128 
6273.895881000 128 
6273.896436500 129 
6273.896992000 129 
6273.897547500 129 
6273.898103000 130 
6273.898658500 129 
6273.899214000 129 
6273.899769500 129 
6273.900325000 129 
6273.900880500 128 
6273.901436000 129 
6273.901991500 128 
6273.902547000 128 
6273.903102500 128 
6273.903658000 127 
6273.904213500 128 
6273.904769000 127 
6273.905324500 126 
6273.905880000 127 
6273.906435500 127 
6273.906991000 126 
6273.907546500 127 
6273.908102000 126 
6273.908657500 126 
6273.909213000 126 
6273.909768500 127 
6273.910324000 127 
6273.910879500 126 
6273.911435000 127 
6273.911990500 127 
6273.912546000 127 
6273.913101500 127 
6273.913657000 128 
6273.914212500 128 
6273.914768000 128 
6273.915323500 129 
6273.915879000 129 
6273.916434500 128 
6273.916990000 129 
6273.917545500 128 
6273.918101000 130 
6273.918656500 129 
6273.919212000 129 
6273.919767500 129 
6273.920323000 129 
6273.920878500 128 
6273.921434000 128 
6273.921989500 129 
6273.922545000 128 
6273.923100500 127 
6273.923656000 128 
6273.924211500 127 
6273.924767000 127 
6273.925322500 127 
6273.925878000 127 
6273.926433500 127 
6273.926989000 126 
6273.927544500 127 
6273.928100000 126 
6273.928655500 126 
6273.929211000 126 
6273.929766500 127 
6273.930322000 126 
6273.930877500 127 
6273.931433000 127 
6273.931988500 127 
6273.932544000 128 
6273.933099500 127 
6273.933655000 128 
6273.934210500 128 
6273.934766000 128 
6273.935321500 128 
6273.935877000 128 
6273.936432500 129 
6273.936988000 128 
6273.937543500 128 
6273.938099000 130 
6273.938654500 129 
6273.939210000 128 
6273.939765500 129 
6273.940321000 129 
6273.940876500 128 
6273.941432000 128 
6273.941987500 128 
6273.942543000 128 
6273.943098500 128 
6273.943654000 128 
6273.944209500 127 
6273.944765000 127 
6273.945320500 127 
6273.945876000 127 
6273.946431500 127 
6273.946987000 126 
6273.947542500 126 
6273.948098000 126 
6273.948653500 126 
6273.949209000 126 
6273.949764500 126 
6273.950320000 127 
6273.950875500 126 
6273.951431000 127 
6273.951986500 128 
6273.952542000 128 
6273.953097500 127 
6273.953653000 128 
6273.954208500 128 
6273.954764000 128 
6273.955319500 129 
6273.955875000 129 
6273.956430500 128 
6273.956986000 129 
6273.957541500 128 
6273.958097000 130 
6273.958652500 129 
6273.959208000 129 
6273.959763500 129 
6273.960319000 129 
6273.960874500 128 
6273.961430000 129 
6273.961985500 128 
6273.962541000 127 
6273.963096500 128 
6273.963652000 128 
6273.964207500 127 
6273.964763000 127 
6273.965318500 126 
6273.965874000 127 
6273.966429500 126 
6273.966985000 126 
6273.967540500 127 
6273.968096000 126 
6273.968651500 126 
6273.969207000 126 
6273.969762500 127 
6273.970318000 126 
6273.970873500 127 
6273.971429000 127 
6273.971984500 126 
6273.972540000 128 
6273.973095500 128 
6273.973651000 128 
6273.974206500 128 
6273.974762000 127 
6273.975317500 129 
6273.975873000 129 
6273.976428500 128 
6273.976984000 129 
6273.977539500 129 
6273.978095000 129 
6273.978650500 130 
6273.979206000 129 
6273.979761500 129 
6273.980317000 128 
6273.980872500 129 
6273.981428000 129 
6273.981983500 128 
6273.982539000 129 
6273.983094500 128 
6273.983650000 127 
6273.984205500 127 
6273.984761000 127 
6273.985316500 127 
6273.985872000 127 
6273.986427500 126 
6273.986983000 127 
6273.987538500 126 
6273.988094000 127 
6273.988649500 126 
6273.989205000 126 
6273.989760500 127 
6273.990316000 127 
6273.990871500 127 
6273.991427000 127 
6273.991982500 127 
6273.992538000 127 
6273.993093500 127 
6273.993649000 127 
6273.994204500 129 
6273.994760000 128 
6273.995315500 128 
6273.995871000 128 
6273.996426500 129 
6273.996982000 128 
6273.997537500 128 
6273.998093000 129 
6273.998648500 129 
6273.999204000 129 
6273.999759500 129 
6274.000315000 128 
6274.000870500 129 
6274.001426000 128 
6274.001981500 128 
6274.002537000 128 
6274.003092500 128 
6274.003648000 127 
6274.004203500 127 
6274.004759000 128 
6274.005314500 127 
6274.005870000 126 
6274.006425500 126 
6274.006981000 127 
6274.007536500 127 
6274.008092000 126 
6274.008647500 127 
6274.009203000 126 
6274.009758500 126 
6274.010314000 127 
6274.010869500 127 
6274.011425000 127 
6274.011980500 127 
6274.012536000 127 
6274.013091500 127 
6274.013647000 128 
6274.014202500 127 
6274.014758000 128 
6274.015313500 129 
6274.015869000 129 
6274.016424500 128 
6274.016980000 129 
6274.017535500 129 
6274.018091000 129 
6274.018646500 129 
6274.019202000 130 
6274.019757500 129 
6274.020313000 128 
6274.020868500 129 
6274.021424000 129 
6274.021979500 128 
6274.022535000 128 
6274.023090500 127 
6274.023646000 128 
6274.024201500 127 
6274.024757000 127 
6274.025312500 127 
6274.025868000 127 
6274.026423500 126 
6274.026979000 127 
6274.027534500 126 
6274.028090000 126 
6274.028645500 126 
6274.029201000 126 
6274.029756500 127 
6274.030312000 127 
6274.030867500 126 
6274.031423000 126 
6274.031978500 128 
6274.032534000 128 
6274.033089500 127 
6274.033645000 128 
6274.034200500 128 
6274.034756000 128 
6274.035311500 129 
6274.035867000 129 
6274.036422500 128 
6274.036978000 128 
6274.037533500 129 
6274.038089000 129 
6274.038644500 128 
6274.039200000 130 
6274.039755500 129 
6274.040311000 128 
6274.040866500 130 
6274.041422000 129 
6274.041977500 128 
6274.042533000 128 
6274.043088500 127 
6274.043644000 128 
6274.044199500 127 
6274.044755000 126 
6274.045310500 126 
6274.045866000 127 
6274.046421500 127 
6274.046977000 126 
6274.047532500 127 
6274.048088000 126 
6274.048643500 126 
6274.049199000 126 
6274.049754500 127 
6274.050310000 126 
6274.050865500 127 
6274.051421000 127 
6274.051976500 127 
6274.052532000 127 
6274.053087500 128 
6274.053643000 127 
6274.054198500 129 
6274.054754000 128 
6274.055309500 129 
6274.055865000 129 
6274.056420500 128 
6274.056976000 129 
6274.057531500 129 
6274.058087000 129 
6274.058642500 129 
6274.059198000 130 
6274.059753500 129 
6274.060309000 128 
6274.060864500 129 
6274.061420000 128 
6274.061975500 128 
6274.062531000 128 
6274.063086500 128 
6274.063642000 127 
6274.064197500 128 
6274.064753000 127 
6274.065308500 127 
6274.065864000 127 
6274.066419500 126 
6274.066975000 126 
6274.067530500 127 
6274.068086000 126 
6274.068641500 126 
6274.069197000 127 
6274.069752500 126 
6274.070308000 127 
6274.070863500 126 
6274.071419000 127 
6274.071974500 127 
6274.072530000 128 
6274.073085500 128 
6274.073641000 128 
6274.074196500 128 
6274.074752000 129 
6274.075307500 128 
6274.075863000 129 
6274.076418500 128 
6274.076974000 128 
6274.077529500 130 
6274.078085000 129 
6274.078640500 128 
6274.079196000 130 
6274.079751500 129 
6274.080307000 128 
6274.080862500 128 
6274.081418000 129 
6274.081973500 128 
6274.082529000 129 
6274.083084500 127 
6274.083640000 128 
6274.084195500 127 
6274.084751000 127 
6274.085306500 127 
6274.085862000 127 
6274.086417500 126 
6274.086973000 126 
6274.087528500 127 
6274.088084000 126 
6274.088639500 126 
6274.089195000 127 
6274.089750500 127 
6274.090306000 126 
6274.090861500 127 
6274.091417000 127 
6274.091972500 127 
6274.092528000 127 
6274.093083500 128 
6274.093639000 127 
6274.094194500 128 
6274.094750000 129 
6274.095305500 129 
6274.095861000 128 
6274.096416500 129 
6274.096972000 129 
6274.097527500 129 
6274.098083000 129 
6274.098638500 130 
6274.099194000 129 
6274.099749500 128 
6274.100305000 129 
6274.100860500 128 
6274.101416000 129 
6274.101971500 129 
6274.102527000 128 
6274.103082500 127 
6274.103638000 128 
6274.104193500 127 
6274.104749000 127 
6274.105304500 126 
6274.105860000 127 
6274.106415500 127 
6274.106971000 126 
6274.107526500 127 
6274.108082000 126 
6274.108637500 127 
6274.109193000 127 
6274.109748500 127 
6274.110304000 126 
6274.110859500 127 
6274.111415000 127 
6274.111970500 127 
6274.112526000 127 
6274.113081500 127 
6274.113637000 129 
6274.114192500 128 
6274.114748000 128 
6274.115303500 129 
6274.115859000 129 
6274.116414500 129 
6274.116970000 129 
6274.117525500 129 
6274.118081000 129 
6274.118636500 128 
6274.119192000 129 
6274.119747500 129 
6274.120303000 129 
6274.120858500 128 
6274.121414000 129 
6274.121969500 128 
6274.122525000 127 
6274.123080500 128 
6274.123636000 128 
6274.124191500 127 
6274.124747000 128 
6274.125302500 126 
6274.125858000 127 
6274.126413500 126 
6274.126969000 127 
6274.127524500 126 
6274.128080000 126 
6274.128635500 127 
6274.129191000 126 
6274.129746500 126 
6274.130302000 127 
6274.130857500 127 
6274.131413000 128 
6274.131968500 128 
6274.132524000 127 
6274.133079500 127 
6274.133635000 127 
6274.134190500 128 
6274.134746000 128 
6274.135301500 128 
6274.135857000 128 
6274.136412500 128 
6274.136968000 129 
6274.137523500 128 
6274.138079000 128 
6274.138634500 128 
6274.139190000 129 
6274.139745500 128 
6274.140301000 129 
6274.140856500 129 
6274.141412000 129 
6274.141967500 129 
6274.142523000 128 
6274.143078500 128 
6274.143634000 127 
6274.144189500 128 
6274.144745000 127 
6274.145300500 127 
6274.145856000 127 
6274.146411500 126 
6274.146967000 126 
6274.147522500 126 
6274.148078000 126 
6274.148633500 126 
6274.149189000 126 
6274.149744500 127 
6274.150300000 126 
6274.150855500 126 
6274.151411000 127 
6274.151966500 127 
6274.152522000 127 
6274.153077500 128 
6274.153633000 128 
6274.154188500 129 
6274.154744000 128 
6274.155299500 129 
6274.155855000 129 
6274.156410500 129 
6274.156966000 129 
6274.157521500 130 
6274.158077000 130 
6274.158632500 129 
6274.159188000 130 
6274.159743500 130 
6274.160299000 129 
6274.160854500 129 
6274.161410000 129 
6274.161965500 128 
6274.162521000 129 
6274.163076500 128 
6274.163632000 127 
6274.164187500 128 
6274.164743000 127 
6274.165298500 126 
6274.165854000 127 
6274.166409500 126 
6274.166965000 127 
6274.167520500 126 
6274.168076000 126 
6274.168631500 126 
6274.169187000 126 
6274.169742500 126 
6274.170298000 127 
6274.170853500 126 
6274.171409000 126 
6274.171964500 128 
6274.172520000 127 
6274.173075500 128 
6274.173631000 128 
6274.174186500 128 
6274.174742000 128 
6274.175297500 129 
6274.175853000 129 
6274.176408500 129 
6274.176964000 129 
6274.177519500 129 
6274.178075000 129 
6274.178630500 129 
6274.179186000 129 
6274.179741500 130 
6274.180297000 129 
6274.180852500 128 
6274.181408000 129 
6274.181963500 128 
6274.182519000 128 
6274.183074500 129 
6274.183630000 128 
6274.184185500 127 
6274.184741000 127 
6274.185296500 127 
6274.185852000 126 
6274.186407500 127 
6274.186963000 126 
6274.187518500 126 
6274.188074000 126 
6274.188629500 126 
6274.189185000 126 
6274.189740500 125 
6274.190296000 126 
6274.190851500 127 
6274.191407000 126 
6274.191962500 128 
6274.192518000 127 
6274.193073500 128 
6274.193629000 129 
6274.194184500 128 
6274.194740000 129 
6274.195295500 128 
6274.195851000 129 
6274.196406500 129 
6274.196962000 129 
6274.197517500 129 
6274.198073000 130 
6274.198628500 129 
6274.199184000 130 
6274.199739500 129 
6274.200295000 128 
6274.200850500 130 
6274.201406000 129 
6274.201961500 128 
6274.202517000 128 
6274.203072500 128 
6274.203628000 127 
6274.204183500 128 
6274.204739000 127 
6274.205294500 126 
6274.205850000 126 
6274.206405500 127 
6274.206961000 126 
6274.207516500 126 
6274.208072000 126 
6274.208627500 125 
6274.209183000 126 
6274.209738500 126 
6274.210294000 127 
6274.210849500 126 
6274.211405000 126 
6274.211960500 128 
6274.212516000 127 
6274.213071500 127 
6274.213627000 127 
6274.214182500 129 
6274.214738000 129 
6274.215293500 128 
6274.215849000 130 
6274.216404500 129 
6274.216960000 129 
6274.217515500 130 
6274.218071000 130 
6274.218626500 129 
6274.219182000 130 
6274.219737500 129 
6274.220293000 129 
6274.220848500 128 
6274.221404000 129 
6274.221959500 129 
6274.222515000 128 
6274.223070500 128 
6274.223626000 128 
6274.224181500 127 
6274.224737000 127 
6274.225292500 126 
6274.225848000 127 
6274.226403500 126 
6274.226959000 126 
6274.227514500 126 
6274.228070000 126 
6274.228625500 125 
6274.229181000 124 
6274.229736500 125 
6274.230292000 126 
6274.230847500 125 
6274.231403000 126 
6274.231958500 127 
6274.232514000 127 
6274.233069500 127 
6274.233625000 128 
6274.234180500 129 
6274.234736000 129 
6274.235291500 129 
6274.235847000 130 
6274.236402500 130 
6274.236958000 131 
6274.237513500 130 
6274.238069000 130 
6274.238624500 131 
6274.239180000 130 
6274.239735500 131 
6274.240291000 130 
6274.240846500 129 
6274.241402000 130 
6274.241957500 129 
6274.242513000 128 
6274.243068500 127 
6274.243624000 128 
6274.244179500 127 
6274.244735000 126 
6274.245290500 126 
6274.245846000 126 
6274.246401500 125 
6274.246957000 124 
6274.247512500 124 
6274.248068000 125 
6274.248623500 124 
6274.249179000 126 
6274.249734500 125 
6274.250290000 124 
6274.250845500 126 
6274.251401000 125 
6274.251956500 127 
6274.252512000 127 
6274.253067500 128 
6274.253623000 128 
6274.254178500 128 
6274.254734000 130 
6274.255289500 130 
6274.255845000 130 
6274.256400500 130 
6274.256956000 131 
6274.257511500 131 
6274.258067000 131 
6274.258622500 130 
6274.259178000 131 
6274.259733500 131 
6274.260289000 129 
6274.260844500 130 
6274.261400000 129 
6274.261955500 128 
6274.262511000 129 
6274.263066500 127 
6274.263622000 128 
6274.264177500 126 
6274.264733000 127 
6274.265288500 126 
6274.265844000 126 
6274.266399500 126 
6274.266955000 125 
6274.267510500 124 
6274.268066000 125 
6274.268621500 125 
6274.269177000 125 
6274.269732500 125 
6274.270288000 125 
6274.270843500 126 
6274.271399000 126 
6274.271954500 126 
6274.272510000 128 
6274.273065500 127 
6274.273621000 127 
6274.274176500 129 
6274.274732000 129 
6274.275287500 129 
6274.275843000 130 
6274.276398500 130 
6274.276954000 130 
6274.277509500 131 
6274.278065000 131 
6274.278620500 131 
6274.279176000 130 
6274.279731500 130 
6274.280287000 130 
6274.280842500 130 
6274.281398000 129 
6274.281953500 128 
6274.282509000 129 
6274.283064500 128 
6274.283620000 127 
6274.284175500 127 
6274.284731000 127 
6274.285286500 126 
6274.285842000 125 
6274.286397500 125 
6274.286953000 126 
6274.287508500 125 
6274.288064000 124 
6274.288619500 125 
6274.289175000 125 
6274.289730500 125 
6274.290286000 125 
6274.290841500 127 
6274.291397000 126 
6274.291952500 126 
6274.292508000 126 
6274.293063500 128 
6274.293619000 128 
6274.294174500 128 
6274.294730000 129 
6274.295285500 129 
6274.295841000 129 
6274.296396500 130 
6274.296952000 130 
6274.297507500 130 
6274.298063000 132 
6274.298618500 131 
6274.299174000 130 
6274.299729500 131 
6274.300285000 130 
6274.300840500 130 
6274.301396000 129 
6274.301951500 129 
6274.302507000 129 
6274.303062500 127 
6274.303618000 128 
6274.304173500 127 
6274.304729000 126 
6274.305284500 126 
6274.305840000 125 
6274.306395500 126 
6274.306951000 125 
6274.307506500 124 
6274.308062000 125 
6274.308617500 125 
6274.309173000 124 
6274.309728500 126 
6274.310284000 126 
6274.310839500 125 
6274.311395000 127 
6274.311950500 127 
6274.312506000 127 
6274.313061500 127 
6274.313617000 128 
6274.314172500 129 
6274.314728000 128 
6274.315283500 130 
6274.315839000 130 
6274.316394500 130 
6274.316950000 131 
6274.317505500 131 
6274.318061000 131 
6274.318616500 131 
6274.319172000 131 
6274.319727500 130 
6274.320283000 130 
6274.320838500 130 
6274.321394000 130 
6274.321949500 128 
6274.322505000 129 
6274.323060500 128 
6274.323616000 127 
6274.324171500 128 
6274.324727000 127 
6274.325282500 126 
6274.325838000 126 
6274.326393500 126 
6274.326949000 124 
6274.327504500 125 
6274.328060000 124 
6274.328615500 124 
6274.329171000 125 
6274.329726500 125 
6274.330282000 125 
6274.330837500 125 
6274.331393000 127 
6274.331948500 127 
6274.332504000 126 
6274.333059500 128 
6274.333615000 128 
6274.334170500 129 
6274.334726000 129 
6274.335281500 129 
6274.335837000 131 
6274.336392500 130 
6274.336948000 130 
6274.337503500 131 
6274.338059000 131 
6274.338614500 130 
6274.339170000 131 
6274.339725500 131 
6274.340281000 130 
6274.340836500 130 
6274.341392000 130 
6274.341947500 129 
6274.342503000 128 
6274.343058500 128 
6274.343614000 128 
6274.344169500 127 
6274.344725000 126 
6274.345280500 126 
6274.345836000 125 
6274.346391500 126 
6274.346947000 125 
6274.347502500 124 
6274.348058000 124 
6274.348613500 124 
6274.349169000 125 
6274.349724500 125 
6274.350280000 125 
6274.350835500 126 
6274.351391000 126 
6274.351946500 126 
6274.352502000 128 
6274.353057500 128 
6274.353613000 128 
6274.354168500 128 
6274.354724000 129 
6274.355279500 130 
6274.355835000 130 
6274.356390500 130 
6274.356946000 131 
6274.357501500 131 
6274.358057000 131 
6274.358612500 130 
6274.359168000 131 
6274.359723500 130 
6274.360279000 131 
6274.360834500 130 
6274.361390000 130 
6274.361945500 128 
6274.362501000 129 
6274.363056500 128 
6274.363612000 126 
6274.364167500 127 
6274.364723000 126 
6274.365278500 126 
6274.365834000 126 
6274.366389500 125 
6274.366945000 124 
6274.367500500 125 
6274.368056000 125 
6274.368611500 124 
6274.369167000 124 
6274.369722500 125 
6274.370278000 125 
6274.370833500 125 
6274.371389000 126 
6274.371944500 127 
6274.372500000 127 
6274.373055500 127 
6274.373611000 128 
6274.374166500 128 
6274.374722000 129 
6274.375277500 129 
6274.375833000 130 
6274.376388500 130 
6274.376944000 131 
6274.377499500 131 
6274.378055000 131 
6274.378610500 130 
6274.379166000 130 
6274.379721500 131 
6274.380277000 130 
6274.380832500 130 
6274.381388000 130 
6274.381943500 129 
6274.382499000 129 
6274.383054500 128 
6274.383610000 127 
6274.384165500 127 
6274.384721000 126 
6274.385276500 126 
6274.385832000 124 
6274.386387500 126 
6274.386943000 125 
6274.387498500 124 
6274.388054000 125 
6274.388609500 125 
6274.389165000 125 
6274.389720500 125 
6274.390276000 126 
6274.390831500 125 
6274.391387000 125 
6274.391942500 126 
6274.392498000 127 
6274.393053500 127 
6274.393609000 127 
6274.394164500 129 
6274.394720000 129 
6274.395275500 129 
6274.395831000 129 
6274.396386500 130 
6274.396942000 131 
6274.397497500 130 
6274.398053000 130 
6274.398608500 130 
6274.399164000 131 
6274.399719500 130 
6274.400275000 130 
6274.400830500 130 
6274.401386000 129 
6274.401941500 129 
6274.402497000 128 
6274.403052500 127 
6274.403608000 127 
6274.404163500 126 
6274.404719000 127 
6274.405274500 126 
6274.405830000 125 
6274.406385500 125 
6274.406941000 125 
6274.407496500 125 
6274.408052000 124 
6274.408607500 125 
6274.409163000 124 
6274.409718500 125 
6274.410274000 124 
6274.410829500 126 
6274.411385000 127 
6274.411940500 127 
6274.412496000 127 
6274.413051500 128 
6274.413607000 128 
6274.414162500 128 
6274.414718000 129 
6274.415273500 130 
6274.415829000 130 
6274.416384500 131 
6274.416940000 130 
6274.417495500 131 
6274.418051000 131 
6274.418606500 130 
6274.419162000 131 
6274.419717500 131 
6274.420273000 130 
6274.420828500 129 
6274.421384000 130 
6274.421939500 129 
6274.422495000 128 
6274.423050500 128 
6274.423606000 127 
6274.424161500 126 
6274.424717000 126 
6274.425272500 126 
6274.425828000 125 
6274.426383500 126 
6274.426939000 124 
6274.427494500 124 
6274.428050000 125 
6274.428605500 125 
6274.429161000 124 
6274.429716500 125 
6274.430272000 125 
6274.430827500 125 
6274.431383000 126 
6274.431938500 126 
6274.432494000 126 
6274.433049500 128 
6274.433605000 128 
6274.434160500 128 
6274.434716000 129 
6274.435271500 130 
6274.435827000 130 
6274.436382500 130 
6274.436938000 131 
6274.437493500 130 
6274.438049000 132 
6274.438604500 131 
6274.439160000 130 
6274.439715500 130 
6274.440271000 131 
6274.440826500 130 
6274.441382000 129 
6274.441937500 129 
6274.442493000 128 
6274.443048500 128 
6274.443604000 128 
6274.444159500 127 
6274.444715000 126 
6274.445270500 126 
6274.445826000 125 
6274.446381500 125 
6274.446937000 125 
6274.447492500 124 
6274.448048000 125 
6274.448603500 125 
6274.449159000 125 
6274.449714500 124 
6274.450270000 126 
6274.450825500 126 
6274.451381000 125 
6274.451936500 126 
6274.452492000 127 
6274.453047500 127 
6274.453603000 128 
6274.454158500 129 
6274.454714000 129 
6274.455269500 130 
6274.455825000 130 
6274.456380500 130 
6274.456936000 131 
6274.457491500 131 
6274.458047000 130 
6274.458602500 131 
6274.459158000 130 
6274.459713500 130 
6274.460269000 131 
6274.460824500 130 
6274.461380000 129 
6274.461935500 129 
6274.462491000 129 
6274.463046500 128 
6274.463602000 127 
6274.464157500 127 
6274.464713000 127 
6274.465268500 126 
6274.465824000 125 
6274.466379500 124 
6274.466935000 125 
6274.467490500 125 
6274.468046000 124 
6274.468601500 125 
6274.469157000 125 
6274.469712500 124 
6274.470268000 125 
6274.470823500 126 
6274.471379000 125 
6274.471934500 127 
6274.472490000 126 
6274.473045500 128 
6274.473601000 128 
6274.474156500 128 
6274.474712000 130 
6274.475267500 130 
6274.475823000 129 
6274.476378500 131 
6274.476934000 131 
6274.477489500 130 
6274.478045000 132 
6274.478600500 131 
6274.479156000 131 
6274.479711500 130 
6274.480267000 130 
6274.480822500 130 
6274.481378000 129 
6274.481933500 129 
6274.482489000 128 
6274.483044500 128 
6274.483600000 127 
6274.484155500 127 
6274.484711000 127 
6274.485266500 125 
6274.485822000 126 
6274.486377500 124 
6274.486933000 126 
6274.487488500 124 
6274.488044000 124 
6274.488599500 125 
6274.489155000 125 
6274.489710500 124 
6274.490266000 125 
6274.490821500 126 
6274.491377000 126 
6274.491932500 126 
6274.492488000 127 
6274.493043500 128 
6274.493599000 128 
6274.494154500 128 
6274.494710000 129 
6274.495265500 130 
6274.495821000 130 
6274.496376500 130 
6274.496932000 131 
6274.497487500 130 
6274.498043000 130 
6274.498598500 131 
6274.499154000 130 
6274.499709500 131 
6274.500265000 129 
6274.500820500 130 
6274.501376000 130 
6274.501931500 128 
6274.502487000 129 
6274.503042500 128 
6274.503598000 127 
6274.504153500 127 
6274.504709000 127 
6274.505264500 125 
6274.505820000 126 
6274.506375500 125 
6274.506931000 125 
6274.507486500 124 
6274.508042000 125 
6274.508597500 125 
6274.509153000 124 
6274.509708500 125 
6274.510264000 125 
6274.510819500 125 
6274.511375000 127 
6274.511930500 127 
6274.512486000 127 
6274.513041500 128 
6274.513597000 128 
6274.514152500 128 
6274.514708000 130 
6274.515263500 130 
6274.515819000 130 
6274.516374500 130 
6274.516930000 131 
6274.517485500 131 
6274.518041000 131 
6274.518596500 131 
6274.519152000 131 
6274.519707500 130 
6274.520263000 131 
6274.520818500 130 
6274.521374000 129 
6274.521929500 128 
6274.522485000 128 
6274.523040500 128 
6274.523596000 127 
6274.524151500 126 
6274.524707000 127 
6274.525262500 126 
6274.525818000 125 
6274.526373500 126 
6274.526929000 125 
6274.527484500 124 
6274.528040000 125 
6274.528595500 125 
6274.529151000 125 
6274.529706500 125 
6274.530262000 125 
6274.530817500 126 
6274.531373000 126 
6274.531928500 126 
6274.532484000 128 
6274.533039500 128 
6274.533595000 128 
6274.534150500 129 
6274.534706000 129 
6274.535261500 130 
6274.535817000 130 
6274.536372500 131 
6274.536928000 131 
6274.537483500 130 
6274.538039000 131 
6274.538594500 131 
6274.539150000 130 
6274.539705500 130 
6274.540261000 131 
6274.540816500 129 
6274.541372000 130 
6274.541927500 129 
6274.542483000 128 
6274.543038500 128 
6274.543594000 127 
6274.544149500 127 
6274.544705000 126 
6274.545260500 125 
6274.545816000 126 
6274.546371500 125 
6274.546927000 125 
6274.547482500 125 
6274.548038000 124 
6274.548593500 124 
6274.549149000 124 
6274.549704500 125 
6274.550260000 125 
6274.550815500 125 
6274.551371000 125 
6274.551926500 127 
6274.552482000 127 
6274.553037500 127 
6274.553593000 127 
6274.554148500 129 
6274.554704000 128 
6274.555259500 130 
6274.555815000 129 
6274.556370500 131 
6274.556926000 130 
6274.557481500 131 
6274.558037000 130 
6274.558592500 131 
6274.559148000 131 
6274.559703500 130 
6274.560259000 130 
6274.560814500 130 
6274.561370000 129 
6274.561925500 128 
6274.562481000 129 
6274.563036500 128 
6274.563592000 127 
6274.564147500 126 
6274.564703000 127 
6274.565258500 126 
6274.565814000 125 
6274.566369500 126 
6274.566925000 125 
6274.567480500 125 
6274.568036000 124 
6274.568591500 125 
6274.569147000 124 
6274.569702500 126 
6274.570258000 125 
6274.570813500 126 
6274.571369000 126 
6274.571924500 126 
6274.572480000 127 
6274.573035500 128 
6274.573591000 128 
6274.574146500 128 
6274.574702000 130 
6274.575257500 130 
6274.575813000 130 
6274.576368500 131 
6274.576924000 131 
6274.577479500 130 
6274.578035000 132 
6274.578590500 131 
6274.579146000 131 
6274.579701500 131 
6274.580257000 130 
6274.580812500 130 
6274.581368000 130 
6274.581923500 129 
6274.582479000 128 
6274.583034500 128 
6274.583590000 127 
6274.584145500 126 
6274.584701000 127 
6274.585256500 126 
6274.585812000 125 
6274.586367500 124 
6274.586923000 125 
6274.587478500 124 
6274.588034000 124 
6274.588589500 124 
6274.589145000 125 
6274.589700500 125 
6274.590256000 124 
6274.590811500 125 
6274.591367000 126 
6274.591922500 126 
6274.592478000 126 
6274.593033500 128 
6274.593589000 128 
6274.594144500 128 
6274.594700000 130 
6274.595255500 130 
6274.595811000 129 
6274.596366500 131 
6274.596922000 130 
6274.597477500 132 
6274.598033000 131 
6274.598588500 131 
6274.599144000 131 
6274.599699500 130 
6274.600255000 131 
6274.600810500 130 
6274.601366000 129 
6274.601921500 128 
6274.602477000 129 
6274.603032500 128 
6274.603588000 127 
6274.604143500 127 
6274.604699000 127 
6274.605254500 126 
6274.605810000 125 
6274.606365500 125 
6274.606921000 125 
6274.607476500 125 
6274.608032000 124 
6274.608587500 125 
6274.609143000 125 
6274.609698500 124 
6274.610254000 125 
6274.610809500 126 
6274.611365000 126 
6274.611920500 126 
6274.612476000 127 
6274.613031500 127 
6274.613587000 128 
6274.614142500 129 
6274.614698000 129 
6274.615253500 129 
6274.615809000 131 
6274.616364500 130 
6274.616920000 130 
6274.617475500 131 
6274.618031000 131 
6274.618586500 131 
6274.619142000 131 
6274.619697500 130 
6274.620253000 131 
6274.620808500 130 
6274.621364000 129 
6274.621919500 129 
6274.622475000 129 
6274.623030500 128 
6274.623586000 127 
6274.624141500 127 
6274.624697000 126 
6274.625252500 126 
6274.625808000 125 
6274.626363500 124 
6274.626919000 125 
6274.627474500 124 
6274.628030000 124 
6274.628585500 125 
6274.629141000 124 
6274.629696500 124 
6274.630252000 126 
6274.630807500 125 
6274.631363000 126 
6274.631918500 127 
6274.632474000 127 
6274.633029500 127 
6274.633585000 128 
6274.634140500 129 
6274.634696000 129 
6274.635251500 129 
6274.635807000 130 
6274.636362500 131 
6274.636918000 131 
6274.637473500 131 
6274.638029000 131 
6274.638584500 131 
6274.639140000 131 
6274.639695500 131 
6274.640251000 130 
6274.640806500 131 
6274.641362000 130 
6274.641917500 129 
6274.642473000 128 
6274.643028500 128 
6274.643584000 127 
6274.644139500 127 
6274.644695000 126 
6274.645250500 125 
6274.645806000 125 
6274.646361500 125 
6274.646917000 124 
6274.647472500 125 
6274.648028000 124 
6274.648583500 124 
6274.649139000 125 
6274.649694500 125 
6274.650250000 125 
6274.650805500 125 
6274.651361000 126 
6274.651916500 126 
6274.652472000 127 
6274.653027500 127 
6274.653583000 128 
6274.654138500 129 
6274.654694000 129 
6274.655249500 129 
6274.655805000 131 
6274.656360500 130 
6274.656916000 131 
6274.657471500 131 
6274.658027000 132 
6274.658582500 132 
6274.659138000 131 
6274.659693500 131 
6274.660249000 130 
6274.660804500 130 
6274.661360000 130 
6274.661915500 129 
6274.662471000 129 
6274.663026500 129 
6274.663582000 127 
6274.664137500 126 
6274.664693000 126 
6274.665248500 125 
6274.665804000 125 
6274.666359500 124 
6274.666915000 124 
6274.667470500 124 
6274.668026000 124 
6274.668581500 123 
6274.669137000 124 
6274.669692500 124 
6274.670248000 124 
6274.670803500 126 
6274.671359000 126 
6274.671914500 126 
6274.672470000 126 
6274.673025500 127 
6274.673581000 129 
6274.674136500 129 
6274.674692000 129 
6274.675247500 131 
6274.675803000 131 
6274.676358500 131 
6274.676914000 132 
6274.677469500 132 
6274.678025000 132 
6274.678580500 131 
6274.679136000 132 
6274.679691500 131 
6274.680247000 132 
6274.680802500 131 
6274.681358000 131 
6274.681913500 130 
6274.682469000 129 
6274.683024500 127 
6274.683580000 128 
6274.684135500 127 
6274.684691000 125 
6274.685246500 126 
6274.685802000 124 
6274.686357500 124 
6274.686913000 124 
6274.687468500 124 
6274.688024000 123 
6274.688579500 123 
6274.689135000 124 
6274.689690500 124 
6274.690246000 124 
6274.690801500 125 
6274.691357000 125 
6274.691912500 126 
6274.692468000 126 
6274.693023500 128 
6274.693579000 127 
6274.694134500 129 
6274.694690000 129 
6274.695245500 131 
6274.695801000 131 
6274.696356500 132 
6274.696912000 132 
6274.697467500 132 
6274.698023000 131 
6274.698578500 132 
6274.699134000 132 
6274.699689500 131 
6274.700245000 130 
6274.700800500 131 
6274.701356000 130 
6274.701911500 129 
6274.702467000 129 
6274.703022500 128 
6274.703578000 127 
6274.704133500 126 
6274.704689000 127 
6274.705244500 125 
6274.705800000 124 
6274.706355500 124 
6274.706911000 123 
6274.707466500 124 
6274.708022000 123 
6274.708577500 123 
6274.709133000 124 
6274.709688500 124 
6274.710244000 124 
6274.710799500 125 
6274.711355000 125 
6274.711910500 126 
6274.712466000 127 
6274.713021500 127 
6274.713577000 128 
6274.714132500 129 
6274.714688000 129 
6274.715243500 131 
6274.715799000 131 
6274.716354500 132 
6274.716910000 132 
6274.717465500 132 
6274.718021000 132 
6274.718576500 132 
6274.719132000 132 
6274.719687500 131 
6274.720243000 131 
6274.720798500 131 
6274.721354000 130 
6274.721909500 130 
6274.722465000 128 
6274.723020500 128 
6274.723576000 127 
6274.724131500 126 
6274.724687000 125 
6274.725242500 126 
6274.725798000 125 
6274.726353500 124 
6274.726909000 124 
6274.727464500 124 
6274.728020000 123 
6274.728575500 124 
6274.729131000 124 
6274.729686500 124 
6274.730242000 124 
6274.730797500 126 
6274.731353000 126 
6274.731908500 126 
6274.732464000 126 
6274.733019500 128 
6274.733575000 128 
6274.734130500 129 
6274.734686000 129 
6274.735241500 130 
6274.735797000 131 
6274.736352500 131 
6274.736908000 132 
6274.737463500 131 
6274.738019000 131 
6274.738574500 132 
6274.739130000 131 
6274.739685500 131 
6274.740241000 132 
6274.740796500 130 
6274.741352000 130 
6274.741907500 130 
6274.742463000 129 
6274.743018500 128 
6274.743574000 127 
6274.744129500 127 
6274.744685000 126 
6274.745240500 125 
6274.745796000 125 
6274.746351500 124 
6274.746907000 123 
6274.747462500 124 
6274.748018000 123 
6274.748573500 123 
6274.749129000 124 
6274.749684500 124 
6274.750240000 125 
6274.750795500 125 
6274.751351000 125 
6274.751906500 127 
6274.752462000 127 
6274.753017500 128 
6274.753573000 127 
6274.754128500 129 
6274.754684000 130 
6274.755239500 130 
6274.755795000 130 
6274.756350500 132 
6274.756906000 132 
6274.757461500 132 
6274.758017000 132 
6274.758572500 132 
6274.759128000 131 
6274.759683500 131 
6274.760239000 132 
6274.760794500 131 
6274.761350000 130 
6274.761905500 130 
6274.762461000 129 
6274.763016500 128 
6274.763572000 128 
6274.764127500 126 
6274.764683000 127 
6274.765238500 125 
6274.765794000 124 
6274.766349500 125 
6274.766905000 124 
6274.767460500 123 
6274.768016000 124 
6274.768571500 123 
6274.769127000 124 
6274.769682500 124 
6274.770238000 124 
6274.770793500 125 
6274.771349000 126 
6274.771904500 126 
6274.772460000 126 
6274.773015500 127 
6274.773571000 128 
6274.774126500 129 
6274.774682000 129 
6274.775237500 130 
6274.775793000 131 
6274.776348500 131 
6274.776904000 132 
6274.777459500 132 
6274.778015000 131 
6274.778570500 132 
6274.779126000 132 
6274.779681500 131 
6274.780237000 130 
6274.780792500 131 
6274.781348000 130 
6274.781903500 129 
6274.782459000 128 
6274.783014500 128 
6274.783570000 127 
6274.784125500 126 
6274.784681000 126 
6274.785236500 125 
6274.785792000 124 
6274.786347500 124 
6274.786903000 124 
6274.787458500 124 
6274.788014000 123 
6274.788569500 123 
6274.789125000 124 
6274.789680500 123 
6274.790236000 125 
6274.790791500 125 
6274.791347000 126 
6274.791902500 126 
6274.792458000 127 
6274.793013500 128 
6274.793569000 128 
6274.794124500 128 
6274.794680000 129 
6274.795235500 131 
6274.795791000 131 
6274.796346500 131 
6274.796902000 132 
6274.797457500 132 
6274.798013000 132 
6274.798568500 132 
6274.799124000 132 
6274.799679500 132 
6274.800235000 131 
6274.800790500 130 
6274.801346000 131 
6274.801901500 129 
6274.802457000 128 
6274.803012500 129 
6274.803568000 128 
6274.804123500 126 
6274.804679000 125 
6274.805234500 126 
6274.805790000 124 
6274.806345500 124 
6274.806901000 124 
6274.807456500 123 
6274.808012000 123 
6274.808567500 123 
6274.809123000 124 
6274.809678500 123 
6274.810234000 124 
6274.810789500 125 
6274.811345000 125 
6274.811900500 125 
6274.812456000 127 
6274.813011500 128 
6274.813567000 128 
6274.814122500 128 
6274.814678000 129 
6274.815233500 130 
6274.815789000 131 
6274.816344500 132 
6274.816900000 132 
6274.817455500 132 
6274.818011000 132 
6274.818566500 132 
6274.819122000 131 
6274.819677500 132 
6274.820233000 130 
6274.820788500 131 
6274.821344000 131 
6274.821899500 129 
6274.822455000 128 
6274.823010500 129 
6274.823566000 127 
6274.824121500 126 
6274.824677000 126 
6274.825232500 125 
6274.825788000 125 
6274.826343500 125 
6274.826899000 124 
6274.827454500 123 
6274.828010000 123 
6274.828565500 124 
6274.829121000 123 
6274.829676500 123 
6274.830232000 125 
6274.830787500 125 
6274.831343000 125 
6274.831898500 127 
6274.832454000 127 
6274.833009500 127 
6274.833565000 129 
6274.834120500 129 
6274.834676000 129 
6274.835231500 131 
6274.835787000 131 
6274.836342500 131 
6274.836898000 131 
6274.837453500 131 
6274.838009000 132 
6274.838564500 132 
6274.839120000 132 
6274.839675500 131 
6274.840231000 132 
6274.840786500 131 
6274.841342000 130 
6274.841897500 129 
6274.842453000 129 
6274.843008500 128 
6274.843564000 127 
6274.844119500 127 
6274.844675000 126 
6274.845230500 125 
6274.845786000 125 
6274.846341500 124 
6274.846897000 123 
6274.847452500 124 
6274.848008000 123 
6274.848563500 123 
6274.849119000 124 
6274.849674500 123 
6274.850230000 125 
6274.850785500 125 
6274.851341000 125 
6274.851896500 125 
6274.852452000 127 
6274.853007500 128 
6274.853563000 128 
6274.854118500 128 
6274.854674000 130 
6274.855229500 131 
6274.855785000 131 
6274.856340500 131 
6274.856896000 132 
6274.857451500 132 
6274.858007000 132 
6274.858562500 132 
6274.859118000 132 
6274.859673500 132 
6274.860229000 131 
6274.860784500 131 
6274.861340000 130 
6274.861895500 129 
6274.862451000 128 
6274.863006500 128 
6274.863562000 128 
6274.864117500 127 
6274.864673000 125 
6274.865228500 126 
6274.865784000 124 
6274.866339500 124 
6274.866895000 124 
6274.867450500 124 
6274.868006000 123 
6274.868561500 123 
6274.869117000 124 
6274.869672500 124 
6274.870228000 124 
6274.870783500 126 
6274.871339000 125 
6274.871894500 125 
6274.872450000 126 
6274.873005500 127 
6274.873561000 128 
6274.874116500 129 
6274.874672000 130 
6274.875227500 130 
6274.875783000 131 
6274.876338500 131 
6274.876894000 131 
6274.877449500 132 
6274.878005000 132 
6274.878560500 132 
6274.879116000 133 
6274.879671500 132 
6274.880227000 131 
6274.880782500 131 
6274.881338000 131 
6274.881893500 129 
6274.882449000 128 
6274.883004500 128 
6274.883560000 127 
6274.884115500 126 
6274.884671000 125 
6274.885226500 125 
6274.885782000 123 
6274.886337500 123 
6274.886893000 123 
6274.887448500 123 
6274.888004000 123 
6274.888559500 123 
6274.889115000 123 
6274.889670500 123 
6274.890226000 123 
6274.890781500 125 
6274.891337000 125 
6274.891892500 125 
6274.892448000 127 
6274.893003500 127 
6274.893559000 128 
6274.894114500 129 
6274.894670000 130 
6274.895225500 130 
6274.895781000 132 
6274.896336500 132 
6274.896892000 132 
6274.897447500 133 
6274.898003000 133 
6274.898558500 132 
6274.899114000 132 
6274.899669500 132 
6274.900225000 132 
6274.900780500 132 
6274.901336000 130 
6274.901891500 129 
6274.902447000 129 
6274.903002500 128 
6274.903558000 128 
6274.904113500 126 
6274.904669000 125 
6274.905224500 126 
6274.905780000 124 
6274.906335500 123 
6274.906891000 124 
6274.907446500 123 
6274.908002000 122 
6274.908557500 123 
6274.909113000 123 
6274.909668500 122 
6274.910224000 124 
6274.910779500 124 
6274.911335000 125 
6274.911890500 125 
6274.912446000 127 
6274.913001500 128 
6274.913557000 128 
6274.914112500 129 
6274.914668000 130 
6274.915223500 130 
6274.915779000 132 
6274.916334500 131 
6274.916890000 133 
6274.917445500 132 
6274.918001000 132 
6274.918556500 133 
6274.919112000 132 
6274.919667500 132 
6274.920223000 132 
6274.920778500 131 
6274.921334000 131 
6274.921889500 130 
6274.922445000 129 
6274.923000500 128 
6274.923556000 128 
6274.924111500 126 
6274.924667000 125 
6274.925222500 125 
6274.925778000 124 
6274.926333500 123 
6274.926889000 123 
6274.927444500 124 
6274.928000000 123 
6274.928555500 122 
6274.929111000 123 
6274.929666500 122 
6274.930222000 124 
6274.930777500 124 
6274.931333000 125 
6274.931888500 126 
6274.932444000 126 
6274.932999500 127 
6274.933555000 129 
6274.934110500 129 
6274.934666000 129 
6274.935221500 131 
6274.935777000 132 
6274.936332500 132 
6274.936888000 132 
6274.937443500 132 
6274.937999000 133 
6274.938554500 133 
6274.939110000 132 
6274.939665500 133 
6274.940221000 132 
6274.940776500 130 
6274.941332000 131 
6274.941887500 130 
6274.942443000 129 
6274.942998500 129 
6274.943554000 127 
6274.944109500 126 
6274.944665000 126 
6274.945220500 124 
6274.945776000 124 
6274.946331500 124 
6274.946887000 123 
6274.947442500 123 
6274.947998000 123 
6274.948553500 123 
6274.949109000 122 
6274.949664500 124 
6274.950220000 124 
6274.950775500 124 
6274.951331000 125 
6274.951886500 126 
6274.952442000 127 
6274.952997500 127 
6274.953553000 128 
6274.954108500 130 
6274.954664000 129 
6274.955219500 131 
6274.955775000 132 
6274.956330500 132 
6274.956886000 133 
6274.957441500 133 
6274.957997000 132 
6274.958552500 133 
6274.959108000 132 
6274.959663500 133 
6274.960219000 132 
6274.960774500 131 
6274.961330000 130 
6274.961885500 130 
6274.962441000 128 
6274.962996500 128 
6274.963552000 128 
6274.964107500 127 
6274.964663000 126 
6274.965218500 124 
6274.965774000 125 
6274.966329500 123 
6274.966885000 122 
6274.967440500 122 
6274.967996000 123 
6274.968551500 123 
6274.969107000 122 
6274.969662500 126 
6274.970218000 127 
6274.970773500 127 
6274.971329000 127 
6274.971884500 127 
6274.972440000 128 
6274.972995500 127 
6274.973551000 128 
6274.974106500 129 
6274.974662000 129 
6274.975217500 131 
6274.975773000 131 
6274.976328500 131 
6274.976884000 132 
6274.977439500 133 
6274.977995000 133 
6274.978550500 132 
6274.979106000 132 
6274.979661500 133 
6274.980217000 132 
6274.980772500 131 
6274.981328000 131 
6274.981883500 130 
6274.982439000 128 
6274.982994500 128 
6274.983550000 127 
6274.984105500 125 
6274.984661000 126 
6274.985216500 123 
6274.985772000 124 
6274.986327500 123 
6274.986883000 123 
6274.987438500 122 
6274.987994000 121 
6274.988549500 123 
6274.989105000 122 
6274.989660500 122 
6274.990216000 123 
6274.990771500 124 
6274.991327000 125 
6274.991882500 125 
6274.992438000 126 
6274.992993500 128 
6274.993549000 128 
6274.994104500 129 
6274.994660000 130 
6274.995215500 132 
6274.995771000 132 
6274.996326500 132 
6274.996882000 133 
6274.997437500 133 
6274.997993000 133 
6274.998548500 133 
6274.999104000 134 
6274.999659500 132 
6275.000215000 133 
6275.000770500 131 
6275.001326000 130 
6275.001881500 131 
6275.002437000 129 
6275.002992500 128 
6275.003548000 128 
6275.004103500 126 
6275.004659000 125 
6275.005214500 123 
6275.005770000 124 
6275.006325500 123 
6275.006881000 122 
6275.007436500 121 
6275.007992000 122 
6275.008547500 122 
6275.009103000 121 
6275.009658500 123 
6275.010214000 123 
6275.010769500 123 
6275.011325000 125 
6275.011880500 125 
6275.012436000 126 
6275.012991500 127 
6275.013547000 129 
6275.014102500 129 
6275.014658000 130 
6275.015213500 131 
6275.015769000 132 
6275.016324500 133 
6275.016880000 133 
6275.017435500 133 
6275.017991000 134 
6275.018546500 133 
6275.019102000 133 
6275.019657500 133 
6275.020213000 133 
6275.020768500 131 
6275.021324000 131 
6275.021879500 131 
6275.022435000 129 
6275.022990500 129 
6275.023546000 127 
6275.024101500 126 
6275.024657000 125 
6275.025212500 124 
6275.025768000 123 
6275.026323500 122 
6275.026879000 123 
6275.027434500 123 
6275.027990000 121 
6275.028545500 122 
6275.029101000 122 
6275.029656500 122 
6275.030212000 123 
6275.030767500 124 
6275.031323000 124 
6275.031878500 125 
6275.032434000 126 
6275.032989500 127 
6275.033545000 128 
6275.034100500 129 
6275.034656000 130 
6275.035211500 131 
6275.035767000 131 
6275.036322500 132 
6275.036878000 133 
6275.037433500 133 
6275.037989000 133 
6275.038544500 133 
6275.039100000 134 
6275.039655500 132 
6275.040211000 133 
6275.040766500 131 
6275.041322000 130 
6275.041877500 130 
6275.042433000 128 
6275.042988500 128 
6275.043544000 127 
6275.044099500 126 
6275.044655000 125 
6275.045210500 124 
6275.045766000 123 
6275.046321500 124 
6275.046877000 123 
6275.047432500 122 
6275.047988000 122 
6275.048543500 123 
6275.049099000 122 
6275.049654500 122 
6275.050210000 122 
6275.050765500 124 
6275.051321000 124 
6275.051876500 125 
6275.052432000 127 
6275.052987500 127 
6275.053543000 128 
6275.054098500 130 
6275.054654000 130 
6275.055209500 131 
6275.055765000 133 
6275.056320500 132 
6275.056876000 134 
6275.057431500 133 
6275.057987000 133 
6275.058542500 134 
6275.059098000 134 
6275.059653500 133 
6275.060209000 132 
6275.060764500 132 
6275.061320000 131 
6275.061875500 130 
6275.062431000 128 
6275.062986500 129 
6275.063542000 127 
6275.064097500 126 
6275.064653000 125 
6275.065208500 124 
6275.065764000 122 
6275.066319500 123 
6275.066875000 122 
6275.067430500 121 
6275.067986000 122 
6275.068541500 122 
6275.069097000 121 
6275.069652500 123 
6275.070208000 123 
6275.070763500 124 
6275.071319000 125 
6275.071874500 125 
6275.072430000 126 
6275.072985500 127 
6275.073541000 129 
6275.074096500 129 
6275.074652000 129 
6275.075207500 131 
6275.075763000 131 
6275.076318500 133 
6275.076874000 134 
6275.077429500 134 
6275.077985000 133 
6275.078540500 134 
6275.079096000 133 
6275.079651500 132 
6275.080207000 133 
6275.080762500 132 
6275.081318000 131 
6275.081873500 130 
6275.082429000 129 
6275.082984500 129 
6275.083540000 127 
6275.084095500 126 
6275.084651000 125 
6275.085206500 124 
6275.085762000 124 
6275.086317500 123 
6275.086873000 122 
6275.087428500 122 
6275.087984000 122 
6275.088539500 122 
6275.089095000 122 
6275.089650500 123 
6275.090206000 123 
6275.090761500 124 
6275.091317000 124 
6275.091872500 125 
6275.092428000 126 
6275.092983500 127 
6275.093539000 128 
6275.094094500 130 
6275.094650000 130 
6275.095205500 130 
6275.095761000 132 
6275.096316500 133 
6275.096872000 132 
6275.097427500 134 
6275.097983000 133 
6275.098538500 133 
6275.099094000 134 
6275.099649500 133 
6275.100205000 133 
6275.100760500 132 
6275.101316000 131 
6275.101871500 130 
6275.102427000 129 
6275.102982500 128 
6275.103538000 127 
6275.104093500 126 
6275.104649000 125 
6275.105204500 123 
6275.105760000 124 
6275.106315500 123 
6275.106871000 122 
6275.107426500 121 
6275.107982000 122 
6275.108537500 122 
6275.109093000 122 
6275.109648500 122 
6275.110204000 123 
6275.110759500 124 
6275.111315000 124 
6275.111870500 126 
6275.112426000 126 
6275.112981500 127 
6275.113537000 129 
6275.114092500 129 
6275.114648000 129 
6275.115203500 132 
6275.115759000 132 
6275.116314500 132 
6275.116870000 133 
6275.117425500 134 
6275.117981000 134 
6275.118536500 133 
6275.119092000 134 
6275.119647500 133 
6275.120203000 132 
6275.120758500 132 
6275.121314000 131 
6275.121869500 131 
6275.122425000 129 
6275.122980500 128 
6275.123536000 128 
6275.124091500 126 
6275.124647000 125 
6275.125202500 124 
6275.125758000 124 
6275.126313500 123 
6275.126869000 122 
6275.127424500 122 
6275.127980000 121 
6275.128535500 121 
6275.129091000 123 
6275.129646500 122 
6275.130202000 122 
6275.130757500 124 
6275.131313000 125 
6275.131868500 125 
6275.132424000 126 
6275.132979500 128 
6275.133535000 129 
6275.134090500 130 
6275.134646000 130 
6275.135201500 131 
6275.135757000 132 
6275.136312500 132 
6275.136868000 134 
6275.137423500 134 
6275.137979000 133 
6275.138534500 134 
6275.139090000 133 
6275.139645500 134 
6275.140201000 132 
6275.140756500 131 
6275.141312000 132 
6275.141867500 130 
6275.142423000 128 
6275.142978500 129 
6275.143534000 127 
6275.144089500 126 
6275.144645000 124 
6275.145200500 125 
6275.145756000 123 
6275.146311500 123 
6275.146867000 122 
6275.147422500 121 
6275.147978000 122 
6275.148533500 122 
6275.149089000 121 
6275.149644500 123 
6275.150200000 122 
6275.150755500 124 
6275.151311000 125 
6275.151866500 125 
6275.152422000 127 
6275.152977500 127 
6275.153533000 128 
6275.154088500 130 
6275.154644000 130 
6275.155199500 131 
6275.155755000 133 
6275.156310500 133 
6275.156866000 133 
6275.157421500 134 
6275.157977000 134 
6275.158532500 133 
6275.159088000 134 
6275.159643500 133 
6275.160199000 132 
6275.160754500 132 
6275.161310000 131 
6275.161865500 129 
6275.162421000 129 
6275.162976500 129 
6275.163532000 127 
6275.164087500 126 
6275.164643000 124 
6275.165198500 125 
6275.165754000 123 
6275.166309500 122 
6275.166865000 123 
6275.167420500 121 
6275.167976000 122 
6275.168531500 121 
6275.169087000 123 
6275.169642500 122 
6275.170198000 122 
6275.170753500 124 
6275.171309000 124 
6275.171864500 125 
6275.172420000 127 
6275.172975500 128 
6275.173531000 128 
6275.174086500 129 
6275.174642000 130 
6275.175197500 132 
6275.175753000 132 
6275.176308500 132 
6275.176864000 134 
6275.177419500 134 
6275.177975000 133 
6275.178530500 134 
6275.179086000 134 
6275.179641500 133 
6275.180197000 132 
6275.180752500 132 
6275.181308000 132 
6275.181863500 130 
6275.182419000 129 
6275.182974500 128 
6275.183530000 127 
6275.184085500 126 
6275.184641000 125 
6275.185196500 124 
6275.185752000 124 
6275.186307500 122 
6275.186863000 123 
6275.187418500 123 
6275.187974000 121 
6275.188529500 122 
6275.189085000 122 
6275.189640500 122 
6275.190196000 123 
6275.190751500 124 
6275.191307000 124 
6275.191862500 124 
6275.192418000 126 
6275.192973500 128 
6275.193529000 128 
6275.194084500 130 
6275.194640000 130 
6275.195195500 132 
6275.195751000 132 
6275.196306500 132 
6275.196862000 134 
6275.197417500 133 
6275.197973000 134 
6275.198528500 133 
6275.199084000 134 
6275.199639500 133 
6275.200195000 132 
6275.200750500 133 
6275.201306000 131 
6275.201861500 130 
6275.202417000 129 
6275.202972500 129 
6275.203528000 127 
6275.204083500 127 
6275.204639000 125 
6275.205194500 124 
6275.205750000 123 
6275.206305500 123 
6275.206861000 122 
6275.207416500 122 
6275.207972000 122 
6275.208527500 121 
6275.209083000 122 
6275.209638500 122 
6275.210194000 122 
6275.210749500 124 
6275.211305000 125 
6275.211860500 125 
6275.212416000 126 
6275.212971500 128 
6275.213527000 128 
6275.214082500 129 
6275.214638000 131 
6275.215193500 131 
6275.215749000 132 
6275.216304500 132 
6275.216860000 134 
6275.217415500 134 
6275.217971000 134 
6275.218526500 134 
6275.219082000 135 
6275.219637500 134 
6275.220193000 133 
6275.220748500 133 
6275.221304000 131 
6275.221859500 131 
6275.222415000 130 
6275.222970500 128 
6275.223526000 127 
6275.224081500 126 
6275.224637000 124 
6275.225192500 124 
6275.225748000 122 
6275.226303500 121 
6275.226859000 121 
6275.227414500 121 
6275.227970000 120 
6275.228525500 121 
6275.229081000 120 
6275.229636500 121 
6275.230192000 122 
6275.230747500 122 
6275.231303000 123 
6275.231858500 125 
6275.232414000 125 
6275.232969500 127 
6275.233525000 128 
6275.234080500 130 
6275.234636000 131 
6275.235191500 132 
6275.235747000 133 
6275.236302500 133 
6275.236858000 134 
6275.237413500 134 
6275.237969000 135 
6275.238524500 135 
6275.239080000 134 
6275.239635500 135 
6275.240191000 134 
6275.240746500 132 
6275.241302000 132 
6275.241857500 131 
6275.242413000 129 
6275.242968500 128 
6275.243524000 128 
6275.244079500 126 
6275.244635000 124 
6275.245190500 123 
6275.245746000 122 
6275.246301500 123 
6275.246857000 121 
6275.247412500 120 
6275.247968000 121 
6275.248523500 121 
6275.249079000 121 
6275.249634500 122 
6275.250190000 122 
6275.250745500 122 
6275.251301000 124 
6275.251856500 125 
6275.252412000 126 
6275.252967500 127 
6275.253523000 128 
6275.254078500 129 
6275.254634000 131 
6275.255189500 132 
6275.255745000 133 
6275.256300500 135 
6275.256856000 134 
6275.257411500 134 
6275.257967000 135 
6275.258522500 135 
6275.259078000 134 
6275.259633500 134 
6275.260189000 133 
6275.260744500 133 
6275.261300000 132 
6275.261855500 131 
6275.262411000 129 
6275.262966500 128 
6275.263522000 127 
6275.264077500 125 
6275.264633000 125 
6275.265188500 123 
6275.265744000 122 
6275.266299500 123 
6275.266855000 121 
6275.267410500 121 
6275.267966000 120 
6275.268521500 121 
6275.269077000 121 
6275.269632500 120 
6275.270188000 122 
6275.270743500 123 
6275.271299000 123 
6275.271854500 125 
6275.272410000 126 
6275.272965500 126 
6275.273521000 128 
6275.274076500 130 
6275.274632000 131 
6275.275187500 132 
6275.275743000 133 
6275.276298500 134 
6275.276854000 134 
6275.277409500 134 
6275.277965000 135 
6275.278520500 134 
6275.279076000 135 
6275.279631500 134 
6275.280187000 133 
6275.280742500 132 
6275.281298000 132 
6275.281853500 131 
6275.282409000 129 
6275.282964500 129 
6275.283520000 127 
6275.284075500 126 
6275.284631000 125 
6275.285186500 123 
6275.285742000 123 
6275.286297500 122 
6275.286853000 121 
6275.287408500 121 
6275.287964000 121 
6275.288519500 120 
6275.289075000 120 
6275.289630500 122 
6275.290186000 122 
6275.290741500 123 
6275.291297000 124 
6275.291852500 124 
6275.292408000 126 
6275.292963500 127 
6275.293519000 129 
6275.294074500 129 
6275.294630000 131 
6275.295185500 132 
6275.295741000 133 
6275.296296500 134 
6275.296852000 135 
6275.297407500 134 
6275.297963000 134 
6275.298518500 134 
6275.299074000 134 
6275.299629500 135 
6275.300185000 133 
6275.300740500 132 
6275.301296000 132 
6275.301851500 131 
6275.302407000 129 
6275.302962500 129 
6275.303518000 127 
6275.304073500 125 
6275.304629000 125 
6275.305184500 123 
6275.305740000 123 
6275.306295500 121 
6275.306851000 122 
6275.307406500 121 
6275.307962000 120 
6275.308517500 121 
6275.309073000 121 
6275.309628500 121 
6275.310184000 122 
6275.310739500 123 
6275.311295000 123 
6275.311850500 126 
6275.312406000 126 
6275.312961500 127 
6275.313517000 129 
6275.314072500 130 
6275.314628000 130 
6275.315183500 132 
6275.315739000 133 
6275.316294500 133 
6275.316850000 134 
6275.317405500 135 
6275.317961000 135 
6275.318516500 135 
6275.319072000 135 
6275.319627500 134 
6275.320183000 133 
6275.320738500 133 
6275.321294000 132 
6275.321849500 130 
6275.322405000 129 
6275.322960500 129 
6275.323516000 127 
6275.324071500 125 
6275.324627000 125 
6275.325182500 124 
6275.325738000 122 
6275.326293500 121 
6275.326849000 122 
6275.327404500 121 
6275.327960000 120 
6275.328515500 121 
6275.329071000 121 
6275.329626500 121 
6275.330182000 121 
6275.330737500 123 
6275.331293000 123 
6275.331848500 124 
6275.332404000 126 
6275.332959500 127 
6275.333515000 128 
6275.334070500 130 
6275.334626000 130 
6275.335181500 132 
6275.335737000 133 
6275.336292500 133 
6275.336848000 134 
6275.337403500 134 
6275.337959000 135 
6275.338514500 134 
6275.339070000 135 
6275.339625500 134 
6275.340181000 133 
6275.340736500 132 
6275.341292000 132 
6275.341847500 130 
6275.342403000 130 
6275.342958500 129 
6275.343514000 127 
6275.344069500 125 
6275.344625000 125 
6275.345180500 123 
6275.345736000 122 
6275.346291500 122 
6275.346847000 121 
6275.347402500 121 
6275.347958000 121 
6275.348513500 120 
6275.349069000 121 
6275.349624500 122 
6275.350180000 121 
6275.350735500 124 
6275.351291000 124 
6275.351846500 124 
6275.352402000 127 
6275.352957500 127 
6275.353513000 128 
6275.354068500 129 
6275.354624000 131 
6275.355179500 132 
6275.355735000 132 
6275.356290500 134 
6275.356846000 135 
6275.357401500 134 
6275.357957000 134 
6275.358512500 135 
6275.359068000 135 
6275.359623500 134 
6275.360179000 133 
6275.360734500 133 
6275.361290000 132 
6275.361845500 131 
6275.362401000 129 
6275.362956500 128 
6275.363512000 127 
6275.364067500 125 
6275.364623000 125 
6275.365178500 124 
6275.365734000 123 
6275.366289500 121 
6275.366845000 122 
6275.367400500 121 
6275.367956000 120 
6275.368511500 120 
6275.369067000 121 
6275.369622500 121 
6275.370178000 122 
6275.370733500 123 
6275.371289000 123 
6275.371844500 125 
6275.372400000 126 
6275.372955500 127 
6275.373511000 129 
6275.374066500 130 
6275.374622000 131 
6275.375177500 132 
6275.375733000 132 
6275.376288500 134 
6275.376844000 134 
6275.377399500 135 
6275.377955000 135 
6275.378510500 135 
6275.379066000 135 
6275.379621500 135 
6275.380177000 133 
6275.380732500 134 
6275.381288000 132 
6275.381843500 130 
6275.382399000 130 
6275.382954500 128 
6275.383510000 126 
6275.384065500 126 
6275.384621000 125 
6275.385176500 123 
6275.385732000 123 
6275.386287500 122 
6275.386843000 121 
6275.387398500 120 
6275.387954000 121 
6275.388509500 120 
6275.389065000 121 
6275.389620500 121 
6275.390176000 121 
6275.390731500 122 
6275.391287000 124 
6275.391842500 124 
6275.392398000 125 
6275.392953500 128 
6275.393509000 128 
6275.394064500 129 
6275.394620000 131 
6275.395175500 132 
6275.395731000 133 
6275.396286500 134 
6275.396842000 135 
6275.397397500 134 
6275.397953000 134 
6275.398508500 135 
6275.399064000 135 
6275.399619500 134 
6275.400175000 134 
6275.400730500 133 
6275.401286000 131 
6275.401841500 131 
6275.402397000 129 
6275.402952500 129 
6275.403508000 126 
6275.404063500 126 
6275.404619000 125 
6275.405174500 123 
6275.405730000 123 
6275.406285500 121 
6275.406841000 121 
6275.407396500 121 
6275.407952000 120 
6275.408507500 120 
6275.409063000 121 
6275.409618500 121 
6275.410174000 121 
6275.410729500 123 
6275.411285000 124 
6275.411840500 124 
6275.412396000 126 
6275.412951500 127 
6275.413507000 128 
6275.414062500 130 
6275.414618000 131 
6275.415173500 132 
6275.415729000 133 
6275.416284500 134 
6275.416840000 134 
6275.417395500 135 
6275.417951000 135 
6275.418506500 134 
6275.419062000 135 
6275.419617500 134 
6275.420173000 133 
6275.420728500 134 
6275.421284000 132 
6275.421839500 131 
6275.422395000 130 
6275.422950500 128 
6275.423506000 127 
6275.424061500 125 
6275.424617000 124 
6275.425172500 124 
6275.425728000 123 
6275.426283500 121 
6275.426839000 120 
6275.427394500 121 
6275.427950000 120 
6275.428505500 120 
6275.429061000 121 
6275.429616500 121 
6275.430172000 122 
6275.430727500 122 
6275.431283000 123 
6275.431838500 125 
6275.432394000 126 
6275.432949500 127 
6275.433505000 128 
6275.434060500 130 
6275.434616000 130 
6275.435171500 132 
6275.435727000 134 
6275.436282500 134 
6275.436838000 134 
6275.437393500 135 
6275.437949000 135 
6275.438504500 136 
6275.439060000 135 
6275.439615500 134 
6275.440171000 134 
6275.440726500 133 
6275.441282000 131 
6275.441837500 131 
6275.442393000 130 
6275.442948500 128 
6275.443504000 127 
6275.444059500 126 
6275.444615000 124 
6275.445170500 124 
6275.445726000 122 
6275.446281500 122 
6275.446837000 121 
6275.447392500 121 
6275.447948000 120 
6275.448503500 121 
6275.449059000 121 
6275.449614500 120 
6275.450170000 122 
6275.450725500 122 
6275.451281000 123 
6275.451836500 125 
6275.452392000 126 
6275.452947500 127 
6275.453503000 129 
6275.454058500 129 
6275.454614000 131 
6275.455169500 132 
6275.455725000 133 
6275.456280500 134 
6275.456836000 134 
6275.457391500 134 
6275.457947000 135 
6275.458502500 135 
6275.459058000 135 
6275.459613500 134 
6275.460169000 134 
6275.460724500 133 
6275.461280000 132 
6275.461835500 131 
6275.462391000 130 
6275.462946500 128 
6275.463502000 127 
6275.464057500 126 
6275.464613000 124 
6275.465168500 123 
6275.465724000 122 
6275.466279500 122 
6275.466835000 120 
6275.467390500 120 
6275.467946000 119 
6275.468501500 120 
6275.469057000 120 
6275.469612500 119 
6275.470168000 122 
6275.470723500 122 
6275.471279000 123 
6275.471834500 124 
6275.472390000 125 
6275.472945500 127 
6275.473501000 128 
6275.474056500 131 
6275.474612000 131 
6275.475167500 133 
6275.475723000 134 
6275.476278500 135 
6275.476834000 136 
6275.477389500 135 
6275.477945000 136 
6275.478500500 136 
6275.479056000 135 
6275.479611500 136 
6275.480167000 135 
6275.480722500 133 
6275.481278000 132 
6275.481833500 132 
6275.482389000 130 
6275.482944500 128 
6275.483500000 128 
6275.484055500 125 
6275.484611000 123 
6275.485166500 123 
6275.485722000 121 
6275.486277500 121 
6275.486833000 120 
6275.487388500 119 
6275.487944000 119 
6275.488499500 118 
6275.489055000 119 
6275.489610500 120 
6275.490166000 120 
6275.490721500 121 
6275.491277000 124 
6275.491832500 124 
6275.492388000 125 
6275.492943500 126 
6275.493499000 129 
6275.494054500 130 
6275.494610000 131 
6275.495165500 133 
6275.495721000 134 
6275.496276500 134 
6275.496832000 135 
6275.497387500 136 
6275.497943000 136 
6275.498498500 136 
6275.499054000 136 
6275.499609500 135 
6275.500165000 135 
6275.500720500 133 
6275.501276000 133 
6275.501831500 131 
6275.502387000 129 
6275.502942500 129 
6275.503498000 127 
6275.504053500 125 
6275.504609000 125 
6275.505164500 123 
6275.505720000 121 
6275.506275500 120 
6275.506831000 120 
6275.507386500 120 
6275.507942000 119 
6275.508497500 120 
6275.509053000 120 
6275.509608500 120 
6275.510164000 120 
6275.510719500 122 
6275.511275000 123 
6275.511830500 123 
6275.512386000 126 
6275.512941500 127 
6275.513497000 128 
6275.514052500 130 
6275.514608000 132 
6275.515163500 133 
6275.515719000 134 
6275.516274500 135 
6275.516830000 135 
6275.517385500 135 
6275.517941000 136 
6275.518496500 137 
6275.519052000 135 
6275.519607500 135 
6275.520163000 135 
6275.520718500 133 
6275.521274000 132 
6275.521829500 132 
6275.522385000 130 
6275.522940500 128 
6275.523496000 128 
6275.524051500 125 
6275.524607000 124 
6275.525162500 123 
6275.525718000 121 
6275.526273500 121 
6275.526829000 120 
6275.527384500 119 
6275.527940000 120 
6275.528495500 119 
6275.529051000 119 
6275.529606500 121 
6275.530162000 121 
6275.530717500 121 
6275.531273000 123 
6275.531828500 124 
6275.532384000 125 
6275.532939500 127 
6275.533495000 128 
6275.534050500 129 
6275.534606000 131 
6275.535161500 133 
6275.535717000 134 
6275.536272500 134 
6275.536828000 136 
6275.537383500 135 
6275.537939000 135 
6275.538494500 136 
6275.539050000 136 
6275.539605500 136 
6275.540161000 134 
6275.540716500 134 
6275.541272000 133 
6275.541827500 131 
6275.542383000 130 
6275.542938500 128 
6275.543494000 127 
6275.544049500 126 
6275.544605000 124 
6275.545160500 122 
6275.545716000 122 
6275.546271500 121 
6275.546827000 120 
6275.547382500 120 
6275.547938000 120 
6275.548493500 119 
6275.549049000 119 
6275.549604500 120 
6275.550160000 120 
6275.550715500 123 
6275.551271000 123 
6275.551826500 124 
6275.552382000 125 
6275.552937500 126 
6275.553493000 129 
6275.554048500 130 
6275.554604000 132 
6275.555159500 132 
6275.555715000 134 
6275.556270500 135 
6275.556826000 135 
6275.557381500 136 
6275.557937000 136 
6275.558492500 136 
6275.559048000 136 
6275.559603500 135 
6275.560159000 134 
6275.560714500 133 
6275.561270000 134 
6275.561825500 132 
6275.562381000 130 
6275.562936500 128 
6275.563492000 128 
6275.564047500 126 
6275.564603000 124 
6275.565158500 123 
6275.565714000 122 
6275.566269500 120 
6275.566825000 121 
6275.567380500 120 
6275.567936000 119 
6275.568491500 119 
6275.569047000 119 
6275.569602500 120 
6275.570158000 120 
6275.570713500 121 
6275.571269000 123 
6275.571824500 124 
6275.572380000 126 
6275.572935500 127 
6275.573491000 128 
6275.574046500 130 
6275.574602000 131 
6275.575157500 132 
6275.575713000 133 
6275.576268500 135 
6275.576824000 135 
6275.577379500 135 
6275.577935000 135 
6275.578490500 136 
6275.579046000 136 
6275.579601500 136 
6275.580157000 135 
6275.580712500 133 
6275.581268000 133 
6275.581823500 131 
6275.582379000 130 
6275.582934500 129 
6275.583490000 127 
6275.584045500 126 
6275.584601000 124 
6275.585156500 122 
6275.585712000 122 
6275.586267500 121 
6275.586823000 120 
6275.587378500 119 
6275.587934000 119 
6275.588489500 119 
6275.589045000 119 
6275.589600500 120 
6275.590156000 121 
6275.590711500 122 
6275.591267000 123 
6275.591822500 124 
6275.592378000 126 
6275.592933500 127 
6275.593489000 128 
6275.594044500 129 
6275.594600000 132 
6275.595155500 132 
6275.595711000 134 
6275.596266500 135 
6275.596822000 135 
6275.597377500 136 
6275.597933000 136 
6275.598488500 136 
6275.599044000 136 
6275.599599500 135 
6275.600155000 134 
6275.600710500 134 
6275.601266000 133 
6275.601821500 131 
6275.602377000 130 
6275.602932500 129 
6275.603488000 127 
6275.604043500 125 
6275.604599000 124 
6275.605154500 123 
6275.605710000 121 
6275.606265500 120 
6275.606821000 120 
6275.607376500 120 
6275.607932000 119 
6275.608487500 119 
6275.609043000 120 
6275.609598500 119 
6275.610154000 121 
6275.610709500 121 
6275.611265000 123 
6275.611820500 124 
6275.612376000 125 
6275.612931500 127 
6275.613487000 128 
6275.614042500 129 
6275.614598000 131 
6275.615153500 133 
6275.615709000 134 
6275.616264500 134 
6275.616820000 135 
6275.617375500 136 
6275.617931000 136 
6275.618486500 136 
6275.619042000 137 
6275.619597500 136 
6275.620153000 136 
6275.620708500 135 
6275.621264000 133 
6275.621819500 131 
6275.622375000 129 
6275.622930500 129 
6275.623486000 127 
6275.624041500 125 
6275.624597000 124 
6275.625152500 122 
6275.625708000 122 
6275.626263500 120 
6275.626819000 120 
6275.627374500 120 
6275.627930000 118 
6275.628485500 118 
6275.629041000 120 
6275.629596500 120 
6275.630152000 120 
6275.630707500 122 
6275.631263000 123 
6275.631818500 124 
6275.632374000 125 
6275.632929500 127 
6275.633485000 128 
6275.634040500 130 
6275.634596000 131 
6275.635151500 133 
6275.635707000 134 
6275.636262500 135 
6275.636818000 136 
6275.637373500 137 
6275.637929000 136 
6275.638484500 138 
6275.639040000 136 
6275.639595500 136 
6275.640151000 135 
6275.640706500 133 
6275.641262000 133 
6275.641817500 132 
6275.642373000 130 
6275.642928500 128 
6275.643484000 127 
6275.644039500 125 
6275.644595000 123 
6275.645150500 123 
6275.645706000 121 
6275.646261500 120 
6275.646817000 119 
6275.647372500 120 
6275.647928000 119 
6275.648483500 119 
6275.649039000 118 
6275.649594500 119 
6275.650150000 121 
6275.650705500 121 
6275.651261000 122 
6275.651816500 124 
6275.652372000 125 
6275.652927500 127 
6275.653483000 128 
6275.654038500 129 
6275.654594000 132 
6275.655149500 133 
6275.655705000 134 
6275.656260500 135 
6275.656816000 136 
6275.657371500 135 
6275.657927000 137 
6275.658482500 137 
6275.659038000 136 
6275.659593500 136 
6275.660149000 136 
6275.660704500 134 
6275.661260000 132 
6275.661815500 131 
6275.662371000 131 
6275.662926500 129 
6275.663482000 127 
6275.664037500 126 
6275.664593000 124 
6275.665148500 123 
6275.665704000 121 
6275.666259500 121 
6275.666815000 119 
6275.667370500 119 
6275.667926000 118 
6275.668481500 118 
6275.669037000 120 
6275.669592500 119 
6275.670148000 120 
6275.670703500 122 
6275.671259000 123 
6275.671814500 123 
6275.672370000 125 
6275.672925500 127 
6275.673481000 128 
6275.674036500 129 
6275.674592000 132 
6275.675147500 133 
6275.675703000 133 
6275.676258500 135 
6275.676814000 136 
6275.677369500 136 
6275.677925000 137 
6275.678480500 137 
6275.679036000 136 
6275.679591500 135 
6275.680147000 135 
6275.680702500 134 
6275.681258000 133 
6275.681813500 131 
6275.682369000 131 
6275.682924500 129 
6275.683480000 127 
6275.684035500 125 
6275.684591000 125 
6275.685146500 123 
6275.685702000 121 
6275.686257500 120 
6275.686813000 120 
6275.687368500 120 
6275.687924000 118 
6275.688479500 119 
6275.689035000 119 
6275.689590500 119 
6275.690146000 120 
6275.690701500 122 
6275.691257000 122 
6275.691812500 123 
6275.692368000 126 
6275.692923500 127 
6275.693479000 128 
6275.694034500 130 
6275.694590000 131 
6275.695145500 133 
6275.695701000 134 
6275.696256500 135 
6275.696812000 135 
6275.697367500 137 
6275.697923000 137 
6275.698478500 137 
6275.699034000 136 
6275.699589500 136 
6275.700145000 135 
6275.700700500 133 
6275.701256000 133 
6275.701811500 132 
6275.702367000 129 
6275.702922500 129 
6275.703478000 127 
6275.704033500 125 
6275.704589000 125 
6275.705144500 123 
6275.705700000 122 
6275.706255500 120 
6275.706811000 120 
6275.707366500 120 
6275.707922000 119 
6275.708477500 118 
6275.709033000 120 
6275.709588500 120 
6275.710144000 120 
6275.710699500 121 
6275.711255000 123 
6275.711810500 124 
6275.712366000 125 
6275.712921500 126 
6275.713477000 129 
6275.714032500 130 
6275.714588000 132 
6275.715143500 134 
6275.715699000 135 
6275.716254500 136 
6275.716810000 136 
6275.717365500 138 
6275.717921000 137 
6275.718476500 138 
6275.719032000 137 
6275.719587500 136 
6275.720143000 136 
6275.720698500 135 
6275.721254000 134 
6275.721809500 132 
6275.722365000 131 
6275.722920500 128 
6275.723476000 127 
6275.724031500 125 
6275.724587000 123 
6275.725142500 122 
6275.725698000 121 
6275.726253500 119 
6275.726809000 118 
6275.727364500 118 
6275.727920000 117 
6275.728475500 117 
6275.729031000 117 
6275.729586500 119 
6275.730142000 119 
6275.730697500 120 
6275.731253000 122 
6275.731808500 123 
6275.732364000 125 
6275.732919500 127 
6275.733475000 128 
6275.734030500 130 
6275.734586000 133 
6275.735141500 133 
6275.735697000 134 
6275.736252500 136 
6275.736808000 136 
6275.737363500 138 
6275.737919000 138 
6275.738474500 137 
6275.739030000 137 
6275.739585500 137 
6275.740141000 136 
6275.740696500 135 
6275.741252000 134 
6275.741807500 133 
6275.742363000 130 
6275.742918500 128 
6275.743474000 126 
6275.744029500 126 
6275.744585000 123 
6275.745140500 122 
6275.745696000 120 
6275.746251500 120 
6275.746807000 119 
6275.747362500 118 
6275.747918000 117 
6275.748473500 118 
6275.749029000 117 
6275.749584500 119 
6275.750140000 119 
6275.750695500 120 
6275.751251000 121 
6275.751806500 124 
6275.752362000 124 
6275.752917500 127 
6275.753473000 128 
6275.754028500 130 
6275.754584000 132 
6275.755139500 133 
6275.755695000 134 
6275.756250500 137 
6275.756806000 137 
6275.757361500 137 
6275.757917000 138 
6275.758472500 139 
6275.759028000 137 
6275.759583500 137 
6275.760139000 136 
6275.760694500 135 
6275.761250000 133 
6275.761805500 132 
6275.762361000 131 
6275.762916500 128 
6275.763472000 127 
6275.764027500 125 
6275.764583000 123 
6275.765138500 122 
6275.765694000 120 
6275.766249500 120 
6275.766805000 118 
6275.767360500 118 
6275.767916000 118 
6275.768471500 117 
6275.769027000 117 
6275.769582500 119 
6275.770138000 119 
6275.770693500 119 
6275.771249000 122 
6275.771804500 123 
6275.772360000 125 
6275.772915500 126 
6275.773471000 129 
6275.774026500 131 
6275.774582000 132 
6275.775137500 133 
6275.775693000 135 
6275.776248500 136 
6275.776804000 136 
6275.777359500 138 
6275.777915000 138 
6275.778470500 139 
6275.779026000 138 
6275.779581500 136 
6275.780137000 136 
6275.780692500 135 
6275.781248000 133 
6275.781803500 133 
6275.782359000 131 
6275.782914500 128 
6275.783470000 128 
6275.784025500 125 
6275.784581000 123 
6275.785136500 121 
6275.785692000 121 
6275.786247500 120 
6275.786803000 118 
6275.787358500 119 
6275.787914000 118 
6275.788469500 117 
6275.789025000 118 
6275.789580500 119 
6275.790136000 119 
6275.790691500 119 
6275.791247000 122 
6275.791802500 123 
6275.792358000 125 
6275.792913500 126 
6275.793469000 128 
6275.794024500 130 
6275.794580000 131 
6275.795135500 134 
6275.795691000 135 
6275.796246500 135 
6275.796802000 136 
6275.797357500 138 
6275.797913000 138 
6275.798468500 138 
6275.799024000 137 
6275.799579500 137 
6275.800135000 137 
6275.800690500 135 
6275.801246000 133 
6275.801801500 131 
6275.802357000 131 
6275.802912500 129 
6275.803468000 127 
6275.804023500 126 
6275.804579000 123 
6275.805134500 123 
6275.805690000 121 
6275.806245500 120 
6275.806801000 119 
6275.807356500 118 
6275.807912000 117 
6275.808467500 118 
6275.809023000 118 
6275.809578500 118 
6275.810134000 119 
6275.810689500 120 
6275.811245000 121 
6275.811800500 123 
6275.812356000 126 
6275.812911500 127 
6275.813467000 128 
6275.814022500 131 
6275.814578000 132 
6275.815133500 133 
6275.815689000 136 
6275.816244500 136 
6275.816800000 136 
6275.817355500 138 
6275.817911000 138 
6275.818466500 138 
6275.819022000 138 
6275.819577500 137 
6275.820133000 136 
6275.820688500 135 
6275.821244000 134 
6275.821799500 132 
6275.822355000 130 
6275.822910500 129 
6275.823466000 127 
6275.824021500 125 
6275.824577000 123 
6275.825132500 122 
6275.825688000 120 
6275.826243500 120 
6275.826799000 118 
6275.827354500 118 
6275.827910000 116 
6275.828465500 118 
6275.829021000 118 
6275.829576500 118 
6275.830132000 119 
6275.830687500 121 
6275.831243000 121 
6275.831798500 122 
6275.832354000 125 
6275.832909500 127 
6275.833465000 128 
6275.834020500 131 
6275.834576000 132 
6275.835131500 133 
6275.835687000 135 
6275.836242500 136 
6275.836798000 137 
6275.837353500 138 
6275.837909000 138 
6275.838464500 138 
6275.839020000 138 
6275.839575500 137 
6275.840131000 136 
6275.840686500 136 
6275.841242000 134 
6275.841797500 132 
6275.842353000 130 
6275.842908500 129 
6275.843464000 127 
6275.844019500 125 
6275.844575000 124 
6275.845130500 122 
6275.845686000 120 
6275.846241500 120 
6275.846797000 118 
6275.847352500 119 
6275.847908000 117 
6275.848463500 117 
6275.849019000 118 
6275.849574500 118 
6275.850130000 118 
6275.850685500 121 
6275.851241000 122 
6275.851796500 122 
6275.852352000 125 
6275.852907500 127 
6275.853463000 128 
6275.854018500 130 
6275.854574000 133 
6275.855129500 134 
6275.855685000 135 
6275.856240500 135 
6275.856796000 137 
6275.857351500 137 
6275.857907000 137 
6275.858462500 139 
6275.859018000 138 
6275.859573500 138 
6275.860129000 136 
6275.860684500 134 
6275.861240000 134 
6275.861795500 132 
6275.862351000 131 
6275.862906500 129 
6275.863462000 127 
6275.864017500 125 
6275.864573000 124 
6275.865128500 122 
6275.865684000 120 
6275.866239500 119 
6275.866795000 118 
6275.867350500 118 
6275.867906000 118 
6275.868461500 117 
6275.869017000 117 
6275.869572500 119 
6275.870128000 119 
6275.870683500 120 
6275.871239000 122 
6275.871794500 123 
6275.872350000 124 
6275.872905500 127 
6275.873461000 129 
6275.874016500 130 
6275.874572000 132 
6275.875127500 133 
6275.875683000 135 
6275.876238500 136 
6275.876794000 137 
6275.877349500 138 
6275.877905000 138 
6275.878460500 138 
6275.879016000 138 
6275.879571500 137 
6275.880127000 136 
6275.880682500 134 
6275.881238000 134 
6275.881793500 133 
6275.882349000 131 
6275.882904500 129 
6275.883460000 127 
6275.884015500 125 
6275.884571000 123 
6275.885126500 122 
6275.885682000 120 
6275.886237500 119 
6275.886793000 119 
6275.887348500 118 
6275.887904000 116 
6275.888459500 117 
6275.889015000 117 
6275.889570500 119 
6275.890126000 119 
6275.890681500 120 
6275.891237000 122 
6275.891792500 123 
6275.892348000 125 
6275.892903500 127 
6275.893459000 128 
6275.894014500 130 
6275.894570000 131 
6275.895125500 134 
6275.895681000 135 
6275.896236500 136 
6275.896792000 137 
6275.897347500 138 
6275.897903000 138 
6275.898458500 138 
6275.899014000 138 
6275.899569500 136 
6275.900125000 136 
6275.900680500 135 
6275.901236000 134 
6275.901791500 132 
6275.902347000 131 
6275.902902500 129 
6275.903458000 128 
6275.904013500 126 
6275.904569000 123 
6275.905124500 121 
6275.905680000 121 
6275.906235500 119 
6275.906791000 119 
6275.907346500 118 
6275.907902000 117 
6275.908457500 117 
6275.909013000 118 
6275.909568500 118 
6275.910124000 119 
6275.910679500 121 
6275.911235000 121 
6275.911790500 123 
6275.912346000 125 
6275.912901500 126 
6275.913457000 128 
6275.914012500 130 
6275.914568000 132 
6275.915123500 133 
6275.915679000 135 
6275.916234500 136 
6275.916790000 136 
6275.917345500 138 
6275.917901000 137 
6275.918456500 137 
6275.919012000 138 
6275.919567500 137 
6275.920123000 136 
6275.920678500 135 
6275.921234000 134 
6275.921789500 131 
6275.922345000 130 
6275.922900500 129 
6275.923456000 127 
6275.924011500 125 
6275.924567000 124 
6275.925122500 122 
6275.925678000 120 
6275.926233500 120 
6275.926789000 119 
6275.927344500 117 
6275.927900000 117 
6275.928455500 117 
6275.929011000 117 
6275.929566500 118 
6275.930122000 118 
6275.930677500 120 
6275.931233000 121 
6275.931788500 122 
6275.932344000 125 
6275.932899500 127 
6275.933455000 128 
6275.934010500 131 
6275.934566000 132 
6275.935121500 134 
6275.935677000 135 
6275.936232500 136 
6275.936788000 138 
6275.937343500 139 
6275.937899000 138 
6275.938454500 140 
6275.939010000 138 
6275.939565500 137 
6275.940121000 137 
6275.940676500 136 
6275.941232000 135 
6275.941787500 133 
6275.942343000 130 
6275.942898500 129 
6275.943454000 127 
6275.944009500 124 
6275.944565000 124 
6275.945120500 121 
6275.945676000 120 
6275.946231500 119 
6275.946787000 118 
6275.947342500 117 
6275.947898000 117 
6275.948453500 116 
6275.949009000 117 
6275.949564500 118 
6275.950120000 119 
6275.950675500 119 
6275.951231000 120 
6275.951786500 123 
6275.952342000 124 
6275.952897500 126 
6275.953453000 129 
6275.954008500 130 
6275.954564000 131 
6275.955119500 134 
6275.955675000 136 
6275.956230500 136 
6275.956786000 137 
6275.957341500 138 
6275.957897000 139 
6275.958452500 138 
6275.959008000 138 
6275.959563500 137 
6275.960119000 137 
6275.960674500 135 
6275.961230000 134 
6275.961785500 133 
6275.962341000 131 
6275.962896500 129 
6275.963452000 126 
6275.964007500 126 
6275.964563000 123 
6275.965118500 121 
6275.965674000 120 
6275.966229500 119 
6275.966785000 118 
6275.967340500 117 
6275.967896000 118 
6275.968451500 117 
6275.969007000 117 
6275.969562500 118 
6275.970118000 119 
6275.970673500 120 
6275.971229000 122 
6275.971784500 123 
6275.972340000 124 
6275.972895500 127 
6275.973451000 128 
6275.974006500 130 
6275.974562000 132 
6275.975117500 134 
6275.975673000 135 
6275.976228500 137 
6275.976784000 137 
6275.977339500 138 
6275.977895000 138 
6275.978450500 139 
6275.979006000 138 
6275.979561500 137 
6275.980117000 137 
6275.980672500 136 
6275.981228000 134 
6275.981783500 132 
6275.982339000 131 
6275.982894500 129 
6275.983450000 127 
6275.984005500 126 
6275.984561000 123 
6275.985116500 121 
6275.985672000 120 
6275.986227500 118 
6275.986783000 118 
6275.987338500 117 
6275.987894000 116 
6275.988449500 117 
6275.989005000 117 
6275.989560500 117 
6275.990116000 119 
6275.990671500 120 
6275.991227000 121 
6275.991782500 122 
6275.992338000 125 
6275.992893500 127 
6275.993449000 128 
6275.994004500 130 
6275.994560000 132 
6275.995115500 134 
6275.995671000 135 
6275.996226500 137 
6275.996782000 138 
6275.997337500 138 
6275.997893000 138 
6275.998448500 139 
6275.999004000 138 
6275.999559500 137 
6276.000115000 137 
6276.000670500 135 
6276.001226000 134 
6276.001781500 132 
6276.002337000 131 
6276.002892500 129 
6276.003448000 127 
6276.004003500 124 
6276.004559000 124 
6276.005114500 121 
6276.005670000 119 
6276.006225500 119 
6276.006781000 118 
6276.007336500 117 
6276.007892000 116 
6276.008447500 117 
6276.009003000 117 
6276.009558500 117 
6276.010114000 119 
6276.010669500 120 
6276.011225000 121 
6276.011780500 122 
6276.012336000 125 
6276.012891500 126 
6276.013447000 129 
6276.014002500 130 
6276.014558000 131 
6276.015113500 134 
6276.015669000 136 
6276.016224500 136 
6276.016780000 138 
6276.017335500 138 
6276.017891000 138 
6276.018446500 138 
6276.019002000 139 
6276.019557500 137 
6276.020113000 136 
6276.020668500 136 
6276.021224000 135 
6276.021779500 133 
6276.022335000 131 
6276.022890500 129 
6276.023446000 127 
6276.024001500 125 
6276.024557000 123 
6276.025112500 122 
6276.025668000 120 
6276.026223500 120 
6276.026779000 118 
6276.027334500 117 
6276.027890000 117 
6276.028445500 116 
6276.029001000 117 
6276.029556500 118 
6276.030112000 118 
6276.030667500 119 
6276.031223000 121 
6276.031778500 123 
6276.032334000 125 
6276.032889500 126 
6276.033445000 128 
6276.034000500 130 
6276.034556000 133 
6276.035111500 134 
6276.035667000 136 
6276.036222500 136 
6276.036778000 137 
6276.037333500 139 
6276.037889000 139 
6276.038444500 139 
6276.039000000 138 
6276.039555500 139 
6276.040111000 137 
6276.040666500 135 
6276.041222000 134 
6276.041777500 132 
6276.042333000 131 
6276.042888500 129 
6276.043444000 127 
6276.043999500 124 
6276.044555000 123 
6276.045110500 122 
6276.045666000 120 
6276.046221500 118 
6276.046777000 118 
6276.047332500 117 
6276.047888000 116 
6276.048443500 117 
6276.048999000 117 
6276.049554500 118 
6276.050110000 118 
6276.050665500 119 
6276.051221000 122 
6276.051776500 122 
6276.052332000 124 
6276.052887500 127 
6276.053443000 128 
6276.053998500 130 
6276.054554000 132 
6276.055109500 134 
6276.055665000 135 
6276.056220500 137 
6276.056776000 138 
6276.057331500 140 
6276.057887000 139 
6276.058442500 139 
6276.058998000 139 
6276.059553500 139 
6276.060109000 137 
6276.060664500 137 
6276.061220000 134 
6276.061775500 132 
6276.062331000 131 
6276.062886500 129 
6276.063442000 126 
6276.063997500 125 
6276.064553000 123 
6276.065108500 120 
6276.065664000 119 
6276.066219500 118 
6276.066775000 116 
6276.067330500 117 
6276.067886000 116 
6276.068441500 115 
6276.068997000 117 
6276.069552500 116 
6276.070108000 118 
6276.070663500 119 
6276.071219000 120 
6276.071774500 123 
6276.072330000 124 
6276.072885500 126 
6276.073441000 128 
6276.073996500 131 
6276.074552000 132 
6276.075107500 134 
6276.075663000 136 
6276.076218500 137 
6276.076774000 138 
6276.077329500 138 
6276.077885000 140 
6276.078440500 139 
6276.078996000 139 
6276.079551500 139 
6276.080107000 137 
6276.080662500 136 
6276.081218000 135 
6276.081773500 134 
6276.082329000 131 
6276.082884500 129 
6276.083440000 127 
6276.083995500 125 
6276.084551000 123 
6276.085106500 121 
6276.085662000 120 
6276.086217500 118 
6276.086773000 117 
6276.087328500 117 
6276.087884000 116 
6276.088439500 115 
6276.088995000 116 
6276.089550500 117 
6276.090106000 118 
6276.090661500 119 
6276.091217000 122 
6276.091772500 122 
6276.092328000 124 
6276.092883500 127 
6276.093439000 128 
6276.093994500 130 
6276.094550000 133 
6276.095105500 135 
6276.095661000 136 
6276.096216500 137 
6276.096772000 139 
6276.097327500 139 
6276.097883000 140 
6276.098438500 140 
6276.098994000 139 
6276.099549500 138 
6276.100105000 138 
6276.100660500 136 
6276.101216000 134 
6276.101771500 133 
6276.102327000 131 
6276.102882500 129 
6276.103438000 126 
6276.103993500 124 
6276.104549000 123 
6276.105104500 121 
6276.105660000 119 
6276.106215500 119 
6276.106771000 117 
6276.107326500 116 
6276.107882000 115 
6276.108437500 116 
6276.108993000 116 
6276.109548500 117 
6276.110104000 118 
6276.110659500 119 
6276.111215000 121 
6276.111770500 123 
6276.112326000 125 
6276.112881500 126 
6276.113437000 128 
6276.113992500 131 
6276.114548000 133 
6276.115103500 134 
6276.115659000 136 
6276.116214500 137 
6276.116770000 138 
6276.117325500 139 
6276.117881000 140 
6276.118436500 140 
6276.118992000 139 
6276.119547500 138 
6276.120103000 137 
6276.120658500 136 
6276.121214000 135 
6276.121769500 133 
6276.122325000 130 
6276.122880500 130 
6276.123436000 127 
6276.123991500 124 
6276.124547000 123 
6276.125102500 120 
6276.125658000 120 
6276.126213500 118 
6276.126769000 117 
6276.127324500 117 
6276.127880000 115 
6276.128435500 115 
6276.128991000 116 
6276.129546500 117 
6276.130102000 117 
6276.130657500 119 
6276.131213000 121 
6276.131768500 122 
6276.132324000 123 
6276.132879500 127 
6276.133435000 128 
6276.133990500 130 
6276.134546000 133 
6276.135101500 134 
6276.135657000 136 
6276.136212500 137 
6276.136768000 139 
6276.137323500 139 
6276.137879000 139 
6276.138434500 140 
6276.138990000 138 
6276.139545500 139 
6276.140101000 137 
6276.140656500 137 
6276.141212000 135 
6276.141767500 132 
6276.142323000 131 
6276.142878500 129 
6276.143434000 127 
6276.143989500 125 
6276.144545000 123 
6276.145100500 120 
6276.145656000 120 
6276.146211500 118 
6276.146767000 117 
6276.147322500 116 
6276.147878000 116 
6276.148433500 115 
6276.148989000 116 
6276.149544500 117 
6276.150100000 117 
6276.150655500 119 
6276.151211000 121 
6276.151766500 123 
6276.152322000 124 
6276.152877500 127 
6276.153433000 128 
6276.153988500 131 
6276.154544000 133 
6276.155099500 134 
6276.155655000 135 
6276.156210500 138 
6276.156766000 138 
6276.157321500 139 
6276.157877000 140 
6276.158432500 140 
6276.158988000 140 
6276.159543500 138 
6276.160099000 138 
6276.160654500 137 
6276.161210000 135 
6276.161765500 132 
6276.162321000 131 
6276.162876500 129 
6276.163432000 126 
6276.163987500 126 
6276.164543000 123 
6276.165098500 121 
6276.165654000 120 
6276.166209500 117 
6276.166765000 118 
6276.167320500 116 
6276.167876000 115 
6276.168431500 116 
6276.168987000 116 
6276.169542500 116 
6276.170098000 118 
6276.170653500 119 
6276.171209000 120 
6276.171764500 122 
6276.172320000 125 
6276.172875500 126 
6276.173431000 128 
6276.173986500 131 
6276.174542000 133 
6276.175097500 133 
6276.175653000 136 
6276.176208500 137 
6276.176764000 138 
6276.177319500 140 
6276.177875000 140 
6276.178430500 139 
6276.178986000 140 
6276.179541500 139 
6276.180097000 138 
6276.180652500 137 
6276.181208000 135 
6276.181763500 134 
6276.182319000 131 
6276.182874500 129 
6276.183430000 128 
6276.183985500 125 
6276.184541000 122 
6276.185096500 122 
6276.185652000 120 
6276.186207500 118 
6276.186763000 117 
6276.187318500 117 
6276.187874000 116 
6276.188429500 116 
6276.188985000 117 
6276.189540500 117 
6276.190096000 117 
6276.190651500 119 
6276.191207000 120 
6276.191762500 122 
6276.192318000 125 
6276.192873500 126 
6276.193429000 128 
6276.193984500 131 
6276.194540000 132 
6276.195095500 135 
6276.195651000 135 
6276.196206500 137 
6276.196762000 139 
6276.197317500 139 
6276.197873000 139 
6276.198428500 139 
6276.198984000 139 
6276.199539500 138 
6276.200095000 137 
6276.200650500 137 
6276.201206000 135 
6276.201761500 133 
6276.202317000 131 
6276.202872500 130 
6276.203428000 127 
6276.203983500 124 
6276.204539000 122 
6276.205094500 122 
6276.205650000 119 
6276.206205500 117 
6276.206761000 116 
6276.207316500 116 
6276.207872000 115 
6276.208427500 116 
6276.208983000 115 
6276.209538500 116 
6276.210094000 118 
6276.210649500 118 
6276.211205000 120 
6276.211760500 123 
6276.212316000 124 
6276.212871500 126 
6276.213427000 129 
6276.213982500 131 
6276.214538000 132 
6276.215093500 134 
6276.215649000 137 
6276.216204500 138 
6276.216760000 140 
6276.217315500 140 
6276.217871000 140 
6276.218426500 140 
6276.218982000 141 
6276.219537500 139 
6276.220093000 138 
6276.220648500 138 
6276.221204000 135 
6276.221759500 134 
6276.222315000 131 
6276.222870500 129 
6276.223426000 126 
6276.223981500 126 
6276.224537000 123 
6276.225092500 120 
6276.225648000 120 
6276.226203500 117 
6276.226759000 116 
6276.227314500 116 
6276.227870000 115 
6276.228425500 115 
6276.228981000 115 
6276.229536500 115 
6276.230092000 118 
6276.230647500 118 
6276.231203000 120 
6276.231758500 122 
6276.232314000 124 
6276.232869500 126 
6276.233425000 129 
6276.233980500 131 
6276.234536000 133 
6276.235091500 134 
6276.235647000 136 
6276.236202500 138 
6276.236758000 140 
6276.237313500 140 
6276.237869000 140 
6276.238424500 141 
6276.238980000 140 
6276.239535500 139 
6276.240091000 139 
6276.240646500 137 
6276.241202000 135 
6276.241757500 134 
6276.242313000 132 
6276.242868500 129 
6276.243424000 127 
6276.243979500 124 
6276.244535000 123 
6276.245090500 121 
6276.245646000 118 
6276.246201500 118 
6276.246757000 117 
6276.247312500 115 
6276.247868000 116 
6276.248423500 115 
6276.248979000 115 
6276.249534500 116 
6276.250090000 117 
6276.250645500 119 
6276.251201000 121 
6276.251756500 121 
6276.252312000 124 
6276.252867500 126 
6276.253423000 128 
6276.253978500 130 
6276.254534000 133 
6276.255089500 134 
6276.255645000 136 
6276.256200500 139 
6276.256756000 139 
6276.257311500 140 
6276.257867000 140 
6276.258422500 141 
6276.258978000 140 
6276.259533500 139 
6276.260089000 139 
6276.260644500 137 
6276.261200000 135 
6276.261755500 134 
6276.262311000 132 
6276.262866500 129 
6276.263422000 127 
6276.263977500 125 
6276.264533000 123 
6276.265088500 121 
6276.265644000 118 
6276.266199500 118 
6276.266755000 116 
6276.267310500 115 
6276.267866000 116 
6276.268421500 115 
6276.268977000 115 
6276.269532500 115 
6276.270088000 118 
6276.270643500 118 
6276.271199000 120 
6276.271754500 121 
6276.272310000 125 
6276.272865500 127 
6276.273421000 128 
6276.273976500 130 
6276.274532000 133 
6276.275087500 134 
6276.275643000 137 
6276.276198500 138 
6276.276754000 139 
6276.277309500 140 
6276.277865000 140 
6276.278420500 141 
6276.278976000 140 
6276.279531500 139 
6276.280087000 138 
6276.280642500 137 
6276.281198000 135 
6276.281753500 134 
6276.282309000 131 
6276.282864500 129 
6276.283420000 127 
6276.283975500 125 
6276.284531000 122 
6276.285086500 120 
6276.285642000 119 
6276.286197500 118 
6276.286753000 116 
6276.287308500 116 
6276.287864000 115 
6276.288419500 114 
6276.288975000 116 
6276.289530500 116 
6276.290086000 117 
6276.290641500 119 
6276.291197000 121 
6276.291752500 121 
6276.292308000 124 
6276.292863500 126 
6276.293419000 128 
6276.293974500 131 
6276.294530000 133 
6276.295085500 134 
6276.295641000 136 
6276.296196500 138 
6276.296752000 138 
6276.297307500 140 
6276.297863000 141 
6276.298418500 140 
6276.298974000 140 
6276.299529500 141 
6276.300085000 139 
6276.300640500 137 
6276.301196000 136 
6276.301751500 134 
6276.302307000 131 
6276.302862500 129 
6276.303418000 128 
6276.303973500 125 
6276.304529000 123 
6276.305084500 121 
6276.305640000 118 
6276.306195500 117 
6276.306751000 115 
6276.307306500 114 
6276.307862000 115 
6276.308417500 114 
6276.308973000 115 
6276.309528500 114 
6276.310084000 117 
6276.310639500 118 
6276.311195000 120 
6276.311750500 122 
6276.312306000 124 
6276.312861500 126 
6276.313417000 128 
6276.313972500 132 
6276.314528000 133 
6276.315083500 134 
6276.315639000 138 
6276.316194500 139 
6276.316750000 140 
6276.317305500 140 
6276.317861000 142 
6276.318416500 142 
6276.318972000 141 
6276.319527500 141 
6276.320083000 139 
6276.320638500 137 
6276.321194000 136 
6276.321749500 134 
6276.322305000 131 
6276.322860500 130 
6276.323416000 128 
6276.323971500 124 
6276.324527000 122 
6276.325082500 121 
6276.325638000 118 
6276.326193500 117 
6276.326749000 115 
6276.327304500 115 
6276.327860000 113 
6276.328415500 114 
6276.328971000 115 
6276.329526500 115 
6276.330082000 117 
6276.330637500 118 
6276.331193000 119 
6276.331748500 121 
6276.332304000 124 
6276.332859500 127 
6276.333415000 129 
6276.333970500 131 
6276.334526000 134 
6276.335081500 135 
6276.335637000 137 
6276.336192500 138 
6276.336748000 140 
6276.337303500 141 
6276.337859000 141 
6276.338414500 141 
6276.338970000 141 
6276.339525500 140 
6276.340081000 139 
6276.340636500 137 
6276.341192000 136 
6276.341747500 134 
6276.342303000 132 
6276.342858500 129 
6276.343414000 126 
6276.343969500 125 
6276.344525000 122 
6276.345080500 119 
6276.345636000 119 
6276.346191500 117 
6276.346747000 116 
6276.347302500 115 
6276.347858000 115 
6276.348413500 114 
6276.348969000 114 
6276.349524500 115 
6276.350080000 116 
6276.350635500 118 
6276.351191000 119 
6276.351746500 121 
6276.352302000 124 
6276.352857500 126 
6276.353413000 128 
6276.353968500 130 
6276.354524000 133 
6276.355079500 135 
6276.355635000 136 
6276.356190500 140 
6276.356746000 140 
6276.357301500 140 
6276.357857000 141 
6276.358412500 142 
6276.358968000 141 
6276.359523500 140 
6276.360079000 139 
6276.360634500 137 
6276.361190000 136 
6276.361745500 134 
6276.362301000 132 
6276.362856500 129 
6276.363412000 127 
6276.363967500 125 
6276.364523000 122 
6276.365078500 119 
6276.365634000 119 
6276.366189500 117 
6276.366745000 116 
6276.367300500 113 
6276.367856000 115 
6276.368411500 114 
6276.368967000 114 
6276.369522500 114 
6276.370078000 117 
6276.370633500 118 
6276.371189000 119 
6276.371744500 122 
6276.372300000 124 
6276.372855500 126 
6276.373411000 128 
6276.373966500 131 
6276.374522000 133 
6276.375077500 135 
6276.375633000 137 
6276.376188500 138 
6276.376744000 140 
6276.377299500 141 
6276.377855000 141 
6276.378410500 142 
6276.378966000 142 
6276.379521500 141 
6276.380077000 139 
6276.380632500 137 
6276.381188000 137 
6276.381743500 134 
6276.382299000 131 
6276.382854500 130 
6276.383410000 127 
6276.383965500 124 
6276.384521000 122 
6276.385076500 121 
6276.385632000 118 
6276.386187500 116 
6276.386743000 116 
6276.387298500 114 
6276.387854000 114 
6276.388409500 115 
6276.388965000 115 
6276.389520500 115 
6276.390076000 116 
6276.390631500 117 
6276.391187000 120 
6276.391742500 122 
6276.392298000 124 
6276.392853500 126 
6276.393409000 127 
6276.393964500 131 
6276.394520000 133 
6276.395075500 135 
6276.395631000 136 
6276.396186500 139 
6276.396742000 140 
6276.397297500 140 
6276.397853000 142 
6276.398408500 142 
6276.398964000 140 
6276.399519500 141 
6276.400075000 139 
6276.400630500 137 
6276.401186000 136 
6276.401741500 133 
6276.402297000 132 
6276.402852500 129 
6276.403408000 128 
6276.403963500 124 
6276.404519000 122 
6276.405074500 121 
6276.405630000 119 
6276.406185500 117 
6276.406741000 115 
6276.407296500 115 
6276.407852000 114 
6276.408407500 114 
6276.408963000 115 
6276.409518500 115 
6276.410074000 116 
6276.410629500 118 
6276.411185000 120 
6276.411740500 122 
6276.412296000 123 
6276.412851500 126 
6276.413407000 128 
6276.413962500 130 
6276.414518000 134 
6276.415073500 135 
6276.415629000 137 
6276.416184500 139 
6276.416740000 140 
6276.417295500 140 
6276.417851000 142 
6276.418406500 141 
6276.418962000 142 
6276.419517500 141 
6276.420073000 139 
6276.420628500 137 
6276.421184000 136 
6276.421739500 134 
6276.422295000 131 
6276.422850500 130 
6276.423406000 127 
6276.423961500 125 
6276.424517000 122 
6276.425072500 121 
6276.425628000 118 
6276.426183500 116 
6276.426739000 116 
6276.427294500 114 
6276.427850000 114 
6276.428405500 114 
6276.428961000 114 
6276.429516500 114 
6276.430072000 116 
6276.430627500 117 
6276.431183000 120 
6276.431738500 121 
6276.432294000 123 
6276.432849500 126 
6276.433405000 129 
6276.433960500 131 
6276.434516000 133 
6276.435071500 135 
6276.435627000 138 
6276.436182500 138 
6276.436738000 139 
6276.437293500 142 
6276.437849000 141 
6276.438404500 141 
6276.438960000 141 
6276.439515500 140 
6276.440071000 139 
6276.440626500 137 
6276.441182000 135 
6276.441737500 134 
6276.442293000 132 
6276.442848500 129 
6276.443404000 128 
6276.443959500 125 
6276.444515000 122 
6276.445070500 121 
6276.445626000 118 
6276.446181500 116 
6276.446737000 116 
6276.447292500 114 
6276.447848000 115 
6276.448403500 115 
6276.448959000 115 
6276.449514500 115 
6276.450070000 116 
6276.450625500 118 
6276.451181000 119 
6276.451736500 121 
6276.452292000 124 
6276.452847500 126 
6276.453403000 128 
6276.453958500 130 
6276.454514000 133 
6276.455069500 135 
6276.455625000 137 
6276.456180500 138 
6276.456736000 140 
6276.457291500 141 
6276.457847000 142 
6276.458402500 141 
6276.458958000 142 
6276.459513500 140 
6276.460069000 139 
6276.460624500 137 
6276.461180000 136 
6276.461735500 134 
6276.462291000 131 
6276.462846500 129 
6276.463402000 127 
6276.463957500 124 
6276.464513000 121 
6276.465068500 120 
6276.465624000 119 
6276.466179500 116 
6276.466735000 115 
6276.467290500 115 
6276.467846000 114 
6276.468401500 113 
6276.468957000 115 
6276.469512500 115 
6276.470068000 115 
6276.470623500 118 
6276.471179000 119 
6276.471734500 122 
6276.472290000 123 
6276.472845500 127 
6276.473401000 128 
6276.473956500 131 
6276.474512000 133 
6276.475067500 135 
6276.475623000 137 
6276.476178500 139 
6276.476734000 140 
6276.477289500 141 
6276.477845000 142 
6276.478400500 141 
6276.478956000 141 
6276.479511500 141 
6276.480067000 139 
6276.480622500 138 
6276.481178000 136 
6276.481733500 135 
6276.482289000 132 
6276.482844500 129 
6276.483400000 128 
6276.483955500 125 
6276.484511000 122 
6276.485066500 121 
6276.485622000 118 
6276.486177500 116 
6276.486733000 116 
6276.487288500 115 
6276.487844000 113 
6276.488399500 114 
6276.488955000 114 
6276.489510500 114 
6276.490066000 116 
6276.490621500 117 
6276.491177000 119 
6276.491732500 121 
6276.492288000 124 
6276.492843500 126 
6276.493399000 128 
6276.493954500 130 
6276.494510000 133 
6276.495065500 136 
6276.495621000 137 
6276.496176500 139 
6276.496732000 140 
6276.497287500 141 
6276.497843000 141 
6276.498398500 142 
6276.498954000 141 
6276.499509500 140 
6276.500065000 140 
6276.500620500 138 
6276.501176000 135 
6276.501731500 134 
6276.502287000 131 
6276.502842500 130 
6276.503398000 127 
6276.503953500 124 
6276.504509000 122 
6276.505064500 121 
6276.505620000 118 
6276.506175500 117 
6276.506731000 114 
6276.507286500 114 
6276.507842000 114 
6276.508397500 114 
6276.508953000 114 
6276.509508500 115 
6276.510064000 116 
6276.510619500 117 
6276.511175000 120 
6276.511730500 121 
6276.512286000 123 
6276.512841500 127 
6276.513397000 128 
6276.513952500 131 
6276.514508000 133 
6276.515063500 135 
6276.515619000 138 
6276.516174500 139 
6276.516730000 140 
6276.517285500 141 
6276.517841000 141 
6276.518396500 142 
6276.518952000 141 
6276.519507500 140 
6276.520063000 140 
6276.520618500 139 
6276.521174000 136 
6276.521729500 134 
6276.522285000 132 
6276.522840500 130 
6276.523396000 126 
6276.523951500 124 
6276.524507000 123 
6276.525062500 120 
6276.525618000 117 
6276.526173500 117 
6276.526729000 115 
6276.527284500 115 
6276.527840000 113 
6276.528395500 113 
6276.528951000 113 
6276.529506500 115 
6276.530062000 116 
6276.530617500 117 
6276.531173000 119 
6276.531728500 121 
6276.532284000 123 
6276.532839500 126 
6276.533395000 129 
6276.533950500 130 
6276.534506000 133 
6276.535061500 135 
6276.535617000 137 
6276.536172500 138 
6276.536728000 140 
6276.537283500 140 
6276.537839000 142 
6276.538394500 142 
6276.538950000 141 
6276.539505500 141 
6276.540061000 140 
6276.540616500 137 
6276.541172000 136 
6276.541727500 134 
6276.542283000 132 
6276.542838500 130 
6276.543394000 127 
6276.543949500 124 
6276.544505000 123 
6276.545060500 120 
6276.545616000 118 
6276.546171500 117 
6276.546727000 115 
6276.547282500 114 
6276.547838000 114 
6276.548393500 114 
6276.548949000 113 
6276.549504500 115 
6276.550060000 115 
6276.550615500 117 
6276.551171000 119 
6276.551726500 121 
6276.552282000 123 
6276.552837500 125 
6276.553393000 129 
6276.553948500 131 
6276.554504000 133 
6276.555059500 136 
6276.555615000 138 
6276.556170500 140 
6276.556726000 142 
6276.557281500 142 
6276.557837000 143 
6276.558392500 144 
6276.558948000 143 
6276.559503500 142 
6276.560059000 140 
6276.560614500 140 
6276.561170000 137 
6276.561725500 134 
6276.562281000 131 
6276.562836500 130 
6276.563392000 127 
6276.563947500 124 
6276.564503000 122 
6276.565058500 119 
6276.565614000 117 
6276.566169500 116 
6276.566725000 114 
6276.567280500 113 
6276.567836000 112 
6276.568391500 112 
6276.568947000 112 
6276.569502500 114 
6276.570058000 114 
6276.570613500 116 
6276.571169000 119 
6276.571724500 120 
6276.572280000 123 
6276.572835500 126 
6276.573391000 128 
6276.573946500 131 
6276.574502000 134 
6276.575057500 136 
6276.575613000 138 
6276.576168500 140 
6276.576724000 142 
6276.577279500 142 
6276.577835000 143 
6276.578390500 143 
6276.578946000 142 
6276.579501500 141 
6276.580057000 140 
6276.580612500 139 
6276.581168000 136 
6276.581723500 135 
6276.582279000 132 
6276.582834500 130 
6276.583390000 127 
6276.583945500 124 
6276.584501000 122 
6276.585056500 119 
6276.585612000 117 
6276.586167500 116 
6276.586723000 114 
6276.587278500 114 
6276.587834000 113 
6276.588389500 112 
6276.588945000 112 
6276.589500500 114 
6276.590056000 115 
6276.590611500 116 
6276.591167000 118 
6276.591722500 121 
6276.592278000 123 
6276.592833500 125 
6276.593389000 129 
6276.593944500 131 
6276.594500000 133 
6276.595055500 135 
6276.595611000 139 
6276.596166500 140 
6276.596722000 141 
6276.597277500 142 
6276.597833000 144 
6276.598388500 143 
6276.598944000 142 
6276.599499500 142 
6276.600055000 140 
6276.600610500 138 
6276.601166000 137 
6276.601721500 134 
6276.602277000 131 
6276.602832500 130 
6276.603388000 127 
6276.603943500 124 
6276.604499000 122 
6276.605054500 120 
6276.605610000 117 
6276.606165500 115 
6276.606721000 114 
6276.607276500 113 
6276.607832000 112 
6276.608387500 112 
6276.608943000 113 
6276.609498500 113 
6276.610054000 115 
6276.610609500 116 
6276.611165000 118 
6276.611720500 121 
6276.612276000 123 
6276.612831500 125 
6276.613387000 129 
6276.613942500 131 
6276.614498000 134 
6276.615053500 136 
6276.615609000 138 
6276.616164500 140 
6276.616720000 142 
6276.617275500 142 
6276.617831000 143 
6276.618386500 144 
6276.618942000 143 
6276.619497500 142 
6276.620053000 140 
6276.620608500 139 
6276.621164000 137 
6276.621719500 134 
6276.622275000 133 
6276.622830500 129 
6276.623386000 127 
6276.623941500 125 
6276.624497000 121 
6276.625052500 120 
6276.625608000 117 
6276.626163500 116 
6276.626719000 114 
6276.627274500 112 
6276.627830000 113 
6276.628385500 113 
6276.628941000 113 
6276.629496500 113 
6276.630052000 115 
6276.630607500 117 
6276.631163000 118 
6276.631718500 120 
6276.632274000 123 
6276.632829500 125 
6276.633385000 128 
6276.633940500 131 
6276.634496000 133 
6276.635051500 136 
6276.635607000 139 
6276.636162500 140 
6276.636718000 141 
6276.637273500 142 
6276.637829000 143 
6276.638384500 142 
6276.638940000 143 
6276.639495500 141 
6276.640051000 141 
6276.640606500 139 
6276.641162000 137 
6276.641717500 135 
6276.642273000 132 
6276.642828500 130 
6276.643384000 128 
6276.643939500 125 
6276.644495000 122 
6276.645050500 119 
6276.645606000 118 
6276.646161500 115 
6276.646717000 114 
6276.647272500 113 
6276.647828000 112 
6276.648383500 113 
6276.648939000 113 
6276.649494500 114 
6276.650050000 114 
6276.650605500 117 
6276.651161000 118 
6276.651716500 120 
6276.652272000 124 
6276.652827500 125 
6276.653383000 129 
6276.653938500 131 
6276.654494000 133 
6276.655049500 136 
6276.655605000 138 
6276.656160500 141 
6276.656716000 141 
6276.657271500 142 
6276.657827000 143 
6276.658382500 143 
6276.658938000 142 
6276.659493500 142 
6276.660049000 141 
6276.660604500 139 
6276.661160000 137 
6276.661715500 134 
6276.662271000 133 
6276.662826500 130 
6276.663382000 126 
6276.663937500 125 
6276.664493000 122 
6276.665048500 119 
6276.665604000 117 
6276.666159500 116 
6276.666715000 114 
6276.667270500 113 
6276.667826000 112 
6276.668381500 112 
6276.668937000 113 
6276.669492500 114 
6276.670048000 115 
6276.670603500 116 
6276.671159000 119 
6276.671714500 120 
6276.672270000 122 
6276.672825500 126 
6276.673381000 129 
6276.673936500 131 
6276.674492000 133 
6276.675047500 136 
6276.675603000 138 
6276.676158500 140 
6276.676714000 141 
6276.677269500 143 
6276.677825000 143 
6276.678380500 143 
6276.678936000 143 
6276.679491500 142 
6276.680047000 141 
6276.680602500 140 
6276.681158000 137 
6276.681713500 134 
6276.682269000 133 
6276.682824500 130 
6276.683380000 127 
6276.683935500 124 
6276.684491000 123 
6276.685046500 120 
6276.685602000 117 
6276.686157500 116 
6276.686713000 114 
6276.687268500 113 
6276.687824000 113 
6276.688379500 113 
6276.688935000 112 
6276.689490500 114 
6276.690046000 115 
6276.690601500 116 
6276.691157000 118 
6276.691712500 121 
6276.692268000 123 
6276.692823500 125 
6276.693379000 128 
6276.693934500 131 
6276.694490000 133 
6276.695045500 136 
6276.695601000 138 
6276.696156500 140 
6276.696712000 142 
6276.697267500 142 
6276.697823000 142 
6276.698378500 143 
6276.698934000 143 
6276.699489500 142 
6276.700045000 140 
6276.700600500 140 
6276.701156000 138 
6276.701711500 135 
6276.702267000 132 
6276.702822500 130 
6276.703378000 127 
6276.703933500 124 
6276.704489000 122 
6276.705044500 120 
6276.705600000 117 
6276.706155500 115 
6276.706711000 115 
6276.707266500 112 
6276.707822000 113 
6276.708377500 112 
6276.708933000 113 
6276.709488500 114 
6276.710044000 114 
6276.710599500 116 
6276.711155000 118 
6276.711710500 120 
6276.712266000 124 
6276.712821500 126 
6276.713377000 128 
6276.713932500 130 
6276.714488000 133 
6276.715043500 136 
6276.715599000 138 
6276.716154500 140 
6276.716710000 141 
6276.717265500 143 
6276.717821000 143 
6276.718376500 143 
6276.718932000 142 
6276.719487500 142 
6276.720043000 141 
6276.720598500 139 
6276.721154000 138 
6276.721709500 135 
6276.722265000 132 
6276.722820500 130 
6276.723376000 127 
6276.723931500 124 
6276.724487000 122 
6276.725042500 120 
6276.725598000 117 
6276.726153500 115 
6276.726709000 115 
6276.727264500 113 
6276.727820000 113 
6276.728375500 113 
6276.728931000 112 
6276.729486500 114 
6276.730042000 115 
6276.730597500 116 
6276.731153000 119 
6276.731708500 121 
6276.732264000 123 
6276.732819500 126 
6276.733375000 128 
6276.733930500 131 
6276.734486000 134 
6276.735041500 135 
6276.735597000 137 
6276.736152500 140 
6276.736708000 141 
6276.737263500 143 
6276.737819000 143 
6276.738374500 143 
6276.738930000 142 
6276.739485500 142 
6276.740041000 141 
6276.740596500 139 
6276.741152000 138 
6276.741707500 135 
6276.742263000 132 
6276.742818500 129 
6276.743374000 127 
6276.743929500 125 
6276.744485000 122 
6276.745040500 119 
6276.745596000 118 
6276.746151500 115 
6276.746707000 115 
6276.747262500 113 
6276.747818000 113 
6276.748373500 112 
6276.748929000 113 
6276.749484500 114 
6276.750040000 114 
6276.750595500 116 
6276.751151000 118 
6276.751706500 120 
6276.752262000 123 
6276.752817500 126 
6276.753373000 128 
6276.753928500 131 
6276.754484000 134 
6276.755039500 135 
6276.755595000 138 
6276.756150500 141 
6276.756706000 142 
6276.757261500 142 
6276.757817000 142 
6276.758372500 143 
6276.758928000 143 
6276.759483500 142 
6276.760039000 140 
6276.760594500 139 
6276.761150000 133 
6276.761705500 129 
6276.762261000 129 
6276.762816500 128 
6276.763372000 128 
6276.763927500 128 
6276.764483000 128 
6276.765038500 123 
6276.765594000 119 
6276.766149500 115 
6276.766705000 113 
6276.767260500 113 
6276.767816000 112 
6276.768371500 111 
6276.768927000 112 
6276.769482500 113 
6276.770038000 113 
6276.770593500 115 
6276.771149000 118 
6276.771704500 120 
6276.772260000 122 
6276.772815500 125 
6276.773371000 129 
6276.773926500 131 
6276.774482000 133 
6276.775037500 137 
6276.775593000 139 
6276.776148500 141 
6276.776704000 142 
6276.777259500 144 
6276.777815000 144 
6276.778370500 144 
6276.778926000 143 
6276.779481500 143 
6276.780037000 142 
6276.780592500 139 
6276.781148000 138 
6276.781703500 135 
6276.782259000 132 
6276.782814500 131 
6276.783370000 128 
6276.783925500 124 
6276.784481000 121 
6276.785036500 120 
6276.785592000 116 
6276.786147500 115 
6276.786703000 114 
6276.787258500 112 
6276.787814000 112 
6276.788369500 111 
6276.788925000 111 
6276.789480500 113 
6276.790036000 114 
6276.790591500 115 
6276.791147000 118 
6276.791702500 120 
6276.792258000 123 
6276.792813500 125 
6276.793369000 128 
6276.793924500 131 
6276.794480000 134 
6276.795035500 137 
6276.795591000 139 
6276.796146500 140 
6276.796702000 143 
6276.797257500 143 
6276.797813000 143 
6276.798368500 145 
6276.798924000 145 
6276.799479500 143 
6276.800035000 141 
6276.800590500 140 
6276.801146000 138 
6276.801701500 135 
6276.802257000 133 
6276.802812500 130 
6276.803368000 127 
6276.803923500 124 
6276.804479000 121 
6276.805034500 119 
6276.805590000 116 
6276.806145500 115 
6276.806701000 113 
6276.807256500 112 
6276.807812000 112 
6276.808367500 111 
6276.808923000 111 
6276.809478500 112 
6276.810034000 114 
6276.810589500 115 
6276.811145000 117 
6276.811700500 120 
6276.812256000 123 
6276.812811500 125 
6276.813367000 128 
6276.813922500 131 
6276.814478000 133 
6276.815033500 136 
6276.815589000 139 
6276.816144500 140 
6276.816700000 143 
6276.817255500 143 
6276.817811000 143 
6276.818366500 145 
6276.818922000 144 
6276.819477500 143 
6276.820033000 142 
6276.820588500 139 
6276.821144000 138 
6276.821699500 136 
6276.822255000 132 
6276.822810500 130 
6276.823366000 128 
6276.823921500 124 
6276.824477000 121 
6276.825032500 119 
6276.825588000 117 
6276.826143500 114 
6276.826699000 113 
6276.827254500 113 
6276.827810000 112 
6276.828365500 111 
6276.828921000 112 
6276.829476500 113 
6276.830032000 113 
6276.830587500 116 
6276.831143000 117 
6276.831698500 120 
6276.832254000 123 
6276.832809500 125 
6276.833365000 129 
6276.833920500 131 
6276.834476000 134 
6276.835031500 136 
6276.835587000 138 
6276.836142500 141 
6276.836698000 142 
6276.837253500 142 
6276.837809000 144 
6276.838364500 144 
6276.838920000 144 
6276.839475500 143 
6276.840031000 142 
6276.840586500 140 
6276.841142000 139 
6276.841697500 135 
6276.842253000 132 
6276.842808500 130 
6276.843364000 128 
6276.843919500 124 
6276.844475000 121 
6276.845030500 120 
6276.845586000 117 
6276.846141500 114 
6276.846697000 114 
6276.847252500 112 
6276.847808000 112 
6276.848363500 112 
6276.848919000 111 
6276.849474500 112 
6276.850030000 114 
6276.850585500 115 
6276.851141000 117 
6276.851696500 120 
6276.852252000 122 
6276.852807500 126 
6276.853363000 128 
6276.853918500 130 
6276.854474000 133 
6276.855029500 137 
6276.855585000 139 
6276.856140500 141 
6276.856696000 142 
6276.857251500 144 
6276.857807000 144 
6276.858362500 144 
6276.858918000 145 
6276.859473500 144 
6276.860029000 142 
6276.860584500 141 
6276.861140000 138 
6276.861695500 136 
6276.862251000 133 
6276.862806500 130 
6276.863362000 126 
6276.863917500 125 
6276.864473000 121 
6276.865028500 118 
6276.865584000 117 
6276.866139500 114 
6276.866695000 112 
6276.867250500 110 
6276.867806000 110 
6276.868361500 110 
6276.868917000 111 
6276.869472500 111 
6276.870028000 113 
6276.870583500 115 
6276.871139000 117 
6276.871694500 120 
6276.872250000 122 
6276.872805500 124 
6276.873361000 129 
6276.873916500 131 
6276.874472000 134 
6276.875027500 136 
6276.875583000 139 
6276.876138500 141 
6276.876694000 142 
6276.877249500 144 
6276.877805000 144 
6276.878360500 144 
6276.878916000 145 
6276.879471500 144 
6276.880027000 142 
6276.880582500 141 
6276.881138000 138 
6276.881693500 136 
6276.882249000 132 
6276.882804500 130 
6276.883360000 127 
6276.883915500 124 
6276.884471000 121 
6276.885026500 118 
6276.885582000 116 
6276.886137500 115 
6276.886693000 113 
6276.887248500 111 
6276.887804000 111 
6276.888359500 111 
6276.888915000 110 
6276.889470500 112 
6276.890026000 113 
6276.890581500 115 
6276.891137000 117 
6276.891692500 120 
6276.892248000 122 
6276.892803500 125 
6276.893359000 128 
6276.893914500 131 
6276.894470000 134 
6276.895025500 137 
6276.895581000 139 
6276.896136500 141 
6276.896692000 143 
6276.897247500 144 
6276.897803000 144 
6276.898358500 145 
6276.898914000 145 
6276.899469500 144 
6276.900025000 142 
6276.900580500 141 
6276.901136000 138 
6276.901691500 136 
6276.902247000 132 
6276.902802500 131 
6276.903358000 127 
6276.903913500 124 
6276.904469000 121 
6276.905024500 119 
6276.905580000 116 
6276.906135500 113 
6276.906691000 113 
6276.907246500 111 
6276.907802000 111 
6276.908357500 111 
6276.908913000 111 
6276.909468500 111 
6276.910024000 114 
6276.910579500 115 
6276.911135000 116 
6276.911690500 120 
6276.912246000 123 
6276.912801500 125 
6276.913357000 129 
6276.913912500 131 
6276.914468000 134 
6276.915023500 138 
6276.915579000 139 
6276.916134500 142 
6276.916690000 143 
6276.917245500 144 
6276.917801000 145 
6276.918356500 145 
6276.918912000 144 
6276.919467500 143 
6276.920023000 143 
6276.920578500 141 
6276.921134000 138 
6276.921689500 135 
6276.922245000 133 
6276.922800500 131 
6276.923356000 127 
6276.923911500 124 
6276.924467000 120 
6276.925022500 119 
6276.925578000 116 
6276.926133500 114 
6276.926689000 112 
6276.927244500 111 
6276.927800000 111 
6276.928355500 110 
6276.928911000 110 
6276.929466500 112 
6276.930022000 112 
6276.930577500 115 
6276.931133000 117 
6276.931688500 119 
6276.932244000 123 
6276.932799500 125 
6276.933355000 128 
6276.933910500 131 
6276.934466000 134 
6276.935021500 137 
6276.935577000 140 
6276.936132500 142 
6276.936688000 142 
6276.937243500 143 
6276.937799000 145 
6276.938354500 145 
6276.938910000 144 
6276.939465500 143 
6276.940021000 142 
6276.940576500 141 
6276.941132000 138 
6276.941687500 135 
6276.942243000 134 
6276.942798500 130 
6276.943354000 127 
6276.943909500 125 
6276.944465000 121 
6276.945020500 119 
6276.945576000 116 
6276.946131500 115 
6276.946687000 113 
6276.947242500 111 
6276.947798000 112 
6276.948353500 111 
6276.948909000 111 
6276.949464500 112 
6276.950020000 112 
6276.950575500 115 
6276.951131000 117 
6276.951686500 119 
6276.952242000 122 
6276.952797500 126 
6276.953353000 128 
6276.953908500 131 
6276.954464000 134 
6276.955019500 137 
6276.955575000 139 
6276.956130500 141 
6276.956686000 143 
6276.957241500 144 
6276.957797000 145 
6276.958352500 145 
6276.958908000 145 
6276.959463500 144 
6276.960019000 142 
6276.960574500 141 
6276.961130000 138 
6276.961685500 135 
6276.962241000 132 
6276.962796500 131 
6276.963352000 127 
6276.963907500 124 
6276.964463000 122 
6276.965018500 119 
6276.965574000 116 
6276.966129500 114 
6276.966685000 113 
6276.967240500 111 
6276.967796000 112 
6276.968351500 111 
6276.968907000 111 
6276.969462500 111 
6276.970018000 112 
6276.970573500 115 
6276.971129000 117 
6276.971684500 120 
6276.972240000 122 
6276.972795500 126 
6276.973351000 128 
6276.973906500 131 
6276.974462000 134 
6276.975017500 136 
6276.975573000 139 
6276.976128500 142 
6276.976684000 143 
6276.977239500 143 
6276.977795000 145 
6276.978350500 145 
6276.978906000 145 
6276.979461500 143 
6276.980017000 143 
6276.980572500 140 
6276.981128000 139 
6276.981683500 136 
6276.982239000 133 
6276.982794500 130 
6276.983350000 127 
6276.983905500 124 
6276.984461000 122 
6276.985016500 119 
6276.985572000 116 
6276.986127500 114 
6276.986683000 113 
6276.987238500 111 
6276.987794000 111 
6276.988349500 111 
6276.988905000 111 
6276.989460500 111 
6276.990016000 113 
6276.990571500 115 
6276.991127000 117 
6276.991682500 119 
6276.992238000 123 
6276.992793500 125 
6276.993349000 128 
6276.993904500 131 
6276.994460000 134 
6276.995015500 136 
6276.995571000 139 
6276.996126500 142 
6276.996682000 143 
6276.997237500 144 
6276.997793000 143 
6276.998348500 145 
6276.998904000 144 
6276.999459500 144 
6277.000015000 143 
6277.000570500 140 
6277.001126000 139 
6277.001681500 136 
6277.002237000 132 
6277.002792500 129 
6277.003348000 128 
6277.003903500 124 
6277.004459000 121 
6277.005014500 119 
6277.005570000 116 
6277.006125500 115 
6277.006681000 113 
6277.007236500 112 
6277.007792000 111 
6277.008347500 110 
6277.008903000 110 
6277.009458500 112 
6277.010014000 113 
6277.010569500 114 
6277.011125000 118 
6277.011680500 119 
6277.012236000 121 
6277.012791500 126 
6277.013347000 128 
6277.013902500 131 
6277.014458000 133 
6277.015013500 137 
6277.015569000 139 
6277.016124500 142 
6277.016680000 143 
6277.017235500 144 
6277.017791000 144 
6277.018346500 145 
6277.018902000 145 
6277.019457500 143 
6277.020013000 143 
6277.020568500 140 
6277.021124000 138 
6277.021679500 137 
6277.022235000 133 
6277.022790500 129 
6277.023346000 128 
6277.023901500 124 
6277.024457000 121 
6277.025012500 119 
6277.025568000 116 
6277.026123500 114 
6277.026679000 113 
6277.027234500 111 
6277.027790000 111 
6277.028345500 111 
6277.028901000 110 
6277.029456500 112 
6277.030012000 113 
6277.030567500 115 
6277.031123000 117 
6277.031678500 120 
6277.032234000 122 
6277.032789500 124 
6277.033345000 128 
6277.033900500 132 
6277.034456000 134 
6277.035011500 136 
6277.035567000 139 
6277.036122500 142 
6277.036678000 143 
6277.037233500 143 
6277.037789000 145 
6277.038344500 145 
6277.038900000 144 
6277.039455500 143 
6277.040011000 143 
6277.040566500 140 
6277.041122000 139 
6277.041677500 136 
6277.042233000 134 
6277.042788500 130 
6277.043344000 127 
6277.043899500 125 
6277.044455000 121 
6277.045010500 118 
6277.045566000 117 
6277.046121500 114 
6277.046677000 113 
6277.047232500 112 
6277.047788000 110 
6277.048343500 110 
6277.048899000 110 
6277.049454500 111 
6277.050010000 113 
6277.050565500 115 
6277.051121000 117 
6277.051676500 119 
6277.052232000 122 
6277.052787500 124 
6277.053343000 129 
6277.053898500 131 
6277.054454000 134 
6277.055009500 137 
6277.055565000 139 
6277.056120500 142 
6277.056676000 143 
6277.057231500 145 
6277.057787000 145 
6277.058342500 144 
6277.058898000 145 
6277.059453500 144 
6277.060009000 143 
6277.060564500 140 
6277.061120000 139 
6277.061675500 137 
6277.062231000 133 
6277.062786500 130 
6277.063342000 128 
6277.063897500 125 
6277.064453000 121 
6277.065008500 118 
6277.065564000 117 
6277.066119500 114 
6277.066675000 112 
6277.067230500 112 
6277.067786000 111 
6277.068341500 110 
6277.068897000 110 
6277.069452500 112 
6277.070008000 113 
6277.070563500 115 
6277.071119000 118 
6277.071674500 120 
6277.072230000 122 
6277.072785500 125 
6277.073341000 129 
6277.073896500 132 
6277.074452000 134 
6277.075007500 136 
6277.075563000 140 
6277.076118500 142 
6277.076674000 143 
6277.077229500 144 
6277.077785000 145 
6277.078340500 145 
6277.078896000 144 
6277.079451500 145 
6277.080007000 143 
6277.080562500 140 
6277.081118000 138 
6277.081673500 136 
6277.082229000 133 
6277.082784500 130 
6277.083340000 127 
6277.083895500 123 
6277.084451000 122 
6277.085006500 119 
6277.085562000 116 
6277.086117500 114 
6277.086673000 112 
6277.087228500 112 
6277.087784000 110 
6277.088339500 110 
6277.088895000 111 
6277.089450500 111 
6277.090006000 112 
6277.090561500 114 
6277.091117000 117 
6277.091672500 120 
6277.092228000 122 
6277.092783500 125 
6277.093339000 129 
6277.093894500 131 
6277.094450000 133 
6277.095005500 137 
6277.095561000 139 
6277.096116500 141 
6277.096672000 144 
6277.097227500 144 
6277.097783000 145 
6277.098338500 145 
6277.098894000 145 
6277.099449500 144 
6277.100005000 143 
6277.100560500 141 
6277.101116000 138 
6277.101671500 137 
6277.102227000 133 
6277.102782500 130 
6277.103338000 127 
6277.103893500 125 
6277.104449000 122 
6277.105004500 119 
6277.105560000 116 
6277.106115500 113 
6277.106671000 113 
6277.107226500 111 
6277.107782000 110 
6277.108337500 111 
6277.108893000 111 
6277.109448500 112 
6277.110004000 113 
6277.110559500 115 
6277.111115000 117 
6277.111670500 118 
6277.112226000 122 
6277.112781500 125 
6277.113337000 128 
6277.113892500 131 
6277.114448000 133 
6277.115003500 137 
6277.115559000 139 
6277.116114500 141 
6277.116670000 143 
6277.117225500 144 
6277.117781000 144 
6277.118336500 144 
6277.118892000 145 
6277.119447500 144 
6277.120003000 142 
6277.120558500 140 
6277.121114000 139 
6277.121669500 136 
6277.122225000 133 
6277.122780500 130 
6277.123336000 127 
6277.123891500 124 
6277.124447000 122 
6277.125002500 118 
6277.125558000 116 
6277.126113500 114 
6277.126669000 113 
6277.127224500 111 
6277.127780000 111 
6277.128335500 110 
6277.128891000 110 
6277.129446500 111 
6277.130002000 113 
6277.130557500 115 
6277.131113000 116 
6277.131668500 119 
6277.132224000 123 
6277.132779500 125 
6277.133335000 128 
6277.133890500 131 
6277.134446000 135 
6277.135001500 137 
6277.135557000 139 
6277.136112500 141 
6277.136668000 143 
6277.137223500 144 
6277.137779000 144 
6277.138334500 146 
6277.138890000 145 
6277.139445500 144 
6277.140001000 142 
6277.140556500 141 
6277.141112000 139 
6277.141667500 136 
6277.142223000 134 
6277.142778500 130 
6277.143334000 127 
6277.143889500 124 
6277.144445000 122 
6277.145000500 119 
6277.145556000 115 
6277.146111500 113 
6277.146667000 113 
6277.147222500 111 
6277.147778000 110 
6277.148333500 110 
6277.148889000 110 
6277.149444500 110 
6277.150000000 113 
6277.150555500 115 
6277.151111000 116 
6277.151666500 120 
6277.152222000 122 
6277.152777500 125 
6277.153333000 128 
6277.153888500 131 
6277.154444000 133 
6277.154999500 137 
6277.155555000 140 
6277.156110500 142 
6277.156666000 143 
6277.157221500 145 
6277.157777000 145 
6277.158332500 145 
6277.158888000 146 
6277.159443500 144 
6277.159999000 143 
6277.160554500 141 
6277.161110000 139 
6277.161665500 136 
6277.162221000 133 
6277.162776500 130 
6277.163332000 127 
6277.163887500 124 
6277.164443000 121 
6277.164998500 119 
6277.165554000 116 
6277.166109500 115 
6277.166665000 113 
6277.167220500 111 
6277.167776000 110 
6277.168331500 110 
6277.168887000 110 
6277.169442500 111 
6277.169998000 113 
6277.170553500 115 
6277.171109000 116 
6277.171664500 119 
6277.172220000 122 
6277.172775500 125 
6277.173331000 128 
6277.173886500 131 
6277.174442000 134 
6277.174997500 137 
6277.175553000 139 
6277.176108500 141 
6277.176664000 144 
6277.177219500 145 
6277.177775000 145 
6277.178330500 145 
6277.178886000 145 
6277.179441500 144 
6277.179997000 142 
6277.180552500 141 
6277.181108000 138 
6277.181663500 137 
6277.182219000 133 
6277.182774500 130 
6277.183330000 127 
6277.183885500 125 
6277.184441000 121 
6277.184996500 118 
6277.185552000 116 
6277.186107500 114 
6277.186663000 112 
6277.187218500 110 
6277.187774000 111 
6277.188329500 110 
6277.188885000 110 
6277.189440500 111 
6277.189996000 113 
6277.190551500 114 
6277.191107000 116 
6277.191662500 120 
6277.192218000 122 
6277.192773500 124 
6277.193329000 129 
6277.193884500 131 
6277.194440000 134 
6277.194995500 137 
6277.195551000 139 
6277.196106500 142 
6277.196662000 143 
6277.197217500 144 
6277.197773000 146 
6277.198328500 146 
6277.198884000 145 
6277.199439500 144 
6277.199995000 143 
6277.200550500 141 
6277.201106000 138 
6277.201661500 136 
6277.202217000 134 
6277.202772500 131 
6277.203328000 127 
6277.203883500 125 
6277.204439000 121 
6277.204994500 118 
6277.205550000 116 
6277.206105500 114 
6277.206661000 112 
6277.207216500 111 
6277.207772000 110 
6277.208327500 110 
6277.208883000 110 
6277.209438500 111 
6277.209994000 113 
6277.210549500 114 
6277.211105000 116 
6277.211660500 119 
6277.212216000 122 
6277.212771500 125 
6277.213327000 129 
6277.213882500 131 
6277.214438000 134 
6277.214993500 137 
6277.215549000 140 
6277.216104500 141 
6277.216660000 143 
6277.217215500 145 
6277.217771000 144 
6277.218326500 146 
6277.218882000 146 
6277.219437500 144 
6277.219993000 143 
6277.220548500 141 
6277.221104000 139 
6277.221659500 136 
6277.222215000 134 
6277.222770500 130 
6277.223326000 128 
6277.223881500 124 
6277.224437000 121 
6277.224992500 119 
6277.225548000 116 
6277.226103500 114 
6277.226659000 113 
6277.227214500 111 
6277.227770000 110 
6277.228325500 111 
6277.228881000 111 
6277.229436500 111 
6277.229992000 112 
6277.230547500 115 
6277.231103000 117 
6277.231658500 119 
6277.232214000 121 
6277.232769500 125 
6277.233325000 128 
6277.233880500 131 
6277.234436000 134 
6277.234991500 136 
6277.235547000 140 
6277.236102500 142 
6277.236658000 144 
6277.237213500 144 
6277.237769000 145 
6277.238324500 145 
6277.238880000 146 
6277.239435500 144 
6277.239991000 142 
6277.240546500 142 
6277.241102000 139 
6277.241657500 136 
6277.242213000 133 
6277.242768500 131 
6277.243324000 128 
6277.243879500 124 
6277.244435000 121 
6277.244990500 119 
6277.245546000 116 
6277.246101500 113 
6277.246657000 112 
6277.247212500 112 
6277.247768000 110 
6277.248323500 111 
6277.248879000 110 
6277.249434500 111 
6277.249990000 113 
6277.250545500 114 
6277.251101000 116 
6277.251656500 119 
6277.252212000 121 
6277.252767500 125 
6277.253323000 128 
6277.253878500 131 
6277.254434000 133 
6277.254989500 137 
6277.255545000 139 
6277.256100500 141 
6277.256656000 143 
6277.257211500 145 
6277.257767000 145 
6277.258322500 145 
6277.258878000 144 
6277.259433500 145 
6277.259989000 143 
6277.260544500 140 
6277.261100000 139 
6277.261655500 136 
6277.262211000 134 
6277.262766500 130 
6277.263322000 127 
6277.263877500 124 
6277.264433000 121 
6277.264988500 118 
6277.265544000 115 
6277.266099500 114 
6277.266655000 112 
6277.267210500 111 
6277.267766000 111 
6277.268321500 110 
6277.268877000 110 
6277.269432500 111 
6277.269988000 113 
6277.270543500 114 
6277.271099000 116 
6277.271654500 119 
6277.272210000 122 
6277.272765500 125 
6277.273321000 128 
6277.273876500 131 
6277.274432000 135 
6277.274987500 136 
6277.275543000 139 
6277.276098500 142 
6277.276654000 143 
6277.277209500 145 
6277.277765000 145 
6277.278320500 146 
6277.278876000 145 
6277.279431500 144 
6277.279987000 144 
6277.280542500 141 
6277.281098000 139 
6277.281653500 136 
6277.282209000 133 
6277.282764500 131 
6277.283320000 127 
6277.283875500 123 
6277.284431000 121 
6277.284986500 119 
6277.285542000 116 
6277.286097500 113 
6277.286653000 112 
6277.287208500 111 
6277.287764000 110 
6277.288319500 110 
6277.288875000 111 
6277.289430500 111 
6277.289986000 112 
6277.290541500 115 
6277.291097000 116 
6277.291652500 119 
6277.292208000 121 
6277.292763500 124 
6277.293319000 129 
6277.293874500 131 
6277.294430000 133 
6277.294985500 137 
6277.295541000 140 
6277.296096500 142 
6277.296652000 143 
6277.297207500 145 
6277.297763000 145 
6277.298318500 145 
6277.298874000 144 
6277.299429500 145 
6277.299985000 143 
6277.300540500 141 
6277.301096000 139 
6277.301651500 137 
6277.302207000 134 
6277.302762500 131 
6277.303318000 127 
6277.303873500 124 
6277.304429000 121 
6277.304984500 119 
6277.305540000 116 
6277.306095500 113 
6277.306651000 113 
6277.307206500 111 
6277.307762000 110 
6277.308317500 110 
6277.308873000 110 
6277.309428500 112 
6277.309984000 112 
6277.310539500 114 
6277.311095000 117 
6277.311650500 119 
6277.312206000 121 
6277.312761500 126 
6277.313317000 128 
6277.313872500 130 
6277.314428000 134 
6277.314983500 136 
6277.315539000 139 
6277.316094500 142 
6277.316650000 143 
6277.331093000 116 
6277.331648500 120 
6277.332204000 122 
6277.332759500 125 
6277.333315000 128 
6277.333870500 131 
6277.334426000 134 
6277.334981500 137 
6277.335537000 139 
6277.336092500 142 
6277.336648000 143 
6277.337203500 144 
6277.337759000 146 
6277.338314500 146 
6277.338870000 145 
6277.339425500 144 
6277.339981000 143 
6277.340536500 141 
6277.341092000 139 
6277.341647500 137 
6277.342203000 133 
6277.342758500 130 
6277.343314000 128 
6277.343869500 125 
6277.344425000 122 
6277.344980500 119 
6277.345536000 116 
6277.346091500 114 
6277.346647000 112 
6277.347202500 111 
6277.347758000 110 
6277.348313500 110 
6277.348869000 110 
6277.349424500 111 
6277.349980000 112 
6277.350535500 114 
6277.351091000 116 
6277.351646500 119 
6277.352202000 122 
6277.352757500 125 
6277.353313000 128 
6277.353868500 130 
6277.354424000 134 
6277.354979500 136 
6277.355535000 140 
6277.356090500 142 
6277.356646000 143 
6277.357201500 146 
6277.357757000 145 
6277.358312500 145 
6277.358868000 145 
6277.359423500 144 
6277.359979000 143 
6277.360534500 141 
6277.361090000 139 
6277.361645500 136 
6277.362201000 134 
6277.362756500 131 
6277.363312000 127 
6277.363867500 124 
6277.364423000 122 
6277.364978500 118 
6277.365534000 117 
6277.366089500 113 
6277.366645000 112 
6277.367200500 112 
6277.367756000 110 
6277.368311500 109 
6277.368867000 110 
6277.369422500 111 
6277.369978000 112 
6277.370533500 113 
6277.371089000 117 
6277.371644500 119 
6277.372200000 121 
6277.372755500 125 
6277.373311000 128 
6277.373866500 131 
6277.374422000 134 
6277.374977500 137 
6277.375533000 140 
6277.376088500 142 
6277.376644000 143 
6277.377199500 146 
6277.377755000 145 
6277.378310500 145 
6277.378866000 145 
6277.379421500 145 
6277.379977000 143 
6277.380532500 141 
6277.381088000 138 
6277.381643500 137 
6277.382199000 133 
6277.382754500 130 
6277.383310000 128 
6277.383865500 125 
6277.384421000 121 
6277.384976500 118 
6277.385532000 116 
6277.386087500 113 
6277.386643000 113 
6277.387198500 111 
6277.387754000 110 
6277.388309500 109 
6277.388865000 110 
6277.389420500 111 
6277.389976000 112 
6277.390531500 115 
6277.391087000 116 
6277.391642500 119 
6277.392198000 123 
6277.392753500 125 
6277.393309000 128 
6277.393864500 131 
6277.394420000 135 
6277.394975500 137 
6277.395531000 139 
6277.396086500 141 
6277.396642000 144 
6277.397197500 145 
6277.397753000 145 
6277.398308500 145 
6277.398864000 146 
6277.399419500 144 
6277.399975000 144 
6277.400530500 141 
6277.401086000 139 
6277.401641500 137 
6277.402197000 134 
6277.402752500 130 
6277.403308000 128 
6277.403863500 124 
6277.404419000 121 
6277.404974500 119 
6277.405530000 116 
6277.406085500 113 
6277.406641000 112 
6277.407196500 111 
6277.407752000 109 
6277.408307500 110 
6277.408863000 110 
6277.409418500 111 
6277.409974000 112 
6277.410529500 114 
6277.411085000 117 
6277.411640500 119 
6277.412196000 121 
6277.412751500 125 
6277.413307000 128 
6277.413862500 130 
6277.414418000 134 
6277.414973500 137 
6277.415529000 139 
6277.416084500 142 
6277.416640000 144 
6277.417195500 144 
6277.417751000 145 
6277.418306500 146 
6277.418862000 146 
6277.419417500 144 
6277.419973000 144 
6277.420528500 142 
6277.421084000 139 
6277.421639500 136 
6277.422195000 134 
6277.422750500 131 
6277.423306000 127 
6277.423861500 124 
6277.424417000 121 
6277.424972500 119 
6277.425528000 116 
6277.426083500 113 
6277.426639000 113 
6277.427194500 111 
6277.427750000 110 
6277.428305500 110 
6277.428861000 110 
6277.429416500 110 
6277.429972000 112 
6277.430527500 113 
6277.431083000 116 
6277.431638500 118 
6277.432194000 122 
6277.432749500 125 
6277.433305000 127 
6277.433860500 131 
6277.434416000 134 
6277.434971500 137 
6277.435527000 140 
6277.436082500 142 
6277.436638000 143 
6277.437193500 144 
6277.437749000 146 
6277.438304500 146 
6277.438860000 145 
6277.439415500 144 
6277.439971000 143 
6277.440526500 141 
6277.441082000 140 
6277.441637500 137 
6277.442193000 134 
6277.442748500 131 
6277.443304000 127 
6277.443859500 125 
6277.444415000 121 
6277.444970500 119 
6277.445526000 115 
6277.446081500 112 
6277.446637000 112 
6277.447192500 110 
6277.447748000 109 
6277.448303500 110 
6277.448859000 109 
6277.449414500 110 
6277.449970000 112 
6277.450525500 113 
6277.451081000 115 
6277.451636500 119 
6277.452192000 121 
6277.452747500 124 
6277.453303000 128 
6277.453858500 131 
6277.454414000 134 
6277.454969500 138 
6277.455525000 140 
6277.456080500 142 
6277.456636000 144 
6277.457191500 145 
6277.457747000 146 
6277.458302500 146 
6277.458858000 146 
6277.459413500 145 
6277.459969000 144 
6277.460524500 141 
6277.461080000 140 
6277.461635500 136 
6277.462191000 134 
6277.462746500 131 
6277.463302000 127 
6277.463857500 124 
6277.464413000 121 
6277.464968500 118 
6277.465524000 115 
6277.466079500 113 
6277.466635000 111 
6277.467190500 109 
6277.467746000 110 
6277.468301500 109 
6277.468857000 109 
6277.469412500 110 
6277.469968000 112 
6277.470523500 113 
6277.471079000 115 
6277.471634500 119 
6277.472190000 121 
6277.472745500 125 
6277.473301000 128 
6277.473856500 130 
6277.474412000 135 
6277.474967500 137 
6277.475523000 139 
6277.476078500 143 
6277.476634000 144 
6277.477189500 145 
6277.477745000 146 
6277.478300500 146 
6277.478856000 147 
6277.479411500 145 
6277.479967000 143 
6277.480522500 141 
6277.481078000 140 
6277.481633500 137 
6277.482189000 134 
6277.482744500 131 
6277.483300000 128 
6277.483855500 124 
6277.484411000 121 
6277.484966500 118 
6277.485522000 115 
6277.486077500 113 
6277.486633000 111 
6277.487188500 110 
6277.487744000 110 
6277.488299500 108 
6277.488855000 110 
6277.489410500 110 
6277.489966000 111 
6277.490521500 114 
6277.491077000 116 
6277.491632500 118 
6277.492188000 121 
6277.492743500 125 
6277.493299000 128 
6277.493854500 131 
6277.494410000 134 
6277.494965500 138 
6277.495521000 140 
6277.496076500 142 
6277.496632000 144 
6277.497187500 146 
6277.497743000 146 
6277.498298500 146 
6277.498854000 146 
6277.499409500 145 
6277.499965000 143 
6277.500520500 142 
6277.501076000 139 
6277.501631500 137 
6277.502187000 134 
6277.502742500 130 
6277.503298000 127 
6277.503853500 124 
6277.504409000 121 
6277.504964500 119 
6277.505520000 115 
6277.506075500 113 
6277.506631000 110 
6277.507186500 110 
6277.507742000 109 
6277.508297500 108 
6277.508853000 110 
6277.509408500 110 
6277.509964000 111 
6277.510519500 114 
6277.511075000 116 
6277.511630500 118 
6277.512186000 122 
6277.512741500 124 
6277.513297000 128 
6277.513852500 131 
6277.514408000 135 
6277.514963500 137 
6277.515519000 140 
6277.516074500 142 
6277.516630000 145 
6277.517185500 145 
6277.517741000 146 
6277.518296500 147 
6277.518852000 146 
6277.519407500 145 
6277.519963000 145 
6277.520518500 142 
6277.521074000 139 
6277.521629500 137 
6277.522185000 134 
6277.522740500 130 
6277.523296000 128 
6277.523851500 124 
6277.524407000 121 
6277.524962500 118 
6277.525518000 115 
6277.526073500 114 
6277.526629000 111 
6277.527184500 110 
6277.527740000 109 
6277.528295500 108 
6277.528851000 109 
6277.529406500 111 
6277.529962000 111 
6277.530517500 113 
6277.531073000 116 
6277.531628500 119 
6277.532184000 120 
6277.532739500 125 
6277.533295000 128 
6277.533850500 131 
6277.534406000 135 
6277.534961500 138 
6277.535517000 140 
6277.536072500 142 
6277.536628000 144 
6277.537183500 145 
6277.537739000 147 
6277.538294500 147 
6277.538850000 146 
6277.539405500 145 
6277.539961000 144 
6277.540516500 142 
6277.541072000 140 
6277.541627500 137 
6277.542183000 135 
6277.542738500 131 
6277.543294000 127 
6277.543849500 124 
6277.544405000 121 
6277.544960500 118 
6277.545516000 116 
6277.546071500 114 
6277.546627000 111 
6277.547182500 110 
6277.547738000 109 
6277.548293500 110 
6277.548849000 109 
6277.549404500 110 
6277.549960000 112 
6277.550515500 113 
6277.551071000 115 
6277.551626500 119 
6277.552182000 122 
6277.552737500 124 
6277.553293000 128 
6277.553848500 131 
6277.554404000 134 
6277.554959500 137 
6277.555515000 140 
6277.556070500 142 
6277.556626000 144 
6277.557181500 145 
6277.557737000 146 
6277.558292500 147 
6277.558848000 146 
6277.559403500 145 
6277.559959000 144 
6277.560514500 142 
6277.561070000 140 
6277.561625500 136 
6277.562181000 135 
6277.562736500 131 
6277.563292000 127 
6277.563847500 124 
6277.564403000 122 
6277.564958500 118 
6277.565514000 115 
6277.566069500 112 
6277.566625000 112 
6277.567180500 109 
6277.567736000 109 
6277.568291500 109 
6277.568847000 109 
6277.569402500 111 
6277.569958000 111 
6277.570513500 113 
6277.571069000 116 
6277.571624500 119 
6277.572180000 121 
6277.572735500 124 
6277.573291000 128 
6277.573846500 131 
6277.574402000 134 
6277.574957500 137 
6277.575513000 140 
6277.576068500 142 
6277.576624000 145 
6277.577179500 146 
6277.577735000 146 
6277.578290500 147 
6277.578846000 147 
6277.579401500 145 
6277.579957000 143 
6277.580512500 143 
6277.581068000 139 
6277.581623500 137 
6277.582179000 134 
6277.582734500 130 
6277.583290000 128 
6277.583845500 124 
6277.584401000 122 
6277.584956500 119 
6277.585512000 115 
6277.586067500 114 
6277.586623000 112 
6277.587178500 110 
6277.587734000 110 
6277.588289500 109 
6277.588845000 109 
6277.589400500 109 
6277.589956000 112 
6277.590511500 114 
6277.591067000 115 
6277.591622500 118 
6277.592178000 121 
6277.592733500 125 
6277.593289000 127 
6277.593844500 131 
6277.594400000 135 
6277.594955500 137 
6277.595511000 139 
6277.596066500 142 
6277.596622000 144 
6277.597177500 145 
6277.597733000 146 
6277.598288500 146 
6277.598844000 147 
6277.599399500 145 
6277.599955000 143 
6277.600510500 141 
6277.601066000 140 
6277.601621500 137 
6277.602177000 134 
6277.602732500 131 
6277.603288000 128 
6277.603843500 124 
6277.604399000 120 
6277.604954500 119 
6277.605510000 116 
6277.606065500 113 
6277.606621000 111 
6277.607176500 111 
6277.607732000 110 
6277.608287500 108 
6277.608843000 110 
6277.609398500 111 
6277.609954000 111 
6277.610509500 114 
6277.611065000 116 
6277.611620500 118 
6277.612176000 121 
6277.612731500 124 
6277.613287000 127 
6277.613842500 131 
6277.614398000 134 
6277.614953500 137 
6277.615509000 140 
6277.616064500 142 
6277.616620000 144 
6277.617175500 145 
6277.617731000 145 
6277.618286500 146 
6277.618842000 146 
6277.619397500 145 
6277.619953000 143 
6277.620508500 143 
6277.621064000 140 
6277.621619500 136 
6277.622175000 135 
6277.622730500 131 
6277.623286000 128 
6277.623841500 124 
6277.624397000 122 
6277.624952500 119 
6277.625508000 115 
6277.626063500 114 
6277.626619000 111 
6277.627174500 110 
6277.627730000 110 
6277.628285500 109 
6277.628841000 109 
6277.629396500 110 
6277.629952000 112 
6277.630507500 114 
6277.631063000 115 
6277.631618500 119 
6277.632174000 121 
6277.632729500 124 
6277.633285000 128 
6277.633840500 131 
6277.634396000 134 
6277.634951500 137 
6277.635507000 141 
6277.636062500 142 
6277.636618000 144 
6277.637173500 146 
6277.637729000 146 
6277.638284500 147 
6277.638840000 146 
6277.639395500 146 
6277.639951000 144 
6277.640506500 142 
6277.641062000 139 
6277.641617500 138 
6277.642173000 134 
6277.642728500 130 
6277.643284000 128 
6277.643839500 124 
6277.644395000 120 
6277.644950500 119 
6277.645506000 115 
6277.646061500 113 
6277.646617000 112 
6277.647172500 111 
6277.647728000 109 
6277.648283500 109 
6277.648839000 110 
6277.649394500 110 
6277.649950000 111 
6277.650505500 113 
6277.651061000 116 
6277.651616500 118 
6277.652172000 122 
6277.652727500 125 
6277.653283000 127 
6277.653838500 131 
6277.654394000 135 
6277.654949500 137 
6277.655505000 139 
6277.656060500 142 
6277.656616000 144 
6277.657171500 146 
6277.657727000 147 
6277.658282500 147 
6277.658838000 147 
6277.659393500 145 
6277.659949000 145 
6277.660504500 143 
6277.661060000 140 
6277.661615500 137 
6277.662171000 135 
6277.662726500 131 
6277.663282000 127 
6277.663837500 124 
6277.664393000 121 
6277.664948500 117 
6277.665504000 115 
6277.666059500 112 
6277.666615000 111 
6277.667170500 109 
6277.667726000 108 
6277.668281500 108 
6277.668837000 108 
6277.669392500 109 
6277.669948000 111 
6277.670503500 112 
6277.671059000 115 
6277.671614500 118 
6277.672170000 121 
6277.672725500 124 
6277.673281000 128 
6277.673836500 132 
6277.674392000 134 
6277.674947500 137 
6277.675503000 141 
6277.676058500 143 
6277.676614000 144 
6277.677169500 146 
6277.677725000 147 
6277.678280500 147 
6277.678836000 148 
6277.679391500 146 
6277.679947000 145 
6277.680502500 142 
6277.681058000 140 
6277.681613500 137 
6277.682169000 134 
6277.682724500 131 
6277.683280000 127 
6277.683835500 124 
6277.684391000 121 
6277.684946500 117 
6277.685502000 114 
6277.686057500 113 
6277.686613000 110 
6277.687168500 109 
6277.687724000 108 
6277.688279500 108 
6277.688835000 108 
6277.689390500 109 
6277.689946000 111 
6277.690501500 112 
6277.691057000 115 
6277.691612500 118 
6277.692168000 121 
6277.692723500 125 
6277.693279000 128 
6277.693834500 131 
6277.694390000 135 
6277.694945500 137 
6277.695501000 140 
6277.696056500 143 
6277.696612000 145 
6277.697167500 147 
6277.697723000 147 
6277.698278500 147 
6277.698834000 147 
6277.699389500 147 
6277.699945000 145 
6277.700500500 142 
6277.701056000 140 
6277.701611500 137 
6277.702167000 135 
6277.702722500 131 
6277.703278000 127 
6277.703833500 124 
6277.704389000 121 
6277.704944500 118 
6277.705500000 114 
6277.706055500 113 
6277.706611000 111 
6277.707166500 109 
6277.707722000 108 
6277.708277500 108 
6277.708833000 108 
6277.709388500 110 
6277.709944000 111 
6277.710499500 112 
6277.711055000 115 
6277.711610500 117 
6277.712166000 120 
6277.712721500 125 
6277.713277000 128 
6277.713832500 130 
6277.714388000 135 
6277.714943500 138 
6277.715499000 140 
6277.716054500 142 
6277.716610000 145 
6277.717165500 147 
6277.717721000 147 
6277.718276500 147 
6277.718832000 148 
6277.719387500 146 
6277.719943000 144 
6277.720498500 144 
6277.721054000 140 
6277.721609500 137 
6277.722165000 135 
6277.722720500 131 
6277.723276000 127 
6277.723831500 124 
6277.724387000 121 
6277.724942500 117 
6277.725498000 114 
6277.726053500 113 
6277.726609000 111 
6277.727164500 108 
6277.727720000 109 
6277.728275500 108 
6277.728831000 108 
6277.729386500 109 
6277.729942000 111 
6277.730497500 113 
6277.731053000 115 
6277.731608500 117 
6277.732164000 122 
6277.732719500 124 
6277.733275000 127 
6277.733830500 131 
6277.734386000 135 
6277.734941500 137 
6277.735497000 141 
6277.736052500 143 
6277.736608000 144 
6277.737163500 146 
6277.737719000 147 
6277.738274500 148 
6277.738830000 147 
6277.739385500 146 
6277.739941000 144 
6277.740496500 143 
6277.741052000 140 
6277.741607500 138 
6277.742163000 134 
6277.742718500 131 
6277.743274000 128 
6277.743829500 124 
6277.744385000 120 
6277.744940500 118 
6277.745496000 115 
6277.746051500 112 
6277.746607000 110 
6277.747162500 109 
6277.747718000 108 
6277.748273500 107 
6277.748829000 108 
6277.749384500 109 
6277.749940000 111 
6277.750495500 112 
6277.751051000 114 
6277.751606500 118 
6277.752162000 121 
6277.752717500 124 
6277.753273000 129 
6277.753828500 131 
6277.754384000 134 
6277.754939500 139 
6277.755495000 141 
6277.756050500 143 
6277.756606000 145 
6277.757161500 148 
6277.757717000 148 
6277.758272500 148 
6277.758828000 147 
6277.759383500 147 
6277.759939000 145 
6277.760494500 144 
6277.761050000 141 
6277.761605500 137 
6277.762161000 135 
6277.762716500 131 
6277.763272000 128 
6277.763827500 124 
6277.764383000 121 
6277.764938500 118 
6277.765494000 114 
6277.766049500 112 
6277.766605000 111 
6277.767160500 108 
6277.767716000 108 
6277.768271500 108 
6277.768827000 108 
6277.769382500 108 
6277.769938000 111 
6277.770493500 112 
6277.771049000 114 
6277.771604500 118 
6277.772160000 121 
6277.772715500 124 
6277.773271000 127 
6277.773826500 132 
6277.774382000 134 
6277.774937500 137 
6277.775493000 141 
6277.776048500 143 
6277.776604000 145 
6277.777159500 147 
6277.777715000 148 
6277.778270500 148 
6277.778826000 148 
6277.779381500 146 
6277.779937000 146 
6277.780492500 143 
6277.781048000 140 
6277.781603500 137 
6277.782159000 135 
6277.782714500 131 
6277.783270000 127 
6277.783825500 124 
6277.784381000 121 
6277.784936500 118 
6277.785492000 115 
6277.786047500 112 
6277.786603000 111 
6277.787158500 109 
6277.787714000 107 
6277.788269500 108 
6277.788825000 108 
6277.789380500 108 
6277.789936000 111 
6277.790491500 112 
6277.791047000 114 
6277.791602500 118 
6277.792158000 120 
6277.792713500 124 
6277.793269000 128 
6277.793824500 131 
6277.794380000 135 
6277.794935500 138 
6277.795491000 140 
6277.796046500 143 
6277.796602000 146 
6277.797157500 146 
6277.797713000 147 
6277.798268500 149 
6277.798824000 148 
6277.799379500 147 
6277.799935000 145 
6277.800490500 144 
6277.801046000 141 
6277.801601500 137 
6277.802157000 135 
6277.802712500 131 
6277.803268000 127 
6277.803823500 125 
6277.804379000 121 
6277.804934500 117 
6277.805490000 115 
6277.806045500 111 
6277.806601000 111 
6277.807156500 109 
6277.807712000 107 
6277.808267500 108 
6277.808823000 108 
6277.809378500 109 
6277.809934000 109 
6277.810489500 113 
6277.811045000 115 
6277.811600500 117 
6277.812156000 121 
6277.812711500 124 
6277.813267000 128 
6277.813822500 132 
6277.814378000 134 
6277.814933500 137 
6277.815489000 141 
6277.816044500 144 
6277.816600000 145 
6277.817155500 146 
6277.817711000 148 
6277.818266500 148 
6277.818822000 148 
6277.819377500 147 
6277.819933000 146 
6277.820488500 143 
6277.821044000 140 
6277.821599500 139 
6277.822155000 135 
6277.822710500 131 
6277.823266000 127 
6277.823821500 124 
6277.824377000 121 
6277.824932500 117 
6277.825488000 115 
6277.826043500 112 
6277.826599000 110 
6277.827154500 108 
6277.827710000 108 
6277.828265500 107 
6277.828821000 107 
6277.829376500 108 
6277.829932000 110 
6277.830487500 112 
6277.831043000 114 
6277.831598500 117 
6277.832154000 121 
6277.832709500 124 
6277.833265000 127 
6277.833820500 131 
6277.834376000 134 
6277.834931500 138 
6277.835487000 141 
6277.836042500 143 
6277.836598000 146 
6277.837153500 147 
6277.837709000 147 
6277.838264500 148 
6277.838820000 148 
6277.839375500 147 
6277.839931000 145 
6277.840486500 144 
6277.841042000 141 
6277.841597500 137 
6277.842153000 135 
6277.842708500 132 
6277.843264000 127 
6277.843819500 125 
6277.844375000 121 
6277.844930500 117 
6277.845486000 115 
6277.846041500 112 
6277.846597000 111 
6277.847152500 109 
6277.847708000 108 
6277.848263500 107 
6277.848819000 108 
6277.849374500 108 
6277.849930000 111 
6277.850485500 113 
6277.851041000 114 
6277.851596500 117 
6277.852152000 121 
6277.852707500 123 
6277.853263000 128 
6277.853818500 131 
6277.854374000 134 
6277.854929500 137 
6277.855485000 141 
6277.856040500 143 
6277.856596000 145 
6277.857151500 146 
6277.857707000 148 
6277.858262500 148 
6277.858818000 147 
6277.859373500 147 
6277.859929000 145 
6277.860484500 144 
6277.861040000 141 
6277.861595500 139 
6277.862151000 135 
6277.862706500 131 
6277.863262000 127 
6277.863817500 124 
6277.864373000 122 
6277.864928500 118 
6277.865484000 114 
6277.866039500 113 
6277.866595000 110 
6277.867150500 108 
6277.867706000 108 
6277.868261500 108 
6277.868817000 108 
6277.869372500 108 
6277.869928000 111 
6277.870483500 112 
6277.871039000 114 
6277.871594500 118 
6277.872150000 121 
6277.872705500 124 
6277.873261000 128 
6277.873816500 131 
6277.874372000 135 
6277.874927500 138 
6277.875483000 140 
6277.876038500 144 
6277.876594000 146 
6277.877149500 147 
6277.877705000 147 
6277.878260500 148 
6277.878816000 148 
6277.879371500 146 
6277.879927000 145 
6277.880482500 144 
6277.881038000 141 
6277.881593500 137 
6277.882149000 135 
6277.882704500 132 
6277.883260000 128 
6277.883815500 123 
6277.884371000 121 
6277.884926500 117 
6277.885482000 114 
6277.886037500 113 
6277.886593000 111 
6277.887148500 108 
6277.887704000 108 
6277.888259500 108 
6277.888815000 107 
6277.889370500 109 
6277.889926000 110 
6277.890481500 112 
6277.891037000 114 
6277.891592500 118 
6277.892148000 121 
6277.892703500 124 
6277.893259000 128 
6277.893814500 131 
6277.894370000 134 
6277.894925500 138 
6277.895481000 141 
6277.896036500 144 
6277.896592000 145 
6277.897147500 146 
6277.897703000 148 
6277.898258500 148 
6277.898814000 149 
6277.899369500 147 
6277.899925000 145 
6277.900480500 144 
6277.901036000 141 
6277.901591500 137 
6277.902147000 135 
6277.902702500 131 
6277.903258000 127 
6277.903813500 125 
6277.904369000 121 
6277.904924500 117 
6277.905480000 115 
6277.906035500 112 
6277.906591000 109 
6277.907146500 108 
6277.907702000 107 
6277.908257500 106 
6277.908813000 108 
6277.909368500 108 
6277.909924000 110 
6277.910479500 111 
6277.911035000 114 
6277.911590500 117 
6277.912146000 120 
6277.912701500 124 
6277.913257000 128 
6277.913812500 131 
6277.914368000 135 
6277.914923500 138 
6277.915479000 140 
6277.916034500 144 
6277.916590000 146 
6277.917145500 148 
6277.917701000 149 
6277.918256500 149 
6277.918812000 148 
6277.919367500 148 
6277.919923000 146 
6277.920478500 144 
6277.921034000 141 
6277.921589500 138 
6277.922145000 136 
6277.922700500 132 
6277.923256000 127 
6277.923811500 125 
6277.924367000 121 
6277.924922500 117 
6277.925478000 114 
6277.926033500 112 
6277.926589000 109 
6277.927144500 107 
6277.927700000 108 
6277.928255500 107 
6277.928811000 107 
6277.929366500 107 
6277.929922000 109 
6277.930477500 111 
6277.931033000 114 
6277.931588500 116 
6277.932144000 121 
6277.932699500 123 
6277.933255000 128 
6277.933810500 131 
6277.934366000 135 
6277.934921500 138 
6277.935477000 141 
6277.936032500 144 
6277.936588000 146 
6277.937143500 147 
6277.937699000 149 
6277.938254500 149 
6277.938810000 148 
6277.939365500 148 
6277.939921000 146 
6277.940476500 144 
6277.941032000 141 
6277.941587500 139 
6277.942143000 135 
6277.942698500 131 
6277.943254000 128 
6277.943809500 124 
6277.944365000 120 
6277.944920500 117 
6277.945476000 115 
6277.946031500 111 
6277.946587000 109 
6277.947142500 108 
6277.947698000 107 
6277.948253500 106 
6277.948809000 107 
6277.949364500 108 
6277.949920000 109 
6277.950475500 112 
6277.951031000 114 
6277.951586500 116 
6277.952142000 121 
6277.952697500 124 
6277.953253000 127 
6277.953808500 131 
6277.954364000 135 
6277.954919500 138 
6277.955475000 141 
6277.956030500 143 
6277.956586000 147 
6277.957141500 147 
6277.957697000 149 
6277.958252500 149 
6277.958808000 149 
6277.959363500 148 
6277.959919000 145 
6277.960474500 145 
6277.961030000 142 
6277.961585500 138 
6277.962141000 135 
6277.962696500 132 
6277.963252000 128 
6277.963807500 123 
6277.964363000 120 
6277.964918500 118 
6277.965474000 114 
6277.966029500 111 
6277.966585000 110 
6277.967140500 108 
6277.967696000 107 
6277.968251500 107 
6277.968807000 107 
6277.969362500 107 
6277.969918000 109 
6277.970473500 112 
6277.971029000 114 
6277.971584500 116 
6277.972140000 121 
6277.972695500 123 
6277.973251000 128 
6277.973806500 132 
6277.974362000 135 
6277.974917500 137 
6277.975473000 142 
6277.976028500 144 
6277.976584000 146 
6277.977139500 148 
6277.977695000 149 
6277.978250500 148 
6277.978806000 148 
6277.979361500 148 
6277.979917000 146 
6277.980472500 144 
6277.981028000 141 
6277.981583500 139 
6277.982139000 135 
6277.982694500 131 
6277.983250000 127 
6277.983805500 125 
6277.984361000 121 
6277.984916500 117 
6277.985472000 114 
6277.986027500 111 
6277.986583000 110 
6277.987138500 108 
6277.987694000 106 
6277.988249500 107 
6277.988805000 107 
6277.989360500 107 
6277.989916000 110 
6277.990471500 112 
6277.991027000 114 
6277.991582500 116 
6277.992138000 121 
6277.992693500 124 
6277.993249000 127 
6277.993804500 132 
6277.994360000 135 
6277.994915500 137 
6277.995471000 141 
6277.996026500 144 
6277.996582000 146 
6277.997137500 147 
6277.997693000 149 
6277.998248500 149 
6277.998804000 148 
6277.999359500 148 
6277.999915000 146 
6278.000470500 143 
6278.001026000 142 
6278.001581500 138 
6278.002137000 135 
6278.002692500 131 
6278.003248000 129 
6278.003803500 124 
6278.004359000 120 
6278.004914500 118 
6278.005470000 115 
6278.006025500 111 
6278.006581000 109 
6278.007136500 107 
6278.007692000 108 
6278.008247500 106 
6278.008803000 106 
6278.009358500 108 
6278.009914000 109 
6278.010469500 111 
6278.011025000 113 
6278.011580500 117 
6278.012136000 120 
6278.012691500 124 
6278.013247000 127 
6278.013802500 132 
6278.014358000 135 
6278.014913500 139 
6278.015469000 141 
6278.016024500 144 
6278.016580000 145 
6278.017135500 148 
6278.017691000 148 
6278.018246500 149 
6278.018802000 149 
6278.019357500 148 
6278.019913000 146 
6278.020468500 144 
6278.021024000 142 
6278.021579500 139 
6278.022135000 135 
6278.022690500 131 
6278.023246000 128 
6278.023801500 124 
6278.024357000 120 
6278.024912500 117 
6278.025468000 115 
6278.026023500 112 
6278.026579000 109 
6278.027134500 108 
6278.027690000 107 
6278.028245500 107 
6278.028801000 107 
6278.029356500 107 
6278.029912000 110 
6278.030467500 111 
6278.031023000 114 
6278.031578500 116 
6278.032134000 121 
6278.032689500 124 
6278.033245000 127 
6278.033800500 131 
6278.034356000 135 
6278.034911500 138 
6278.035467000 140 
6278.036022500 143 
6278.036578000 146 
6278.037133500 147 
6278.037689000 147 
6278.038244500 148 
6278.038800000 147 
6278.039355500 148 
6278.039911000 145 
6278.040466500 143 
6278.041022000 142 
6278.041577500 138 
6278.042133000 135 
6278.042688500 132 
6278.043244000 128 
6278.043799500 124 
6278.044355000 122 
6278.044910500 117 
6278.045466000 116 
6278.046021500 112 
6278.046577000 110 
6278.047132500 108 
6278.047688000 108 
6278.048243500 108 
6278.048799000 107 
6278.049354500 108 
6278.049910000 111 
6278.050465500 112 
6278.051021000 114 
6278.051576500 118 
6278.052132000 120 
6278.052687500 124 
6278.053243000 128 
6278.053798500 131 
6278.054354000 134 
6278.054909500 138 
6278.055465000 140 
6278.056020500 144 
6278.056576000 145 
6278.057131500 147 
6278.057687000 148 
6278.058242500 148 
6278.058798000 148 
6278.059353500 147 
6278.059909000 145 
6278.060464500 144 
6278.061020000 141 
6278.061575500 137 
6278.062131000 135 
6278.062686500 131 
6278.063242000 127 
6278.063797500 124 
6278.064353000 121 
6278.064908500 118 
6278.065464000 114 
6278.066019500 113 
6278.066575000 110 
6278.067130500 108 
6278.067686000 108 
6278.068241500 107 
6278.068797000 107 
6278.069352500 108 
6278.069908000 111 
6278.070463500 112 
6278.071019000 114 
6278.071574500 118 
6278.072130000 121 
6278.072685500 124 
6278.073241000 127 
6278.073796500 131 
6278.074352000 135 
6278.074907500 138 
6278.075463000 140 
6278.076018500 143 
6278.076574000 145 
6278.077129500 146 
6278.077685000 147 
6278.078240500 148 
6278.078796000 147 
6278.079351500 148 
6278.079907000 145 
6278.080462500 143 
6278.081018000 141 
6278.081573500 139 
6278.082129000 135 
6278.082684500 132 
6278.083240000 128 
6278.083795500 125 
6278.084351000 121 
6278.084906500 117 
6278.085462000 115 
6278.086017500 113 
6278.086573000 110 
6278.087128500 109 
6278.087684000 108 
6278.088239500 107 
6278.088795000 108 
6278.089350500 109 
6278.089906000 110 
6278.090461500 112 
6278.091017000 115 
6278.091572500 118 
6278.092128000 120 
6278.092683500 124 
6278.093239000 128 
6278.093794500 130 
6278.094350000 134 
6278.094905500 138 
6278.095461000 140 
6278.096016500 143 
6278.096572000 145 
6278.097127500 146 
6278.097683000 148 
6278.098238500 148 
6278.098794000 147 
6278.099349500 147 
6278.099905000 146 
6278.100460500 143 
6278.101016000 141 
6278.101571500 138 
6278.102127000 135 
6278.102682500 132 
6278.103238000 128 
6278.103793500 124 
6278.104349000 121 
6278.104904500 119 
6278.105460000 115 
6278.106015500 112 
6278.106571000 110 
6278.107126500 109 
6278.107682000 108 
6278.108237500 108 
6278.108793000 108 
6278.109348500 108 
6278.109904000 110 
6278.110459500 112 
6278.111015000 114 
6278.111570500 118 
6278.112126000 120 
6278.112681500 124 
6278.113237000 128 
6278.113792500 130 
6278.114348000 134 
6278.114903500 138 
6278.115459000 141 
6278.116014500 143 
6278.116570000 145 
6278.117125500 147 
6278.117681000 148 
6278.118236500 147 
6278.118792000 148 
6278.119347500 147 
6278.119903000 145 
6278.120458500 143 
6278.121014000 141 
6278.121569500 138 
6278.122125000 134 
6278.122680500 132 
6278.123236000 128 
6278.123791500 125 
6278.124347000 121 
6278.124902500 119 
6278.125458000 114 
6278.126013500 112 
6278.126569000 111 
6278.127124500 109 
6278.127680000 108 
6278.128235500 108 
6278.128791000 107 
6278.129346500 108 
6278.129902000 111 
6278.130457500 112 
6278.131013000 114 
6278.131568500 118 
6278.132124000 121 
6278.132679500 124 
6278.133235000 127 
6278.133790500 132 
6278.134346000 135 
6278.134901500 138 
6278.135457000 140 
6278.136012500 144 
6278.136568000 145 
6278.137123500 147 
6278.137679000 148 
6278.138234500 147 
6278.138790000 148 
6278.139345500 147 
6278.139901000 145 
6278.140456500 143 
6278.141012000 141 
6278.141567500 138 
6278.142123000 134 
6278.142678500 131 
6278.143234000 128 
6278.143789500 125 
6278.144345000 121 
6278.144900500 118 
6278.145456000 115 
6278.146011500 112 
6278.146567000 110 
6278.147122500 109 
6278.147678000 107 
6278.148233500 109 
6278.148789000 108 
6278.149344500 108 
6278.149900000 110 
6278.150455500 112 
6278.151011000 114 
6278.151566500 116 
6278.152122000 121 
6278.152677500 123 
6278.153233000 128 
6278.153788500 131 
6278.154344000 135 
6278.154899500 138 
6278.155455000 140 
6278.156010500 143 
6278.156566000 146 
6278.157121500 146 
6278.157677000 147 
6278.158232500 148 
6278.158788000 148 
6278.159343500 146 
6278.159899000 145 
6278.160454500 144 
6278.161010000 141 
6278.161565500 137 
6278.162121000 135 
6278.162676500 132 
6278.163232000 128 
6278.163787500 125 
6278.164343000 121 
6278.164898500 117 
6278.165454000 115 
6278.166009500 112 
6278.166565000 110 
6278.167120500 109 
6278.167676000 107 
6278.168231500 108 
6278.168787000 108 
6278.169342500 108 
6278.169898000 110 
6278.170453500 111 
6278.171009000 115 
6278.171564500 117 
6278.172120000 120 
6278.172675500 124 
6278.173231000 128 
6278.173786500 131 
6278.174342000 134 
6278.174897500 138 
6278.175453000 141 
6278.176008500 143 
6278.176564000 146 
6278.177119500 146 
6278.177675000 147 
6278.178230500 147 
6278.178786000 148 
6278.179341500 147 
6278.179897000 145 
6278.180452500 143 
6278.181008000 141 
6278.181563500 137 
6278.182119000 135 
6278.182674500 132 
6278.183230000 127 
6278.183785500 125 
6278.184341000 121 
6278.184896500 117 
6278.185452000 115 
6278.186007500 112 
6278.186563000 110 
6278.187118500 109 
6278.187674000 107 
6278.188229500 107 
6278.188785000 108 
6278.189340500 108 
6278.189896000 109 
6278.190451500 112 
6278.191007000 114 
6278.191562500 116 
6278.192118000 121 
6278.192673500 124 
6278.193229000 127 
6278.193784500 132 
6278.194340000 134 
6278.194895500 138 
6278.195451000 140 
6278.196006500 145 
6278.196562000 146 
6278.197117500 147 
6278.197673000 148 
6278.198228500 149 
6278.198784000 148 
6278.199339500 147 
6278.199895000 147 
6278.200450500 144 
6278.201006000 141 
6278.201561500 138 
6278.202117000 136 
6278.202672500 132 
6278.203228000 127 
6278.203783500 125 
6278.204339000 121 
6278.204894500 117 
6278.205450000 115 
6278.206005500 111 
6278.206561000 109 
6278.207116500 108 
6278.207672000 106 
6278.208227500 107 
6278.208783000 107 
6278.209338500 108 
6278.209894000 110 
6278.210449500 111 
6278.211005000 114 
6278.211560500 117 
6278.212116000 120 
6278.212671500 124 
6278.213227000 128 
6278.213782500 131 
6278.214338000 135 
6278.214893500 138 
6278.215449000 141 
6278.216004500 143 
6278.216560000 146 
6278.217115500 147 
6278.217671000 148 
6278.218226500 149 
6278.218782000 149 
6278.219337500 148 
6278.219893000 146 
6278.220448500 144 
6278.221004000 141 
6278.221559500 138 
6278.222115000 135 
6278.222670500 132 
6278.223226000 128 
6278.223781500 124 
6278.224337000 121 
6278.224892500 117 
6278.225448000 115 
6278.226003500 112 
6278.226559000 109 
6278.227114500 108 
6278.227670000 107 
6278.228225500 106 
6278.228781000 106 
6278.229336500 108 
6278.229892000 109 
6278.230447500 110 
6278.231003000 114 
6278.231558500 117 
6278.232114000 120 
6278.232669500 123 
6278.233225000 127 
6278.233780500 131 
6278.234336000 134 
6278.234891500 138 
6278.235447000 141 
6278.236002500 144 
6278.236558000 145 
6278.237113500 148 
6278.237669000 148 
6278.238224500 148 
6278.238780000 149 
6278.239335500 148 
6278.239891000 146 
6278.240446500 143 
6278.241002000 142 
6278.241557500 138 
6278.242113000 135 
6278.242668500 131 
6278.243224000 128 
6278.243779500 124 
6278.244335000 121 
6278.244890500 118 
6278.245446000 114 
6278.246001500 111 
6278.246557000 110 
6278.247112500 108 
6278.247668000 108 
6278.248223500 107 
6278.248779000 106 
6278.249334500 108 
6278.249890000 109 
6278.250445500 112 
6278.251001000 114 
6278.251556500 117 
6278.252112000 120 
6278.252667500 124 
6278.253223000 127 
6278.253778500 130 
6278.254334000 135 
6278.254889500 138 
6278.255445000 141 
6278.256000500 144 
6278.256556000 146 
6278.257111500 147 
6278.257667000 148 
6278.258222500 149 
6278.258778000 148 
6278.259333500 148 
6278.259889000 146 
6278.260444500 145 
6278.261000000 141 
6278.261555500 138 
6278.262111000 135 
6278.262666500 131 
6278.263222000 128 
6278.263777500 125 
6278.264333000 120 
6278.264888500 117 
6278.265444000 115 
6278.265999500 111 
6278.266555000 109 
6278.267110500 108 
6278.267666000 106 
6278.268221500 106 
6278.268777000 107 
6278.269332500 107 
6278.269888000 110 
6278.270443500 111 
6278.270999000 113 
6278.271554500 117 
6278.272110000 121 
6278.272665500 123 
6278.273221000 128 
6278.273776500 131 
6278.274332000 134 
6278.274887500 138 
6278.275443000 141 
6278.275998500 145 
6278.276554000 146 
6278.277109500 148 
6278.277665000 149 
6278.278220500 150 
6278.278776000 149 
6278.279331500 149 
6278.279887000 146 
6278.280442500 145 
6278.280998000 142 
6278.281553500 139 
6278.282109000 135 
6278.282664500 132 
6278.283220000 128 
6278.283775500 124 
6278.284331000 120 
6278.284886500 117 
6278.285442000 114 
6278.285997500 111 
6278.286553000 109 
6278.287108500 108 
6278.287664000 106 
6278.288219500 106 
6278.288775000 106 
6278.289330500 106 
6278.289886000 109 
6278.290441500 110 
6278.290997000 114 
6278.291552500 116 
6278.292108000 120 
6278.292663500 123 
6278.293219000 126 
6278.293774500 132 
6278.294330000 135 
6278.294885500 138 
6278.295441000 141 
6278.295996500 144 
6278.296552000 146 
6278.297107500 148 
6278.297663000 149 
6278.298218500 149 
6278.298774000 150 
6278.299329500 148 
6278.299885000 146 
6278.300440500 145 
6278.300996000 142 
6278.301551500 139 
6278.302107000 136 
6278.302662500 132 
6278.303218000 128 
6278.303773500 124 
6278.304329000 120 
6278.304884500 118 
6278.305440000 114 
6278.305995500 112 
6278.306551000 109 
6278.307106500 107 
6278.307662000 106 
6278.308217500 107 
6278.308773000 106 
6278.309328500 106 
6278.309884000 108 
6278.310439500 110 
6278.310995000 114 
6278.311550500 116 
6278.312106000 119 
6278.312661500 123 
6278.313217000 127 
6278.313772500 130 
6278.314328000 135 
6278.314883500 138 
6278.315439000 141 
6278.315994500 144 
6278.316550000 147 
6278.317105500 148 
6278.317661000 149 
6278.318216500 150 
6278.318772000 149 
6278.319327500 149 
6278.319883000 146 
6278.320438500 144 
6278.320994000 143 
6278.321549500 139 
6278.322105000 135 
6278.322660500 132 
6278.323216000 129 
6278.323771500 124 
6278.324327000 121 
6278.324882500 117 
6278.325438000 114 
6278.325993500 110 
6278.326549000 109 
6278.327104500 107 
6278.327660000 106 
6278.328215500 107 
6278.328771000 106 
6278.329326500 107 
6278.329882000 108 
6278.330437500 111 
6278.330993000 113 
6278.331548500 116 
6278.332104000 119 
6278.332659500 124 
6278.333215000 127 
6278.333770500 131 
6278.334326000 134 
6278.334881500 138 
6278.335437000 141 
6278.335992500 145 
6278.336548000 146 
6278.337103500 147 
6278.337659000 149 
6278.338214500 149 
6278.338770000 149 
6278.339325500 149 
6278.339881000 147 
6278.340436500 145 
6278.340992000 142 
6278.341547500 139 
6278.342103000 136 
6278.342658500 132 
6278.343214000 128 
6278.343769500 125 
6278.344325000 121 
6278.344880500 117 
6278.345436000 115 
6278.345991500 111 
6278.346547000 110 
6278.347102500 107 
6278.347658000 107 
6278.348213500 106 
6278.348769000 105 
6278.349324500 107 
6278.349880000 109 
6278.350435500 110 
6278.350991000 112 
6278.351546500 116 
6278.352102000 120 
6278.352657500 123 
6278.353213000 128 
6278.353768500 131 
6278.354324000 134 
6278.354879500 138 
6278.355435000 142 
6278.355990500 144 
6278.356546000 146 
6278.357101500 149 
6278.357657000 149 
6278.358212500 149 
6278.358768000 150 
6278.359323500 149 
6278.359879000 146 
6278.360434500 145 
6278.360990000 142 
6278.361545500 140 
6278.362101000 136 
6278.362656500 131 
6278.363212000 129 
6278.363767500 125 
6278.364323000 120 
6278.364878500 117 
6278.365434000 114 
6278.365989500 112 
6278.366545000 109 
6278.367100500 107 
6278.367656000 107 
6278.368211500 106 
6278.368767000 105 
6278.369322500 107 
6278.369878000 109 
6278.370433500 110 
6278.370989000 113 
6278.371544500 117 
6278.372100000 120 
6278.372655500 123 
6278.373211000 128 
6278.373766500 131 
6278.374322000 135 
6278.374877500 138 
6278.375433000 141 
6278.375988500 144 
6278.376544000 146 
6278.377099500 148 
6278.377655000 149 
6278.378210500 149 
6278.378766000 149 
6278.379321500 149 
6278.379877000 147 
6278.380432500 144 
6278.380988000 141 
6278.381543500 140 
6278.382099000 136 
6278.382654500 132 
6278.383210000 128 
6278.383765500 125 
6278.384321000 121 
6278.384876500 118 
6278.385432000 114 
6278.385987500 111 
6278.386543000 109 
6278.387098500 107 
6278.387654000 106 
6278.388209500 107 
6278.388765000 106 
6278.389320500 108 
6278.389876000 109 
6278.390431500 110 
6278.390987000 114 
6278.391542500 116 
6278.392098000 119 
6278.392653500 124 
6278.393209000 127 
6278.393764500 131 
6278.394320000 134 
6278.394875500 139 
6278.395431000 141 
6278.395986500 144 
6278.396542000 146 
6278.397097500 149 
6278.397653000 149 
6278.398208500 149 
6278.398764000 150 
6278.399319500 149 
6278.399875000 147 
6278.400430500 144 
6278.400986000 142 
6278.401541500 139 
6278.402097000 136 
6278.402652500 131 
6278.403208000 128 
6278.403763500 124 
6278.404319000 121 
6278.404874500 118 
6278.405430000 114 
6278.405985500 111 
6278.406541000 109 
6278.407096500 108 
6278.407652000 106 
6278.408207500 105 
6278.408763000 106 
6278.409318500 107 
6278.409874000 108 
6278.410429500 111 
6278.410985000 113 
6278.411540500 116 
6278.412096000 120 
6278.412651500 123 
6278.413207000 128 
6278.413762500 131 
6278.414318000 135 
6278.414873500 138 
6278.415429000 142 
6278.415984500 144 
6278.416540000 147 
6278.417095500 148 
6278.417651000 149 
6278.418206500 150 
6278.418762000 149 
6278.419317500 148 
6278.419873000 147 
6278.420428500 145 
6278.420984000 142 
6278.421539500 139 
6278.422095000 136 
6278.422650500 132 
6278.423206000 128 
6278.423761500 125 
6278.424317000 121 
6278.424872500 117 
6278.425428000 115 
6278.425983500 112 
6278.426539000 108 
6278.427094500 107 
6278.427650000 107 
6278.428205500 106 
6278.428761000 105 
6278.429316500 107 
6278.429872000 108 
6278.430427500 111 
6278.430983000 112 
6278.431538500 117 
6278.432094000 120 
6278.432649500 123 
6278.433205000 128 
6278.433760500 131 
6278.434316000 134 
6278.434871500 139 
6278.435427000 141 
6278.435982500 144 
6278.436538000 146 
6278.437093500 148 
6278.437649000 149 
6278.438204500 150 
6278.438760000 150 
6278.439315500 148 
6278.439871000 147 
6278.440426500 145 
6278.440982000 142 
6278.441537500 139 
6278.442093000 136 
6278.442648500 132 
6278.443204000 128 
6278.443759500 124 
6278.444315000 120 
6278.444870500 118 
6278.445426000 114 
6278.445981500 112 
6278.446537000 109 
6278.447092500 107 
6278.447648000 106 
6278.448203500 107 
6278.448759000 106 
6278.449314500 106 
6278.449870000 109 
6278.450425500 111 
6278.450981000 113 
6278.451536500 116 
6278.452092000 120 
6278.452647500 123 
6278.453203000 127 
6278.453758500 131 
6278.454314000 135 
6278.454869500 138 
6278.455425000 141 
6278.455980500 145 
6278.456536000 147 
6278.457091500 147 
6278.457647000 150 
6278.458202500 149 
6278.458758000 150 
6278.459313500 149 
6278.459869000 146 
6278.460424500 145 
6278.460980000 142 
6278.461535500 138 
6278.462091000 135 
6278.462646500 132 
6278.463202000 128 
6278.463757500 124 
6278.464313000 122 
6278.464868500 117 
6278.465424000 114 
6278.465979500 111 
6278.466535000 109 
6278.467090500 107 
6278.467646000 106 
6278.468201500 107 
6278.468757000 106 
6278.469312500 106 
6278.469868000 109 
6278.470423500 111 
6278.470979000 113 
6278.471534500 116 
6278.472090000 120 
6278.472645500 123 
6278.473201000 128 
6278.473756500 131 
6278.474312000 134 
6278.474867500 139 
6278.475423000 141 
6278.475978500 144 
6278.476534000 147 
6278.477089500 148 
6278.477645000 150 
6278.478200500 150 
6278.478756000 149 
6278.479311500 148 
6278.479867000 147 
6278.480422500 145 
6278.480978000 142 
6278.481533500 139 
6278.482089000 136 
6278.482644500 132 
6278.483200000 129 
6278.483755500 124 
6278.484311000 121 
6278.484866500 118 
6278.485422000 114 
6278.485977500 110 
6278.486533000 109 
6278.487088500 107 
6278.487644000 106 
6278.488199500 106 
6278.488755000 106 
6278.489310500 106 
6278.489866000 109 
6278.490421500 111 
6278.490977000 112 
6278.491532500 115 
6278.492088000 120 
6278.492643500 123 
6278.493199000 127 
6278.493754500 131 
6278.494310000 135 
6278.494865500 138 
6278.495421000 141 
6278.495976500 145 
6278.496532000 147 
6278.497087500 148 
6278.497643000 150 
6278.498198500 150 
6278.498754000 149 
6278.499309500 148 
6278.499865000 147 
6278.500420500 144 
6278.500976000 143 
6278.501531500 139 
6278.502087000 136 
6278.502642500 132 
6278.503198000 128 
6278.503753500 125 
6278.504309000 121 
6278.504864500 117 
6278.505420000 115 
6278.505975500 111 
6278.506531000 108 
6278.507086500 106 
6278.507642000 107 
6278.508197500 106 
6278.508753000 105 
6278.509308500 106 
6278.509864000 109 
6278.510419500 110 
6278.510975000 113 
6278.511530500 116 
6278.512086000 119 
6278.512641500 123 
6278.513197000 127 
6278.513752500 131 
6278.514308000 135 
6278.514863500 138 
6278.515419000 141 
6278.515974500 144 
6278.516530000 147 
6278.517085500 148 
6278.517641000 148 
6278.518196500 150 
6278.518752000 149 
6278.519307500 148 
6278.519863000 147 
6278.520418500 145 
6278.520974000 143 
6278.521529500 139 
6278.522085000 136 
6278.522640500 132 
6278.523196000 128 
6278.523751500 125 
6278.524307000 121 
6278.524862500 117 
6278.525418000 113 
6278.525973500 112 
6278.526529000 108 
6278.527084500 107 
6278.527640000 106 
6278.528195500 104 
6278.528751000 106 
6278.529306500 106 
6278.529862000 107 
6278.530417500 110 
6278.530973000 113 
6278.531528500 115 
6278.532084000 118 
6278.532639500 124 
6278.533195000 127 
6278.533750500 130 
6278.534306000 135 
6278.534861500 139 
6278.535417000 142 
6278.535972500 144 
6278.536528000 148 
6278.537083500 149 
6278.537639000 150 
6278.538194500 150 
6278.538750000 150 
6278.539305500 150 
6278.539861000 148 
6278.540416500 146 
6278.540972000 143 
6278.541527500 139 
6278.542083000 136 
6278.542638500 132 
6278.543194000 128 
6278.543749500 124 
6278.544305000 121 
6278.544860500 116 
6278.545416000 114 
6278.545971500 111 
6278.546527000 108 
6278.547082500 107 
6278.547638000 105 
6278.548193500 105 
6278.548749000 105 
6278.549304500 107 
6278.549860000 108 
6278.550415500 109 
6278.550971000 112 
6278.551526500 116 
6278.552082000 120 
6278.552637500 123 
6278.553193000 127 
6278.553748500 131 
6278.554304000 135 
6278.554859500 139 
6278.555415000 142 
6278.555970500 145 
6278.556526000 147 
6278.557081500 150 
6278.557637000 151 
6278.558192500 151 
6278.558748000 150 
6278.559303500 150 
6278.559859000 147 
6278.560414500 145 
6278.560970000 143 
6278.561525500 139 
6278.562081000 135 
6278.562636500 132 
6278.563192000 128 
6278.563747500 124 
6278.564303000 121 
6278.564858500 117 
6278.565414000 113 
6278.565969500 111 
6278.566525000 108 
6278.567080500 107 
6278.567636000 105 
6278.568191500 105 
6278.568747000 106 
6278.569302500 106 
6278.569858000 109 
6278.570413500 110 
6278.570969000 112 
6278.571524500 116 
6278.572080000 120 
6278.572635500 123 
6278.573191000 127 
6278.573746500 131 
6278.574302000 134 
6278.574857500 138 
6278.575413000 142 
6278.575968500 144 
6278.576524000 147 
6278.577079500 149 
6278.577635000 150 
6278.578190500 150 
6278.578746000 151 
6278.579301500 149 
6278.579857000 147 
6278.580412500 145 
6278.580968000 143 
6278.581523500 139 
6278.582079000 137 
6278.582634500 132 
6278.583190000 128 
6278.583745500 124 
6278.584301000 120 
6278.584856500 118 
6278.585412000 114 
6278.585967500 110 
6278.586523000 109 
6278.587078500 107 
6278.587634000 104 
6278.588189500 105 
6278.588745000 106 
6278.589300500 106 
6278.589856000 107 
6278.590411500 111 
6278.590967000 113 
6278.591522500 115 
6278.592078000 119 
6278.592633500 123 
6278.593189000 127 
6278.593744500 131 
6278.594300000 135 
6278.594855500 138 
6278.595411000 141 
6278.595966500 144 
6278.596522000 147 
6278.597077500 149 
6278.597633000 150 
6278.598188500 151 
6278.598744000 150 
6278.599299500 149 
6278.599855000 147 
6278.600410500 145 
6278.600966000 143 
6278.601521500 139 
6278.602077000 136 
6278.602632500 133 
6278.603188000 128 
6278.603743500 124 
6278.604299000 121 
6278.604854500 117 
6278.605410000 113 
6278.605965500 111 
6278.606521000 108 
6278.607076500 107 
6278.607632000 105 
6278.608187500 106 
6278.608743000 105 
6278.609298500 106 
6278.609854000 109 
6278.610409500 110 
6278.610965000 112 
6278.611520500 116 
6278.612076000 119 
6278.612631500 123 
6278.613187000 127 
6278.613742500 132 
6278.614298000 135 
6278.614853500 138 
6278.615409000 142 
6278.615964500 145 
6278.616520000 147 
6278.617075500 150 
6278.617631000 150 
6278.618186500 151 
6278.618742000 150 
6278.619297500 150 
6278.619853000 147 
6278.620408500 145 
6278.620964000 144 
6278.621519500 140 
6278.622075000 136 
6278.622630500 133 
6278.623186000 128 
6278.623741500 125 
6278.624297000 120 
6278.624852500 116 
6278.625408000 113 
6278.625963500 110 
6278.626519000 108 
6278.627074500 106 
6278.627630000 104 
6278.628185500 104 
6278.628741000 104 
6278.629296500 106 
6278.629852000 108 
6278.630407500 109 
6278.630963000 112 
6278.631518500 115 
6278.632074000 119 
6278.632629500 123 
6278.633185000 126 
6278.633740500 131 
6278.634296000 135 
6278.634851500 138 
6278.635407000 142 
6278.635962500 145 
6278.636518000 147 
6278.637073500 149 
6278.637629000 151 
6278.638184500 151 
6278.638740000 151 
6278.639295500 150 
6278.639851000 147 
6278.640406500 146 
6278.640962000 143 
6278.641517500 140 
6278.642073000 137 
6278.642628500 133 
6278.643184000 128 
6278.643739500 124 
6278.644295000 121 
6278.644850500 117 
6278.645406000 112 
6278.645961500 110 
6278.646517000 108 
6278.647072500 106 
6278.647628000 105 
6278.648183500 105 
6278.648739000 105 
6278.649294500 106 
6278.649850000 107 
6278.650405500 109 
6278.650961000 112 
6278.651516500 115 
6278.652072000 119 
6278.652627500 123 
6278.653183000 126 
6278.653738500 132 
6278.654294000 135 
6278.654849500 138 
6278.655405000 142 
6278.655960500 145 
6278.656516000 147 
6278.657071500 149 
6278.657627000 151 
6278.658182500 151 
6278.658738000 150 
6278.659293500 149 
6278.659849000 149 
6278.660404500 146 
6278.660960000 143 
6278.661515500 140 
6278.662071000 136 
6278.662626500 133 
6278.663182000 128 
6278.663737500 125 
6278.664293000 121 
6278.664848500 116 
6278.665404000 114 
6278.665959500 110 
6278.666515000 108 
6278.667070500 107 
6278.667626000 105 
6278.668181500 104 
6278.668737000 106 
6278.669292500 106 
6278.669848000 108 
6278.670403500 110 
6278.670959000 112 
6278.671514500 116 
6278.672070000 119 
6278.672625500 122 
6278.673181000 127 
6278.673736500 131 
6278.674292000 134 
6278.674847500 139 
6278.675403000 143 
6278.675958500 145 
6278.676514000 147 
6278.677069500 150 
6278.677625000 150 
6278.678180500 151 
6278.678736000 151 
6278.679291500 149 
6278.679847000 149 
6278.680402500 146 
6278.680958000 144 
6278.681513500 140 
6278.682069000 135 
6278.682624500 133 
6278.683180000 128 
6278.683735500 124 
6278.684291000 120 
6278.684846500 117 
6278.685402000 113 
6278.685957500 110 
6278.686513000 108 
6278.687068500 106 
6278.687624000 104 
6278.688179500 105 
6278.688735000 105 
6278.689290500 105 
6278.689846000 107 
6278.690401500 110 
6278.690957000 112 
6278.691512500 115 
6278.692068000 120 
6278.692623500 123 
6278.693179000 127 
6278.693734500 131 
6278.694290000 135 
6278.694845500 139 
6278.695401000 142 
6278.695956500 145 
6278.696512000 147 
6278.697067500 150 
6278.697623000 151 
6278.698178500 150 
6278.698734000 151 
6278.699289500 149 
6278.699845000 149 
6278.700400500 147 
6278.700956000 143 
6278.701511500 140 
6278.702067000 137 
6278.702622500 133 
6278.703178000 128 
6278.703733500 125 
6278.704289000 120 
6278.704844500 116 
6278.705400000 114 
6278.705955500 111 
6278.706511000 108 
6278.707066500 106 
6278.707622000 105 
6278.708177500 104 
6278.708733000 104 
6278.709288500 106 
6278.709844000 108 
6278.710399500 108 
6278.710955000 113 
6278.711510500 115 
6278.712066000 118 
6278.712621500 122 
6278.713177000 127 
6278.713732500 131 
6278.714288000 135 
6278.714843500 139 
6278.715399000 142 
6278.715954500 145 
6278.716510000 148 
6278.717065500 149 
6278.717621000 150 
6278.718176500 151 
6278.718732000 151 
6278.719287500 149 
6278.719843000 149 
6278.720398500 146 
6278.720954000 143 
6278.721509500 141 
6278.722065000 136 
6278.722620500 132 
6278.723176000 128 
6278.723731500 124 
6278.724287000 121 
6278.724842500 117 
6278.725398000 113 
6278.725953500 111 
6278.726509000 108 
6278.727064500 105 
6278.727620000 105 
6278.728175500 104 
6278.728731000 104 
6278.729286500 106 
6278.729842000 107 
6278.730397500 109 
6278.730953000 113 
6278.731508500 116 
6278.732064000 118 
6278.732619500 122 
6278.733175000 127 
6278.733730500 131 
6278.734286000 134 
6278.734841500 139 
6278.735397000 142 
6278.735952500 145 
6278.736508000 147 
6278.737063500 150 
6278.737619000 150 
6278.738174500 150 
6278.738730000 151 
6278.739285500 150 
6278.739841000 147 
6278.740396500 146 
6278.740952000 143 
6278.741507500 140 
6278.742063000 136 
6278.742618500 132 
6278.743174000 129 
6278.743729500 124 
6278.744285000 120 
6278.744840500 117 
6278.745396000 113 
6278.745951500 110 
6278.746507000 109 
6278.747062500 107 
6278.747618000 104 
6278.748173500 105 
6278.748729000 105 
6278.749284500 105 
6278.749840000 108 
6278.750395500 109 
6278.750951000 113 
6278.751506500 115 
6278.752062000 119 
6278.752617500 123 
6278.753173000 127 
6278.753728500 131 
6278.754284000 134 
6278.754839500 139 
6278.755395000 142 
6278.755950500 144 
6278.756506000 147 
6278.757061500 150 
6278.757617000 150 
6278.758172500 150 
6278.758728000 151 
6278.759283500 150 
6278.759839000 147 
6278.760394500 145 
6278.760950000 144 
6278.761505500 140 
6278.762061000 136 
6278.762616500 133 
6278.763172000 128 
6278.763727500 124 
6278.764283000 121 
6278.764838500 117 
6278.765394000 113 
6278.765949500 111 
6278.766505000 107 
6278.767060500 106 
6278.767616000 106 
6278.768171500 105 
6278.768727000 104 
6278.769282500 106 
6278.769838000 107 
6278.770393500 109 
6278.770949000 112 
6278.771504500 116 
6278.772060000 119 
6278.772615500 122 
6278.773171000 127 
6278.773726500 131 
6278.774282000 134 
6278.774837500 139 
6278.775393000 142 
6278.775948500 145 
6278.776504000 148 
6278.777059500 149 
6278.777615000 151 
6278.778170500 151 
6278.778726000 151 
6278.779281500 150 
6278.779837000 148 
6278.780392500 147 
6278.780948000 144 
6278.781503500 140 
6278.782059000 137 
6278.782614500 133 
6278.783170000 128 
6278.783725500 124 
6278.784281000 121 
6278.784836500 116 
6278.785392000 114 
6278.785947500 111 
6278.786503000 108 
6278.787058500 107 
6278.787614000 104 
6278.788169500 105 
6278.788725000 105 
6278.789280500 105 
6278.789836000 108 
6278.790391500 109 
6278.790947000 112 
6278.791502500 116 
6278.792058000 118 
6278.792613500 123 
6278.793169000 127 
6278.793724500 130 
6278.794280000 135 
6278.794835500 139 
6278.795391000 142 
6278.795946500 144 
6278.796502000 148 
6278.797057500 149 
6278.797613000 150 
6278.798168500 151 
6278.798724000 151 
6278.799279500 150 
6278.799835000 149 
6278.800390500 146 
6278.800946000 143 
6278.801501500 139 
6278.802057000 137 
6278.802612500 133 
6278.803168000 129 
6278.803723500 125 
6278.804279000 120 
6278.804834500 117 
6278.805390000 114 
6278.805945500 110 
6278.806501000 108 
6278.807056500 106 
6278.807612000 104 
6278.808167500 105 
6278.808723000 105 
6278.809278500 105 
6278.809834000 107 
6278.810389500 110 
6278.810945000 112 
6278.811500500 115 
6278.812056000 118 
6278.812611500 123 
6278.813167000 126 
6278.813722500 130 
6278.814278000 135 
6278.814833500 138 
6278.815389000 143 
6278.815944500 145 
6278.816500000 147 
6278.817055500 150 
6278.817611000 151 
6278.818166500 150 
6278.818722000 151 
6278.819277500 150 
6278.819833000 148 
6278.820388500 146 
6278.820944000 143 
6278.821499500 140 
6278.822055000 137 
6278.822610500 133 
6278.823166000 128 
6278.823721500 125 
6278.824277000 121 
6278.824832500 117 
6278.825388000 113 
6278.825943500 111 
6278.826499000 108 
6278.827054500 106 
6278.827610000 105 
6278.828165500 105 
6278.828721000 105 
6278.829276500 105 
6278.829832000 106 
6278.830387500 110 
6278.830943000 112 
6278.831498500 114 
6278.832054000 119 
6278.832609500 122 
6278.833165000 127 
6278.833720500 131 
6278.834276000 135 
6278.834831500 139 
6278.835387000 142 
6278.835942500 145 
6278.836498000 149 
6278.837053500 150 
6278.837609000 152 
6278.838164500 151 
6278.838720000 151 
6278.839275500 151 
6278.839831000 149 
6278.840386500 147 
6278.840942000 143 
6278.841497500 140 
6278.842053000 137 
6278.842608500 132 
6278.843164000 129 
6278.843719500 124 
6278.844275000 120 
6278.844830500 117 
6278.845386000 113 
6278.845941500 109 
6278.846497000 108 
6278.847052500 104 
6278.847608000 104 
6278.848163500 103 
6278.848719000 103 
6278.849274500 104 
6278.849830000 107 
6278.850385500 108 
6278.850941000 111 
6278.851496500 114 
6278.852052000 118 
6278.852607500 122 
6278.853163000 126 
6278.853718500 131 
6278.854274000 135 
6278.854829500 139 
6278.855385000 143 
6278.855940500 146 
6278.856496000 148 
6278.857051500 150 
6278.857607000 152 
6278.858162500 152 
6278.858718000 151 
6278.859273500 151 
6278.859829000 149 
6278.860384500 146 
6278.860940000 144 
6278.861495500 140 
6278.862051000 138 
6278.862606500 133 
6278.863162000 128 
6278.863717500 125 
6278.864273000 121 
6278.864828500 116 
6278.865384000 112 
6278.865939500 110 
6278.866495000 107 
6278.867050500 106 
6278.867606000 104 
6278.868161500 103 
6278.868717000 104 
6278.869272500 105 
6278.869828000 106 
6278.870383500 109 
6278.870939000 111 
6278.871494500 114 
6278.872050000 119 
6278.872605500 122 
6278.873161000 126 
6278.873716500 131 
6278.874272000 135 
6278.874827500 139 
6278.875383000 143 
6278.875938500 145 
6278.876494000 149 
6278.877049500 150 
6278.877605000 152 
6278.878160500 151 
6278.878716000 152 
6278.879271500 151 
6278.879827000 149 
6278.880382500 147 
6278.880938000 144 
6278.881493500 141 
6278.882049000 136 
6278.882604500 133 
6278.883160000 129 
6278.883715500 124 
6278.884271000 120 
6278.884826500 117 
6278.885382000 113 
6278.885937500 109 
6278.886493000 108 
6278.887048500 106 
6278.887604000 104 
6278.888159500 104 
6278.888715000 104 
6278.889270500 104 
6278.889826000 107 
6278.890381500 109 
6278.890937000 110 
6278.891492500 115 
6278.892048000 119 
6278.892603500 122 
6278.893159000 127 
6278.893714500 131 
6278.894270000 135 
6278.894825500 140 
6278.895381000 143 
6278.895936500 146 
6278.896492000 149 
6278.897047500 150 
6278.897603000 152 
6278.898158500 151 
6278.898714000 152 
6278.899269500 151 
6278.899825000 149 
6278.900380500 147 
6278.900936000 144 
6278.901491500 141 
6278.902047000 137 
6278.902602500 133 
6278.903158000 129 
6278.903713500 124 
6278.904269000 120 
6278.904824500 117 
6278.905380000 113 
6278.905935500 109 
6278.906491000 108 
6278.907046500 106 
6278.907602000 103 
6278.908157500 104 
6278.908713000 103 
6278.909268500 104 
6278.909824000 106 
6278.910379500 109 
6278.910935000 112 
6278.911490500 115 
6278.912046000 118 
6278.912601500 123 
6278.913157000 127 
6278.913712500 130 
6278.914268000 134 
6278.914823500 140 
6278.915379000 142 
6278.915934500 146 
6278.916490000 148 
6278.917045500 150 
6278.917601000 151 
6278.918156500 152 
6278.918712000 152 
6278.919267500 151 
6278.919823000 149 
6278.920378500 147 
6278.920934000 144 
6278.921489500 140 
6278.922045000 138 
6278.922600500 133 
6278.923156000 128 
6278.923711500 124 
6278.924267000 121 
6278.924822500 116 
6278.925378000 112 
6278.925933500 110 
6278.926489000 107 
6278.927044500 104 
6278.927600000 104 
6278.928155500 104 
6278.928711000 103 
6278.929266500 104 
6278.929822000 106 
6278.930377500 108 
6278.930933000 111 
6278.931488500 114 
6278.932044000 119 
6278.932599500 122 
6278.933155000 126 
6278.933710500 131 
6278.934266000 135 
6278.934821500 139 
6278.935377000 142 
6278.935932500 146 
6278.936488000 148 
6278.937043500 150 
6278.937599000 151 
6278.938154500 153 
6278.938710000 152 
6278.939265500 151 
6278.939821000 150 
6278.940376500 147 
6278.940932000 144 
6278.941487500 141 
6278.942043000 137 
6278.942598500 133 
6278.943154000 129 
6278.943709500 124 
6278.944265000 121 
6278.944820500 116 
6278.945376000 113 
6278.945931500 110 
6278.946487000 107 
6278.947042500 104 
6278.947598000 105 
6278.948153500 104 
6278.948709000 103 
6278.949264500 104 
6278.949820000 106 
6278.950375500 108 
6278.950931000 111 
6278.951486500 115 
6278.952042000 118 
6278.952597500 122 
6278.953153000 126 
6278.953708500 131 
6278.954264000 134 
6278.954819500 139 
6278.955375000 143 
6278.955930500 145 
6278.956486000 148 
6278.957041500 151 
6278.957597000 152 
6278.958152500 152 
6278.958708000 152 
6278.959263500 151 
6278.959819000 150 
6278.960374500 147 
6278.960930000 144 
6278.961485500 142 
6278.962041000 137 
6278.962596500 133 
6278.963152000 129 
6278.963707500 125 
6278.964263000 120 
6278.964818500 116 
6278.965374000 113 
6278.965929500 110 
6278.966485000 107 
6278.967040500 106 
6278.967596000 104 
6278.968151500 103 
6278.968707000 104 
6278.969262500 104 
6278.969818000 106 
6278.970373500 108 
6278.970929000 112 
6278.971484500 114 
6278.972040000 119 
6278.972595500 122 
6278.973151000 126 
6278.973706500 131 
6278.974262000 135 
6278.974817500 138 
6278.975373000 143 
6278.975928500 146 
6278.976484000 148 
6278.977039500 151 
6278.977595000 152 
6278.978150500 152 
6278.978706000 151 
6278.979261500 152 
6278.979817000 150 
6278.980372500 147 
6278.980928000 144 
6278.981483500 141 
6278.982039000 136 
6278.982594500 133 
6278.983150000 129 
6278.983705500 124 
6278.984261000 121 
6278.984816500 116 
6278.985372000 112 
6278.985927500 110 
6278.986483000 106 
6278.987038500 104 
6278.987594000 104 
6278.988149500 103 
6278.988705000 104 
6278.989260500 104 
6278.989816000 106 
6278.990371500 108 
6278.990927000 112 
6278.991482500 114 
6278.992038000 118 
6278.992593500 122 
6278.993149000 127 
6278.993704500 131 
6278.994260000 135 
6278.994815500 139 
6278.995371000 143 
6278.995926500 146 
6278.996482000 148 
6278.997037500 150 
6278.997593000 151 
6278.998148500 153 
6278.998704000 152 
6278.999259500 152 
6278.999815000 149 
6279.000370500 147 
6279.000926000 144 
6279.001481500 140 
6279.002037000 138 
6279.002592500 133 
6279.003148000 128 
6279.003703500 125 
6279.004259000 120 
6279.004814500 116 
6279.005370000 112 
6279.005925500 109 
6279.006481000 108 
6279.007036500 105 
6279.007592000 103 
6279.008147500 103 
6279.008703000 104 
6279.009258500 104 
6279.009814000 105 
6279.010369500 109 
6279.010925000 111 
6279.011480500 114 
6279.012036000 119 
6279.012591500 122 
6279.013147000 127 
6279.013702500 131 
6279.014258000 135 
6279.014813500 138 
6279.015369000 143 
6279.015924500 146 
6279.016480000 148 
6279.017035500 151 
6279.017591000 152 
6279.018146500 152 
6279.018702000 152 
6279.019257500 151 
6279.019813000 149 
6279.020368500 148 
6279.020924000 144 
6279.021479500 142 
6279.022035000 137 
6279.022590500 132 
6279.023146000 128 
6279.023701500 125 
6279.024257000 120 
6279.024812500 116 
6279.025368000 113 
6279.025923500 110 
6279.026479000 107 
6279.027034500 105 
6279.027590000 103 
6279.028145500 103 
6279.028701000 104 
6279.029256500 105 
6279.029812000 106 
6279.030367500 109 
6279.030923000 111 
6279.031478500 114 
6279.032034000 118 
6279.032589500 123 
6279.033145000 126 
6279.033700500 130 
6279.034256000 135 
6279.034811500 139 
6279.035367000 143 
6279.035922500 146 
6279.036478000 148 
6279.037033500 151 
6279.037589000 152 
6279.038144500 152 
6279.038700000 152 
6279.039255500 151 
6279.039811000 150 
6279.040366500 147 
6279.040922000 143 
6279.041477500 141 
6279.042033000 136 
6279.042588500 134 
6279.043144000 129 
6279.043699500 124 
6279.044255000 120 
6279.044810500 117 
6279.045366000 113 
6279.045921500 109 
6279.046477000 107 
6279.047032500 105 
6279.047588000 103 
6279.048143500 104 
6279.048699000 104 
6279.049254500 104 
6279.049810000 106 
6279.050365500 108 
6279.050921000 112 
6279.051476500 114 
6279.052032000 118 
6279.052587500 122 
6279.053143000 126 
6279.053698500 131 
6279.054254000 135 
6279.054809500 138 
6279.055365000 143 
6279.055920500 146 
6279.056476000 148 
6279.057031500 150 
6279.057587000 151 
6279.058142500 151 
6279.058698000 153 
6279.059253500 151 
6279.059809000 149 
6279.060364500 148 
6279.060920000 145 
6279.061475500 141 
6279.062031000 136 
6279.062586500 133 
6279.063142000 129 
6279.063697500 125 
6279.064253000 120 
6279.064808500 117 
6279.065364000 113 
6279.065919500 109 
6279.066475000 108 
6279.067030500 106 
6279.067586000 104 
6279.068141500 103 
6279.068697000 104 
6279.069252500 105 
6279.069808000 106 
6279.070363500 109 
6279.070919000 110 
6279.071474500 115 
6279.072030000 119 
6279.072585500 122 
6279.073141000 127 
6279.073696500 131 
6279.074252000 135 
6279.074807500 140 
6279.075363000 143 
6279.075918500 145 
6279.076474000 148 
6279.077029500 150 
6279.077585000 152 
6279.078140500 152 
6279.078696000 151 
6279.079251500 152 
6279.079807000 150 
6279.080362500 147 
6279.080918000 144 
6279.081473500 141 
6279.082029000 137 
6279.082584500 133 
6279.083140000 128 
6279.083695500 125 
6279.084251000 120 
6279.084806500 115 
6279.085362000 113 
6279.085917500 110 
6279.086473000 106 
6279.087028500 105 
6279.087584000 103 
6279.088139500 102 
6279.088695000 104 
6279.089250500 104 
6279.089806000 105 
6279.090361500 109 
6279.090917000 111 
6279.091472500 114 
6279.092028000 117 
6279.092583500 123 
6279.093139000 127 
6279.093694500 130 
6279.094250000 136 
6279.094805500 139 
6279.095361000 142 
6279.095916500 146 
6279.096472000 148 
6279.097027500 151 
6279.097583000 152 
6279.098138500 153 
6279.098694000 153 
6279.099249500 151 
6279.099805000 150 
6279.100360500 148 
6279.100916000 144 
6279.101471500 141 
6279.102027000 137 
6279.102582500 134 
6279.103138000 128 
6279.103693500 124 
6279.104249000 120 
6279.104804500 117 
6279.105360000 112 
6279.105915500 109 
6279.106471000 107 
6279.107026500 104 
6279.107582000 104 
6279.108137500 103 
6279.108693000 103 
6279.109248500 104 
6279.109804000 106 
6279.110359500 108 
6279.110915000 111 
6279.111470500 113 
6279.112026000 118 
6279.112581500 122 
6279.113137000 126 
6279.113692500 131 
6279.114248000 135 
6279.114803500 139 
6279.115359000 143 
6279.115914500 146 
6279.116470000 148 
6279.117025500 151 
6279.117581000 152 
6279.118136500 152 
6279.118692000 153 
6279.119247500 152 
6279.119803000 150 
6279.120358500 147 
6279.120914000 145 
6279.121469500 141 
6279.122025000 136 
6279.122580500 133 
6279.123136000 129 
6279.123691500 124 
6279.124247000 120 
6279.124802500 116 
6279.125358000 113 
6279.125913500 110 
6279.126469000 106 
6279.127024500 105 
6279.127580000 104 
6279.128135500 103 
6279.128691000 103 
6279.129246500 105 
6279.129802000 105 
6279.130357500 108 
6279.130913000 111 
6279.131468500 115 
6279.132024000 118 
6279.132579500 122 
6279.133135000 127 
6279.133690500 131 
6279.134246000 134 
6279.134801500 139 
6279.135357000 143 
6279.135912500 146 
6279.136468000 148 
6279.137023500 151 
6279.137579000 152 
6279.138134500 152 
6279.138690000 153 
6279.139245500 151 
6279.139801000 150 
6279.140356500 148 
6279.140912000 144 
6279.141467500 141 
6279.142023000 138 
6279.142578500 133 
6279.143134000 129 
6279.143689500 124 
6279.144245000 120 
6279.144800500 117 
6279.145356000 113 
6279.145911500 109 
6279.146467000 106 
6279.147022500 106 
6279.147578000 103 
6279.148133500 103 
6279.148689000 103 
6279.149244500 104 
6279.149800000 106 
6279.150355500 107 
6279.150911000 111 
6279.151466500 113 
6279.152022000 119 
6279.152577500 122 
6279.153133000 127 
6279.153688500 131 
6279.154244000 135 
6279.154799500 139 
6279.155355000 142 
6279.155910500 145 
6279.156466000 149 
6279.157021500 151 
6279.157577000 152 
6279.158132500 153 
6279.158688000 152 
6279.159243500 151 
6279.159799000 150 
6279.160354500 148 
6279.160910000 144 
6279.161465500 140 
6279.162021000 138 
6279.162576500 134 
6279.163132000 128 
6279.163687500 124 
6279.164243000 121 
6279.164798500 116 
6279.165354000 112 
6279.165909500 110 
6279.166465000 107 
6279.167020500 105 
6279.167576000 104 
6279.168131500 103 
6279.168687000 103 
6279.169242500 104 
6279.169798000 105 
6279.170353500 107 
6279.170909000 111 
6279.171464500 114 
6279.172020000 118 
6279.172575500 121 
6279.173131000 126 
6279.173686500 131 
6279.174242000 136 
6279.174797500 140 
6279.175353000 143 
6279.175908500 146 
6279.176464000 150 
6279.177019500 151 
6279.177575000 154 
6279.178130500 153 
6279.178686000 153 
6279.179241500 152 
6279.179797000 151 
6279.180352500 149 
6279.180908000 146 
6279.181463500 142 
6279.182019000 138 
6279.182574500 133 
6279.183130000 130 
6279.183685500 124 
6279.184241000 120 
6279.184796500 115 
6279.185352000 112 
6279.185907500 109 
6279.186463000 106 
6279.187018500 103 
6279.187574000 104 
6279.188129500 102 
6279.188685000 102 
6279.189240500 103 
6279.189796000 105 
6279.190351500 106 
6279.190907000 110 
6279.191462500 114 
6279.192018000 118 
6279.192573500 121 
6279.193129000 127 
6279.193684500 131 
6279.194240000 136 
6279.194795500 139 
6279.195351000 144 
6279.195906500 147 
6279.196462000 149 
6279.197017500 151 
6279.197573000 153 
6279.198128500 153 
6279.198684000 153 
6279.199239500 153 
6279.199795000 151 
6279.200350500 148 
6279.200906000 145 
6279.201461500 142 
6279.202017000 137 
6279.202572500 133 
6279.203128000 129 
6279.203683500 124 
6279.204239000 120 
6279.204794500 117 
6279.205350000 112 
6279.205905500 108 
6279.206461000 107 
6279.207016500 103 
6279.207572000 103 
6279.208127500 101 
6279.208683000 103 
6279.209238500 103 
6279.209794000 104 
6279.210349500 107 
6279.210905000 111 
6279.211460500 114 
6279.212016000 117 
6279.212571500 121 
6279.213127000 127 
6279.213682500 131 
6279.214238000 135 
6279.214793500 139 
6279.215349000 143 
6279.215904500 146 
6279.216460000 150 
6279.217015500 152 
6279.217571000 153 
6279.218126500 154 
6279.218682000 153 
6279.219237500 152 
6279.219793000 150 
6279.220348500 149 
6279.220904000 145 
6279.221459500 143 
6279.222015000 138 
6279.222570500 134 
6279.223126000 129 
6279.223681500 124 
6279.224237000 121 
6279.224792500 116 
6279.225348000 112 
6279.225903500 109 
6279.226459000 106 
6279.227014500 104 
6279.227570000 102 
6279.228125500 102 
6279.228681000 102 
6279.229236500 103 
6279.229792000 104 
6279.230347500 108 
6279.230903000 110 
6279.231458500 113 
6279.232014000 118 
6279.232569500 121 
6279.233125000 126 
6279.233680500 131 
6279.234236000 135 
6279.234791500 139 
6279.235347000 143 
6279.235902500 146 
6279.236458000 150 
6279.237013500 152 
6279.237569000 153 
6279.238124500 154 
6279.238680000 153 
6279.239235500 152 
6279.239791000 151 
6279.240346500 148 
6279.240902000 145 
6279.241457500 142 
6279.242013000 138 
6279.242568500 134 
6279.243124000 129 
6279.243679500 124 
6279.244235000 121 
6279.244790500 116 
6279.245346000 112 
6279.245901500 109 
6279.246457000 106 
6279.247012500 103 
6279.247568000 103 
6279.248123500 102 
6279.248679000 102 
6279.249234500 103 
6279.249790000 104 
6279.250345500 107 
6279.250901000 109 
6279.251456500 114 
6279.252012000 117 
6279.252567500 121 
6279.253123000 125 
6279.253678500 131 
6279.254234000 135 
6279.254789500 139 
6279.255345000 143 
6279.255900500 147 
6279.256456000 150 
6279.257011500 151 
6279.257567000 153 
6279.258122500 154 
6279.258678000 153 
6279.259233500 152 
6279.259789000 151 
6279.260344500 149 
6279.260900000 145 
6279.261455500 141 
6279.262011000 139 
6279.262566500 134 
6279.263122000 130 
6279.263677500 125 
6279.264233000 121 
6279.264788500 116 
6279.265344000 112 
6279.265899500 109 
6279.266455000 107 
6279.267010500 104 
6279.267566000 103 
6279.268121500 102 
6279.268677000 102 
6279.269232500 103 
6279.269788000 105 
6279.270343500 107 
6279.270899000 110 
6279.271454500 114 
6279.272010000 118 
6279.272565500 122 
6279.273121000 126 
6279.273676500 131 
6279.274232000 134 
6279.274787500 139 
6279.275343000 143 
6279.275898500 147 
6279.276454000 149 
6279.277009500 152 
6279.277565000 152 
6279.278120500 154 
6279.278676000 153 
6279.279231500 152 
6279.279787000 151 
6279.280342500 148 
6279.280898000 145 
6279.281453500 142 
6279.282009000 138 
6279.282564500 133 
6279.283120000 129 
6279.283675500 125 
6279.284231000 120 
6279.284786500 115 
6279.285342000 112 
6279.285897500 109 
6279.286453000 107 
6279.287008500 104 
6279.287564000 103 
6279.288119500 101 
6279.288675000 103 
6279.289230500 104 
6279.289786000 104 
6279.290341500 107 
6279.290897000 111 
6279.291452500 113 
6279.292008000 117 
6279.292563500 122 
6279.293119000 126 
6279.293674500 130 
6279.294230000 136 
6279.294785500 139 
6279.295341000 143 
6279.295896500 147 
6279.296452000 149 
6279.297007500 152 
6279.297563000 153 
6279.298118500 153 
6279.298674000 154 
6279.299229500 152 
6279.299785000 151 
6279.300340500 148 
6279.300896000 145 
6279.301451500 142 
6279.302007000 137 
6279.302562500 134 
6279.303118000 129 
6279.303673500 124 
6279.304229000 121 
6279.304784500 116 
6279.305340000 112 
6279.305895500 109 
6279.306451000 106 
6279.307006500 104 
6279.307562000 103 
6279.308117500 101 
6279.308673000 103 
6279.309228500 103 
6279.309784000 104 
6279.310339500 108 
6279.310895000 110 
6279.311450500 113 
6279.312006000 117 
6279.312561500 122 
6279.313117000 127 
6279.313672500 131 
6279.314228000 135 
6279.314783500 139 
6279.315339000 144 
6279.315894500 146 
6279.316450000 149 
6279.317005500 152 
6279.317561000 153 
6279.318116500 153 
6279.318672000 153 
6279.319227500 152 
6279.319783000 151 
6279.320338500 148 
6279.320894000 146 
6279.321449500 142 
6279.322005000 138 
6279.322560500 133 
6279.323116000 130 
6279.323671500 125 
6279.324227000 120 
6279.324782500 116 
6279.325338000 112 
6279.325893500 108 
6279.326449000 106 
6279.327004500 104 
6279.327560000 102 
6279.328115500 103 
6279.328671000 103 
6279.329226500 102 
6279.329782000 105 
6279.330337500 107 
6279.330893000 109 
6279.331448500 114 
6279.332004000 117 
6279.332559500 122 
6279.333115000 126 
6279.333670500 131 
6279.334226000 135 
6279.334781500 139 
6279.335337000 144 
6279.335892500 147 
6279.336448000 149 
6279.337003500 152 
6279.337559000 153 
6279.338114500 154 
6279.338670000 153 
6279.339225500 152 
6279.339781000 150 
6279.340336500 149 
6279.340892000 145 
6279.341447500 141 
6279.342003000 138 
6279.342558500 134 
6279.343114000 129 
6279.343669500 124 
6279.344225000 120 
6279.344780500 116 
6279.345336000 112 
6279.345891500 109 
6279.346447000 107 
6279.347002500 104 
6279.347558000 103 
6279.348113500 102 
6279.348669000 102 
6279.349224500 103 
6279.349780000 105 
6279.350335500 107 
6279.350891000 110 
6279.351446500 113 
6279.352002000 118 
6279.352557500 122 
6279.353113000 126 
6279.353668500 130 
6279.354224000 135 
6279.354779500 140 
6279.355335000 142 
6279.355890500 147 
6279.356446000 149 
6279.357001500 151 
6279.357557000 153 
6279.358112500 154 
6279.358668000 153 
6279.359223500 153 
6279.359779000 151 
6279.360334500 148 
6279.360890000 146 
6279.361445500 141 
6279.362001000 138 
6279.362556500 134 
6279.363112000 128 
6279.363667500 124 
6279.364223000 120 
6279.364778500 116 
6279.365334000 112 
6279.365889500 109 
6279.366445000 106 
6279.367000500 103 
6279.367556000 103 
6279.368111500 102 
6279.368667000 102 
6279.369222500 103 
6279.369778000 105 
6279.370333500 107 
6279.370889000 109 
6279.371444500 114 
6279.372000000 116 
6279.372555500 121 
6279.373111000 126 
6279.373666500 130 
6279.374222000 136 
6279.374777500 139 
6279.375333000 143 
6279.375888500 146 
6279.376444000 150 
6279.376999500 152 
6279.377555000 152 
6279.378110500 155 
6279.378666000 153 
6279.379221500 152 
6279.379777000 152 
6279.380332500 149 
6279.380888000 145 
6279.381443500 142 
6279.381999000 139 
6279.382554500 133 
6279.383110000 130 
6279.383665500 125 
6279.384221000 120 
6279.384776500 116 
6279.385332000 112 
6279.385887500 109 
6279.386443000 106 
6279.386998500 103 
6279.387554000 102 
6279.388109500 101 
6279.388665000 102 
6279.389220500 102 
6279.389776000 103 
6279.390331500 107 
6279.390887000 110 
6279.391442500 113 
6279.391998000 116 
6279.392553500 122 
6279.393109000 126 
6279.393664500 130 
6279.394220000 136 
6279.394775500 140 
6279.395331000 143 
6279.395886500 147 
6279.396442000 150 
6279.396997500 152 
6279.397553000 153 
6279.398108500 154 
6279.398664000 154 
6279.399219500 153 
6279.399775000 152 
6279.400330500 149 
6279.400886000 147 
6279.401441500 142 
6279.401997000 137 
6279.402552500 134 
6279.403108000 129 
6279.403663500 125 
6279.404219000 120 
6279.404774500 116 
6279.405330000 111 
6279.405885500 109 
6279.406441000 106 
6279.406996500 103 
6279.407552000 101 
6279.408107500 102 
6279.408663000 101 
6279.409218500 102 
6279.409774000 104 
6279.410329500 107 
6279.410885000 109 
6279.411440500 112 
6279.411996000 117 
6279.412551500 121 
6279.413107000 125 
6279.413662500 131 
6279.414218000 135 
6279.414773500 139 
6279.415329000 144 
6279.415884500 147 
6279.416440000 150 
6279.416995500 153 
6279.417551000 153 
6279.418106500 155 
6279.418662000 154 
6279.419217500 153 
6279.419773000 153 
6279.420328500 149 
6279.420884000 146 
6279.421439500 142 
6279.421995000 138 
6279.422550500 134 
6279.423106000 129 
6279.423661500 124 
6279.424217000 121 
6279.424772500 115 
6279.425328000 111 
6279.425883500 109 
6279.426439000 106 
6279.426994500 103 
6279.427550000 101 
6279.428105500 102 
6279.428661000 102 
6279.429216500 101 
6279.429772000 104 
6279.430327500 106 
6279.430883000 110 
6279.431438500 113 
6279.431994000 116 
6279.432549500 121 
6279.433105000 126 
6279.433660500 131 
6279.434216000 135 
6279.434771500 140 
6279.435327000 144 
6279.435882500 147 
6279.436438000 150 
6279.436993500 152 
6279.437549000 153 
6279.438104500 155 
6279.438660000 154 
6279.439215500 153 
6279.439771000 152 
6279.440326500 149 
6279.440882000 146 
6279.441437500 143 
6279.441993000 139 
6279.442548500 134 
6279.443104000 130 
6279.443659500 125 
6279.444215000 120 
6279.444770500 116 
6279.445326000 111 
6279.445881500 109 
6279.446437000 106 
6279.446992500 103 
6279.447548000 102 
6279.448103500 101 
6279.448659000 101 
6279.449214500 103 
6279.449770000 103 
6279.450325500 107 
6279.450881000 109 
6279.451436500 113 
6279.451992000 116 
6279.452547500 122 
6279.453103000 126 
6279.453658500 130 
6279.454214000 136 
6279.454769500 140 
6279.455325000 143 
6279.455880500 147 
6279.456436000 150 
6279.456991500 152 
6279.457547000 154 
6279.458102500 154 
6279.458658000 155 
6279.459213500 153 
6279.459769000 151 
6279.460324500 149 
6279.460880000 147 
6279.461435500 142 
6279.461991000 138 
6279.462546500 135 
6279.463102000 129 
6279.463657500 124 
6279.464213000 120 
6279.464768500 115 
6279.465324000 113 
6279.465879500 108 
6279.466435000 105 
6279.466990500 102 
6279.467546000 102 
6279.468101500 101 
6279.468657000 101 
6279.469212500 102 
6279.469768000 104 
6279.470323500 106 
6279.470879000 110 
6279.471434500 113 
6279.471990000 117 
6279.472545500 121 
6279.473101000 127 
6279.473656500 130 
6279.474212000 135 
6279.474767500 139 
6279.475323000 144 
6279.475878500 147 
6279.476434000 149 
6279.476989500 153 
6279.477545000 154 
6279.478100500 154 
6279.478656000 155 
6279.479211500 153 
6279.479767000 152 
6279.480322500 149 
6279.480878000 146 
6279.481433500 142 
6279.481989000 139 
6279.482544500 133 
6279.483100000 130 
6279.483655500 125 
6279.484211000 119 
6279.484766500 116 
6279.485322000 112 
6279.485877500 108 
6279.486433000 106 
6279.486988500 102 
6279.487544000 102 
6279.488099500 101 
6279.488655000 101 
6279.489210500 103 
6279.489766000 104 
6279.490321500 106 
6279.490877000 109 
6279.491432500 113 
6279.491988000 117 
6279.492543500 121 
6279.493099000 125 
6279.493654500 131 
6279.494210000 135 
6279.494765500 139 
6279.495321000 144 
6279.495876500 147 
6279.496432000 150 
6279.496987500 152 
6279.497543000 154 
6279.498098500 154 
6279.498654000 155 
6279.499209500 153 
6279.499765000 153 
6279.500320500 149 
6279.500876000 146 
6279.501431500 142 
6279.501987000 139 
6279.502542500 133 
6279.503098000 129 
6279.503653500 125 
6279.504209000 120 
6279.504764500 116 
6279.505320000 111 
6279.505875500 109 
6279.506431000 106 
6279.506986500 103 
6279.507542000 101 
6279.508097500 101 
6279.508653000 102 
6279.509208500 102 
6279.509764000 103 
6279.510319500 107 
6279.510875000 109 
6279.511430500 112 
6279.511986000 118 
6279.512541500 121 
6279.513097000 125 
6279.513652500 131 
6279.514208000 135 
6279.514763500 140 
6279.515319000 144 
6279.515874500 147 
6279.516430000 150 
6279.516985500 153 
6279.517541000 154 
6279.518096500 155 
6279.518652000 155 
6279.519207500 154 
6279.519763000 152 
6279.520318500 150 
6279.520874000 147 
6279.521429500 143 
6279.521985000 138 
6279.522540500 134 
6279.523096000 130 
6279.523651500 124 
6279.524207000 119 
6279.524762500 116 
6279.525318000 111 
6279.525873500 107 
6279.526429000 105 
6279.526984500 102 
6279.527540000 102 
6279.528095500 099 
6279.528651000 101 
6279.529206500 102 
6279.529762000 101 
6279.530317500 106 
6279.530873000 109 
6279.531428500 112 
6279.531984000 116 
6279.532539500 121 
6279.533095000 126 
6279.533650500 130 
6279.534206000 135 
6279.534761500 140 
6279.535317000 144 
6279.535872500 147 
6279.536428000 151 
6279.536983500 153 
6279.537539000 154 
6279.538094500 156 
6279.538650000 155 
6279.539205500 154 
6279.539761000 152 
6279.540316500 150 
6279.540872000 146 
6279.541427500 144 
6279.541983000 138 
6279.542538500 134 
6279.543094000 130 
6279.543649500 125 
6279.544205000 119 
6279.544760500 116 
6279.545316000 112 
6279.545871500 107 
6279.546427000 104 
6279.546982500 103 
6279.547538000 101 
6279.548093500 100 
6279.548649000 100 
6279.549204500 102 
6279.549760000 103 
6279.550315500 105 
6279.550871000 109 
6279.551426500 113 
6279.551982000 116 
6279.552537500 120 
6279.553093000 126 
6279.553648500 131 
6279.554204000 135 
6279.554759500 140 
6279.555315000 143 
6279.555870500 148 
6279.556426000 150 
6279.556981500 153 
6279.557537000 154 
6279.558092500 155 
6279.558648000 155 
6279.559203500 154 
6279.559759000 152 
6279.560314500 149 
6279.560870000 147 
6279.561425500 143 
6279.561981000 139 
6279.562536500 134 
6279.563092000 129 
6279.563647500 125 
6279.564203000 120 
6279.564758500 115 
6279.565314000 111 
6279.565869500 108 
6279.566425000 105 
6279.566980500 102 
6279.567536000 102 
6279.568091500 100 
6279.568647000 101 
6279.569202500 101 
6279.569758000 104 
6279.570313500 106 
6279.570869000 108 
6279.571424500 112 
6279.571980000 117 
6279.572535500 121 
6279.573091000 126 
6279.573646500 130 
6279.574202000 136 
6279.574757500 140 
6279.575313000 144 
6279.575868500 147 
6279.576424000 151 
6279.576979500 153 
6279.577535000 155 
6279.578090500 155 
6279.578646000 155 
6279.579201500 154 
6279.579757000 152 
6279.580312500 150 
6279.580868000 147 
6279.581423500 143 
6279.581979000 138 
6279.582534500 135 
6279.583090000 129 
6279.583645500 124 
6279.584201000 120 
6279.584756500 115 
6279.585312000 112 
6279.585867500 108 
6279.586423000 104 
6279.586978500 102 
6279.587534000 102 
6279.588089500 100 
6279.588645000 100 
6279.589200500 101 
6279.589756000 103 
6279.590311500 105 
6279.590867000 108 
6279.591422500 112 
6279.591978000 117 
6279.592533500 121 
6279.593089000 125 
6279.593644500 130 
6279.594200000 136 
6279.594755500 140 
6279.595311000 143 
6279.595866500 148 
6279.596422000 151 
6279.596977500 153 
6279.597533000 154 
6279.598088500 156 
6279.598644000 155 
6279.599199500 155 
6279.599755000 152 
6279.600310500 150 
6279.600866000 146 
6279.601421500 143 
6279.601977000 139 
6279.602532500 134 
6279.603088000 129 
6279.603643500 125 
6279.604199000 120 
6279.604754500 115 
6279.605310000 112 
6279.605865500 108 
6279.606421000 104 
6279.606976500 102 
6279.607532000 101 
6279.608087500 100 
6279.608643000 101 
6279.609198500 101 
6279.609754000 104 
6279.610309500 106 
6279.610865000 108 
6279.611420500 113 
6279.611976000 116 
6279.612531500 120 
6279.613087000 126 
6279.613642500 131 
6279.614198000 135 
6279.614753500 139 
6279.615309000 143 
6279.615864500 148 
6279.616420000 150 
6279.616975500 153 
6279.617531000 155 
6279.618086500 155 
6279.618642000 154 
6279.619197500 153 
6279.619753000 153 
6279.620308500 150 
6279.620864000 147 
6279.621419500 142 
6279.621975000 139 
6279.622530500 134 
6279.623086000 129 
6279.623641500 125 
6279.624197000 120 
6279.624752500 115 
6279.625308000 111 
6279.625863500 107 
6279.626419000 105 
6279.626974500 103 
6279.627530000 101 
6279.628085500 101 
6279.628641000 101 
6279.629196500 101 
6279.629752000 104 
6279.630307500 106 
6279.630863000 108 
6279.631418500 112 
6279.631974000 117 
6279.632529500 121 
6279.633085000 125 
6279.633640500 130 
6279.634196000 135 
6279.634751500 140 
6279.635307000 143 
6279.635862500 148 
6279.636418000 150 
6279.636973500 152 
6279.637529000 155 
6279.638084500 155 
6279.638640000 155 
6279.639195500 154 
6279.639751000 152 
6279.640306500 150 
6279.640862000 147 
6279.641417500 143 
6279.641973000 139 
6279.642528500 135 
6279.643084000 129 
6279.643639500 125 
6279.644195000 120 
6279.644750500 115 
6279.645306000 111 
6279.645861500 109 
6279.646417000 105 
6279.646972500 102 
6279.647528000 101 
6279.648083500 101 
6279.648639000 100 
6279.649194500 101 
6279.649750000 104 
6279.650305500 105 
6279.650861000 108 
6279.651416500 112 
6279.651972000 117 
6279.652527500 121 
6279.653083000 125 
6279.653638500 131 
6279.654194000 135 
6279.654749500 139 
6279.655305000 144 
6279.655860500 147 
6279.656416000 150 
6279.656971500 153 
6279.657527000 154 
6279.658082500 155 
6279.658638000 156 
6279.659193500 154 
6279.659749000 152 
6279.660304500 149 
6279.660860000 148 
6279.661415500 143 
6279.661971000 138 
6279.662526500 134 
6279.663082000 130 
6279.663637500 125 
6279.664193000 120 
6279.664748500 116 
6279.665304000 111 
6279.665859500 108 
6279.666415000 104 
6279.666970500 102 
6279.667526000 100 
6279.668081500 099 
6279.668637000 100 
6279.669192500 101 
6279.669748000 102 
6279.670303500 105 
6279.670859000 108 
6279.671414500 111 
6279.671970000 117 
6279.672525500 121 
6279.673081000 125 
6279.673636500 130 
6279.674192000 136 
6279.674747500 140 
6279.675303000 144 
6279.675858500 149 
6279.676414000 152 
6279.676969500 154 
6279.677525000 156 
6279.678080500 156 
6279.678636000 157 
6279.679191500 156 
6279.679747000 153 
6279.680302500 151 
6279.680858000 148 
6279.681413500 143 
6279.681969000 140 
6279.682524500 134 
6279.683080000 129 
6279.683635500 126 
6279.684191000 120 
6279.684746500 115 
6279.685302000 110 
6279.685857500 108 
6279.686413000 104 
6279.686968500 101 
6279.687524000 100 
6279.688079500 100 
6279.688635000 100 
6279.689190500 100 
6279.689746000 101 
6279.690301500 105 
6279.690857000 108 
6279.691412500 111 
6279.691968000 116 
6279.692523500 120 
6279.693079000 126 
6279.693634500 131 
6279.694190000 135 
6279.694745500 140 
6279.695301000 144 
6279.695856500 149 
6279.696412000 152 
6279.696967500 154 
6279.697523000 155 
6279.698078500 157 
6279.698634000 156 
6279.699189500 155 
6279.699745000 154 
6279.700300500 151 
6279.700856000 148 
6279.701411500 144 
6279.701967000 139 
6279.702522500 134 
6279.703078000 130 
6279.703633500 124 
6279.704189000 120 
6279.704744500 115 
6279.705300000 111 
6279.705855500 108 
6279.706411000 104 
6279.706966500 101 
6279.707522000 100 
6279.708077500 099 
6279.708633000 100 
6279.709188500 100 
6279.709744000 101 
6279.710299500 105 
6279.710855000 108 
6279.711410500 111 
6279.711966000 115 
6279.712521500 120 
6279.713077000 126 
6279.713632500 130 
6279.714188000 135 
6279.714743500 140 
6279.715299000 145 
6279.715854500 148 
6279.716410000 151 
6279.716965500 153 
6279.717521000 157 
6279.718076500 157 
6279.718632000 156 
6279.719187500 156 
6279.719743000 153 
6279.720298500 151 
6279.720854000 148 
6279.721409500 143 
6279.721965000 140 
6279.722520500 134 
6279.723076000 130 
6279.723631500 125 
6279.724187000 120 
6279.724742500 115 
6279.725298000 111 
6279.725853500 107 
6279.726409000 103 
6279.726964500 102 
6279.727520000 100 
6279.728075500 099 
6279.728631000 099 
6279.729186500 100 
6279.729742000 102 
6279.730297500 104 
6279.730853000 108 
6279.731408500 112 
6279.731964000 116 
6279.732519500 120 
6279.733075000 126 
6279.733630500 131 
6279.734186000 135 
6279.734741500 140 
6279.735297000 145 
6279.735852500 148 
6279.736408000 152 
6279.736963500 154 
6279.737519000 155 
6279.738074500 157 
6279.738630000 156 
6279.739185500 155 
6279.739741000 154 
6279.740296500 151 
6279.740852000 148 
6279.741407500 143 
6279.741963000 140 
6279.742518500 135 
6279.743074000 130 
6279.743629500 124 
6279.744185000 119 
6279.744740500 116 
6279.745296000 111 
6279.745851500 107 
6279.746407000 104 
6279.746962500 102 
6279.747518000 099 
6279.748073500 100 
6279.748629000 100 
6279.749184500 100 
6279.749740000 102 
6279.750295500 104 
6279.750851000 108 
6279.751406500 112 
6279.751962000 115 
6279.752517500 121 
6279.753073000 126 
6279.753628500 130 
6279.754184000 135 
6279.754739500 140 
6279.755295000 145 
6279.755850500 148 
6279.756406000 151 
6279.756961500 154 
6279.757517000 157 
6279.758072500 157 
6279.758628000 157 
6279.759183500 155 
6279.759739000 154 
6279.760294500 152 
6279.760850000 148 
6279.761405500 144 
6279.761961000 140 
6279.762516500 134 
6279.763072000 130 
6279.763627500 125 
6279.764183000 119 
6279.764738500 115 
6279.765294000 111 
6279.765849500 107 
6279.766405000 103 
6279.766960500 100 
6279.767516000 100 
6279.768071500 098 
6279.768627000 098 
6279.769182500 100 
6279.769738000 101 
6279.770293500 104 
6279.770849000 106 
6279.771404500 112 
6279.771960000 116 
6279.772515500 120 
6279.773071000 125 
6279.773626500 131 
6279.774182000 135 
6279.774737500 140 
6279.775293000 145 
6279.775848500 149 
6279.776404000 152 
6279.776959500 155 
6279.777515000 156 
6279.778070500 158 
6279.778626000 157 
6279.779181500 156 
6279.779737000 155 
6279.780292500 152 
6279.780848000 148 
6279.781403500 145 
6279.781959000 140 
6279.782514500 135 
6279.783070000 130 
6279.783625500 125 
6279.784181000 120 
6279.784736500 115 
6279.785292000 110 
6279.785847500 107 
6279.786403000 103 
6279.786958500 101 
6279.787514000 100 
6279.788069500 098 
6279.788625000 098 
6279.789180500 099 
6279.789736000 101 
6279.790291500 103 
6279.790847000 108 
6279.791402500 111 
6279.791958000 116 
6279.792513500 120 
6279.793069000 125 
6279.793624500 131 
6279.794180000 136 
6279.794735500 140 
6279.795291000 145 
6279.795846500 149 
6279.796402000 152 
6279.796957500 156 
6279.797513000 156 
6279.798068500 157 
6279.798624000 157 
6279.799179500 157 
6279.799735000 154 
6279.800290500 151 
6279.800846000 149 
6279.801401500 145 
6279.801957000 140 
6279.802512500 134 
6279.803068000 131 
6279.803623500 125 
6279.804179000 120 
6279.804734500 115 
6279.805290000 110 
6279.805845500 106 
6279.806401000 102 
6279.806956500 101 
6279.807512000 099 
6279.808067500 098 
6279.808623000 100 
6279.809178500 100 
6279.809734000 101 
6279.810289500 103 
6279.810845000 107 
6279.811400500 111 
6279.811956000 115 
6279.812511500 121 
6279.813067000 125 
6279.813622500 130 
6279.814178000 136 
6279.814733500 140 
6279.815289000 144 
6279.815844500 149 
6279.816400000 152 
6279.816955500 154 
6279.817511000 157 
6279.818066500 157 
6279.818622000 158 
6279.819177500 157 
6279.819733000 154 
6279.820288500 152 
6279.820844000 148 
6279.821399500 144 
6279.821955000 140 
6279.822510500 135 
6279.823066000 130 
6279.823621500 125 
6279.824177000 120 
6279.824732500 115 
6279.825288000 110 
6279.825843500 106 
6279.826399000 104 
6279.826954500 101 
6279.827510000 098 
6279.828065500 099 
6279.828621000 098 
6279.829176500 099 
6279.829732000 102 
6279.830287500 103 
6279.830843000 107 
6279.831398500 111 
6279.831954000 115 
6279.832509500 121 
6279.833065000 125 
6279.833620500 131 
6279.834176000 135 
6279.834731500 141 
6279.835287000 145 
6279.835842500 148 
6279.836398000 152 
6279.836953500 155 
6279.837509000 157 
6279.838064500 157 
6279.838620000 158 
6279.839175500 157 
6279.839731000 155 
6279.840286500 151 
6279.840842000 148 
6279.841397500 145 
6279.841953000 141 
6279.842508500 135 
6279.843064000 129 
6279.843619500 125 
6279.844175000 120 
6279.844730500 114 
6279.845286000 111 
6279.845841500 106 
6279.846397000 104 
6279.846952500 101 
6279.847508000 099 
6279.848063500 099 
6279.848619000 098 
6279.849174500 099 
6279.849730000 100 
6279.850285500 104 
6279.850841000 107 
6279.851396500 110 
6279.851952000 116 
6279.852507500 120 
6279.853063000 125 
6279.853618500 130 
6279.854174000 135 
6279.854729500 141 
6279.855285000 145 
6279.855840500 148 
6279.856396000 152 
6279.856951500 154 
6279.857507000 156 
6279.858062500 158 
6279.858618000 157 
6279.859173500 156 
6279.859729000 155 
6279.860284500 152 
6279.860840000 148 
6279.861395500 144 
6279.861951000 140 
6279.862506500 135 
6279.863062000 130 
6279.863617500 124 
6279.864173000 120 
6279.864728500 115 
6279.865284000 110 
6279.865839500 106 
6279.866395000 104 
6279.866950500 101 
6279.867506000 098 
6279.868061500 097 
6279.868617000 099 
6279.869172500 099 
6279.869728000 100 
6279.870283500 105 
6279.870839000 107 
6279.871394500 111 
6279.871950000 116 
6279.872505500 120 
6279.873061000 126 
6279.873616500 131 
6279.874172000 135 
6279.874727500 141 
6279.875283000 144 
6279.875838500 149 
6279.876394000 152 
6279.876949500 154 
6279.877505000 156 
6279.878060500 158 
6279.878616000 157 
6279.879171500 156 
6279.879727000 154 
6279.880282500 152 
6279.880838000 149 
6279.881393500 145 
6279.881949000 139 
6279.882504500 135 
6279.883060000 130 
6279.883615500 125 
6279.884171000 119 
6279.884726500 116 
6279.885282000 111 
6279.885837500 107 
6279.886393000 103 
6279.886948500 101 
6279.887504000 099 
6279.888059500 099 
6279.888615000 098 
6279.889170500 099 
6279.889726000 100 
6279.890281500 104 
6279.890837000 107 
6279.891392500 110 
6279.891948000 116 
6279.892503500 120 
6279.893059000 125 
6279.893614500 131 
6279.894170000 136 
6279.894725500 140 
6279.895281000 144 
6279.895836500 148 
6279.896392000 152 
6279.896947500 155 
6279.897503000 156 
6279.898058500 158 
6279.898614000 157 
6279.899169500 156 
6279.899725000 155 
6279.900280500 152 
6279.900836000 149 
6279.901391500 144 
6279.901947000 139 
6279.902502500 135 
6279.903058000 130 
6279.903613500 124 
6279.904169000 120 
6279.904724500 115 
6279.905280000 110 
6279.905835500 107 
6279.906391000 103 
6279.906946500 100 
6279.907502000 100 
6279.908057500 098 
6279.908613000 098 
6279.909168500 100 
6279.909724000 101 
6279.910279500 103 
6279.910835000 106 
6279.911390500 111 
6279.911946000 115 
6279.912501500 119 
6279.913057000 125 
6279.913612500 131 
6279.914168000 136 
6279.914723500 140 
6279.915279000 145 
6279.915834500 149 
6279.916390000 153 
6279.916945500 155 
6279.917501000 157 
6279.918056500 157 
6279.918612000 158 
6279.919167500 157 
6279.919723000 154 
6279.920278500 151 
6279.920834000 150 
6279.921389500 145 
6279.921945000 140 
6279.922500500 136 
6279.923056000 130 
6279.923611500 125 
6279.924167000 119 
6279.924722500 115 
6279.925278000 110 
6279.925833500 106 
6279.926389000 102 
6279.926944500 101 
6279.927500000 098 
6279.928055500 099 
6279.928611000 097 
6279.929166500 100 
6279.929722000 101 
6279.930277500 103 
6279.930833000 107 
6279.931388500 111 
6279.931944000 115 
6279.932499500 120 
6279.933055000 126 
6279.933610500 131 
6279.934166000 135 
6279.934721500 140 
6279.935277000 145 
6279.935832500 149 
6279.936388000 152 
6279.936943500 156 
6279.937499000 157 
6279.938054500 158 
6279.938610000 157 
6279.939165500 157 
6279.939721000 155 
6279.940276500 152 
6279.940832000 149 
6279.941387500 145 
6279.941943000 141 
6279.942498500 135 
6279.943054000 130 
6279.943609500 125 
6279.944165000 119 
6279.944720500 115 
6279.945276000 110 
6279.945831500 106 
6279.946387000 104 
6279.946942500 101 
6279.947498000 098 
6279.948053500 099 
6279.948609000 098 
6279.949164500 099 
6279.949720000 100 
6279.950275500 103 
6279.950831000 106 
6279.951386500 110 
6279.951942000 116 
6279.952497500 120 
6279.953053000 125 
6279.953608500 131 
6279.954164000 136 
6279.954719500 140 
6279.955275000 146 
6279.955830500 149 
6279.956386000 152 
6279.956941500 156 
6279.957497000 157 
6279.958052500 158 
6279.958608000 158 
6279.959163500 157 
6279.959719000 155 
6279.960274500 152 
6279.960830000 148 
6279.961385500 146 
6279.961941000 140 
6279.962496500 135 
6279.963052000 129 
6279.963607500 124 
6279.964163000 120 
6279.964718500 115 
6279.965274000 110 
6279.965829500 107 
6279.966385000 103 
6279.966940500 100 
6279.967496000 098 
6279.968051500 098 
6279.968607000 098 
6279.969162500 099 
6279.969718000 100 
6279.970273500 104 
6279.970829000 106 
6279.971384500 111 
6279.971940000 115 
6279.972495500 119 
6279.973051000 126 
6279.973606500 130 
6279.974162000 135 
6279.974717500 141 
6279.975273000 145 
6279.975828500 149 
6279.976384000 153 
6279.976939500 155 
6279.977495000 157 
6279.978050500 158 
6279.978606000 157 
6279.979161500 156 
6279.979717000 155 
6279.980272500 152 
6279.980828000 148 
6279.981383500 145 
6279.981939000 140 
6279.982494500 135 
6279.983050000 130 
6279.983605500 124 
6279.984161000 120 
6279.984716500 114 
6279.985272000 111 
6279.985827500 107 
6279.986383000 104 
6279.986938500 101 
6279.987494000 098 
6279.988049500 098 
6279.988605000 098 
6279.989160500 099 
6279.989716000 101 
6279.990271500 103 
6279.990827000 106 
6279.991382500 111 
6279.991938000 115 
6279.992493500 120 
6279.993049000 124 
6279.993604500 131 
6279.994160000 135 
6279.994715500 141 
6279.995271000 145 
6279.995826500 149 
6279.996382000 152 
6279.996937500 155 
6279.997493000 157 
6279.998048500 158 
6279.998604000 158 
6279.999159500 156 
6279.999715000 156 
6280.000270500 152 
6280.000826000 148 
6280.001381500 144 
6280.001937000 141 
6280.002492500 136 
6280.003048000 130 
6280.003603500 125 
6280.004159000 120 
6280.004714500 114 
6280.005270000 111 
6280.005825500 107 
6280.006381000 102 
6280.006936500 100 
6280.007492000 099 
6280.008047500 097 
6280.008603000 098 
6280.009158500 098 
6280.009714000 100 
6280.010269500 102 
6280.010825000 106 
6280.011380500 110 
6280.011936000 114 
6280.012491500 120 
6280.013047000 125 
6280.013602500 130 
6280.014158000 136 
6280.014713500 141 
6280.015269000 145 
6280.015824500 149 
6280.016380000 154 
6280.016935500 156 
6280.017491000 157 
6280.018046500 159 
6280.018602000 159 
6280.019157500 157 
6280.019713000 156 
6280.020268500 153 
6280.020824000 150 
6280.021379500 145 
6280.021935000 141 
6280.022490500 136 
6280.023046000 130 
6280.023601500 125 
6280.024157000 120 
6280.024712500 114 
6280.025268000 109 
6280.025823500 106 
6280.026379000 101 
6280.026934500 100 
6280.027490000 098 
6280.028045500 097 
6280.028601000 097 
6280.029156500 097 
6280.029712000 100 
6280.030267500 102 
6280.030823000 105 
6280.031378500 110 
6280.031934000 115 
6280.032489500 119 
6280.033045000 126 
6280.033600500 131 
6280.034156000 135 
6280.034711500 140 
6280.035267000 146 
6280.035822500 150 
6280.036378000 153 
6280.036933500 156 
6280.037489000 157 
6280.038044500 159 
6280.038600000 158 
6280.039155500 158 
6280.039711000 156 
6280.040266500 153 
6280.040822000 150 
6280.041377500 145 
6280.041933000 140 
6280.042488500 136 
6280.043044000 131 
6280.043599500 125 
6280.044155000 119 
6280.044710500 115 
6280.045266000 110 
6280.045821500 105 
6280.046377000 102 
6280.046932500 100 
6280.047488000 098 
6280.048043500 096 
6280.048599000 097 
6280.049154500 098 
6280.049710000 099 
6280.050265500 103 
6280.050821000 105 
6280.051376500 109 
6280.051932000 115 
6280.052487500 120 
6280.053043000 125 
6280.053598500 131 
6280.054154000 135 
6280.054709500 142 
6280.055265000 146 
6280.055820500 150 
6280.056376000 153 
6280.056931500 156 
6280.057487000 158 
6280.058042500 159 
6280.058598000 159 
6280.059153500 158 
6280.059709000 156 
6280.060264500 154 
6280.060820000 150 
6280.061375500 145 
6280.061931000 141 
6280.062486500 135 
6280.063042000 131 
6280.063597500 125 
6280.064153000 119 
6280.064708500 115 
6280.065264000 110 
6280.065819500 105 
6280.066375000 103 
6280.066930500 100 
6280.067486000 098 
6280.068041500 096 
6280.068597000 097 
6280.069152500 097 
6280.069708000 099 
6280.070263500 102 
6280.070819000 106 
6280.071374500 109 
6280.071930000 114 
6280.072485500 120 
6280.073041000 124 
6280.073596500 130 
6280.074152000 136 
6280.074707500 141 
6280.075263000 145 
6280.075818500 150 
6280.076374000 153 
6280.076929500 156 
6280.077485000 157 
6280.078040500 159 
6280.078596000 159 
6280.079151500 158 
6280.079707000 157 
6280.080262500 153 
6280.080818000 149 
6280.081373500 146 
6280.081929000 141 
6280.082484500 135 
6280.083040000 131 
6280.083595500 124 
6280.084151000 120 
6280.084706500 115 
6280.085262000 110 
6280.085817500 105 
6280.086373000 103 
6280.086928500 100 
6280.087484000 097 
6280.088039500 097 
6280.088595000 097 
6280.089150500 097 
6280.089706000 100 
6280.090261500 103 
6280.090817000 106 
6280.091372500 109 
6280.091928000 114 
6280.092483500 120 
6280.093039000 125 
6280.093594500 130 
6280.094150000 137 
6280.094705500 141 
6280.095261000 145 
6280.095816500 150 
6280.096372000 153 
6280.096927500 156 
6280.097483000 158 
6280.098038500 158 
6280.098594000 159 
6280.099149500 158 
6280.099705000 156 
6280.100260500 153 
6280.100816000 150 
6280.101371500 145 
6280.101927000 141 
6280.102482500 136 
6280.103038000 130 
6280.103593500 125 
6280.104149000 119 
6280.104704500 114 
6280.105260000 110 
6280.105815500 106 
6280.106371000 102 
6280.106926500 099 
6280.107482000 097 
6280.108037500 097 
6280.108593000 097 
6280.109148500 097 
6280.109704000 100 
6280.110259500 102 
6280.110815000 106 
6280.111370500 109 
6280.111926000 114 
6280.112481500 120 
6280.113037000 124 
6280.113592500 130 
6280.114148000 136 
6280.114703500 140 
6280.115259000 145 
6280.115814500 150 
6280.116370000 153 
6280.116925500 155 
6280.117481000 159 
6280.118036500 159 
6280.118592000 158 
6280.119147500 158 
6280.119703000 157 
6280.120258500 153 
6280.120814000 149 
6280.121369500 146 
6280.121925000 141 
6280.122480500 136 
6280.123036000 130 
6280.123591500 124 
6280.124147000 120 
6280.124702500 115 
6280.125258000 109 
6280.125813500 106 
6280.126369000 102 
6280.126924500 099 
6280.127480000 098 
6280.128035500 097 
6280.128591000 096 
6280.129146500 098 
6280.129702000 099 
6280.130257500 101 
6280.130813000 105 
6280.131368500 110 
6280.131924000 114 
6280.132479500 119 
6280.133035000 125 
6280.133590500 130 
6280.134146000 135 
6280.134701500 142 
6280.135257000 146 
6280.135812500 150 
6280.136368000 153 
6280.136923500 157 
6280.137479000 158 
6280.138034500 159 
6280.138590000 159 
6280.139145500 158 
6280.139701000 156 
6280.140256500 154 
6280.140812000 150 
6280.141367500 145 
6280.141923000 142 
6280.142478500 136 
6280.143034000 130 
6280.143589500 125 
6280.144145000 120 
6280.144700500 114 
6280.145256000 109 
6280.145811500 106 
6280.146367000 103 
6280.146922500 100 
6280.147478000 097 
6280.148033500 097 
6280.148589000 097 
6280.149144500 097 
6280.149700000 099 
6280.150255500 101 
6280.150811000 106 
6280.151366500 109 
6280.151922000 114 
6280.152477500 120 
6280.153033000 124 
6280.153588500 130 
6280.154144000 136 
6280.154699500 141 
6280.155255000 145 
6280.155810500 150 
6280.156366000 154 
6280.156921500 156 
6280.157477000 158 
6280.158032500 158 
6280.158588000 159 
6280.159143500 158 
6280.159699000 156 
6280.160254500 154 
6280.160810000 150 
6280.161365500 146 
6280.161921000 141 
6280.162476500 136 
6280.163032000 130 
6280.163587500 125 
6280.164143000 120 
6280.164698500 115 
6280.165254000 109 
6280.165809500 106 
6280.166365000 101 
6280.166920500 099 
6280.167476000 097 
6280.168031500 096 
6280.168587000 097 
6280.169142500 098 
6280.169698000 099 
6280.170253500 102 
6280.170809000 105 
6280.171364500 109 
6280.171920000 115 
6280.172475500 120 
6280.173031000 125 
6280.173586500 130 
6280.174142000 136 
6280.174697500 141 
6280.175253000 146 
6280.175808500 151 
6280.176364000 154 
6280.176919500 156 
6280.177475000 158 
6280.178030500 160 
6280.178586000 159 
6280.179141500 158 
6280.179697000 156 
6280.180252500 154 
6280.180808000 150 
6280.181363500 147 
6280.181919000 141 
6280.182474500 135 
6280.183030000 131 
6280.183585500 125 
6280.184141000 119 
6280.184696500 114 
6280.185252000 110 
6280.185807500 105 
6280.186363000 101 
6280.186918500 099 
6280.187474000 097 
6280.188029500 096 
6280.188585000 096 
6280.189140500 096 
6280.189696000 099 
6280.190251500 102 
6280.190807000 105 
6280.191362500 110 
6280.191918000 115 
6280.192473500 119 
6280.193029000 125 
6280.193584500 130 
6280.194140000 136 
6280.194695500 141 
6280.195251000 145 
6280.195806500 150 
6280.196362000 154 
6280.196917500 157 
6280.197473000 158 
6280.198028500 159 
6280.198584000 160 
6280.199139500 158 
6280.199695000 156 
6280.200250500 153 
6280.200806000 150 
6280.201361500 146 
6280.201917000 141 
6280.202472500 136 
6280.203028000 130 
6280.203583500 125 
6280.204139000 120 
6280.204694500 114 
6280.205250000 109 
6280.205805500 106 
6280.206361000 102 
6280.206916500 099 
6280.207472000 097 
6280.208027500 096 
6280.208583000 096 
6280.209138500 097 
6280.209694000 098 
6280.210249500 101 
6280.210805000 105 
6280.211360500 109 
6280.211916000 114 
6280.212471500 120 
6280.213027000 124 
6280.213582500 130 
6280.214138000 135 
6280.214693500 141 
6280.215249000 145 
6280.215804500 149 
6280.216360000 154 
6280.216915500 156 
6280.217471000 158 
6280.218026500 160 
6280.218582000 160 
6280.219137500 158 
6280.219693000 156 
6280.220248500 155 
6280.220804000 150 
6280.221359500 146 
6280.221915000 142 
6280.222470500 136 
6280.223026000 130 
6280.223581500 125 
6280.224137000 120 
6280.224692500 115 
6280.225248000 109 
6280.225803500 105 
6280.226359000 102 
6280.226914500 099 
6280.227470000 096 
6280.228025500 097 
6280.228581000 097 
6280.229136500 098 
6280.229692000 098 
6280.230247500 102 
6280.230803000 105 
6280.231358500 109 
6280.231914000 115 
6280.232469500 119 
6280.233025000 125 
6280.233580500 130 
6280.234136000 136 
6280.234691500 141 
6280.235247000 145 
6280.235802500 150 
6280.236358000 153 
6280.236913500 157 
6280.237469000 158 
6280.238024500 159 
6280.238580000 160 
6280.239135500 158 
6280.239691000 156 
6280.240246500 155 
6280.240802000 151 
6280.241357500 146 
6280.241913000 142 
6280.242468500 136 
6280.243024000 130 
6280.243579500 124 
6280.244135000 120 
6280.244690500 115 
6280.245246000 110 
6280.245801500 105 
6280.246357000 101 
6280.246912500 099 
6280.247468000 097 
6280.248023500 097 
6280.248579000 096 
6280.249134500 097 
6280.249690000 099 
6280.250245500 101 
6280.250801000 104 
6280.251356500 110 
6280.251912000 114 
6280.252467500 118 
6280.253023000 125 
6280.253578500 131 
6280.254134000 135 
6280.254689500 142 
6280.255245000 146 
6280.255800500 150 
6280.256356000 154 
6280.256911500 157 
6280.257467000 159 
6280.258022500 159 
6280.258578000 160 
6280.259133500 159 
6280.259689000 157 
6280.260244500 154 
6280.260800000 151 
6280.261355500 147 
6280.261911000 142 
6280.262466500 135 
6280.263022000 131 
6280.263577500 125 
6280.264133000 120 
6280.264688500 114 
6280.265244000 109 
6280.265799500 105 
6280.266355000 102 
6280.266910500 099 
6280.267466000 097 
6280.268021500 096 
6280.268577000 096 
6280.269132500 096 
6280.269688000 099 
6280.270243500 101 
6280.270799000 104 
6280.271354500 109 
6280.271910000 114 
6280.272465500 119 
6280.273021000 124 
6280.273576500 131 
6280.274132000 136 
6280.274687500 141 
6280.275243000 147 
6280.275798500 150 
6280.276354000 153 
6280.276909500 158 
6280.277465000 159 
6280.278020500 159 
6280.278576000 161 
6280.279131500 159 
6280.279687000 157 
6280.280242500 154 
6280.280798000 151 
6280.281353500 147 
6280.281909000 141 
6280.282464500 135 
6280.283020000 131 
6280.283575500 125 
6280.284131000 119 
6280.284686500 114 
6280.285242000 110 
6280.285797500 106 
6280.286353000 102 
6280.286908500 098 
6280.287464000 097 
6280.288019500 095 
6280.288575000 095 
6280.289130500 097 
6280.289686000 099 
6280.290241500 100 
6280.290797000 105 
6280.291352500 109 
6280.291908000 114 
6280.292463500 120 
6280.293019000 125 
6280.293574500 129 
6280.294130000 136 
6280.294685500 141 
6280.295241000 147 
6280.295796500 151 
6280.296352000 153 
6280.296907500 156 
6280.297463000 159 
6280.298018500 160 
6280.298574000 159 
6280.299129500 158 
6280.299685000 157 
6280.300240500 154 
6280.300796000 151 
6280.301351500 147 
6280.301907000 141 
6280.302462500 137 
6280.303018000 131 
6280.303573500 124 
6280.304129000 120 
6280.304684500 114 
6280.305240000 110 
6280.305795500 104 
6280.306351000 102 
6280.306906500 099 
6280.307462000 097 
6280.308017500 096 
6280.308573000 096 
6280.309128500 097 
6280.309684000 098 
6280.310239500 102 
6280.310795000 105 
6280.311350500 108 
6280.311906000 114 
6280.312461500 118 
6280.313017000 124 
6280.313572500 131 
6280.314128000 135 
6280.314683500 140 
6280.315239000 146 
6280.315794500 150 
6280.316350000 154 
6280.316905500 156 
6280.317461000 159 
6280.318016500 160 
6280.318572000 160 
6280.319127500 159 
6280.319683000 157 
6280.320238500 155 
6280.320794000 151 
6280.321349500 146 
6280.321905000 141 
6280.322460500 137 
6280.323016000 130 
6280.323571500 125 
6280.324127000 120 
6280.324682500 114 
6280.325238000 110 
6280.325793500 106 
6280.326349000 102 
6280.326904500 099 
6280.327460000 096 
6280.328015500 096 
6280.328571000 096 
6280.329126500 096 
6280.329682000 099 
6280.330237500 101 
6280.330793000 104 
6280.331348500 109 
6280.331904000 114 
6280.332459500 119 
6280.333015000 125 
6280.333570500 131 
6280.334126000 136 
6280.334681500 141 
6280.335237000 145 
6280.335792500 151 
6280.336348000 154 
6280.336903500 156 
6280.337459000 159 
6280.338014500 160 
6280.338570000 159 
6280.339125500 159 
6280.339681000 157 
6280.340236500 154 
6280.340792000 150 
6280.341347500 147 
6280.341903000 142 
6280.342458500 136 
6280.343014000 131 
6280.343569500 125 
6280.344125000 119 
6280.344680500 115 
6280.345236000 109 
6280.345791500 106 
6280.346347000 101 
6280.346902500 100 
6280.347458000 096 
6280.348013500 096 
6280.348569000 096 
6280.349124500 097 
6280.349680000 098 
6280.350235500 101 
6280.350791000 105 
6280.351346500 109 
6280.351902000 114 
6280.352457500 119 
6280.353013000 125 
6280.353568500 129 
6280.354124000 136 
6280.354679500 141 
6280.355235000 146 
6280.355790500 150 
6280.356346000 154 
6280.356901500 156 
6280.357457000 158 
6280.358012500 160 
6280.358568000 160 
6280.359123500 158 
6280.359679000 157 
6280.360234500 154 
6280.360790000 151 
6280.361345500 146 
6280.361901000 142 
6280.362456500 136 
6280.363012000 131 
6280.363567500 126 
6280.364123000 120 
6280.364678500 114 
6280.365234000 109 
6280.365789500 106 
6280.366345000 102 
6280.366900500 099 
6280.367456000 096 
6280.368011500 096 
6280.368567000 096 
6280.369122500 097 
6280.369678000 098 
6280.370233500 100 
6280.370789000 105 
6280.371344500 109 
6280.371900000 114 
6280.372455500 119 
6280.373011000 125 
6280.373566500 130 
6280.374122000 136 
6280.374677500 140 
6280.375233000 147 
6280.375788500 150 
6280.376344000 154 
6280.376899500 157 
6280.377455000 158 
6280.378010500 160 
6280.378566000 160 
6280.379121500 158 
6280.379677000 157 
6280.380232500 155 
6280.380788000 151 
6280.381343500 146 
6280.381899000 141 
6280.382454500 136 
6280.383010000 131 
6280.383565500 125 
6280.384121000 119 
6280.384676500 114 
6280.385232000 110 
6280.385787500 105 
6280.386343000 101 
6280.386898500 099 
6280.387454000 097 
6280.388009500 096 
6280.388565000 096 
6280.389120500 096 
6280.389676000 099 
6280.390231500 101 
6280.390787000 105 
6280.391342500 109 
6280.391898000 114 
6280.392453500 118 
6280.393009000 124 
6280.393564500 131 
6280.394120000 135 
6280.394675500 141 
6280.395231000 146 
6280.395786500 151 
6280.396342000 153 
6280.396897500 157 
6280.397453000 159 
6280.398008500 160 
6280.398564000 159 
6280.399119500 159 
6280.399675000 157 
6280.400230500 154 
6280.400786000 151 
6280.401341500 146 
6280.401897000 142 
6280.402452500 136 
6280.403008000 132 
6280.403563500 125 
6280.404119000 119 
6280.404674500 115 
6280.405230000 109 
6280.405785500 105 
6280.406341000 102 
6280.406896500 099 
6280.407452000 096 
6280.408007500 096 
6280.408563000 096 
6280.409118500 096 
6280.409674000 098 
6280.410229500 101 
6280.410785000 104 
6280.411340500 108 
6280.411896000 114 
6280.412451500 119 
6280.413007000 124 
6280.413562500 131 
6280.414118000 135 
6280.414673500 141 
6280.415229000 146 
6280.415784500 150 
6280.416340000 154 
6280.416895500 158 
6280.417451000 159 
6280.418006500 160 
6280.418562000 159 
6280.419117500 159 
6280.419673000 157 
6280.420228500 154 
6280.420784000 151 
6280.421339500 146 
6280.421895000 141 
6280.422450500 137 
6280.423006000 131 
6280.423561500 125 
6280.424117000 120 
6280.424672500 115 
6280.425228000 109 
6280.425783500 105 
6280.426339000 102 
6280.426894500 099 
6280.427450000 096 
6280.428005500 096 
6280.428561000 096 
6280.429116500 096 
6280.429672000 099 
6280.430227500 101 
6280.430783000 105 
6280.431338500 108 
6280.431894000 114 
6280.432449500 119 
6280.433005000 124 
6280.433560500 130 
6280.434116000 136 
6280.434671500 140 
6280.435227000 147 
6280.435782500 150 
6280.436338000 153 
6280.436893500 157 
6280.437449000 159 
6280.438004500 160 
6280.438560000 161 
6280.439115500 159 
6280.439671000 157 
6280.440226500 154 
6280.440782000 151 
6280.441337500 146 
6280.441893000 141 
6280.442448500 137 
6280.443004000 131 
6280.443559500 126 
6280.444115000 120 
6280.444670500 114 
6280.445226000 108 
6280.445781500 106 
6280.446337000 102 
6280.446892500 099 
6280.447448000 096 
6280.448003500 096 
6280.448559000 095 
6280.449114500 096 
6280.449670000 099 
6280.450225500 101 
6280.450781000 104 
6280.451336500 108 
6280.451892000 114 
6280.452447500 119 
6280.453003000 124 
6280.453558500 129 
6280.454114000 136 
6280.454669500 141 
6280.455225000 145 
6280.455780500 151 
6280.456336000 154 
6280.456891500 157 
6280.457447000 159 
6280.458002500 160 
6280.458558000 160 
6280.459113500 159 
6280.459669000 157 
6280.460224500 154 
6280.460780000 151 
6280.461335500 147 
6280.461891000 142 
6280.462446500 136 
6280.463002000 131 
6280.463557500 126 
6280.464113000 120 
6280.464668500 114 
6280.465224000 109 
6280.465779500 106 
6280.466335000 101 
6280.466890500 098 
6280.467446000 097 
6280.468001500 096 
6280.468557000 095 
6280.469112500 096 
6280.469668000 099 
6280.470223500 101 
6280.470779000 104 
6280.471334500 109 
6280.471890000 113 
6280.472445500 119 
6280.473001000 125 
6280.473556500 130 
6280.474112000 135 
6280.474667500 142 
6280.475223000 146 
6280.475778500 150 
6280.476334000 154 
6280.476889500 157 
6280.477445000 158 
6280.478000500 159 
6280.478556000 160 
6280.479111500 159 
6280.479667000 157 
6280.480222500 155 
6280.480778000 151 
6280.481333500 146 
6280.481889000 142 
6280.482444500 136 
6280.483000000 130 
6280.483555500 126 
6280.484111000 120 
6280.484666500 114 
6280.485222000 110 
6280.485777500 104 
6280.486333000 102 
6280.486888500 098 
6280.487444000 096 
6280.487999500 096 
6280.488555000 095 
6280.489110500 096 
6280.489666000 099 
6280.490221500 100 
6280.490777000 105 
6280.491332500 108 
6280.491888000 113 
6280.492443500 119 
6280.492999000 125 
6280.493554500 129 
6280.494110000 136 
6280.494665500 141 
6280.495221000 145 
6280.495776500 151 
6280.496332000 154 
6280.496887500 157 
6280.497443000 159 
6280.497998500 159 
6280.498554000 160 
6280.499109500 159 
6280.499665000 158 
6280.500220500 155 
6280.500776000 151 
6280.501331500 147 
6280.501887000 141 
6280.502442500 137 
6280.502998000 131 
6280.503553500 125 
6280.504109000 120 
6280.504664500 114 
6280.505220000 108 
6280.505775500 105 
6280.506331000 101 
6280.506886500 097 
6280.507442000 095 
6280.507997500 095 
6280.508553000 095 
6280.509108500 095 
6280.509664000 097 
6280.510219500 099 
6280.510775000 103 
6280.511330500 109 
6280.511886000 113 
6280.512441500 118 
6280.512997000 124 
6280.513552500 130 
6280.514108000 136 
6280.514663500 142 
6280.515219000 146 
6280.515774500 152 
6280.516330000 155 
6280.516885500 158 
6280.517441000 160 
6280.517996500 161 
6280.518552000 161 
6280.519107500 161 
6280.519663000 159 
6280.520218500 156 
6280.520774000 151 
6280.521329500 148 
6280.521885000 142 
6280.522440500 136 
6280.522996000 132 
6280.523551500 125 
6280.524107000 119 
6280.524662500 113 
6280.525218000 109 
6280.525773500 104 
6280.526329000 100 
6280.526884500 098 
6280.527440000 095 
6280.527995500 095 
6280.528551000 094 
6280.529106500 096 
6280.529662000 097 
6280.530217500 099 
6280.530773000 104 
6280.531328500 108 
6280.531884000 112 
6280.532439500 118 
6280.532995000 125 
6280.533550500 130 
6280.534106000 136 
6280.534661500 141 
6280.535217000 146 
6280.535772500 152 
6280.536328000 155 
6280.536883500 158 
6280.537439000 160 
6280.537994500 161 
6280.538550000 161 
6280.539105500 160 
6280.539661000 158 
6280.540216500 156 
6280.540772000 152 
6280.541327500 148 
6280.541883000 142 
6280.542438500 136 
6280.542994000 131 
6280.543549500 125 
6280.544105000 119 
6280.544660500 113 
6280.545216000 109 
6280.545771500 104 
6280.546327000 100 
6280.546882500 097 
6280.547438000 096 
6280.547993500 095 
6280.548549000 094 
6280.549104500 095 
6280.549660000 098 
6280.550215500 100 
6280.550771000 104 
6280.551326500 108 
6280.551882000 112 
6280.552437500 119 
6280.552993000 124 
6280.553548500 131 
6280.554104000 135 
6280.554659500 141 
6280.555215000 147 
6280.555770500 152 
6280.556326000 155 
6280.556881500 157 
6280.557437000 161 
6280.557992500 161 
6280.558548000 162 
6280.559103500 161 
6280.559659000 158 
6280.560214500 155 
6280.560770000 152 
6280.561325500 148 
6280.561881000 142 
6280.562436500 136 
6280.562992000 132 
6280.563547500 125 
6280.564103000 119 
6280.564658500 114 
6280.565214000 109 
6280.565769500 105 
6280.566325000 100 
6280.566880500 097 
6280.567436000 096 
6280.567991500 094 
6280.568547000 094 
6280.569102500 096 
6280.569658000 097 
6280.570213500 101 
6280.570769000 104 
6280.571324500 108 
6280.571880000 112 
6280.572435500 119 
6280.572991000 124 
6280.573546500 129 
6280.574102000 136 
6280.574657500 141 
6280.575213000 146 
6280.575768500 152 
6280.576324000 155 
6280.576879500 158 
6280.577435000 160 
6280.577990500 161 
6280.578546000 161 
6280.579101500 160 
6280.579657000 159 
6280.580212500 156 
6280.580768000 152 
6280.581323500 148 
6280.581879000 142 
6280.582434500 137 
6280.582990000 131 
6280.583545500 125 
6280.584101000 120 
6280.584656500 113 
6280.585212000 109 
6280.585767500 105 
6280.586323000 100 
6280.586878500 097 
6280.587434000 096 
6280.587989500 095 
6280.588545000 093 
6280.589100500 096 
6280.589656000 097 
6280.590211500 099 
6280.590767000 104 
6280.591322500 108 
6280.591878000 112 
6280.592433500 119 
6280.592989000 124 
6280.593544500 130 
6280.594100000 135 
6280.594655500 142 
6280.595211000 146 
6280.595766500 151 
6280.596322000 155 
6280.596877500 158 
6280.597433000 161 
6280.597988500 161 
6280.598544000 162 
6280.599099500 161 
6280.599655000 158 
6280.600210500 157 
6280.600766000 152 
6280.601321500 147 
6280.601877000 143 
6280.602432500 137 
6280.602988000 131 
6280.603543500 126 
6280.604099000 119 
6280.604654500 113 
6280.605210000 109 
6280.605765500 104 
6280.606321000 100 
6280.606876500 098 
6280.607432000 096 
6280.607987500 094 
6280.608543000 094 
6280.609098500 095 
6280.609654000 096 
6280.610209500 100 
6280.610765000 104 
6280.611320500 108 
6280.611876000 113 
6280.612431500 118 
6280.612987000 124 
6280.613542500 130 
6280.614098000 135 
6280.614653500 141 
6280.615209000 147 
6280.615764500 151 
6280.616320000 154 
6280.616875500 159 
6280.617431000 161 
6280.617986500 161 
6280.618542000 161 
6280.619097500 161 
6280.619653000 159 
6280.620208500 155 
6280.620764000 152 
6280.621319500 147 
6280.621875000 143 
6280.622430500 137 
6280.622986000 131 
6280.623541500 125 
6280.624097000 120 
6280.624652500 113 
6280.625208000 109 
6280.625763500 104 
6280.626319000 101 
6280.626874500 098 
6280.627430000 095 
6280.627985500 094 
6280.628541000 095 
6280.629096500 096 
6280.629652000 097 
6280.630207500 099 
6280.630763000 103 
6280.631318500 108 
6280.631874000 112 
6280.632429500 118 
6280.632985000 125 
6280.633540500 130 
6280.634096000 135 
6280.634651500 142 
6280.635207000 146 
6280.635762500 151 
6280.636318000 156 
6280.636873500 158 
6280.637429000 160 
6280.637984500 162 
6280.638540000 161 
6280.639095500 160 
6280.639651000 159 
6280.640206500 156 
6280.640762000 152 
6280.641317500 148 
6280.641873000 143 
6280.642428500 137 
6280.642984000 132 
6280.643539500 126 
6280.644095000 119 
6280.644650500 115 
6280.645206000 109 
6280.645761500 104 
6280.646317000 100 
6280.646872500 098 
6280.647428000 095 
6280.647983500 093 
6280.648539000 094 
6280.649094500 096 
6280.649650000 097 
6280.650205500 099 
6280.650761000 104 
6280.651316500 108 
6280.651872000 112 
6280.652427500 119 
6280.652983000 124 
6280.653538500 129 
6280.654094000 136 
6280.654649500 141 
6280.655205000 147 
6280.655760500 151 
6280.656316000 154 
6280.656871500 159 
6280.657427000 161 
6280.657982500 161 
6280.658538000 161 
6280.659093500 161 
6280.659649000 159 
6280.660204500 155 
6280.660760000 152 
6280.661315500 148 
6280.661871000 142 
6280.662426500 138 
6280.662982000 132 
6280.663537500 125 
6280.664093000 119 
6280.664648500 115 
6280.665204000 108 
6280.665759500 105 
6280.666315000 100 
6280.666870500 097 
6280.667426000 095 
6280.667981500 094 
6280.668537000 095 
6280.669092500 095 
6280.669648000 098 
6280.670203500 100 
6280.670759000 103 
6280.671314500 107 
6280.671870000 113 
6280.672425500 118 
6280.672981000 124 
6280.673536500 131 
6280.674092000 136 
6280.674647500 141 
6280.675203000 147 
6280.675758500 151 
6280.676314000 154 
6280.676869500 159 
6280.677425000 160 
6280.677980500 161 
6280.678536000 161 
6280.679091500 160 
6280.679647000 158 
6280.680202500 156 
6280.680758000 153 
6280.681313500 148 
6280.681869000 142 
6280.682424500 138 
6280.682980000 131 
6280.683535500 124 
6280.684091000 119 
6280.684646500 114 
6280.685202000 109 
6280.685757500 104 
6280.686313000 100 
6280.686868500 098 
6280.687424000 095 
6280.687979500 095 
6280.688535000 094 
6280.689090500 094 
6280.689646000 097 
6280.690201500 100 
6280.690757000 103 
6280.691312500 107 
6280.691868000 113 
6280.692423500 118 
6280.692979000 123 
6280.693534500 130 
6280.694090000 135 
6280.694645500 142 
6280.695201000 147 
6280.695756500 151 
6280.696312000 155 
6280.696867500 159 
6280.697423000 160 
6280.697978500 161 
6280.698534000 162 
6280.699089500 160 
6280.699645000 158 
6280.700200500 156 
6280.700756000 152 
6280.701311500 148 
6280.701867000 142 
6280.702422500 137 
6280.702978000 132 
6280.703533500 126 
6280.704089000 119 
6280.704644500 113 
6280.705200000 109 
6280.705755500 104 
6280.706311000 101 
6280.706866500 097 
6280.707422000 096 
6280.707977500 095 
6280.708533000 095 
6280.709088500 095 
6280.709644000 096 
6280.710199500 099 
6280.710755000 104 
6280.711310500 107 
6280.711866000 112 
6280.712421500 119 
6280.712977000 124 
6280.713532500 130 
6280.714088000 136 
6280.714643500 141 
6280.715199000 146 
6280.715754500 151 
6280.716310000 156 
6280.716865500 158 
6280.717421000 160 
6280.717976500 161 
6280.718532000 162 
6280.719087500 160 
6280.719643000 159 
6280.720198500 156 
6280.720754000 152 
6280.721309500 147 
6280.721865000 143 
6280.722420500 137 
6280.722976000 131 
6280.723531500 126 
6280.724087000 120 
6280.724642500 114 
6280.725198000 109 
6280.725753500 105 
6280.726309000 100 
6280.726864500 097 
6280.727420000 096 
6280.727975500 095 
6280.728531000 094 
6280.729086500 094 
6280.729642000 097 
6280.730197500 100 
6280.730753000 103 
6280.731308500 107 
6280.731864000 113 
6280.732419500 118 
6280.732975000 123 
6280.733530500 130 
6280.734086000 136 
6280.734641500 141 
6280.735197000 147 
6280.735752500 151 
6280.736308000 155 
6280.736863500 158 
6280.737419000 161 
6280.737974500 161 
6280.738530000 161 
6280.739085500 160 
6280.739641000 159 
6280.740196500 156 
6280.740752000 152 
6280.741307500 148 
6280.741863000 143 
6280.742418500 136 
6280.742974000 132 
6280.743529500 126 
6280.744085000 119 
6280.744640500 114 
6280.745196000 110 
6280.745751500 104 
6280.746307000 100 
6280.746862500 097 
6280.747418000 095 
6280.747973500 094 
6280.748529000 094 
6280.749084500 094 
6280.749640000 097 
6280.750195500 098 
6280.750751000 102 
6280.751306500 107 
6280.751862000 112 
6280.752417500 117 
6280.752973000 124 
6280.753528500 130 
6280.754084000 135 
6280.754639500 142 
6280.755195000 147 
6280.755750500 151 
6280.756306000 156 
6280.756861500 159 
6280.757417000 161 
6280.757972500 162 
6280.758528000 163 
6280.759083500 161 
6280.759639000 160 
6280.760194500 156 
6280.760750000 152 
6280.761305500 148 
6280.761861000 143 
6280.762416500 138 
6280.762972000 132 
6280.763527500 125 
6280.764083000 120 
6280.764638500 114 
6280.765194000 108 
6280.765749500 104 
6280.766305000 100 
6280.766860500 096 
6280.767416000 095 
6280.767971500 093 
6280.768527000 093 
6280.769082500 093 
6280.769638000 097 
6280.770193500 099 
6280.770749000 102 
6280.771304500 106 
6280.771860000 112 
6280.772415500 117 
6280.772971000 124 
6280.773526500 130 
6280.774082000 136 
6280.774637500 142 
6280.775193000 147 
6280.775748500 153 
6280.776304000 156 
6280.776859500 159 
6280.777415000 161 
6280.777970500 163 
6280.778526000 162 
6280.779081500 161 
6280.779637000 160 
6280.780192500 157 
6280.780748000 152 
6280.781303500 149 
6280.781859000 143 
6280.782414500 137 
6280.782970000 132 
6280.783525500 125 
6280.784081000 119 
6280.784636500 113 
6280.785192000 109 
6280.785747500 104 
6280.786303000 099 
6280.786858500 096 
6280.787414000 095 
6280.787969500 093 
6280.788525000 092 
6280.789080500 094 
6280.789636000 095 
6280.790191500 099 
6280.790747000 102 
6280.791302500 107 
6280.791858000 112 
6280.792413500 117 
6280.792969000 124 
6280.793524500 130 
6280.794080000 135 
6280.794635500 142 
6280.795191000 147 
6280.795746500 151 
6280.796302000 155 
6280.796857500 159 
6280.797413000 161 
6280.797968500 162 
6280.798524000 162 
6280.799079500 162 
6280.799635000 159 
6280.800190500 156 
6280.800746000 153 
6280.801301500 149 
6280.801857000 143 
6280.802412500 138 
6280.802968000 132 
6280.803523500 125 
6280.804079000 120 
6280.804634500 114 
6280.805190000 108 
6280.805745500 104 
6280.806301000 100 
6280.806856500 096 
6280.807412000 095 
6280.807967500 094 
6280.808523000 093 
6280.809078500 093 
6280.809634000 097 
6280.810189500 099 
6280.810745000 103 
6280.811300500 108 
6280.811856000 112 
6280.812411500 117 
6280.812967000 123 
6280.813522500 130 
6280.814078000 136 
6280.814633500 141 
6280.815189000 146 
6280.815744500 152 
6280.816300000 156 
6280.816855500 158 
6280.817411000 161 
6280.817966500 163 
6280.818522000 162 
6280.819077500 162 
6280.819633000 159 
6280.820188500 156 
6280.820744000 153 
6280.821299500 149 
6280.821855000 143 
6280.822410500 138 
6280.822966000 131 
6280.823521500 126 
6280.824077000 119 
6280.824632500 114 
6280.825188000 108 
6280.825743500 103 
6280.826299000 099 
6280.826854500 097 
6280.827410000 094 
6280.827965500 092 
6280.828521000 093 
6280.829076500 094 
6280.829632000 095 
6280.830187500 098 
6280.830743000 103 
6280.831298500 106 
6280.831854000 112 
6280.832409500 117 
6280.832965000 124 
6280.833520500 129 
6280.834076000 136 
6280.834631500 142 
6280.835187000 147 
6280.835742500 151 
6280.836298000 156 
6280.836853500 159 
6280.837409000 162 
6280.837964500 162 
6280.838520000 162 
6280.839075500 163 
6280.839631000 160 
6280.840186500 157 
6280.840742000 153 
6280.841297500 149 
6280.841853000 144 
6280.842408500 138 
6280.842964000 131 
6280.843519500 126 
6280.844075000 120 
6280.844630500 113 
6280.845186000 108 
6280.845741500 103 
6280.846297000 099 
6280.846852500 096 
6280.847408000 093 
6280.847963500 093 
6280.848519000 092 
6280.849074500 092 
6280.849630000 096 
6280.850185500 098 
6280.850741000 101 
6280.851296500 106 
6280.851852000 112 
6280.852407500 117 
6280.852963000 124 
6280.853518500 129 
6280.854074000 136 
6280.854629500 142 
6280.855185000 147 
6280.855740500 153 
6280.856296000 156 
6280.856851500 160 
6280.857407000 162 
6280.857962500 163 
6280.858518000 163 
6280.859073500 162 
6280.859629000 160 
6280.860184500 158 
6280.860740000 153 
6280.861295500 149 
6280.861851000 144 
6280.862406500 137 
6280.862962000 132 
6280.863517500 126 
6280.864073000 119 
6280.864628500 113 
6280.865184000 108 
6280.865739500 104 
6280.866295000 099 
6280.866850500 095 
6280.867406000 094 
6280.867961500 093 
6280.868517000 093 
6280.869072500 093 
6280.869628000 096 
6280.870183500 098 
6280.870739000 101 
6280.871294500 107 
6280.871850000 112 
6280.872405500 118 
6280.872961000 123 
6280.873516500 131 
6280.874072000 135 
6280.874627500 142 
6280.875183000 147 
6280.875738500 152 
6280.876294000 157 
6280.876849500 160 
6280.877405000 161 
6280.877960500 163 
6280.878516000 163 
6280.879071500 162 
6280.879627000 159 
6280.880182500 158 
6280.880738000 153 
6280.881293500 149 
6280.881849000 144 
6280.882404500 138 
6280.882960000 131 
6280.883515500 125 
6280.884071000 120 
6280.884626500 113 
6280.885182000 108 
6280.885737500 103 
6280.886293000 100 
6280.886848500 096 
6280.887404000 094 
6280.887959500 092 
6280.888515000 092 
6280.889070500 094 
6280.889626000 095 
6280.890181500 097 
6280.890737000 102 
6280.891292500 106 
6280.891848000 111 
6280.892403500 118 
6280.892959000 123 
6280.893514500 129 
6280.894070000 136 
6280.894625500 142 
6280.895181000 147 
6280.895736500 152 
6280.896292000 156 
6280.896847500 160 
6280.897403000 162 
6280.897958500 163 
6280.898514000 163 
6280.899069500 162 
6280.899625000 161 
6280.900180500 158 
6280.900736000 153 
6280.901291500 149 
6280.901847000 143 
6280.902402500 139 
6280.902958000 132 
6280.903513500 125 
6280.904069000 120 
6280.904624500 113 
6280.905180000 107 
6280.905735500 104 
6280.906291000 099 
6280.906846500 096 
6280.907402000 093 
6280.907957500 093 
6280.908513000 092 
6280.909068500 092 
6280.909624000 096 
6280.910179500 098 
6280.910735000 101 
6280.911290500 107 
6280.911846000 111 
6280.912401500 117 
6280.912957000 124 
6280.913512500 129 
6280.914068000 136 
6280.914623500 142 
6280.915179000 147 
6280.915734500 153 
6280.916290000 156 
6280.916845500 159 
6280.917401000 162 
6280.917956500 163 
6280.918512000 163 
6280.919067500 163 
6280.919623000 161 
6280.920178500 157 
6280.920734000 153 
6280.921289500 149 
6280.921845000 144 
6280.922400500 138 
6280.922956000 132 
6280.923511500 126 
6280.924067000 120 
6280.924622500 112 
6280.925178000 109 
6280.925733500 103 
6280.926289000 099 
6280.926844500 096 
6280.927400000 093 
6280.927955500 092 
6280.928511000 093 
6280.929066500 093 
6280.929622000 096 
6280.930177500 098 
6280.930733000 102 
6280.931288500 106 
6280.931844000 111 
6280.932399500 118 
6280.932955000 123 
6280.933510500 129 
6280.934066000 136 
6280.934621500 141 
6280.935177000 147 
6280.935732500 152 
6280.936288000 157 
6280.936843500 160 
6280.937399000 162 
6280.937954500 163 
6280.938510000 163 
6280.939065500 163 
6280.939621000 160 
6280.940176500 157 
6280.940732000 153 
6280.941287500 149 
6280.941843000 144 
6280.942398500 138 
6280.942954000 132 
6280.943509500 126 
6280.944065000 119 
6280.944620500 114 
6280.945176000 108 
6280.945731500 104 
6280.946287000 100 
6280.946842500 096 
6280.947398000 093 
6280.947953500 093 
6280.948509000 092 
6280.949064500 092 
6280.949620000 096 
6280.950175500 098 
6280.950731000 102 
6280.951286500 106 
6280.951842000 112 
6280.952397500 118 
6280.952953000 123 
6280.953508500 129 
6280.954064000 136 
6280.954619500 142 
6280.955175000 147 
6280.955730500 152 
6280.956286000 156 
6280.956841500 159 
6280.957397000 163 
6280.957952500 163 
6280.958508000 164 
6280.959063500 163 
6280.959619000 160 
6280.960174500 157 
6280.960730000 153 
6280.961285500 149 
6280.961841000 144 
6280.962396500 137 
6280.962952000 132 
6280.963507500 126 
6280.964063000 119 
6280.964618500 114 
6280.965174000 108 
6280.965729500 102 
6280.966285000 100 
6280.966840500 096 
6280.967396000 093 
6280.967951500 092 
6280.968507000 092 
6280.969062500 093 
6280.969618000 094 
6280.970173500 098 
6280.970729000 102 
6280.971284500 106 
6280.971840000 111 
6280.972395500 118 
6280.972951000 123 
6280.973506500 129 
6280.974062000 135 
6280.974617500 142 
6280.975173000 147 
6280.975728500 152 
6280.976284000 157 
6280.976839500 159 
6280.977395000 162 
6280.977950500 164 
6280.978506000 164 
6280.979061500 163 
6280.979617000 160 
6280.980172500 157 
6280.980728000 154 
6280.981283500 149 
6280.981839000 143 
6280.982394500 138 
6280.982950000 133 
6280.983505500 125 
6280.984061000 120 
6280.984616500 114 
6280.985172000 108 
6280.985727500 104 
6280.986283000 099 
6280.986838500 096 
6280.987394000 094 
6280.987949500 093 
6280.988505000 092 
6280.989060500 093 
6280.989616000 095 
6280.990171500 097 
6280.990727000 102 
6280.991282500 106 
6280.991838000 111 
6280.992393500 117 
6280.992949000 124 
6280.993504500 130 
6280.994060000 135 
6280.994615500 142 
6280.995171000 147 
6280.995726500 151 
6280.996282000 156 
6280.996837500 160 
6280.997393000 162 
6280.997948500 165 
6280.998504000 164 
6280.999059500 163 
6280.999615000 161 
6281.000170500 158 
6281.000726000 155 
6281.001281500 149 
6281.001837000 144 
6281.002392500 138 
6281.002948000 132 
6281.003503500 125 
6281.004059000 119 
6281.004614500 114 
6281.005170000 107 
6281.005725500 103 
6281.006281000 098 
6281.006836500 095 
6281.007392000 093 
6281.007947500 091 
6281.008503000 092 
6281.009058500 092 
6281.009614000 094 
6281.010169500 098 
6281.010725000 101 
6281.011280500 105 
6281.011836000 112 
6281.012391500 117 
6281.012947000 124 
6281.013502500 130 
6281.014058000 135 
6281.014613500 142 
6281.015169000 148 
6281.015724500 152 
6281.016280000 158 
6281.016835500 160 
6281.017391000 162 
6281.017946500 164 
6281.018502000 164 
6281.019057500 163 
6281.019613000 161 
6281.020168500 159 
6281.020724000 155 
6281.021279500 149 
6281.021835000 145 
6281.022390500 139 
6281.022946000 132 
6281.023501500 125 
6281.024057000 120 
6281.024612500 114 
6281.025168000 107 
6281.025723500 103 
6281.026279000 098 
6281.026834500 096 
6281.027390000 093 
6281.027945500 091 
6281.028501000 092 
6281.029056500 093 
6281.029612000 094 
6281.030167500 098 
6281.030723000 101 
6281.031278500 105 
6281.031834000 112 
6281.032389500 117 
6281.032945000 123 
6281.033500500 129 
6281.034056000 136 
6281.034611500 142 
6281.035167000 147 
6281.035722500 153 
6281.036278000 157 
6281.036833500 159 
6281.037389000 163 
6281.037944500 164 
6281.038500000 164 
6281.039055500 163 
6281.039611000 161 
6281.040166500 158 
6281.040722000 155 
6281.041277500 150 
6281.041833000 145 
6281.042388500 138 
6281.042944000 131 
6281.043499500 126 
6281.044055000 120 
6281.044610500 114 
6281.045166000 107 
6281.045721500 104 
6281.046277000 099 
6281.046832500 095 
6281.047388000 092 
6281.047943500 092 
6281.048499000 092 
6281.049054500 093 
6281.049610000 095 
6281.050165500 098 
6281.050721000 101 
6281.051276500 105 
6281.051832000 111 
6281.052387500 116 
6281.052943000 124 
6281.053498500 130 
6281.054054000 136 
6281.054609500 142 
6281.055165000 147 
6281.055720500 153 
6281.056276000 157 
6281.056831500 161 
6281.057387000 163 
6281.057942500 163 
6281.058498000 164 
6281.059053500 163 
6281.059609000 161 
6281.060164500 158 
6281.060720000 155 
6281.061275500 150 
6281.061831000 144 
6281.062386500 137 
6281.062942000 133 
6281.063497500 126 
6281.064053000 119 
6281.064608500 113 
6281.065164000 109 
6281.065719500 103 
6281.066275000 098 
6281.066830500 096 
6281.067386000 093 
6281.067941500 092 
6281.068497000 092 
6281.069052500 092 
6281.069608000 094 
6281.070163500 098 
6281.070719000 101 
6281.071274500 105 
6281.071830000 112 
6281.072385500 117 
6281.072941000 122 
6281.073496500 129 
6281.074052000 136 
6281.074607500 142 
6281.075163000 147 
6281.075718500 152 
6281.076274000 157 
6281.076829500 161 
6281.077385000 163 
6281.077940500 164 
6281.078496000 165 
6281.079051500 163 
6281.079607000 161 
6281.080162500 159 
6281.080718000 155 
6281.081273500 149 
6281.081829000 145 
6281.082384500 138 
6281.082940000 133 
6281.083495500 126 
6281.084051000 119 
6281.084606500 114 
6281.085162000 108 
6281.085717500 102 
6281.086273000 097 
6281.086828500 095 
6281.087384000 092 
6281.087939500 090 
6281.088495000 091 
6281.089050500 092 
6281.089606000 093 
6281.090161500 096 
6281.090717000 101 
6281.091272500 106 
6281.091828000 110 
6281.092383500 117 
6281.092939000 123 
6281.093494500 129 
6281.094050000 135 
6281.094605500 141 
6281.095161000 149 
6281.095716500 153 
6281.096272000 158 
6281.096827500 161 
6281.097383000 164 
6281.097938500 165 
6281.098494000 165 
6281.099049500 165 
6281.099605000 162 
6281.100160500 159 
6281.100716000 156 
6281.101271500 150 
6281.101827000 144 
6281.102382500 139 
6281.102938000 133 
6281.103493500 125 
6281.104049000 119 
6281.104604500 113 
6281.105160000 107 
6281.105715500 101 
6281.106271000 098 
6281.106826500 094 
6281.107382000 092 
6281.107937500 091 
6281.108493000 091 
6281.109048500 092 
6281.109604000 093 
6281.110159500 097 
6281.110715000 100 
6281.111270500 105 
6281.111826000 110 
6281.112381500 116 
6281.112937000 123 
6281.113492500 130 
6281.114048000 135 
6281.114603500 143 
6281.115159000 148 
6281.115714500 153 
6281.116270000 157 
6281.116825500 162 
6281.117381000 164 
6281.117936500 165 
6281.118492000 165 
6281.119047500 164 
6281.119603000 162 
6281.120158500 159 
6281.120714000 155 
6281.121269500 150 
6281.121825000 145 
6281.122380500 139 
6281.122936000 132 
6281.123491500 125 
6281.124047000 120 
6281.124602500 112 
6281.125158000 107 
6281.125713500 102 
6281.126269000 098 
6281.126824500 095 
6281.127380000 091 
6281.127935500 091 
6281.128491000 091 
6281.129046500 091 
6281.129602000 092 
6281.130157500 097 
6281.130713000 100 
6281.131268500 104 
6281.131824000 111 
6281.132379500 117 
6281.132935000 123 
6281.133490500 129 
6281.134046000 135 
6281.134601500 143 
6281.135157000 148 
6281.135712500 153 
6281.136268000 158 
6281.136823500 161 
6281.137379000 164 
6281.137934500 165 
6281.138490000 165 
6281.139045500 165 
6281.139601000 163 
6281.140156500 160 
6281.140712000 156 
6281.141267500 150 
6281.141823000 144 
6281.142378500 139 
6281.142934000 132 
6281.143489500 126 
6281.144045000 119 
6281.144600500 113 
6281.145156000 107 
6281.145711500 102 
6281.146267000 097 
6281.146822500 096 
6281.147378000 092 
6281.147933500 091 
6281.148489000 090 
6281.149044500 092 
6281.149600000 093 
6281.150155500 096 
6281.150711000 100 
6281.151266500 105 
6281.151822000 110 
6281.152377500 117 
6281.152933000 123 
6281.153488500 128 
6281.154044000 136 
6281.154599500 142 
6281.155155000 147 
6281.155710500 153 
6281.156266000 158 
6281.156821500 161 
6281.157377000 164 
6281.157932500 165 
6281.158488000 165 
6281.159043500 165 
6281.159599000 162 
6281.160154500 160 
6281.160710000 155 
6281.161265500 150 
6281.161821000 145 
6281.162376500 139 
6281.162932000 132 
6281.163487500 127 
6281.164043000 119 
6281.164598500 113 
6281.165154000 107 
6281.165709500 102 
6281.166265000 098 
6281.166820500 095 
6281.167376000 091 
6281.167931500 091 
6281.168487000 091 
6281.169042500 091 
6281.169598000 093 
6281.170153500 097 
6281.170709000 101 
6281.171264500 105 
6281.171820000 110 
6281.172375500 117 
6281.172931000 123 
6281.173486500 129 
6281.174042000 136 
6281.174597500 143 
6281.175153000 148 
6281.175708500 153 
6281.176264000 157 
6281.176819500 161 
6281.177375000 164 
6281.177930500 165 
6281.178486000 165 
6281.179041500 164 
6281.179597000 162 
6281.180152500 159 
6281.180708000 155 
6281.181263500 150 
6281.181819000 146 
6281.182374500 139 
6281.182930000 132 
6281.183485500 126 
6281.184041000 119 
6281.184596500 112 
6281.185152000 108 
6281.185707500 102 
6281.186263000 097 
6281.186818500 095 
6281.187374000 092 
6281.187929500 090 
6281.188485000 090 
6281.189040500 091 
6281.189596000 093 
6281.190151500 096 
6281.190707000 100 
6281.191262500 105 
6281.191818000 110 
6281.192373500 116 
6281.192929000 123 
6281.193484500 129 
6281.194040000 136 
6281.194595500 143 
6281.195151000 149 
6281.195706500 153 
6281.196262000 157 
6281.196817500 162 
6281.197373000 164 
6281.197928500 164 
6281.198484000 166 
6281.199039500 164 
6281.199595000 162 
6281.200150500 159 
6281.200706000 156 
6281.201261500 151 
6281.201817000 144 
6281.202372500 139 
6281.202928000 133 
6281.203483500 126 
6281.204039000 119 
6281.204594500 113 
6281.205150000 108 
6281.205705500 102 
6281.206261000 099 
6281.206816500 094 
6281.207372000 093 
6281.207927500 091 
6281.208483000 091 
6281.209038500 091 
6281.209594000 093 
6281.210149500 097 
6281.210705000 099 
6281.211260500 106 
6281.211816000 111 
6281.212371500 116 
6281.212927000 122 
6281.213482500 130 
6281.214038000 136 
6281.214593500 142 
6281.215149000 148 
6281.215704500 154 
6281.216260000 158 
6281.216815500 161 
6281.217371000 164 
6281.217926500 165 
6281.218482000 165 
6281.219037500 164 
6281.219593000 162 
6281.220148500 159 
6281.220704000 155 
6281.221259500 150 
6281.221815000 144 
6281.222370500 139 
6281.222926000 132 
6281.223481500 126 
6281.224037000 120 
6281.224592500 113 
6281.225148000 108 
6281.225703500 103 
6281.226259000 098 
6281.226814500 094 
6281.227370000 093 
6281.227925500 091 
6281.228481000 090 
6281.229036500 092 
6281.229592000 094 
6281.230147500 096 
6281.230703000 100 
6281.231258500 105 
6281.231814000 111 
6281.232369500 116 
6281.232925000 123 
6281.233480500 130 
6281.234036000 135 
6281.234591500 142 
6281.235147000 148 
6281.235702500 154 
6281.236258000 157 
6281.236813500 161 
6281.237369000 164 
6281.237924500 165 
6281.238480000 165 
6281.239035500 165 
6281.239591000 162 
6281.240146500 159 
6281.240702000 156 
6281.241257500 151 
6281.241813000 145 
6281.242368500 139 
6281.242924000 133 
6281.243479500 126 
6281.244035000 119 
6281.244590500 113 
6281.245146000 107 
6281.245701500 101 
6281.246257000 098 
6281.246812500 094 
6281.247368000 091 
6281.247923500 091 
6281.248479000 089 
6281.249034500 092 
6281.249590000 092 
6281.250145500 096 
6281.250701000 099 
6281.251256500 104 
6281.251812000 111 
6281.252367500 116 
6281.252923000 123 
6281.253478500 130 
6281.254034000 136 
6281.254589500 142 
6281.255145000 148 
6281.255700500 154 
6281.256256000 158 
6281.256811500 161 
6281.257367000 165 
6281.257922500 165 
6281.258478000 166 
6281.259033500 165 
6281.259589000 162 
6281.260144500 160 
6281.260700000 156 
6281.261255500 152 
6281.261811000 145 
6281.262366500 139 
6281.262922000 133 
6281.263477500 126 
6281.264033000 119 
6281.264588500 112 
6281.265144000 108 
6281.265699500 102 
6281.266255000 097 
6281.266810500 094 
6281.267366000 092 
6281.267921500 090 
6281.268477000 089 
6281.269032500 092 
6281.269588000 093 
6281.270143500 095 
6281.270699000 099 
6281.271254500 105 
6281.271810000 110 
6281.272365500 116 
6281.272921000 123 
6281.273476500 129 
6281.274032000 135 
6281.274587500 142 
6281.275143000 148 
6281.275698500 153 
6281.276254000 157 
6281.276809500 162 
6281.277365000 164 
6281.277920500 166 
6281.278476000 166 
6281.279031500 164 
6281.279587000 162 
6281.280142500 160 
6281.280698000 156 
6281.281253500 150 
6281.281809000 146 
6281.282364500 139 
6281.282920000 132 
6281.283475500 127 
6281.284031000 119 
6281.284586500 112 
6281.285142000 107 
6281.285697500 103 
6281.286253000 098 
6281.286808500 093 
6281.287364000 091 
6281.287919500 091 
6281.288475000 090 
6281.289030500 090 
6281.289586000 094 
6281.290141500 096 
6281.290697000 099 
6281.291252500 105 
6281.291808000 110 
6281.292363500 117 
6281.292919000 123 
6281.293474500 129 
6281.294030000 135 
6281.294585500 143 
6281.295141000 148 
6281.295696500 153 
6281.296252000 158 
6281.296807500 161 
6281.297363000 163 
6281.297918500 165 
6281.298474000 166 
6281.299029500 165 
6281.299585000 163 
6281.300140500 160 
6281.300696000 156 
6281.301251500 151 
6281.301807000 145 
6281.302362500 138 
6281.302918000 133 
6281.303473500 126 
6281.304029000 119 
6281.304584500 114 
6281.305140000 107 
6281.305695500 102 
6281.306251000 098 
6281.306806500 093 
6281.307362000 092 
6281.307917500 090 
6281.308473000 089 
6281.309028500 091 
6281.309584000 092 
6281.310139500 096 
6281.310695000 100 
6281.311250500 104 
6281.311806000 109 
6281.312361500 117 
6281.312917000 123 
6281.313472500 129 
6281.314028000 135 
6281.314583500 143 
6281.315139000 149 
6281.315694500 153 
6281.316250000 159 
6281.316805500 162 
6281.317361000 164 
6281.317916500 165 
6281.318472000 166 
6281.319027500 165 
6281.319583000 163 
6281.320138500 160 
6281.320694000 156 
6281.321249500 151 
6281.321805000 145 
6281.322360500 139 
6281.322916000 133 
6281.323471500 126 
6281.324027000 119 
6281.324582500 113 
6281.325138000 108 
6281.325693500 102 
6281.326249000 097 
6281.326804500 095 
6281.327360000 092 
6281.327915500 090 
6281.328471000 089 
6281.329026500 092 
6281.329582000 094 
6281.330137500 096 
6281.330693000 099 
6281.331248500 105 
6281.331804000 110 
6281.332359500 116 
6281.332915000 123 
6281.333470500 129 
6281.334026000 136 
6281.334581500 143 
6281.335137000 148 
6281.335692500 154 
6281.336248000 159 
6281.336803500 162 
6281.337359000 164 
6281.337914500 167 
6281.338470000 167 
6281.339025500 165 
6281.339581000 163 
6281.340136500 161 
6281.340692000 157 
6281.341247500 151 
6281.341803000 146 
6281.342358500 139 
6281.342914000 133 
6281.343469500 125 
6281.344025000 118 
6281.344580500 113 
6281.345136000 106 
6281.345691500 101 
6281.346247000 096 
6281.346802500 093 
6281.347358000 090 
6281.347913500 089 
6281.348469000 088 
6281.349024500 088 
6281.349580000 092 
6281.350135500 095 
6281.350691000 098 
6281.351246500 103 
6281.351802000 110 
6281.352357500 116 
6281.352913000 122 
6281.353468500 129 
6281.354024000 136 
6281.354579500 142 
6281.355135000 148 
6281.355690500 154 
6281.356246000 159 
6281.356801500 162 
6281.357357000 165 
6281.357912500 167 
6281.358468000 167 
6281.359023500 167 
6281.359579000 164 
6281.360134500 162 
6281.360690000 157 
6281.361245500 152 
6281.361801000 146 
6281.362356500 139 
6281.362912000 133 
6281.363467500 126 
6281.364023000 119 
6281.364578500 113 
6281.365134000 106 
6281.365689500 101 
6281.366245000 097 
6281.366800500 092 
6281.367356000 090 
6281.367911500 089 
6281.368467000 089 
6281.369022500 089 
6281.369578000 092 
6281.370133500 094 
6281.370689000 098 
6281.371244500 103 
6281.371800000 109 
6281.372355500 116 
6281.372911000 122 
6281.373466500 130 
6281.374022000 136 
6281.374577500 142 
6281.375133000 149 
6281.375688500 154 
6281.376244000 159 
6281.376799500 163 
6281.377355000 165 
6281.377910500 166 
6281.378466000 167 
6281.379021500 166 
6281.379577000 163 
6281.380132500 161 
6281.380688000 157 
6281.381243500 152 
6281.381799000 146 
6281.382354500 140 
6281.382910000 132 
6281.383465500 127 
6281.384021000 119 
6281.384576500 112 
6281.385132000 107 
6281.385687500 101 
6281.386243000 096 
6281.386798500 093 
6281.387354000 090 
6281.387909500 089 
6281.388465000 089 
6281.389020500 088 
6281.389576000 092 
6281.390131500 095 
6281.390687000 098 
6281.391242500 103 
6281.391798000 109 
6281.392353500 115 
6281.392909000 123 
6281.393464500 129 
6281.394020000 135 
6281.394575500 143 
6281.395131000 149 
6281.395686500 154 
6281.396242000 158 
6281.396797500 162 
6281.397353000 165 
6281.397908500 166 
6281.398464000 167 
6281.399019500 166 
6281.399575000 164 
6281.400130500 161 
6281.400686000 158 
6281.401241500 152 
6281.401797000 146 
6281.402352500 140 
6281.402908000 133 
6281.403463500 126 
6281.404019000 119 
6281.404574500 113 
6281.405130000 107 
6281.405685500 101 
6281.406241000 096 
6281.406796500 094 
6281.407352000 090 
6281.407907500 088 
6281.408463000 089 
6281.409018500 090 
6281.409574000 091 
6281.410129500 094 
6281.410685000 098 
6281.411240500 104 
6281.411796000 109 
6281.412351500 115 
6281.412907000 122 
6281.413462500 129 
6281.414018000 135 
6281.414573500 142 
6281.415129000 148 
6281.415684500 153 
6281.416240000 159 
6281.416795500 162 
6281.417351000 165 
6281.417906500 166 
6281.418462000 167 
6281.419017500 167 
6281.419573000 164 
6281.420128500 161 
6281.420684000 157 
6281.421239500 152 
6281.421795000 146 
6281.422350500 139 
6281.422906000 133 
6281.423461500 127 
6281.424017000 119 
6281.424572500 112 
6281.425128000 108 
6281.425683500 102 
6281.426239000 096 
6281.426794500 094 
6281.427350000 091 
6281.427905500 089 
6281.428461000 088 
6281.429016500 090 
6281.429572000 091 
6281.430127500 095 
6281.430683000 098 
6281.431238500 103 
6281.431794000 109 
6281.432349500 115 
6281.432905000 122 
6281.433460500 129 
6281.434016000 136 
6281.434571500 142 
6281.435127000 149 
6281.435682500 154 
6281.436238000 158 
6281.436793500 163 
6281.437349000 165 
6281.437904500 166 
6281.438460000 167 
6281.439015500 166 
6281.439571000 164 
6281.440126500 161 
6281.440682000 157 
6281.441237500 152 
6281.441793000 146 
6281.442348500 139 
6281.442904000 133 
6281.443459500 126 
6281.444015000 119 
6281.444570500 113 
6281.445126000 106 
6281.445681500 102 
6281.446237000 097 
6281.446792500 092 
6281.447348000 091 
6281.447903500 089 
6281.448459000 088 
6281.449014500 088 
6281.449570000 091 
6281.450125500 095 
6281.450681000 098 
6281.451236500 104 
6281.451792000 109 
6281.452347500 116 
6281.452903000 122 
6281.453458500 129 
6281.454014000 135 
6281.454569500 142 
6281.455125000 149 
6281.455680500 154 
6281.456236000 159 
6281.456791500 163 
6281.457347000 165 
6281.457902500 167 
6281.458458000 167 
6281.459013500 166 
6281.459569000 164 
6281.460124500 161 
6281.460680000 157 
6281.461235500 151 
6281.461791000 147 
6281.462346500 140 
6281.462902000 132 
6281.463457500 127 
6281.464013000 120 
6281.464568500 113 
6281.465124000 106 
6281.465679500 102 
6281.466235000 097 
6281.466790500 092 
6281.467346000 091 
6281.467901500 089 
6281.468457000 088 
6281.469012500 090 
6281.469568000 091 
6281.470123500 094 
6281.470679000 098 
6281.471234500 103 
6281.471790000 109 
6281.472345500 115 
6281.472901000 122 
6281.473456500 130 
6281.474012000 136 
6281.474567500 142 
6281.475123000 149 
6281.475678500 154 
6281.476234000 158 
6281.476789500 162 
6281.477345000 166 
6281.477900500 166 
6281.478456000 166 
6281.479011500 167 
6281.479567000 164 
6281.480122500 161 
6281.480678000 158 
6281.481233500 152 
6281.481789000 146 
6281.482344500 140 
6281.482900000 133 
6281.483455500 126 
6281.484011000 120 
6281.484566500 113 
6281.485122000 107 
6281.485677500 101 
6281.486233000 097 
6281.486788500 094 
6281.487344000 090 
6281.487899500 088 
6281.488455000 089 
6281.489010500 089 
6281.489566000 091 
6281.490121500 095 
6281.490677000 098 
6281.491232500 103 
6281.491788000 109 
6281.492343500 115 
6281.492899000 121 
6281.493454500 129 
6281.494010000 136 
6281.494565500 142 
6281.495121000 148 
6281.495676500 155 
6281.496232000 159 
6281.496787500 162 
6281.497343000 166 
6281.497898500 167 
6281.498454000 167 
6281.499009500 167 
6281.499565000 164 
6281.500120500 161 
6281.500676000 157 
6281.501231500 152 
6281.501787000 147 
6281.502342500 140 
6281.502898000 132 
6281.503453500 127 
6281.504009000 119 
6281.504564500 112 
6281.505120000 107 
6281.505675500 101 
6281.506231000 096 
6281.506786500 092 
6281.507342000 091 
6281.507897500 089 
6281.508453000 087 
6281.509008500 088 
6281.509564000 092 
6281.510119500 094 
6281.510675000 097 
6281.511230500 104 
6281.511786000 109 
6281.512341500 115 
6281.512897000 122 
6281.513452500 128 
6281.514008000 136 
6281.514563500 143 
6281.515119000 148 
6281.515674500 154 
6281.516230000 160 
6281.516785500 163 
6281.517341000 165 
6281.517896500 168 
6281.518452000 167 
6281.519007500 166 
6281.519563000 164 
6281.520118500 161 
6281.520674000 158 
6281.521229500 152 
6281.521785000 146 
6281.522340500 140 
6281.522896000 134 
6281.523451500 126 
6281.524007000 119 
6281.524562500 113 
6281.525118000 106 
6281.525673500 101 
6281.526229000 096 
6281.526784500 092 
6281.527340000 090 
6281.527895500 088 
6281.528451000 088 
6281.529006500 089 
6281.529562000 090 
6281.530117500 094 
6281.530673000 098 
6281.531228500 103 
6281.531784000 109 
6281.532339500 115 
6281.532895000 122 
6281.533450500 128 
6281.534006000 136 
6281.534561500 143 
6281.535117000 148 
6281.535672500 155 
6281.536228000 159 
6281.536783500 163 
6281.537339000 165 
6281.537894500 168 
6281.538450000 168 
6281.539005500 166 
6281.539561000 165 
6281.540116500 161 
6281.540672000 158 
6281.541227500 152 
6281.541783000 147 
6281.542338500 140 
6281.542894000 133 
6281.543449500 126 
6281.544005000 120 
6281.544560500 113 
6281.545116000 106 
6281.545671500 101 
6281.546227000 097 
6281.546782500 093 
6281.547338000 091 
6281.547893500 088 
6281.548449000 089 
6281.549004500 089 
6281.549560000 092 
6281.550115500 094 
6281.550671000 097 
6281.551226500 103 
6281.551782000 109 
6281.552337500 114 
6281.552893000 122 
6281.553448500 129 
6281.554004000 136 
6281.554559500 142 
6281.555115000 149 
6281.555670500 154 
6281.556226000 160 
6281.556781500 163 
6281.557337000 165 
6281.557892500 168 
6281.558448000 167 
6281.559003500 167 
6281.559559000 165 
6281.560114500 162 
6281.560670000 157 
6281.561225500 153 
6281.561781000 147 
6281.562336500 140 
6281.562892000 133 
6281.563447500 126 
6281.564003000 120 
6281.564558500 113 
6281.565114000 106 
6281.565669500 100 
6281.566225000 097 
6281.566780500 093 
6281.567336000 089 
6281.567891500 088 
6281.568447000 088 
6281.569002500 088 
6281.569558000 091 
6281.570113500 093 
6281.570669000 098 
6281.571224500 103 
6281.571780000 108 
6281.572335500 116 
6281.572891000 122 
6281.573446500 129 
6281.574002000 135 
6281.574557500 143 
6281.575113000 149 
6281.575668500 154 
6281.576224000 159 
6281.576779500 163 
6281.577335000 166 
6281.577890500 167 
6281.578446000 167 
6281.579001500 167 
6281.579557000 164 
6281.580112500 162 
6281.580668000 158 
6281.581223500 153 
6281.581779000 146 
6281.582334500 141 
6281.582890000 133 
6281.583445500 127 
6281.584001000 119 
6281.584556500 112 
6281.585112000 107 
6281.585667500 101 
6281.586223000 096 
6281.586778500 092 
6281.587334000 088 
6281.587889500 088 
6281.588445000 087 
6281.589000500 088 
6281.589556000 089 
6281.590111500 094 
6281.590667000 097 
6281.591222500 102 
6281.591778000 108 
6281.592333500 115 
6281.592889000 121 
6281.593444500 128 
6281.594000000 136 
6281.594555500 143 
6281.595111000 149 
6281.595666500 155 
6281.596222000 160 
6281.596777500 164 
6281.597333000 167 
6281.597888500 168 
6281.598444000 168 
6281.598999500 168 
6281.599555000 166 
6281.600110500 163 
6281.600666000 158 
6281.601221500 153 
6281.601777000 148 
6281.602332500 140 
6281.602888000 133 
6281.603443500 127 
6281.603999000 119 
6281.604554500 112 
6281.605110000 107 
6281.605665500 101 
6281.606221000 095 
6281.606776500 092 
6281.607332000 089 
6281.607887500 087 
6281.608443000 088 
6281.608998500 088 
6281.609554000 091 
6281.610109500 093 
6281.610665000 097 
6281.611220500 102 
6281.611776000 108 
6281.612331500 114 
6281.612887000 121 
6281.613442500 129 
6281.613998000 136 
6281.614553500 142 
6281.615109000 149 
6281.615664500 155 
6281.616220000 160 
6281.616775500 164 
6281.617331000 166 
6281.617886500 168 
6281.618442000 169 
6281.618997500 168 
6281.619553000 166 
6281.620108500 163 
6281.620664000 158 
6281.621219500 153 
6281.621775000 147 
6281.622330500 141 
6281.622886000 134 
6281.623441500 126 
6281.623997000 120 
6281.624552500 112 
6281.625108000 106 
6281.625663500 101 
6281.626219000 095 
6281.626774500 092 
6281.627330000 090 
6281.627885500 087 
6281.628441000 086 
6281.628996500 088 
6281.629552000 089 
6281.630107500 093 
6281.630663000 097 
6281.631218500 103 
6281.631774000 107 
6281.632329500 115 
6281.632885000 122 
6281.633440500 128 
6281.633996000 136 
6281.634551500 143 
6281.635107000 149 
6281.635662500 155 
6281.636218000 161 
6281.636773500 164 
6281.637329000 166 
6281.637884500 169 
6281.638440000 168 
6281.638995500 167 
6281.639551000 166 
6281.640106500 163 
6281.640662000 158 
6281.641217500 154 
6281.641773000 147 
6281.642328500 140 
6281.642884000 133 
6281.643439500 126 
6281.643995000 120 
6281.644550500 112 
6281.645106000 105 
6281.645661500 101 
6281.646217000 096 
6281.646772500 092 
6281.647328000 089 
6281.647883500 088 
6281.648439000 087 
6281.648994500 087 
6281.649550000 090 
6281.650105500 094 
6281.650661000 097 
6281.651216500 103 
6281.651772000 108 
6281.652327500 114 
6281.652883000 122 
6281.653438500 128 
6281.653994000 136 
6281.654549500 143 
6281.655105000 149 
6281.655660500 155 
6281.656216000 160 
6281.656771500 164 
6281.657327000 166 
6281.657882500 169 
6281.658438000 169 
6281.658993500 168 
6281.659549000 165 
6281.660104500 163 
6281.660660000 158 
6281.661215500 152 
6281.661771000 147 
6281.662326500 141 
6281.662882000 133 
6281.663437500 126 
6281.663993000 120 
6281.664548500 113 
6281.665104000 106 
6281.665659500 101 
6281.666215000 095 
6281.666770500 092 
6281.667326000 089 
6281.667881500 088 
6281.668437000 086 
6281.668992500 088 
6281.669548000 090 
6281.670103500 093 
6281.670659000 096 
6281.671214500 103 
6281.671770000 108 
6281.672325500 114 
6281.672881000 122 
6281.673436500 129 
6281.673992000 136 
6281.674547500 142 
6281.675103000 150 
6281.675658500 155 
6281.676214000 159 
6281.676769500 164 
6281.677325000 167 
6281.677880500 168 
6281.678436000 170 
6281.678991500 168 
6281.679547000 166 
6281.680102500 163 
6281.680658000 158 
6281.681213500 153 
6281.681769000 147 
6281.682324500 140 
6281.682880000 134 
6281.683435500 127 
6281.683991000 119 
6281.684546500 112 
6281.685102000 106 
6281.685657500 101 
6281.686213000 096 
6281.686768500 091 
6281.687324000 090 
6281.687879500 087 
6281.688435000 086 
6281.688990500 088 
6281.689546000 089 
6281.690101500 093 
6281.690657000 098 
6281.691212500 102 
6281.691768000 107 
6281.692323500 115 
6281.692879000 121 
6281.693434500 129 
6281.693990000 136 
6281.694545500 143 
6281.695101000 149 
6281.695656500 155 
6281.696212000 159 
6281.696767500 165 
6281.697323000 166 
6281.697878500 168 
6281.698434000 169 
6281.698989500 168 
6281.699545000 165 
6281.700100500 162 
6281.700656000 159 
6281.701211500 153 
6281.701767000 147 
6281.702322500 141 
6281.702878000 134 
6281.703433500 126 
6281.703989000 120 
6281.704544500 113 
6281.705100000 106 
6281.705655500 100 
6281.706211000 096 
6281.706766500 091 
6281.707322000 090 
6281.707877500 087 
6281.708433000 088 
6281.708988500 088 
6281.709544000 089 
6281.710099500 093 
6281.710655000 097 
6281.711210500 102 
6281.711766000 109 
6281.712321500 115 
6281.712877000 121 
6281.713432500 128 
6281.713988000 136 
6281.714543500 143 
6281.715099000 149 
6281.715654500 155 
6281.716210000 160 
6281.716765500 164 
6281.717321000 166 
6281.717876500 168 
6281.718432000 168 
6281.718987500 168 
6281.719543000 166 
6281.720098500 163 
6281.720654000 158 
6281.721209500 152 
6281.721765000 148 
6281.722320500 141 
6281.722876000 133 
6281.723431500 126 
6281.723987000 119 
6281.724542500 112 
6281.725098000 107 
6281.725653500 101 
6281.726209000 095 
6281.726764500 092 
6281.727320000 090 
6281.727875500 086 
6281.728431000 087 
6281.728986500 088 
6281.729542000 090 
6281.730097500 093 
6281.730653000 096 
6281.731208500 103 
6281.731764000 107 
6281.732319500 115 
6281.732875000 122 
6281.733430500 129 
6281.733986000 135 
6281.734541500 143 
6281.735097000 150 
6281.735652500 155 
6281.736208000 160 
6281.736763500 163 
6281.737319000 167 
6281.737874500 169 
6281.738430000 169 
6281.738985500 168 
6281.739541000 166 
6281.740096500 163 
6281.740652000 158 
6281.741207500 153 
6281.741763000 147 
6281.742318500 141 
6281.742874000 134 
6281.743429500 127 
6281.743985000 119 
6281.744540500 112 
6281.745096000 105 
6281.745651500 100 
6281.746207000 096 
6281.746762500 091 
6281.747318000 088 
6281.747873500 087 
6281.748429000 086 
6281.748984500 086 
6281.749540000 090 
6281.750095500 092 
6281.750651000 096 
6281.751206500 102 
6281.751762000 108 
6281.752317500 114 
6281.752873000 121 
6281.753428500 129 
6281.753984000 136 
6281.754539500 143 
6281.755095000 150 
6281.755650500 156 
6281.756206000 160 
6281.756761500 164 
6281.757317000 166 
6281.757872500 169 
6281.758428000 169 
6281.758983500 169 
6281.759539000 167 
6281.760094500 163 
6281.760650000 159 
6281.761205500 153 
6281.761761000 148 
6281.762316500 140 
6281.762872000 134 
6281.763427500 126 
6281.763983000 120 
6281.764538500 112 
6281.765094000 105 
6281.765649500 101 
6281.766205000 095 
6281.766760500 091 
6281.767316000 089 
6281.767871500 088 
6281.768427000 087 
6281.768982500 087 
6281.769538000 089 
6281.770093500 092 
6281.770649000 097 
6281.771204500 102 
6281.771760000 108 
6281.772315500 114 
6281.772871000 121 
6281.773426500 129 
6281.773982000 136 
6281.774537500 142 
6281.775093000 150 
6281.775648500 156 
6281.776204000 160 
6281.776759500 164 
6281.777315000 167 
6281.777870500 169 
6281.778426000 169 
6281.778981500 168 
6281.779537000 166 
6281.780092500 163 
6281.780648000 159 
6281.781203500 154 
6281.781759000 147 
6281.782314500 140 
6281.782870000 134 
6281.783425500 126 
6281.783981000 119 
6281.784536500 112 
6281.785092000 106 
6281.785647500 100 
6281.786203000 095 
6281.786758500 092 
6281.787314000 089 
6281.787869500 086 
6281.788425000 088 
6281.788980500 087 
6281.789536000 090 
6281.790091500 092 
6281.790647000 097 
6281.791202500 102 
6281.791758000 108 
6281.792313500 114 
6281.792869000 122 
6281.793424500 129 
6281.793980000 135 
6281.794535500 143 
6281.795091000 149 
6281.795646500 155 
6281.796202000 161 
6281.796757500 164 
6281.797313000 167 
6281.797868500 170 
6281.798424000 169 
6281.798979500 168 
6281.799535000 167 
6281.800090500 163 
6281.800646000 159 
6281.801201500 153 
6281.801757000 148 
6281.802312500 141 
6281.802868000 133 
6281.803423500 127 
6281.803979000 119 
6281.804534500 112 
6281.805090000 106 
6281.805645500 099 
6281.806201000 096 
6281.806756500 091 
6281.807312000 088 
6281.807867500 087 
6281.808423000 087 
6281.808978500 087 
6281.809534000 089 
6281.810089500 093 
6281.810645000 096 
6281.811200500 102 
6281.811756000 108 
6281.812311500 114 
6281.812867000 121 
6281.813422500 129 
6281.813978000 136 
6281.814533500 143 
6281.815089000 149 
6281.815644500 156 
6281.816200000 160 
6281.816755500 164 
6281.817311000 167 
6281.817866500 169 
6281.818422000 170 
6281.818977500 169 
6281.819533000 166 
6281.820088500 163 
6281.820644000 159 
6281.821199500 153 
6281.821755000 148 
6281.822310500 141 
6281.822866000 134 
6281.823421500 126 
6281.823977000 120 
6281.824532500 113 
6281.825088000 106 
6281.825643500 100 
6281.826199000 094 
6281.826754500 091 
6281.827310000 088 
6281.827865500 085 
6281.828421000 085 
6281.828976500 087 
6281.829532000 088 
6281.830087500 091 
6281.830643000 096 
6281.831198500 101 
6281.831754000 106 
6281.832309500 114 
6281.832865000 121 
6281.833420500 129 
6281.833976000 137 
6281.834531500 143 
6281.835087000 150 
6281.835642500 156 
6281.836198000 161 
6281.836753500 166 
6281.837309000 168 
6281.837864500 170 
6281.838420000 170 
6281.838975500 170 
6281.839531000 168 
6281.840086500 164 
6281.840642000 160 
6281.841197500 154 
6281.841753000 148 
6281.842308500 142 
6281.842864000 134 
6281.843419500 126 
6281.843975000 120 
6281.844530500 112 
6281.845086000 105 
6281.845641500 100 
6281.846197000 095 
6281.846752500 090 
6281.847308000 088 
6281.847863500 086 
6281.848419000 084 
6281.848974500 086 
6281.849530000 088 
6281.850085500 090 
6281.850641000 096 
6281.851196500 101 
6281.851752000 107 
6281.852307500 114 
6281.852863000 120 
6281.853418500 128 
6281.853974000 137 
6281.854529500 143 
6281.855085000 150 
6281.855640500 155 
6281.856196000 161 
6281.856751500 165 
6281.857307000 168 
6281.857862500 171 
6281.858418000 171 
6281.858973500 170 
6281.859529000 167 
6281.860084500 165 
6281.860640000 159 
6281.861195500 155 
6281.861751000 148 
6281.862306500 141 
6281.862862000 134 
6281.863417500 127 
6281.863973000 119 
6281.864528500 112 
6281.865084000 106 
6281.865639500 100 
6281.866195000 094 
6281.866750500 090 
6281.867306000 088 
6281.867861500 086 
6281.868417000 084 
6281.868972500 086 
6281.869528000 087 
6281.870083500 091 
6281.870639000 096 
6281.871194500 101 
6281.871750000 107 
6281.872305500 114 
6281.872861000 120 
6281.873416500 129 
6281.873972000 136 
6281.874527500 144 
6281.875083000 150 
6281.875638500 156 
6281.876194000 161 
6281.876749500 165 
6281.877305000 167 
6281.877860500 170 
6281.878416000 171 
6281.878971500 170 
6281.879527000 168 
6281.880082500 165 
6281.880638000 160 
6281.881193500 154 
6281.881749000 149 
6281.882304500 141 
6281.882860000 134 
6281.883415500 126 
6281.883971000 120 
6281.884526500 112 
6281.885082000 105 
6281.885637500 100 
6281.886193000 095 
6281.886748500 090 
6281.887304000 088 
6281.887859500 086 
6281.888415000 085 
6281.888970500 086 
6281.889526000 088 
6281.890081500 090 
6281.890637000 096 
6281.891192500 101 
6281.891748000 107 
6281.892303500 113 
6281.892859000 121 
6281.893414500 129 
6281.893970000 135 
6281.894525500 144 
6281.895081000 150 
6281.895636500 156 
6281.896192000 161 
6281.896747500 166 
6281.897303000 168 
6281.897858500 170 
6281.898414000 170 
6281.898969500 170 
6281.899525000 168 
6281.900080500 164 
6281.900636000 161 
6281.901191500 154 
6281.901747000 148 
6281.902302500 141 
6281.902858000 134 
6281.903413500 126 
6281.903969000 120 
6281.904524500 112 
6281.905080000 105 
6281.905635500 100 
6281.906191000 094 
6281.906746500 090 
6281.907302000 088 
6281.907857500 086 
6281.908413000 084 
6281.908968500 086 
6281.909524000 088 
6281.910079500 090 
6281.910635000 095 
6281.911190500 102 
6281.911746000 107 
6281.912301500 113 
6281.912857000 120 
6281.913412500 129 
6281.913968000 136 
6281.914523500 143 
6281.915079000 149 
6281.915634500 157 
6281.916190000 161 
6281.916745500 166 
6281.917301000 168 
6281.917856500 170 
6281.918412000 170 
6281.918967500 170 
6281.919523000 168 
6281.920078500 164 
6281.920634000 160 
6281.921189500 154 
6281.921745000 148 
6281.922300500 142 
6281.922856000 134 
6281.923411500 127 
6281.923967000 120 
6281.924522500 112 
6281.925078000 105 
6281.925633500 099 
6281.926189000 095 
6281.926744500 091 
6281.927300000 087 
6281.927855500 086 
6281.928411000 085 
6281.928966500 085 
6281.929522000 088 
6281.930077500 090 
6281.930633000 096 
6281.931188500 101 
6281.931744000 106 
6281.932299500 114 
6281.932855000 121 
6281.933410500 127 
6281.933966000 136 
6281.934521500 143 
6281.935077000 150 
6281.935632500 156 
6281.936188000 161 
6281.936743500 165 
6281.937299000 168 
6281.937854500 171 
6281.938410000 171 
6281.938965500 169 
6281.939521000 167 
6281.940076500 165 
6281.940632000 160 
6281.941187500 154 
6281.941743000 149 
6281.942298500 142 
6281.942854000 134 
6281.943409500 127 
6281.943965000 119 
6281.944520500 113 
6281.945076000 106 
6281.945631500 099 
6281.946187000 094 
6281.946742500 091 
6281.947298000 088 
6281.947853500 085 
6281.948409000 086 
6281.948964500 086 
6281.949520000 087 
6281.950075500 092 
6281.950631000 095 
6281.951186500 100 
6281.951742000 107 
6281.952297500 114 
6281.952853000 121 
6281.953408500 128 
6281.953964000 136 
6281.954519500 143 
6281.955075000 149 
6281.955630500 157 
6281.956186000 161 
6281.956741500 165 
6281.957297000 169 
6281.957852500 170 
6281.958408000 171 
6281.958963500 170 
6281.959519000 167 
6281.960074500 165 
6281.960630000 160 
6281.961185500 154 
6281.961741000 148 
6281.962296500 142 
6281.962852000 134 
6281.963407500 126 
6281.963963000 119 
6281.964518500 113 
6281.965074000 106 
6281.965629500 099 
6281.966185000 094 
6281.966740500 091 
6281.967296000 087 
6281.967851500 085 
6281.968407000 086 
6281.968962500 086 
6281.969518000 088 
6281.970073500 091 
6281.970629000 095 
6281.971184500 102 
6281.971740000 106 
6281.972295500 114 
6281.972851000 121 
6281.973406500 128 
6281.973962000 135 
6281.974517500 143 
6281.975073000 150 
6281.975628500 155 
6281.976184000 161 
6281.976739500 165 
6281.977295000 168 
6281.977850500 171 
6281.978406000 171 
6281.978961500 170 
6281.979517000 167 
6281.980072500 164 
6281.980628000 160 
6281.981183500 154 
6281.981739000 148 
6281.982294500 142 
6281.982850000 134 
6281.983405500 127 
6281.983961000 119 
6281.984516500 111 
6281.985072000 106 
6281.985627500 099 
6281.986183000 095 
6281.986738500 090 
6281.987294000 087 
6281.987849500 085 
6281.988405000 085 
6281.988960500 085 
6281.989516000 089 
6281.990071500 091 
6281.990627000 095 
6281.991182500 100 
6281.991738000 107 
6281.992293500 113 
6281.992849000 121 
6281.993404500 128 
6281.993960000 136 
6281.994515500 143 
6281.995071000 150 
6281.995626500 157 
6281.996182000 161 
6281.996737500 165 
6281.997293000 169 
6281.997848500 170 
6281.998404000 171 
6281.998959500 170 
6281.999515000 167 
6282.000070500 164 
6282.000626000 160 
6282.001181500 155 
6282.001737000 149 
6282.002292500 141 
6282.002848000 134 
6282.003403500 126 
6282.003959000 120 
6282.004514500 112 
6282.005070000 105 
6282.005625500 099 
6282.006181000 095 
6282.006736500 090 
6282.007292000 087 
6282.007847500 086 
6282.008403000 085 
6282.008958500 085 
6282.009514000 087 
6282.010069500 091 
6282.010625000 095 
6282.011180500 100 
6282.011736000 107 
6282.012291500 113 
6282.012847000 120 
6282.013402500 128 
6282.013958000 136 
6282.014513500 143 
6282.015069000 150 
6282.015624500 155 
6282.016180000 162 
6282.016735500 165 
6282.017291000 168 
6282.017846500 171 
6282.018402000 171 
6282.018957500 170 
6282.019513000 167 
6282.020068500 164 
6282.020624000 161 
6282.021179500 155 
6282.021735000 148 
6282.022290500 142 
6282.022846000 134 
6282.023401500 127 
6282.023957000 120 
6282.024512500 113 
6282.025068000 105 
6282.025623500 100 
6282.026179000 094 
6282.026734500 091 
6282.027290000 087 
6282.027845500 086 
6282.028401000 085 
6282.028956500 085 
6282.029512000 087 
6282.030067500 091 
6282.030623000 095 
6282.031178500 100 
6282.031734000 107 
6282.032289500 114 
6282.032845000 120 
6282.033400500 128 
6282.033956000 136 
6282.034511500 143 
6282.035067000 149 
6282.035622500 156 
6282.036178000 161 
6282.036733500 165 
6282.037289000 168 
6282.037844500 171 
6282.038400000 171 
6282.038955500 170 
6282.039511000 168 
6282.040066500 164 
6282.040622000 161 
6282.041177500 154 
6282.041733000 149 
6282.042288500 142 
6282.042844000 135 
6282.043399500 127 
6282.043955000 119 
6282.044510500 113 
6282.045066000 106 
6282.045621500 099 
6282.046177000 094 
6282.046732500 091 
6282.047288000 087 
6282.047843500 085 
6282.048399000 085 
6282.048954500 086 
6282.049510000 087 
6282.050065500 091 
6282.050621000 095 
6282.051176500 100 
6282.051732000 107 
6282.052287500 113 
6282.052843000 120 
6282.053398500 128 
6282.053954000 136 
6282.054509500 143 
6282.055065000 150 
6282.055620500 156 
6282.056176000 162 
6282.056731500 165 
6282.057287000 168 
6282.057842500 171 
6282.058398000 171 
6282.058953500 170 
6282.059509000 168 
6282.060064500 165 
6282.060620000 160 
6282.061175500 155 
6282.061731000 148 
6282.062286500 143 
6282.062842000 134 
6282.063397500 126 
6282.063953000 120 
6282.064508500 112 
6282.065064000 105 
6282.065619500 100 
6282.066175000 095 
6282.066730500 090 
6282.067286000 087 
6282.067841500 086 
6282.068397000 085 
6282.068952500 086 
6282.069508000 087 
6282.070063500 091 
6282.070619000 095 
6282.071174500 100 
6282.071730000 106 
6282.072285500 114 
6282.072841000 121 
6282.073396500 128 
6282.073952000 136 
6282.074507500 143 
6282.075063000 150 
6282.075618500 156 
6282.076174000 162 
6282.076729500 166 
6282.077285000 169 
6282.077840500 171 
6282.078396000 171 
6282.078951500 172 
6282.079507000 169 
6282.080062500 165 
6282.080618000 161 
6282.081173500 156 
6282.081729000 149 
6282.082284500 142 
6282.082840000 135 
6282.083395500 126 
6282.083951000 120 
6282.084506500 111 
6282.085062000 104 
6282.085617500 099 
6282.086173000 094 
6282.086728500 089 
6282.087284000 086 
6282.087839500 085 
6282.088395000 084 
6282.088950500 084 
6282.089506000 086 
6282.090061500 089 
6282.090617000 094 
6282.091172500 099 
6282.091728000 105 
6282.092283500 113 
6282.092839000 121 
6282.093394500 128 
6282.093950000 136 
6282.094505500 144 
6282.095061000 150 
6282.095616500 157 
6282.096172000 162 
6282.096727500 167 
6282.097283000 169 
6282.097838500 171 
6282.098394000 172 
6282.098949500 172 
6282.099505000 169 
6282.100060500 166 
6282.100616000 162 
6282.101171500 156 
6282.101727000 149 
6282.102282500 143 
6282.102838000 135 
6282.103393500 126 
6282.103949000 118 
6282.104504500 111 
6282.105060000 105 
6282.105615500 099 
6282.106171000 093 
6282.106726500 088 
6282.107282000 087 
6282.107837500 084 
6282.108393000 083 
6282.108948500 085 
6282.109504000 085 
6282.110059500 089 
6282.110615000 094 
6282.111170500 100 
6282.111726000 107 
6282.112281500 113 
6282.112837000 120 
6282.113392500 128 
6282.113948000 136 
6282.114503500 143 
6282.115059000 151 
6282.115614500 156 
6282.116170000 162 
6282.116725500 166 
6282.117281000 170 
6282.117836500 172 
6282.118392000 172 
6282.118947500 171 
6282.119503000 169 
6282.120058500 166 
6282.120614000 162 
6282.121169500 156 
6282.121725000 149 
6282.122280500 143 
6282.122836000 135 
6282.123391500 126 
6282.123947000 120 
6282.124502500 111 
6282.125058000 105 
6282.125613500 098 
6282.126169000 093 
6282.126724500 090 
6282.127280000 086 
6282.127835500 084 
6282.128391000 084 
6282.128946500 085 
6282.129502000 086 
6282.130057500 089 
6282.130613000 095 
6282.131168500 099 
6282.131724000 106 
6282.132279500 112 
6282.132835000 121 
6282.133390500 129 
6282.133946000 136 
6282.134501500 143 
6282.135057000 151 
6282.135612500 156 
6282.136168000 162 
6282.136723500 167 
6282.137279000 169 
6282.137834500 172 
6282.138390000 172 
6282.138945500 172 
6282.139501000 169 
6282.140056500 165 
6282.140612000 162 
6282.141167500 156 
6282.141723000 149 
6282.142278500 143 
6282.142834000 134 
6282.143389500 127 
6282.143945000 120 
6282.144500500 111 
6282.145056000 106 
6282.145611500 100 
6282.146167000 094 
6282.146722500 088 
6282.147278000 087 
6282.147833500 084 
6282.148389000 083 
6282.148944500 084 
6282.149500000 087 
6282.150055500 089 
6282.150611000 095 
6282.151166500 099 
6282.151722000 105 
6282.152277500 113 
6282.152833000 121 
6282.153388500 128 
6282.153944000 135 
6282.154499500 143 
6282.155055000 151 
6282.155610500 157 
6282.156166000 162 
6282.156721500 167 
6282.157277000 170 
6282.157832500 171 
6282.158388000 172 
6282.158943500 172 
6282.159499000 169 
6282.160054500 165 
6282.160610000 161 
6282.161165500 157 
6282.161721000 149 
6282.162276500 142 
6282.162832000 135 
6282.163387500 127 
6282.163943000 119 
6282.164498500 112 
6282.165054000 104 
6282.165609500 099 
6282.166165000 093 
6282.166720500 089 
6282.167276000 086 
6282.167831500 083 
6282.168387000 084 
6282.168942500 084 
6282.169498000 085 
6282.170053500 090 
6282.170609000 093 
6282.171164500 099 
6282.171720000 106 
6282.172275500 113 
6282.172831000 120 
6282.173386500 127 
6282.173942000 135 
6282.174497500 144 
6282.175053000 150 
6282.175608500 156 
6282.176164000 163 
6282.176719500 166 
6282.177275000 169 
6282.177830500 172 
6282.178386000 173 
6282.178941500 171 
6282.179497000 170 
6282.180052500 166 
6282.180608000 161 
6282.181163500 157 
6282.181719000 149 
6282.182274500 142 
6282.182830000 135 
6282.183385500 127 
6282.183941000 120 
6282.184496500 112 
6282.185052000 105 
6282.185607500 098 
6282.186163000 094 
6282.186718500 090 
6282.187274000 086 
6282.187829500 083 
6282.188385000 083 
6282.188940500 085 
6282.189496000 086 
6282.190051500 089 
6282.190607000 094 
6282.191162500 099 
6282.191718000 105 
6282.192273500 113 
6282.192829000 120 
6282.193384500 128 
6282.193940000 135 
6282.194495500 144 
6282.195051000 150 
6282.195606500 156 
6282.196162000 163 
6282.196717500 166 
6282.197273000 169 
6282.197828500 172 
6282.198384000 172 
6282.198939500 171 
6282.199495000 169 
6282.200050500 166 
6282.200606000 161 
6282.201161500 157 
6282.201717000 149 
6282.202272500 142 
6282.202828000 135 
6282.203383500 127 
6282.203939000 119 
6282.204494500 112 
6282.205050000 105 
6282.205605500 099 
6282.206161000 094 
6282.206716500 089 
6282.207272000 086 
6282.207827500 083 
6282.208383000 084 
6282.208938500 084 
6282.209494000 086 
6282.210049500 089 
6282.210605000 094 
6282.211160500 099 
6282.211716000 105 
6282.212271500 113 
6282.212827000 120 
6282.213382500 128 
6282.213938000 135 
6282.214493500 144 
6282.215049000 151 
6282.215604500 157 
6282.216160000 162 
6282.216715500 167 
6282.217271000 170 
6282.217826500 172 
6282.218382000 172 
6282.218937500 171 
6282.219493000 170 
6282.220048500 166 
6282.220604000 163 
6282.221159500 156 
6282.221715000 149 
6282.222270500 143 
6282.222826000 135 
6282.223381500 127 
6282.223937000 120 
6282.224492500 112 
6282.225048000 105 
6282.225603500 098 
6282.226159000 094 
6282.226714500 088 
6282.227270000 085 
6282.227825500 085 
6282.228381000 083 
6282.228936500 084 
6282.229492000 087 
6282.230047500 090 
6282.230603000 093 
6282.231158500 099 
6282.231714000 106 
6282.232269500 112 
6282.232825000 120 
6282.233380500 128 
6282.233936000 135 
6282.234491500 144 
6282.235047000 150 
6282.235602500 157 
6282.236158000 162 
6282.236713500 167 
6282.237269000 170 
6282.237824500 172 
6282.238380000 172 
6282.238935500 172 
6282.239491000 169 
6282.240046500 166 
6282.240602000 161 
6282.241157500 157 
6282.241713000 149 
6282.242268500 142 
6282.242824000 135 
6282.243379500 128 
6282.243935000 119 
6282.244490500 113 
6282.245046000 106 
6282.245601500 099 
6282.246157000 093 
6282.246712500 089 
6282.247268000 085 
6282.247823500 085 
6282.248379000 083 
6282.248934500 084 
6282.249490000 087 
6282.250045500 089 
6282.250601000 093 
6282.251156500 100 
6282.251712000 105 
6282.252267500 112 
6282.252823000 121 
6282.253378500 128 
6282.253934000 135 
6282.254489500 144 
6282.255045000 150 
6282.255600500 156 
6282.256156000 162 
6282.256711500 167 
6282.257267000 170 
6282.257822500 171 
6282.258378000 172 
6282.258933500 172 
6282.259489000 170 
6282.260044500 166 
6282.260600000 163 
6282.261155500 157 
6282.261711000 150 
6282.262266500 143 
6282.262822000 135 
6282.263377500 127 
6282.263933000 119 
6282.264488500 112 
6282.265044000 104 
6282.265599500 099 
6282.266155000 094 
6282.266710500 089 
6282.267266000 085 
6282.267821500 084 
6282.268377000 083 
6282.268932500 082 
6282.269488000 086 
6282.270043500 089 
6282.270599000 092 
6282.271154500 099 
6282.271710000 106 
6282.272265500 112 
6282.272821000 119 
6282.273376500 128 
6282.273932000 135 
6282.274487500 143 
6282.275043000 151 
6282.275598500 157 
6282.276154000 163 
6282.276709500 167 
6282.277265000 170 
6282.277820500 173 
6282.278376000 172 
6282.278931500 172 
6282.279487000 171 
6282.280042500 166 
6282.280598000 162 
6282.281153500 157 
6282.281709000 150 
6282.282264500 142 
6282.282820000 136 
6282.283375500 127 
6282.283931000 119 
6282.284486500 112 
6282.285042000 105 
6282.285597500 098 
6282.286153000 093 
6282.286708500 089 
6282.287264000 085 
6282.287819500 082 
6282.288375000 084 
6282.288930500 083 
6282.289486000 085 
6282.290041500 090 
6282.290597000 093 
6282.291152500 099 
6282.291708000 104 
6282.292263500 113 
6282.292819000 120 
6282.293374500 127 
6282.293930000 135 
6282.294485500 144 
6282.295041000 150 
6282.295596500 157 
6282.296152000 163 
6282.296707500 167 
6282.297263000 171 
6282.297818500 173 
6282.298374000 173 
6282.298929500 171 
6282.299485000 170 
6282.300040500 166 
6282.300596000 163 
6282.301151500 157 
6282.301707000 150 
6282.302262500 143 
6282.302818000 135 
6282.303373500 127 
6282.303929000 120 
6282.304484500 112 
6282.305040000 104 
6282.305595500 098 
6282.306151000 092 
6282.306706500 089 
6282.307262000 085 
6282.307817500 084 
6282.308373000 083 
6282.308928500 083 
6282.309484000 086 
6282.310039500 090 
6282.310595000 094 
6282.311150500 098 
6282.311706000 105 
6282.312261500 113 
6282.312817000 120 
6282.313372500 127 
6282.313928000 135 
6282.314483500 144 
6282.315039000 151 
6282.315594500 157 
6282.316150000 163 
6282.316705500 167 
6282.317261000 170 
6282.317816500 172 
6282.318372000 173 
6282.318927500 172 
6282.319483000 171 
6282.320038500 166 
6282.320594000 162 
6282.321149500 157 
6282.321705000 150 
6282.322260500 143 
6282.322816000 136 
6282.323371500 127 
6282.323927000 119 
6282.324482500 113 
6282.325038000 105 
6282.325593500 097 
6282.326149000 093 
6282.326704500 089 
6282.327260000 085 
6282.327815500 084 
6282.328371000 083 
6282.328926500 084 
6282.329482000 085 
6282.330037500 089 
6282.330593000 093 
6282.331148500 098 
6282.331704000 105 
6282.332259500 112 
6282.332815000 120 
6282.333370500 127 
6282.333926000 135 
6282.334481500 143 
6282.335037000 151 
6282.335592500 157 
6282.336148000 162 
6282.336703500 167 
6282.337259000 170 
6282.337814500 172 
6282.338370000 173 
6282.338925500 172 
6282.339481000 170 
6282.340036500 166 
6282.340592000 163 
6282.341147500 157 
6282.341703000 150 
6282.342258500 143 
6282.342814000 135 
6282.343369500 128 
6282.343925000 120 
6282.344480500 112 
6282.345036000 105 
6282.345591500 098 
6282.346147000 094 
6282.346702500 089 
6282.347258000 086 
6282.347813500 083 
6282.348369000 082 
6282.348924500 084 
6282.349480000 085 
6282.350035500 089 
6282.350591000 094 
6282.351146500 098 
6282.351702000 106 
6282.352257500 112 
6282.352813000 119 
6282.353368500 128 
6282.353924000 136 
6282.354479500 143 
6282.355035000 150 
6282.355590500 157 
6282.356146000 164 
6282.356701500 168 
6282.357257000 171 
6282.357812500 174 
6282.358368000 174 
6282.358923500 173 
6282.359479000 171 
6282.360034500 167 
6282.360590000 163 
6282.361145500 157 
6282.361701000 150 
6282.362256500 144 
6282.362812000 135 
6282.363367500 127 
6282.363923000 119 
6282.364478500 111 
6282.365034000 105 
6282.365589500 098 
6282.366145000 091 
6282.366700500 088 
6282.367256000 084 
6282.367811500 082 
6282.368367000 081 
6282.368922500 082 
6282.369478000 085 
6282.370033500 087 
6282.370589000 092 
6282.371144500 098 
6282.371700000 104 
6282.372255500 111 
6282.372811000 120 
6282.373366500 127 
6282.373922000 135 
6282.374477500 144 
6282.375033000 151 
6282.375588500 158 
6282.376144000 163 
6282.376699500 167 
6282.377255000 172 
6282.377810500 173 
6282.378366000 174 
6282.378921500 174 
6282.379477000 171 
6282.380032500 168 
6282.380588000 163 
6282.381143500 158 
6282.381699000 150 
6282.382254500 144 
6282.382810000 136 
6282.383365500 128 
6282.383921000 119 
6282.384476500 112 
6282.385032000 105 
6282.385587500 098 
6282.386143000 091 
6282.386698500 088 
6282.387254000 084 
6282.387809500 082 
6282.388365000 082 
6282.388920500 082 
6282.389476000 083 
6282.390031500 088 
6282.390587000 093 
6282.391142500 098 
6282.391698000 104 
6282.392253500 111 
6282.392809000 120 
6282.393364500 128 
6282.393920000 135 
6282.394475500 143 
6282.395031000 151 
6282.395586500 157 
6282.396142000 164 
6282.396697500 168 
6282.397253000 171 
6282.397808500 173 
6282.398364000 174 
6282.398919500 173 
6282.399475000 172 
6282.400030500 168 
6282.400586000 163 
6282.401141500 157 
6282.401697000 151 
6282.402252500 143 
6282.402808000 136 
6282.403363500 127 
6282.403919000 120 
6282.404474500 112 
6282.405030000 104 
6282.405585500 097 
6282.406141000 092 
6282.406696500 088 
6282.407252000 084 
6282.407807500 081 
6282.408363000 082 
6282.408918500 083 
6282.409474000 085 
6282.410029500 087 
6282.410585000 093 
6282.411140500 098 
6282.411696000 104 
6282.412251500 112 
6282.412807000 119 
6282.413362500 127 
6282.413918000 136 
6282.414473500 144 
6282.415029000 150 
6282.415584500 158 
6282.416140000 163 
6282.416695500 168 
6282.417251000 172 
6282.417806500 173 
6282.418362000 174 
6282.418917500 173 
6282.419473000 172 
6282.420028500 168 
6282.420584000 163 
6282.421139500 157 
6282.421695000 151 
6282.422250500 144 
6282.422806000 135 
6282.423361500 128 
6282.423917000 120 
6282.424472500 111 
6282.425028000 105 
6282.425583500 098 
6282.426139000 092 
6282.426694500 087 
6282.427250000 084 
6282.427805500 083 
6282.428361000 081 
6282.428916500 083 
6282.429472000 084 
6282.430027500 087 
6282.430583000 092 
6282.431138500 097 
6282.431694000 105 
6282.432249500 112 
6282.432805000 119 
6282.433360500 127 
6282.433916000 136 
6282.434471500 144 
6282.435027000 151 
6282.435582500 159 
6282.436138000 163 
6282.436693500 168 
6282.437249000 171 
6282.437804500 174 
6282.438360000 174 
6282.438915500 174 
6282.439471000 171 
6282.440026500 168 
6282.440582000 163 
6282.441137500 158 
6282.441693000 150 
6282.442248500 144 
6282.442804000 135 
6282.443359500 128 
6282.443915000 119 
6282.444470500 112 
6282.445026000 105 
6282.445581500 097 
6282.446137000 092 
6282.446692500 088 
6282.447248000 085 
6282.447803500 082 
6282.448359000 081 
6282.448914500 083 
6282.449470000 085 
6282.450025500 087 
6282.450581000 093 
6282.451136500 098 
6282.451692000 104 
6282.452247500 111 
6282.452803000 120 
6282.453358500 127 
6282.453914000 135 
6282.454469500 144 
6282.455025000 151 
6282.455580500 158 
6282.456136000 164 
6282.456691500 167 
6282.457247000 172 
6282.457802500 174 
6282.458358000 174 
6282.458913500 173 
6282.459469000 172 
6282.460024500 168 
6282.460580000 163 
6282.461135500 158 
6282.461691000 151 
6282.462246500 143 
6282.462802000 135 
6282.463357500 128 
6282.463913000 119 
6282.464468500 111 
6282.465024000 105 
6282.465579500 097 
6282.466135000 092 
6282.466690500 088 
6282.467246000 084 
6282.467801500 082 
6282.468357000 081 
6282.468912500 083 
6282.469468000 084 
6282.470023500 088 
6282.470579000 092 
6282.471134500 097 
6282.471690000 105 
6282.472245500 111 
6282.472801000 120 
6282.473356500 128 
6282.473912000 136 
6282.474467500 143 
6282.475023000 152 
6282.475578500 158 
6282.476134000 163 
6282.476689500 168 
6282.477245000 172 
6282.477800500 174 
6282.478356000 174 
6282.478911500 173 
6282.479467000 172 
6282.480022500 169 
6282.480578000 163 
6282.481133500 157 
6282.481689000 151 
6282.482244500 144 
6282.482800000 135 
6282.483355500 127 
6282.483911000 119 
6282.484466500 111 
6282.485022000 105 
6282.485577500 097 
6282.486133000 093 
6282.486688500 087 
6282.487244000 084 
6282.487799500 083 
6282.488355000 082 
6282.488910500 081 
6282.489466000 084 
6282.490021500 087 
6282.490577000 091 
6282.491132500 098 
6282.491688000 104 
6282.492243500 111 
6282.492799000 120 
6282.493354500 128 
6282.493910000 135 
6282.494465500 143 
6282.495021000 151 
6282.495576500 157 
6282.496132000 163 
6282.496687500 169 
6282.497243000 171 
6282.497798500 174 
6282.498354000 174 
6282.498909500 173 
6282.499465000 172 
6282.500020500 168 
6282.500576000 164 
6282.501131500 158 
6282.501687000 151 
6282.502242500 143 
6282.502798000 136 
6282.503353500 127 
6282.503909000 119 
6282.504464500 112 
6282.505020000 104 
6282.505575500 097 
6282.506131000 092 
6282.506686500 088 
6282.507242000 085 
6282.507797500 082 
6282.508353000 081 
6282.508908500 082 
6282.509464000 085 
6282.510019500 087 
6282.510575000 092 
6282.511130500 097 
6282.511686000 105 
6282.512241500 111 
6282.512797000 120 
6282.513352500 128 
6282.513908000 136 
6282.514463500 144 
6282.515019000 150 
6282.515574500 158 
6282.516130000 163 
6282.516685500 168 
6282.517241000 171 
6282.517796500 173 
6282.518352000 175 
6282.518907500 173 
6282.519463000 171 
6282.520018500 169 
6282.520574000 164 
6282.521129500 157 
6282.521685000 151 
6282.522240500 144 
6282.522796000 136 
6282.523351500 127 
6282.523907000 119 
6282.524462500 111 
6282.525018000 105 
6282.525573500 098 
6282.526129000 092 
6282.526684500 088 
6282.527240000 084 
6282.527795500 083 
6282.528351000 081 
6282.528906500 081 
6282.529462000 085 
6282.530017500 088 
6282.530573000 092 
6282.531128500 097 
6282.531684000 104 
6282.532239500 111 
6282.532795000 119 
6282.533350500 128 
6282.533906000 135 
6282.534461500 143 
6282.535017000 151 
6282.535572500 158 
6282.536128000 163 
6282.536683500 167 
6282.537239000 172 
6282.537794500 174 
6282.538350000 175 
6282.538905500 175 
6282.539461000 172 
6282.540016500 169 
6282.540572000 165 
6282.541127500 158 
6282.541683000 151 
6282.542238500 144 
6282.542794000 136 
6282.543349500 127 
6282.543905000 120 
6282.544460500 112 
6282.545016000 104 
6282.545571500 096 
6282.546127000 092 
6282.546682500 087 
6282.547238000 082 
6282.547793500 082 
6282.548349000 081 
6282.548904500 081 
6282.549460000 082 
6282.550015500 087 
6282.550571000 090 
6282.551126500 096 
6282.551682000 103 
6282.552237500 112 
6282.552793000 119 
6282.553348500 128 
6282.553904000 136 
6282.554459500 143 
6282.555015000 152 
6282.555570500 158 
6282.556126000 164 
6282.556681500 169 
6282.557237000 172 
6282.557792500 174 
6282.558348000 176 
6282.558903500 175 
6282.559459000 173 
6282.560014500 169 
6282.560570000 165 
6282.561125500 159 
6282.561681000 151 
6282.562236500 144 
6282.562792000 136 
6282.563347500 128 
6282.563903000 119 
6282.564458500 112 
6282.565014000 104 
6282.565569500 096 
6282.566125000 092 
6282.566680500 087 
6282.567236000 083 
6282.567791500 082 
6282.568347000 081 
6282.568902500 081 
6282.569458000 083 
6282.570013500 086 
6282.570569000 092 
6282.571124500 097 
6282.571680000 103 
6282.572235500 112 
6282.572791000 119 
6282.573346500 127 
6282.573902000 136 
6282.574457500 144 
6282.575013000 151 
6282.575568500 159 
6282.576124000 164 
6282.576679500 168 
6282.577235000 172 
6282.577790500 175 
6282.578346000 176 
6282.578901500 174 
6282.579457000 173 
6282.580012500 169 
6282.580568000 164 
6282.581123500 159 
6282.581679000 151 
6282.582234500 143 
6282.582790000 136 
6282.583345500 127 
6282.583901000 120 
6282.584456500 111 
6282.585012000 103 
6282.585567500 096 
6282.586123000 092 
6282.586678500 087 
6282.587234000 083 
6282.587789500 080 
6282.588345000 081 
6282.588900500 082 
6282.589456000 083 
6282.590011500 086 
6282.590567000 092 
6282.591122500 097 
6282.591678000 103 
6282.592233500 111 
6282.592789000 119 
6282.593344500 127 
6282.593900000 136 
6282.594455500 143 
6282.595011000 152 
6282.595566500 158 
6282.596122000 164 
6282.596677500 169 
6282.597233000 172 
6282.597788500 175 
6282.598344000 176 
6282.598899500 174 
6282.599455000 173 
6282.600010500 169 
6282.600566000 164 
6282.601121500 158 
6282.601677000 152 
6282.602232500 144 
6282.602788000 137 
6282.603343500 128 
6282.603899000 119 
6282.604454500 112 
6282.605010000 104 
6282.605565500 097 
6282.606121000 092 
6282.606676500 087 
6282.607232000 083 
6282.607787500 082 
6282.608343000 080 
6282.608898500 080 
6282.609454000 084 
6282.610009500 087 
6282.610565000 090 
6282.611120500 097 
6282.611676000 103 
6282.612231500 111 
6282.612787000 119 
6282.613342500 127 
6282.613898000 135 
6282.614453500 144 
6282.615009000 151 
6282.615564500 157 
6282.616120000 164 
6282.616675500 168 
6282.617231000 172 
6282.617786500 174 
6282.618342000 176 
6282.618897500 174 
6282.619453000 172 
6282.620008500 169 
6282.620564000 164 
6282.621119500 159 
6282.621675000 152 
6282.622230500 144 
6282.622786000 136 
6282.623341500 128 
6282.623897000 120 
6282.624452500 111 
6282.625008000 104 
6282.625563500 097 
6282.626119000 092 
6282.626674500 088 
6282.627230000 083 
6282.627785500 080 
6282.628341000 081 
6282.628896500 082 
6282.629452000 083 
6282.630007500 087 
6282.630563000 091 
6282.631118500 096 
6282.631674000 103 
6282.632229500 111 
6282.632785000 119 
6282.633340500 127 
6282.633896000 135 
6282.634451500 144 
6282.635007000 152 
6282.635562500 159 
6282.636118000 164 
6282.636673500 170 
6282.637229000 173 
6282.637784500 175 
6282.638340000 177 
6282.638895500 176 
6282.639451000 174 
6282.640006500 170 
6282.640562000 165 
6282.641117500 158 
6282.641673000 152 
6282.642228500 145 
6282.642784000 136 
6282.643339500 128 
6282.643895000 119 
6282.644450500 110 
6282.645006000 104 
6282.645561500 097 
6282.646117000 090 
6282.646672500 086 
6282.647228000 083 
6282.647783500 080 
6282.648339000 079 
6282.648894500 081 
6282.649450000 083 
6282.650005500 085 
6282.650561000 091 
6282.651116500 096 
6282.651672000 104 
6282.652227500 110 
6282.652783000 119 
6282.653338500 127 
6282.653894000 135 
6282.654449500 144 
6282.655005000 152 
6282.655560500 159 
6282.656116000 164 
6282.656671500 170 
6282.657227000 173 
6282.657782500 175 
6282.658338000 177 
6282.658893500 176 
6282.659449000 174 
6282.660004500 170 
6282.660560000 166 
6282.661115500 159 
6282.661671000 151 
6282.662226500 145 
6282.662782000 136 
6282.663337500 128 
6282.663893000 119 
6282.664448500 112 
6282.665004000 103 
6282.665559500 097 
6282.666115000 091 
6282.666670500 087 
6282.667226000 083 
6282.667781500 080 
6282.668337000 080 
6282.668892500 081 
6282.669448000 082 
6282.670003500 086 
6282.670559000 091 
6282.671114500 095 
6282.671670000 103 
6282.672225500 111 
6282.672781000 118 
6282.673336500 127 
6282.673892000 136 
6282.674447500 144 
6282.675003000 151 
6282.675558500 159 
6282.676114000 164 
6282.676669500 169 
6282.677225000 173 
6282.677780500 176 
6282.678336000 176 
6282.678891500 175 
6282.679447000 173 
6282.680002500 169 
6282.680558000 165 
6282.681113500 159 
6282.681669000 152 
6282.682224500 144 
6282.682780000 137 
6282.683335500 128 
6282.683891000 119 
6282.684446500 111 
6282.685002000 104 
6282.685557500 097 
6282.686113000 091 
6282.686668500 085 
6282.687224000 083 
6282.687779500 081 
6282.688335000 079 
6282.688890500 080 
6282.689446000 083 
6282.690001500 086 
6282.690557000 091 
6282.691112500 096 
6282.691668000 104 
6282.692223500 111 
6282.692779000 118 
6282.693334500 127 
6282.693890000 136 
6282.694445500 143 
6282.695001000 152 
6282.695556500 159 
6282.696112000 165 
6282.696667500 169 
6282.697223000 173 
6282.697778500 175 
6282.698334000 176 
6282.698889500 176 
6282.699445000 173 
6282.700000500 169 
6282.700556000 165 
6282.701111500 159 
6282.701667000 152 
6282.702222500 144 
6282.702778000 136 
6282.703333500 128 
6282.703889000 120 
6282.704444500 111 
6282.705000000 104 
6282.705555500 097 
6282.706111000 090 
6282.706666500 087 
6282.707222000 082 
6282.707777500 081 
6282.708333000 079 
6282.708888500 081 
6282.709444000 083 
6282.709999500 085 
6282.710555000 091 
6282.711110500 096 
6282.711666000 103 
6282.712221500 110 
6282.712777000 119 
6282.713332500 127 
6282.713888000 135 
6282.714443500 143 
6282.714999000 152 
6282.715554500 159 
6282.716110000 164 
6282.716665500 169 
6282.717221000 174 
6282.717776500 176 
6282.718332000 176 
6282.718887500 176 
6282.719443000 173 
6282.719998500 170 
6282.720554000 165 
6282.721109500 160 
6282.721665000 152 
6282.722220500 145 
6282.722776000 136 
6282.723331500 128 
6282.723887000 120 
6282.724442500 111 
6282.724998000 104 
6282.725553500 097 
6282.726109000 090 
6282.726664500 086 
6282.727220000 083 
6282.727775500 080 
6282.728331000 079 
6282.728886500 080 
6282.729442000 083 
6282.729997500 086 
6282.730553000 090 
6282.731108500 096 
6282.731664000 103 
6282.732219500 111 
6282.732775000 118 
6282.733330500 128 
6282.733886000 135 
6282.734441500 143 
6282.734997000 152 
6282.735552500 158 
6282.736108000 164 
6282.736663500 169 
6282.737219000 172 
6282.737774500 175 
6282.738330000 176 
6282.738885500 176 
6282.739441000 173 
6282.739996500 169 
6282.740552000 165 
6282.741107500 159 
6282.741663000 151 
6282.742218500 145 
6282.742774000 136 
6282.743329500 127 
6282.743885000 120 
6282.744440500 111 
6282.744996000 103 
6282.745551500 097 
6282.746107000 091 
6282.746662500 086 
6282.747218000 083 
6282.747773500 081 
6282.748329000 079 
6282.748884500 080 
6282.749440000 083 
6282.749995500 085 
6282.750551000 091 
6282.751106500 097 
6282.751662000 103 
6282.752217500 110 
6282.752773000 118 
6282.753328500 127 
6282.753884000 135 
6282.754439500 143 
6282.754995000 152 
6282.755550500 158 
6282.756106000 164 
6282.756661500 170 
6282.757217000 173 
6282.757772500 175 
6282.758328000 177 
6282.758883500 176 
6282.759439000 173 
6282.759994500 169 
6282.760550000 165 
6282.761105500 160 
6282.761661000 152 
6282.762216500 144 
6282.762772000 137 
6282.763327500 128 
6282.763883000 119 
6282.764438500 111 
6282.764994000 104 
6282.765549500 097 
6282.766105000 091 
6282.766660500 086 
6282.767216000 083 
6282.767771500 080 
6282.768327000 080 
6282.768882500 081 
6282.769438000 081 
6282.769993500 086 
6282.770549000 090 
6282.771104500 095 
6282.771660000 103 
6282.772215500 111 
6282.772771000 118 
6282.773326500 128 
6282.773882000 136 
6282.774437500 144 
6282.774993000 151 
6282.775548500 159 
6282.776104000 164 
6282.776659500 169 
6282.777215000 173 
6282.777770500 175 
6282.778326000 176 
6282.778881500 176 
6282.779437000 174 
6282.779992500 169 
6282.780548000 166 
6282.781103500 159 
6282.781659000 152 
6282.782214500 145 
6282.782770000 137 
6282.783325500 128 
6282.783881000 120 
6282.784436500 112 
6282.784992000 103 
6282.785547500 096 
6282.786103000 092 
6282.786658500 086 
6282.787214000 083 
6282.787769500 080 
6282.788325000 079 
6282.788880500 079 
6282.789436000 082 
6282.789991500 085 
6282.790547000 090 
6282.791102500 095 
6282.791658000 103 
6282.792213500 110 
6282.792769000 118 
6282.793324500 127 
6282.793880000 135 
6282.794435500 143 
6282.794991000 152 
6282.795546500 159 
6282.796102000 164 
6282.796657500 171 
6282.797213000 174 
6282.797768500 176 
6282.798324000 176 
6282.798879500 176 
6282.799435000 175 
6282.799990500 171 
6282.800546000 165 
6282.801101500 159 
6282.801657000 153 
6282.802212500 145 
6282.802768000 136 
6282.803323500 128 
6282.803879000 120 
6282.804434500 111 
6282.804990000 104 
6282.805545500 096 
6282.806101000 091 
6282.806656500 086 
6282.807212000 081 
6282.807767500 080 
6282.808323000 079 
6282.808878500 079 
6282.809434000 083 
6282.809989500 085 
6282.810545000 089 
6282.811100500 096 
6282.811656000 103 
6282.812211500 110 
6282.812767000 119 
6282.813322500 127 
6282.813878000 135 
6282.814433500 143 
6282.814989000 152 
6282.815544500 159 
6282.816100000 164 
6282.816655500 169 
6282.817211000 173 
6282.817766500 176 
6282.818322000 176 
6282.818877500 176 
6282.819433000 173 
6282.819988500 171 
6282.820544000 165 
6282.821099500 159 
6282.821655000 153 
6282.822210500 145 
6282.822766000 136 
6282.823321500 129 
6282.823877000 120 
6282.824432500 111 
6282.824988000 104 
6282.825543500 097 
6282.826099000 091 
6282.826654500 086 
6282.827210000 082 
6282.827765500 080 
6282.828321000 079 
6282.828876500 079 
6282.829432000 082 
6282.829987500 085 
6282.830543000 089 
6282.831098500 096 
6282.831654000 102 
6282.832209500 110 
6282.832765000 119 
6282.833320500 126 
6282.833876000 135 
6282.834431500 144 
6282.834987000 151 
6282.835542500 159 
6282.836098000 165 
6282.836653500 169 
6282.837209000 173 
6282.837764500 175 
6282.838320000 177 
6282.838875500 176 
6282.839431000 174 
6282.839986500 171 
6282.840542000 166 
6282.841097500 160 
6282.841653000 152 
6282.842208500 144 
6282.842764000 137 
6282.843319500 129 
6282.843875000 119 
6282.844430500 111 
6282.844986000 104 
6282.845541500 096 
6282.846097000 091 
6282.846652500 085 
6282.847208000 083 
6282.847763500 080 
6282.848319000 078 
6282.848874500 080 
6282.849430000 082 
6282.849985500 085 
6282.850541000 089 
6282.851096500 096 
6282.851652000 102 
6282.852207500 110 
6282.852763000 119 
6282.853318500 126 
6282.853874000 135 
6282.854429500 144 
6282.854985000 152 
6282.855540500 158 
6282.856096000 165 
6282.856651500 169 
6282.857207000 174 
6282.857762500 176 
6282.858318000 177 
6282.858873500 176 
6282.859429000 174 
6282.859984500 170 
6282.860540000 166 
6282.861095500 160 
6282.861651000 153 
6282.862206500 145 
6282.862762000 136 
6282.863317500 129 
6282.863873000 120 
6282.864428500 111 
6282.864984000 104 
6282.865539500 097 
6282.866095000 092 
6282.866650500 086 
6282.867206000 082 
6282.867761500 081 
6282.868317000 079 
6282.868872500 079 
6282.869428000 082 
6282.869983500 085 
6282.870539000 089 
6282.871094500 096 
6282.871650000 103 
6282.872205500 110 
6282.872761000 118 
6282.873316500 126 
6282.873872000 136 
6282.874427500 143 
6282.874983000 152 
6282.875538500 159 
6282.876094000 164 
6282.876649500 169 
6282.877205000 174 
6282.877760500 176 
6282.878316000 178 
6282.878871500 177 
6282.879427000 175 
6282.879982500 172 
6282.880538000 167 
6282.881093500 160 
6282.881649000 153 
6282.882204500 146 
6282.882760000 136 
6282.883315500 129 
6282.883871000 120 
6282.884426500 111 
6282.884982000 103 
6282.885537500 097 
6282.886093000 089 
6282.886648500 085 
6282.887204000 081 
6282.887759500 078 
6282.888315000 078 
6282.888870500 079 
6282.889426000 081 
6282.889981500 084 
6282.890537000 088 
6282.891092500 095 
6282.891648000 101 
6282.892203500 109 
6282.892759000 118 
6282.893314500 127 
6282.893870000 135 
6282.894425500 144 
6282.894981000 153 
6282.895536500 160 
6282.896092000 165 
6282.896647500 171 
6282.897203000 175 
6282.897758500 177 
6282.898314000 177 
6282.898869500 177 
6282.899425000 175 
6282.899980500 172 
6282.900536000 167 
6282.901091500 160 
6282.901647000 154 
6282.902202500 146 
6282.902758000 137 
6282.903313500 128 
6282.903869000 120 
6282.904424500 111 
6282.904980000 102 
6282.905535500 097 
6282.906091000 089 
6282.906646500 084 
6282.907202000 081 
6282.907757500 080 
6282.908313000 078 
6282.908868500 077 
6282.909424000 081 
6282.909979500 084 
6282.910535000 088 
6282.911090500 095 
6282.911646000 102 
6282.912201500 109 
6282.912757000 118 
6282.913312500 127 
6282.913868000 135 
6282.914423500 144 
6282.914979000 153 
6282.915534500 159 
6282.916090000 166 
6282.916645500 170 
6282.917201000 175 
6282.917756500 177 
6282.918312000 177 
6282.918867500 178 
6282.919423000 175 
6282.919978500 172 
6282.920534000 167 
6282.921089500 161 
6282.921645000 153 
6282.922200500 145 
6282.922756000 138 
6282.923311500 129 
6282.923867000 120 
6282.924422500 111 
6282.924978000 104 
6282.925533500 096 
6282.926089000 090 
6282.926644500 085 
6282.927200000 081 
6282.927755500 079 
6282.928311000 078 
6282.928866500 078 
6282.929422000 081 
6282.929977500 084 
6282.930533000 088 
6282.931088500 095 
6282.931644000 101 
6282.932199500 109 
6282.932755000 119 
6282.933310500 127 
6282.933866000 135 
6282.934421500 144 
6282.934977000 152 
6282.935532500 159 
6282.936088000 165 
6282.936643500 171 
6282.937199000 175 
6282.937754500 177 
6282.938310000 177 
6282.938865500 178 
6282.939421000 175 
6282.939976500 171 
6282.940532000 166 
6282.941087500 161 
6282.941643000 153 
6282.942198500 145 
6282.942754000 138 
6282.943309500 129 
6282.943865000 119 
6282.944420500 112 
6282.944976000 103 
6282.945531500 096 
6282.946087000 090 
6282.946642500 085 
6282.947198000 081 
6282.947753500 080 
6282.948309000 077 
6282.948864500 079 
6282.949420000 081 
6282.949975500 083 
6282.950531000 089 
6282.951086500 095 
6282.951642000 102 
6282.952197500 109 
6282.952753000 118 
6282.953308500 127 
6282.953864000 135 
6282.954419500 143 
6282.954975000 153 
6282.955530500 160 
6282.956086000 165 
6282.956641500 171 
6282.957197000 175 
6282.957752500 177 
6282.958308000 179 
6282.958863500 177 
6282.959419000 175 
6282.959974500 172 
6282.960530000 167 
6282.961085500 160 
6282.961641000 154 
6282.962196500 146 
6282.962752000 137 
6282.963307500 129 
6282.963863000 119 
6282.964418500 110 
6282.964974000 103 
6282.965529500 096 
6282.966085000 090 
6282.966640500 084 
6282.967196000 082 
6282.967751500 079 
6282.968307000 077 
6282.968862500 079 
6282.969418000 080 
6282.969973500 083 
6282.970529000 089 
6282.971084500 095 
6282.971640000 102 
6282.972195500 109 
6282.972751000 117 
6282.973306500 127 
6282.973862000 135 
6282.974417500 143 
6282.974973000 153 
6282.975528500 160 
6282.976084000 165 
6282.976639500 171 
6282.977195000 174 
6282.977750500 177 
6282.978306000 178 
6282.978861500 178 
6282.979417000 176 
6282.979972500 172 
6282.980528000 167 
6282.981083500 161 
6282.981639000 153 
6282.982194500 146 
6282.982750000 137 
6282.983305500 127 
6282.983861000 120 
6282.984416500 111 
6282.984972000 102 
6282.985527500 096 
6282.986083000 089 
6282.986638500 085 
6282.987194000 082 
6282.987749500 078 
6282.988305000 077 
6282.988860500 078 
6282.989416000 079 
6282.989971500 084 
6282.990527000 089 
6282.991082500 094 
6282.991638000 100 
6282.992193500 109 
6282.992749000 118 
6282.993304500 127 
6282.993860000 135 
6282.994415500 144 
6282.994971000 152 
6282.995526500 159 
6282.996082000 166 
6282.996637500 171 
6282.997193000 175 
6282.997748500 177 
6282.998304000 179 
6282.998859500 178 
6282.999415000 176 
6282.999970500 171 
6283.000526000 167 
6283.001081500 161 
6283.001637000 154 
6283.002192500 145 
6283.002748000 138 
6283.003303500 129 
6283.003859000 119 
6283.004414500 112 
6283.004970000 104 
6283.005525500 096 
6283.006081000 089 
6283.006636500 084 
6283.007192000 082 
6283.007747500 079 
6283.008303000 077 
6283.008858500 079 
6283.009414000 081 
6283.009969500 083 
6283.010525000 088 
6283.011080500 094 
6283.011636000 102 
6283.012191500 109 
6283.012747000 117 
6283.013302500 127 
6283.013858000 135 
6283.014413500 144 
6283.014969000 153 
6283.015524500 160 
6283.016080000 165 
6283.016635500 171 
6283.017191000 175 
6283.017746500 177 
6283.018302000 178 
6283.018857500 177 
6283.019413000 175 
6283.019968500 172 
6283.020524000 166 
6283.021079500 160 
6283.021635000 154 
6283.022190500 146 
6283.022746000 138 
6283.023301500 129 
6283.023857000 120 
6283.024412500 110 
6283.024968000 104 
6283.025523500 096 
6283.026079000 089 
6283.026634500 085 
6283.027190000 080 
6283.027745500 079 
6283.028301000 077 
6283.028856500 079 
6283.029412000 081 
6283.029967500 083 
6283.030523000 088 
6283.031078500 095 
6283.031634000 102 
6283.032189500 109 
6283.032745000 117 
6283.033300500 126 
6283.033856000 135 
6283.034411500 144 
6283.034967000 151 
6283.035522500 159 
6283.036078000 166 
6283.036633500 171 
6283.037189000 175 
6283.037744500 177 
6283.038300000 178 
6283.038855500 178 
6283.039411000 176 
6283.039966500 172 
6283.040522000 167 
6283.041077500 160 
6283.041633000 155 
6283.042188500 146 
6283.042744000 138 
6283.043299500 129 
6283.043855000 119 
6283.044410500 111 
6283.044966000 104 
6283.045521500 096 
6283.046077000 090 
6283.046632500 085 
6283.047188000 080 
6283.047743500 078 
6283.048299000 078 
6283.048854500 078 
6283.049410000 080 
6283.049965500 083 
6283.050521000 089 
6283.051076500 094 
6283.051632000 100 
6283.052187500 110 
6283.052743000 118 
6283.053298500 126 
6283.053854000 135 
6283.054409500 144 
6283.054965000 151 
6283.055520500 160 
6283.056076000 166 
6283.056631500 170 
6283.057187000 174 
6283.057742500 178 
6283.058298000 178 
6283.058853500 178 
6283.059409000 175 
6283.059964500 172 
6283.060520000 167 
6283.061075500 162 
6283.061631000 155 
6283.062186500 146 
6283.062742000 137 
6283.063297500 128 
6283.063853000 120 
6283.064408500 111 
6283.064964000 103 
6283.065519500 097 
6283.066075000 090 
6283.066630500 084 
6283.067186000 081 
6283.067741500 079 
6283.068297000 077 
6283.068852500 079 
6283.069408000 079 
6283.069963500 083 
6283.070519000 089 
6283.071074500 095 
6283.071630000 101 
6283.072185500 109 
6283.072741000 118 
6283.073296500 126 
6283.073852000 135 
6283.074407500 144 
6283.074963000 152 
6283.075518500 160 
6283.076074000 166 
6283.076629500 170 
6283.077185000 175 
6283.077740500 177 
6283.078296000 178 
6283.078851500 177 
6283.079407000 176 
6283.079962500 172 
6283.080518000 167 
6283.081073500 161 
6283.081629000 154 
6283.082184500 145 
6283.082740000 138 
6283.083295500 128 
6283.083851000 120 
6283.084406500 111 
6283.084962000 103 
6283.085517500 097 
6283.086073000 090 
6283.086628500 085 
6283.087184000 081 
6283.087739500 078 
6283.088295000 077 
6283.088850500 079 
6283.089406000 080 
6283.089961500 084 
6283.090517000 088 
6283.091072500 093 
6283.091628000 101 
6283.092183500 109 
6283.092739000 117 
6283.093294500 126 
6283.093850000 136 
6283.094405500 144 
6283.094961000 152 
6283.095516500 159 
6283.096072000 166 
6283.096627500 170 
6283.097183000 175 
6283.097738500 177 
6283.098294000 178 
6283.098849500 178 
6283.099405000 176 
6283.099960500 172 
6283.100516000 167 
6283.101071500 161 
6283.101627000 154 
6283.102182500 146 
6283.102738000 138 
6283.103293500 128 
6283.103849000 120 
6283.104404500 110 
6283.104960000 104 
6283.105515500 096 
6283.106071000 091 
6283.106626500 086 
6283.107182000 080 
6283.107737500 079 
6283.108293000 078 
6283.108848500 077 
6283.109404000 081 
6283.109959500 083 
6283.110515000 089 
6283.111070500 094 
6283.111626000 100 
6283.112181500 110 
6283.112737000 118 
6283.113292500 126 
6283.113848000 134 
6283.114403500 144 
6283.114959000 152 
6283.115514500 159 
6283.116070000 165 
6283.116625500 171 
6283.117181000 175 
6283.117736500 177 
6283.118292000 178 
6283.118847500 179 
6283.119403000 176 
6283.119958500 172 
6283.120514000 167 
6283.121069500 161 
6283.121625000 153 
6283.122180500 146 
6283.122736000 138 
6283.123291500 128 
6283.123847000 121 
6283.124402500 111 
6283.124958000 103 
6283.125513500 097 
6283.126069000 090 
6283.126624500 084 
6283.127180000 081 
6283.127735500 078 
6283.128291000 077 
6283.128846500 077 
6283.129402000 081 
6283.129957500 083 
6283.130513000 088 
6283.131068500 094 
6283.131624000 101 
6283.132179500 109 
6283.132735000 117 
6283.133290500 127 
6283.133846000 135 
6283.134401500 144 
6283.134957000 152 
6283.135512500 160 
6283.136068000 166 
6283.136623500 171 
6283.137179000 175 
6283.137734500 177 
6283.138290000 179 
6283.138845500 178 
6283.139401000 175 
6283.139956500 173 
6283.140512000 167 
6283.141067500 161 
6283.141623000 154 
6283.142178500 146 
6283.142734000 138 
6283.143289500 129 
6283.143845000 119 
6283.144400500 111 
6283.144956000 104 
6283.145511500 096 
6283.146067000 089 
6283.146622500 084 
6283.147178000 081 
6283.147733500 079 
6283.148289000 077 
6283.148844500 076 
6283.149400000 080 
6283.149955500 083 
6283.150511000 088 
6283.151066500 094 
6283.151622000 100 
6283.152177500 109 
6283.152733000 117 
6283.153288500 126 
6283.153844000 135 
6283.154399500 144 
6283.154955000 152 
6283.155510500 159 
6283.156066000 165 
6283.156621500 171 
6283.157177000 175 
6283.157732500 177 
6283.158288000 179 
6283.158843500 178 
6283.159399000 175 
6283.159954500 172 
6283.160510000 168 
6283.161065500 161 
6283.161621000 154 
6283.162176500 146 
6283.162732000 137 
6283.163287500 129 
6283.163843000 120 
6283.164398500 111 
6283.164954000 103 
6283.165509500 097 
6283.166065000 089 
6283.166620500 085 
6283.167176000 081 
6283.167731500 078 
6283.168287000 078 
6283.168842500 078 
6283.169398000 080 
6283.169953500 083 
6283.170509000 089 
6283.171064500 094 
6283.171620000 100 
6283.172175500 110 
6283.172731000 117 
6283.173286500 126 
6283.173842000 135 
6283.174397500 144 
6283.174953000 152 
6283.175508500 159 
6283.176064000 166 
6283.176619500 171 
6283.177175000 175 
6283.177730500 177 
6283.178286000 179 
6283.178841500 178 
6283.179397000 175 
6283.179952500 172 
6283.180508000 167 
6283.181063500 161 
6283.181619000 155 
6283.182174500 146 
6283.182730000 137 
6283.183285500 129 
6283.183841000 120 
6283.184396500 112 
6283.184952000 103 
6283.185507500 096 
6283.186063000 090 
6283.186618500 085 
6283.187174000 080 
6283.187729500 079 
6283.188285000 077 
6283.188840500 077 
6283.189396000 080 
6283.189951500 083 
6283.190507000 088 
6283.191062500 095 
6283.191618000 101 
6283.192173500 108 
6283.192729000 118 
6283.193284500 126 
6283.193840000 135 
6283.194395500 144 
6283.194951000 152 
6283.195506500 159 
6283.196062000 165 
6283.196617500 171 
6283.197173000 175 
6283.197728500 177 
6283.198284000 178 
6283.198839500 178 
6283.199395000 176 
6283.199950500 172 
6283.200506000 167 
6283.201061500 162 
6283.201617000 154 
6283.202172500 145 
6283.202728000 138 
6283.203283500 128 
6283.203839000 120 
6283.204394500 112 
6283.204950000 103 
6283.205505500 095 
6283.206061000 090 
6283.206616500 084 
6283.207172000 081 
6283.207727500 078 
6283.208283000 078 
6283.208838500 078 
6283.209394000 079 
6283.209949500 083 
6283.210505000 088 
6283.211060500 093 
6283.211616000 100 
6283.212171500 109 
6283.212727000 117 
6283.213282500 126 
6283.213838000 135 
6283.214393500 144 
6283.214949000 152 
6283.215504500 159 
6283.216060000 166 
6283.216615500 171 
6283.217171000 175 
6283.217726500 177 
6283.218282000 179 
6283.218837500 179 
6283.219393000 176 
6283.219948500 172 
6283.220504000 168 
6283.221059500 162 
6283.221615000 154 
6283.222170500 147 
6283.222726000 138 
6283.223281500 129 
6283.223837000 120 
6283.224392500 111 
6283.224948000 103 
6283.225503500 096 
6283.226059000 089 
6283.226614500 084 
6283.227170000 081 
6283.227725500 079 
6283.228281000 078 
6283.228836500 078 
6283.229392000 079 
6283.229947500 084 
6283.230503000 088 
6283.231058500 093 
6283.231614000 101 
6283.232169500 109 
6283.232725000 117 
6283.233280500 125 
6283.233836000 135 
6283.234391500 143 
6283.234947000 152 
6283.235502500 160 
6283.236058000 166 
6283.236613500 171 
6283.237169000 175 
6283.237724500 177 
6283.238280000 179 
6283.238835500 178 
6283.239391000 176 
6283.239946500 173 
6283.240502000 168 
6283.241057500 161 
6283.241613000 154 
6283.242168500 146 
6283.242724000 138 
6283.243279500 129 
6283.243835000 120 
6283.244390500 112 
6283.244946000 103 
6283.245501500 096 
6283.246057000 090 
6283.246612500 085 
6283.247168000 080 
6283.247723500 077 
6283.248279000 078 
6283.248834500 077 
6283.249390000 080 
6283.249945500 083 
6283.250501000 087 
6283.251056500 093 
6283.251612000 101 
6283.252167500 109 
6283.252723000 116 
6283.253278500 126 
6283.253834000 135 
6283.254389500 143 
6283.254945000 152 
6283.255500500 160 
6283.256056000 166 
6283.256611500 171 
6283.257167000 175 
6283.257722500 177 
6283.258278000 178 
6283.258833500 179 
6283.259389000 176 
6283.259944500 172 
6283.260500000 168 
6283.261055500 162 
6283.261611000 155 
6283.262166500 146 
6283.262722000 138 
6283.263277500 129 
6283.263833000 120 
6283.264388500 111 
6283.264944000 103 
6283.265499500 096 
6283.266055000 089 
6283.266610500 084 
6283.267166000 081 
6283.267721500 078 
6283.268277000 076 
6283.268832500 078 
6283.269388000 079 
6283.269943500 082 
6283.270499000 088 
6283.271054500 094 
6283.271610000 101 
6283.272165500 109 
6283.272721000 117 
6283.273276500 125 
6283.273832000 135 
6283.274387500 143 
6283.274943000 152 
6283.275498500 160 
6283.276054000 166 
6283.276609500 170 
6283.277165000 175 
6283.277720500 178 
6283.278276000 179 
6283.278831500 178 
6283.279387000 175 
6283.279942500 173 
6283.280498000 168 
6283.281053500 162 
6283.281609000 156 
6283.282164500 146 
6283.282720000 138 
6283.283275500 129 
6283.283831000 120 
6283.284386500 111 
6283.284942000 104 
6283.285497500 096 
6283.286053000 090 
6283.286608500 084 
6283.287164000 081 
6283.287719500 079 
6283.288275000 077 
6283.288830500 077 
6283.289386000 079 
6283.289941500 082 
6283.290497000 088 
6283.291052500 093 
6283.291608000 100 
6283.292163500 108 
6283.292719000 117 
6283.293274500 126 
6283.293830000 135 
6283.294385500 143 
6283.294941000 151 
6283.295496500 160 
6283.296052000 166 
6283.296607500 171 
6283.297163000 175 
6283.297718500 177 
6283.298274000 178 
6283.298829500 178 
6283.299385000 176 
6283.299940500 172 
6283.300496000 167 
6283.301051500 162 
6283.301607000 155 
6283.302162500 146 
6283.302718000 138 
6283.303273500 129 
6283.303829000 120 
6283.304384500 111 
6283.304940000 104 
6283.305495500 096 
6283.306051000 089 
6283.306606500 085 
6283.307162000 081 
6283.307717500 077 
6283.308273000 077 
6283.308828500 078 
6283.309384000 079 
6283.309939500 083 
6283.310495000 088 
6283.311050500 094 
6283.311606000 100 
6283.312161500 108 
6283.312717000 116 
6283.313272500 126 
6283.313828000 135 
6283.314383500 143 
6283.314939000 153 
6283.315494500 160 
6283.316050000 166 
6283.316605500 171 
6283.317161000 175 
6283.317716500 178 
6283.318272000 178 
6283.318827500 178 
6283.319383000 177 
6283.319938500 173 
6283.320494000 168 
6283.321049500 161 
6283.321605000 155 
6283.322160500 147 
6283.322716000 138 
6283.323271500 129 
6283.323827000 121 
6283.324382500 112 
6283.324938000 103 
6283.325493500 097 
6283.326049000 090 
6283.326604500 084 
6283.327160000 081 
6283.327715500 078 
6283.328271000 077 
6283.328826500 077 
6283.329382000 080 
6283.329937500 083 
6283.330493000 087 
6283.331048500 094 
6283.331604000 100 
6283.332159500 108 
6283.332715000 117 
6283.333270500 126 
6283.333826000 134 
6283.334381500 143 
6283.334937000 152 
6283.335492500 159 
6283.336048000 166 
6283.336603500 171 
6283.337159000 175 
6283.337714500 178 
6283.338270000 179 
6283.338825500 178 
6283.339381000 176 
6283.339936500 173 
6283.340492000 168 
6283.341047500 162 
6283.341603000 155 
6283.342158500 146 
6283.342714000 138 
6283.343269500 129 
6283.343825000 121 
6283.344380500 111 
6283.344936000 103 
6283.345491500 097 
6283.346047000 089 
6283.346602500 084 
6283.347158000 081 
6283.347713500 077 
6283.348269000 078 
6283.348824500 078 
6283.349380000 079 
6283.349935500 083 
6283.350491000 088 
6283.351046500 093 
6283.351602000 101 
6283.352157500 108 
6283.352713000 116 
6283.353268500 125 
6283.353824000 135 
6283.354379500 144 
6283.354935000 151 
6283.355490500 159 
6283.356046000 165 
6283.356601500 171 
6283.357157000 175 
6283.357712500 178 
6283.358268000 179 
6283.358823500 178 
6283.359379000 176 
6283.359934500 173 
6283.360490000 167 
6283.361045500 162 
6283.361601000 154 
6283.362156500 146 
6283.362712000 139 
6283.363267500 129 
6283.363823000 120 
6283.364378500 112 
6283.364934000 104 
6283.365489500 095 
6283.366045000 090 
6283.366600500 085 
6283.367156000 080 
6283.367711500 079 
6283.368267000 077 
6283.368822500 076 
6283.369378000 080 
6283.369933500 083 
6283.370489000 088 
6283.371044500 093 
6283.371600000 101 
6283.372155500 109 
6283.372711000 117 
6283.373266500 126 
6283.373822000 135 
6283.374377500 144 
6283.374933000 152 
6283.375488500 159 
6283.376044000 167 
6283.376599500 171 
6283.377155000 175 
6283.377710500 177 
6283.378266000 179 
6283.378821500 179 
6283.379377000 176 
6283.379932500 172 
6283.380488000 168 
6283.381043500 162 
6283.381599000 155 
6283.382154500 146 
6283.382710000 138 
6283.383265500 129 
6283.383821000 120 
6283.384376500 112 
6283.384932000 104 
6283.385487500 097 
6283.386043000 089 
6283.386598500 085 
6283.387154000 081 
6283.387709500 078 
6283.388265000 077 
6283.388820500 078 
6283.389376000 079 
6283.389931500 082 
6283.390487000 088 
6283.391042500 094 
6283.391598000 101 
6283.392153500 108 
6283.392709000 116 
6283.393264500 126 
6283.393820000 135 
6283.394375500 143 
6283.394931000 152 
6283.395486500 159 
6283.396042000 165 
6283.396597500 171 
6283.397153000 174 
6283.397708500 177 
6283.398264000 179 
6283.398819500 178 
6283.399375000 177 
6283.399930500 173 
6283.400486000 168 
6283.401041500 162 
6283.401597000 155 
6283.402152500 147 
6283.402708000 138 
6283.403263500 129 
6283.403819000 120 
6283.404374500 111 
6283.404930000 103 
6283.405485500 097 
6283.406041000 090 
6283.406596500 084 
6283.407152000 081 
6283.407707500 079 
6283.408263000 076 
6283.408818500 078 
6283.409374000 079 
6283.409929500 082 
6283.410485000 088 
6283.411040500 094 
6283.411596000 100 
6283.412151500 108 
6283.412707000 117 
6283.413262500 126 
6283.413818000 134 
6283.414373500 143 
6283.414929000 152 
6283.415484500 159 
6283.416040000 166 
6283.416595500 171 
6283.417151000 175 
6283.417706500 177 
6283.418262000 179 
6283.418817500 179 
6283.419373000 176 
6283.419928500 172 
6283.420484000 168 
6283.421039500 161 
6283.421595000 154 
6283.422150500 147 
6283.422706000 138 
6283.423261500 129 
6283.423817000 120 
6283.424372500 112 
6283.424928000 103 
6283.425483500 096 
6283.426039000 090 
6283.426594500 085 
6283.427150000 080 
6283.427705500 079 
6283.428261000 078 
6283.428816500 077 
6283.429372000 079 
6283.429927500 083 
6283.430483000 088 
6283.431038500 093 
6283.431594000 100 
6283.432149500 109 
6283.432705000 117 
6283.433260500 125 
6283.433816000 135 
6283.434371500 143 
6283.434927000 152 
6283.435482500 159 
6283.436038000 166 
6283.436593500 171 
6283.437149000 174 
6283.437704500 178 
6283.438260000 179 
6283.438815500 178 
6283.439371000 176 
6283.439926500 173 
6283.440482000 168 
6283.441037500 161 
6283.441593000 155 
6283.442148500 147 
6283.442704000 138 
6283.443259500 130 
6283.443815000 120 
6283.444370500 112 
6283.444926000 103 
6283.445481500 096 
6283.446037000 090 
6283.446592500 085 
6283.447148000 080 
6283.447703500 079 
6283.448259000 077 
6283.448814500 076 
6283.449370000 080 
6283.449925500 083 
6283.450481000 087 
6283.451036500 092 
6283.451592000 099 
6283.452147500 109 
6283.452703000 116 
6283.453258500 125 
6283.453814000 135 
6283.454369500 144 
6283.454925000 151 
6283.455480500 159 
6283.456036000 166 
6283.456591500 171 
6283.457147000 175 
6283.457702500 177 
6283.458258000 179 
6283.458813500 178 
6283.459369000 175 
6283.459924500 174 
6283.460480000 167 
6283.461035500 161 
6283.461591000 155 
6283.462146500 147 
6283.462702000 138 
6283.463257500 130 
6283.463813000 120 
6283.464368500 111 
6283.464924000 104 
6283.465479500 096 
6283.466035000 089 
6283.466590500 084 
6283.467146000 081 
6283.467701500 078 
6283.468257000 077 
6283.468812500 077 
6283.469368000 080 
6283.469923500 082 
6283.470479000 087 
6283.471034500 093 
6283.471590000 100 
6283.472145500 109 
6283.472701000 116 
6283.473256500 125 
6283.473812000 135 
6283.474367500 143 
6283.474923000 152 
6283.475478500 159 
6283.476034000 165 
6283.476589500 171 
6283.477145000 175 
6283.477700500 177 
6283.478256000 178 
6283.478811500 179 
6283.479367000 176 
6283.479922500 172 
6283.480478000 167 
6283.481033500 162 
6283.481589000 155 
6283.482144500 146 
6283.482700000 139 
6283.483255500 130 
6283.483811000 120 
6283.484366500 113 
6283.484922000 104 
6283.485477500 096 
6283.486033000 090 
6283.486588500 084 
6283.487144000 081 
6283.487699500 079 
6283.488255000 077 
6283.488810500 077 
6283.489366000 080 
6283.489921500 083 
6283.490477000 087 
6283.491032500 094 
6283.491588000 100 
6283.492143500 108 
6283.492699000 116 
6283.493254500 126 
6283.493810000 134 
6283.494365500 143 
6283.494921000 152 
6283.495476500 159 
6283.496032000 165 
6283.496587500 171 
6283.497143000 175 
6283.497698500 177 
6283.498254000 179 
6283.498809500 178 
6283.499365000 176 
6283.499920500 172 
6283.500476000 167 
6283.501031500 161 
6283.501587000 155 
6283.502142500 147 
6283.502698000 138 
6283.503253500 130 
6283.503809000 121 
6283.504364500 112 
6283.504920000 103 
6283.505475500 097 
6283.506031000 090 
6283.506586500 084 
6283.507142000 081 
6283.507697500 079 
6283.508253000 077 
6283.508808500 076 
6283.509364000 080 
6283.509919500 083 
6283.510475000 087 
6283.511030500 093 
6283.511586000 100 
6283.512141500 108 
6283.512697000 117 
6283.513252500 125 
6283.513808000 135 
6283.514363500 142 
6283.514919000 152 
6283.515474500 159 
6283.516030000 165 
6283.516585500 171 
6283.517141000 175 
6283.517696500 177 
6283.518252000 179 
6283.518807500 178 
6283.519363000 176 
6283.519918500 173 
6283.520474000 168 
6283.521029500 161 
6283.521585000 155 
6283.522140500 147 
6283.522696000 138 
6283.523251500 129 
6283.523807000 121 
6283.524362500 112 
6283.524918000 103 
6283.525473500 097 
6283.526029000 090 
6283.526584500 084 
6283.527140000 081 
6283.527695500 077 
6283.528251000 078 
6283.528806500 077 
6283.529362000 078 
6283.529917500 083 
6283.530473000 087 
6283.531028500 093 
6283.531584000 099 
6283.532139500 109 
6283.532695000 116 
6283.533250500 125 
6283.533806000 135 
6283.534361500 143 
6283.534917000 152 
6283.535472500 160 
6283.536028000 166 
6283.536583500 172 
6283.537139000 176 
6283.537694500 178 
6283.538250000 179 
6283.538805500 179 
6283.539361000 176 
6283.539916500 174 
6283.540472000 168 
6283.541027500 163 
6283.541583000 156 
6283.542138500 147 
6283.542694000 138 
6283.543249500 130 
6283.543805000 121 
6283.544360500 111 
6283.544916000 103 
6283.545471500 096 
6283.546027000 090 
6283.546582500 085 
6283.547138000 080 
6283.547693500 078 
6283.548249000 077 
6283.548804500 076 
6283.549360000 080 
6283.549915500 083 
6283.550471000 087 
6283.551026500 092 
6283.551582000 100 
6283.552137500 108 
6283.552693000 116 
6283.553248500 125 
6283.553804000 134 
6283.554359500 143 
6283.554915000 152 
6283.555470500 159 
6283.556026000 166 
6283.556581500 171 
6283.557137000 175 
6283.557692500 178 
6283.558248000 179 
6283.558803500 179 
6283.559359000 176 
6283.559914500 174 
6283.560470000 168 
6283.561025500 162 
6283.561581000 156 
6283.562136500 147 
6283.562692000 138 
6283.563247500 129 
6283.563803000 121 
6283.564358500 112 
6283.564914000 103 
6283.565469500 096 
6283.566025000 090 
6283.566580500 084 
6283.567136000 081 
6283.567691500 077 
6283.568247000 077 
6283.568802500 077 
6283.569358000 079 
6283.569913500 082 
6283.570469000 088 
6283.571024500 093 
6283.571580000 100 
6283.572135500 108 
6283.572691000 116 
6283.573246500 125 
6283.573802000 134 
6283.574357500 144 
6283.574913000 152 
6283.575468500 159 
6283.576024000 166 
6283.576579500 171 
6283.577135000 176 
6283.577690500 178 
6283.578246000 179 
6283.578801500 179 
6283.579357000 177 
6283.579912500 173 
6283.580468000 169 
6283.581023500 162 
6283.581579000 155 
6283.582134500 147 
6283.582690000 138 
6283.583245500 130 
6283.583801000 121 
6283.584356500 112 
6283.584912000 104 
6283.585467500 096 
6283.586023000 089 
6283.586578500 085 
6283.587134000 080 
6283.587689500 077 
6283.588245000 077 
6283.588800500 077 
6283.589356000 078 
6283.589911500 083 
6283.590467000 087 
6283.591022500 093 
6283.591578000 100 
6283.592133500 109 
6283.592689000 116 
6283.593244500 125 
6283.593800000 134 
6283.594355500 143 
6283.594911000 152 
6283.595466500 159 
6283.596022000 166 
6283.596577500 171 
6283.597133000 176 
6283.597688500 178 
6283.598244000 179 
6283.598799500 179 
6283.599355000 177 
6283.599910500 173 
6283.600466000 168 
6283.601021500 163 
6283.601577000 155 
6283.602132500 147 
6283.602688000 139 
6283.603243500 130 
6283.603799000 120 
6283.604354500 112 
6283.604910000 104 
6283.605465500 096 
6283.606021000 089 
6283.606576500 085 
6283.607132000 081 
6283.607687500 077 
6283.608243000 077 
6283.608798500 077 
6283.609354000 078 
6283.609909500 083 
6283.610465000 087 
6283.611020500 093 
6283.611576000 100 
6283.612131500 108 
6283.612687000 116 
6283.613242500 126 
6283.613798000 134 
6283.614353500 143 
6283.614909000 151 
6283.615464500 159 
6283.616020000 166 
6283.616575500 171 
6283.617131000 175 
6283.617686500 178 
6283.618242000 179 
6283.618797500 179 
6283.619353000 177 
6283.619908500 173 
6283.620464000 169 
6283.621019500 163 
6283.621575000 156 
6283.622130500 147 
6283.622686000 139 
6283.623241500 130 
6283.623797000 120 
6283.624352500 112 
6283.624908000 103 
6283.625463500 097 
6283.626019000 090 
6283.626574500 083 
6283.627130000 081 
6283.627685500 077 
6283.628241000 076 
6283.628796500 077 
6283.629352000 078 
6283.629907500 083 
6283.630463000 087 
6283.631018500 092 
6283.631574000 099 
6283.632129500 108 
6283.632685000 116 
6283.633240500 125 
6283.633796000 134 
6283.634351500 143 
6283.634907000 152 
6283.635462500 159 
6283.636018000 165 
6283.636573500 172 
6283.637129000 175 
6283.637684500 179 
6283.638240000 180 
6283.638795500 179 
6283.639351000 177 
6283.639906500 173 
6283.640462000 168 
6283.641017500 162 
6283.641573000 156 
6283.642128500 147 
6283.642684000 138 
6283.643239500 130 
6283.643795000 121 
6283.644350500 111 
6283.644906000 103 
6283.645461500 096 
6283.646017000 089 
6283.646572500 084 
6283.647128000 081 
6283.647683500 077 
6283.648239000 076 
6283.648794500 077 
6283.649350000 079 
6283.649905500 081 
6283.650461000 087 
6283.651016500 092 
6283.651572000 100 
6283.652127500 107 
6283.652683000 116 
6283.653238500 125 
6283.653794000 134 
6283.654349500 144 
6283.654905000 152 
6283.655460500 159 
6283.656016000 167 
6283.656571500 171 
6283.657127000 175 
6283.657682500 178 
6283.658238000 179 
6283.658793500 179 
6283.659349000 177 
6283.659904500 174 
6283.660460000 169 
6283.661015500 163 
6283.661571000 155 
6283.662126500 147 
6283.662682000 139 
6283.663237500 130 
6283.663793000 120 
6283.664348500 112 
6283.664904000 103 
6283.665459500 096 
6283.666015000 090 
6283.666570500 084 
6283.667126000 081 
6283.667681500 076 
6283.668237000 077 
6283.668792500 077 
6283.669348000 078 
6283.669903500 081 
6283.670459000 087 
6283.671014500 092 
6283.671570000 099 
6283.672125500 108 
6283.672681000 116 
6283.673236500 125 
6283.673792000 134 
6283.674347500 144 
6283.674903000 152 
6283.675458500 159 
6283.676014000 166 
6283.676569500 171 
6283.677125000 176 
6283.677680500 178 
6283.678236000 179 
6283.678791500 179 
6283.679347000 177 
6283.679902500 174 
6283.680458000 168 
6283.681013500 163 
6283.681569000 156 
6283.682124500 147 
6283.682680000 139 
6283.683235500 130 
6283.683791000 121 
6283.684346500 111 
6283.684902000 104 
6283.685457500 096 
6283.686013000 090 
6283.686568500 085 
6283.687124000 080 
6283.687679500 078 
6283.688235000 077 
6283.688790500 076 
6283.689346000 078 
6283.689901500 083 
6283.690457000 087 
6283.691012500 092 
6283.691568000 100 
6283.692123500 108 
6283.692679000 117 
6283.693234500 125 
6283.693790000 134 
6283.694345500 143 
6283.694901000 151 
6283.695456500 160 
6283.696012000 166 
6283.696567500 171 
6283.697123000 176 
6283.697678500 178 
6283.698234000 179 
6283.698789500 180 
6283.699345000 177 
6283.699900500 174 
6283.700456000 168 
6283.701011500 163 
6283.701567000 156 
6283.702122500 147 
6283.702678000 139 
6283.703233500 130 
6283.703789000 120 
6283.704344500 112 
6283.704900000 104 
6283.705455500 096 
6283.706011000 089 
6283.706566500 085 
6283.707122000 080 
6283.707677500 078 
6283.708233000 076 
6283.708788500 076 
6283.709344000 079 
6283.709899500 081 
6283.710455000 086 
6283.711010500 093 
6283.711566000 100 
6283.712121500 107 
6283.712677000 116 
6283.713232500 125 
6283.713788000 134 
6283.714343500 143 
6283.714899000 152 
6283.715454500 159 
6283.716010000 165 
6283.716565500 172 
6283.717121000 176 
6283.717676500 178 
6283.718232000 179 
6283.718787500 180 
6283.719343000 177 
6283.719898500 174 
6283.720454000 168 
6283.721009500 163 
6283.721565000 156 
6283.722120500 147 
6283.722676000 139 
6283.723231500 130 
6283.723787000 121 
6283.724342500 112 
6283.724898000 103 
6283.725453500 096 
6283.726009000 090 
6283.726564500 084 
6283.727120000 080 
6283.727675500 078 
6283.728231000 076 
6283.728786500 076 
6283.729342000 079 
6283.729897500 082 
6283.730453000 086 
6283.731008500 092 
6283.731564000 099 
6283.732119500 107 
6283.732675000 116 
6283.733230500 126 
6283.733786000 134 
6283.734341500 142 
6283.734897000 152 
6283.735452500 159 
6283.736008000 166 
6283.736563500 171 
6283.737119000 175 
6283.737674500 178 
6283.738230000 180 
6283.738785500 179 
6283.739341000 178 
6283.739896500 174 
6283.740452000 169 
6283.741007500 163 
6283.741563000 156 
6283.742118500 147 
6283.742674000 139 
6283.743229500 130 
6283.743785000 121 
6283.744340500 112 
6283.744896000 104 
6283.745451500 097 
6283.746007000 089 
6283.746562500 085 
6283.747118000 081 
6283.747673500 077 
6283.748229000 077 
6283.748784500 077 
6283.749340000 078 
6283.749895500 083 
6283.750451000 087 
6283.751006500 092 
6283.751562000 099 
6283.752117500 108 
6283.752673000 116 
6283.753228500 125 
6283.753784000 134 
6283.754339500 143 
6283.754895000 152 
6283.755450500 160 
6283.756006000 166 
6283.756561500 171 
6283.757117000 176 
6283.757672500 179 
6283.758228000 180 
6283.758783500 180 
6283.759339000 177 
6283.759894500 173 
6283.760450000 168 
6283.761005500 163 
6283.761561000 156 
6283.762116500 147 
6283.762672000 139 
6283.763227500 129 
6283.763783000 121 
6283.764338500 112 
6283.764894000 103 
6283.765449500 097 
6283.766005000 090 
6283.766560500 084 
6283.767116000 080 
6283.767671500 078 
6283.768227000 077 
6283.768782500 077 
6283.769338000 078 
6283.769893500 082 
6283.770449000 087 
6283.771004500 092 
6283.771560000 100 
6283.772115500 108 
6283.772671000 116 
6283.773226500 126 
6283.773782000 134 
6283.774337500 142 
6283.774893000 152 
6283.775448500 159 
6283.776004000 166 
6283.776559500 171 
6283.777115000 175 
6283.777670500 178 
6283.778226000 179 
6283.778781500 179 
6283.779337000 177 
6283.779892500 174 
6283.780448000 169 
6283.781003500 163 
6283.781559000 156 
6283.782114500 147 
6283.782670000 138 
6283.783225500 131 
6283.783781000 121 
6283.784336500 112 
6283.784892000 103 
6283.785447500 097 
6283.786003000 090 
6283.786558500 084 
6283.787114000 080 
6283.787669500 077 
6283.788225000 077 
6283.788780500 077 
6283.789336000 078 
6283.789891500 082 
6283.790447000 087 
6283.791002500 092 
6283.791558000 100 
6283.792113500 107 
6283.792669000 115 
6283.793224500 124 
6283.793780000 135 
6283.794335500 143 
6283.794891000 151 
6283.795446500 159 
6283.796002000 166 
6283.796557500 171 
6283.797113000 176 
6283.797668500 179 
6283.798224000 179 
6283.798779500 179 
6283.799335000 177 
6283.799890500 174 
6283.800446000 168 
6283.801001500 163 
6283.801557000 156 
6283.802112500 147 
6283.802668000 139 
6283.803223500 130 
6283.803779000 121 
6283.804334500 112 
6283.804890000 103 
6283.805445500 096 
6283.806001000 090 
6283.806556500 085 
6283.807112000 079 
6283.807667500 078 
6283.808223000 077 
6283.808778500 077 
6283.809334000 078 
6283.809889500 082 
6283.810445000 087 
6283.811000500 092 
6283.811556000 099 
6283.812111500 108 
6283.812667000 116 
6283.813222500 125 
6283.813778000 135 
6283.814333500 144 
6283.814889000 151 
6283.815444500 159 
6283.816000000 166 
6283.816555500 171 
6283.817111000 175 
6283.817666500 178 
6283.818222000 179 
6283.818777500 179 
6283.819333000 177 
6283.819888500 173 
6283.820444000 169 
6283.820999500 163 
6283.821555000 155 
6283.822110500 147 
6283.822666000 139 
6283.823221500 130 
6283.823777000 120 
6283.824332500 113 
6283.824888000 104 
6283.825443500 096 
6283.825999000 090 
6283.826554500 084 
6283.827110000 079 
6283.827665500 078 
6283.828221000 077 
6283.828776500 076 
6283.829332000 079 
6283.829887500 082 
6283.830443000 087 
6283.830998500 093 
6283.831554000 099 
6283.832109500 107 
6283.832665000 116 
6283.833220500 124 
6283.833776000 134 
6283.834331500 143 
6283.834887000 151 
6283.835442500 159 
6283.835998000 166 
6283.836553500 171 
6283.837109000 176 
6283.837664500 178 
6283.838220000 180 
6283.838775500 180 
6283.839331000 177 
6283.839886500 174 
6283.840442000 169 
6283.840997500 163 
6283.841553000 156 
6283.842108500 148 
6283.842664000 139 
6283.843219500 130 
6283.843775000 121 
6283.844330500 113 
6283.844886000 103 
6283.845441500 097 
6283.845997000 090 
6283.846552500 084 
6283.847108000 080 
6283.847663500 077 
6283.848219000 076 
6283.848774500 077 
6283.849330000 078 
6283.849885500 081 
6283.850441000 086 
6283.850996500 093 
6283.851552000 099 
6283.852107500 107 
6283.852663000 115 
6283.853218500 125 
6283.853774000 134 
6283.854329500 143 
6283.854885000 151 
6283.855440500 160 
6283.855996000 166 
6283.856551500 171 
6283.857107000 176 
6283.857662500 178 
6283.858218000 180 
6283.858773500 179 
6283.859329000 178 
6283.859884500 174 
6283.860440000 169 
6283.860995500 163 
6283.861551000 155 
6283.862106500 148 
6283.862662000 139 
6283.863217500 130 
6283.863773000 122 
6283.864328500 113 
6283.864884000 104 
6283.865439500 096 
6283.865995000 090 
6283.866550500 084 
6283.867106000 080 
6283.867661500 078 
6283.868217000 076 
6283.868772500 076 
6283.869328000 078 
6283.869883500 082 
6283.870439000 086 
6283.870994500 091 
6283.871550000 100 
6283.872105500 107 
6283.872661000 116 
6283.873216500 125 
6283.873772000 134 
6283.874327500 142 
6283.874883000 151 
6283.875438500 159 
6283.875994000 167 
6283.876549500 172 
6283.877105000 175 
6283.877660500 179 
6283.878216000 180 
6283.878771500 179 
6283.879327000 178 
6283.879882500 174 
6283.880438000 169 
6283.880993500 163 
6283.881549000 156 
6283.882104500 147 
6283.882660000 140 
6283.883215500 130 
6283.883771000 121 
6283.884326500 113 
6283.884882000 103 
6283.885437500 096 
6283.885993000 090 
6283.886548500 085 
6283.887104000 080 
6283.887659500 078 
6283.888215000 076 
6283.888770500 077 
6283.889326000 079 
6283.889881500 081 
6283.890437000 086 
6283.890992500 092 
6283.891548000 099 
6283.892103500 108 
6283.892659000 116 
6283.893214500 124 
6283.893770000 133 
6283.894325500 143 
6283.894881000 152 
6283.895436500 159 
6283.895992000 166 
6283.896547500 172 
6283.897103000 176 
6283.897658500 178 
6283.898214000 180 
6283.898769500 179 
6283.899325000 178 
6283.899880500 175 
6283.900436000 170 
6283.900991500 163 
6283.901547000 156 
6283.902102500 148 
6283.902658000 139 
6283.903213500 130 
6283.903769000 121 
6283.904324500 112 
6283.904880000 104 
6283.905435500 096 
6283.905991000 090 
6283.906546500 085 
6283.907102000 080 
6283.907657500 077 
6283.908213000 077 
6283.908768500 076 
6283.909324000 078 
6283.909879500 082 
6283.910435000 086 
6283.910990500 091 
6283.911546000 100 
6283.912101500 107 
6283.912657000 115 
6283.913212500 124 
6283.913768000 134 
6283.914323500 143 
6283.914879000 152 
6283.915434500 159 
6283.915990000 165 
6283.916545500 172 
6283.917101000 176 
6283.917656500 178 
6283.918212000 180 
6283.918767500 179 
6283.919323000 177 
6283.919878500 174 
6283.920434000 170 
6283.920989500 163 
6283.921545000 156 
6283.922100500 149 
6283.922656000 139 
6283.923211500 130 
6283.923767000 122 
6283.924322500 113 
6283.924878000 104 
6283.925433500 096 
6283.925989000 090 
6283.926544500 085 
6283.927100000 081 
6283.927655500 078 
6283.928211000 076 
6283.928766500 076 
6283.929322000 079 
6283.929877500 081 
6283.930433000 087 
6283.930988500 092 
6283.931544000 099 
6283.932099500 106 
6283.932655000 116 
6283.933210500 125 
6283.933766000 133 
6283.934321500 143 
6283.934877000 152 
6283.935432500 159 
6283.935988000 165 
6283.936543500 171 
6283.937099000 176 
6283.937654500 178 
6283.938210000 180 
6283.938765500 179 
6283.939321000 178 
6283.939876500 175 
6283.940432000 169 
6283.940987500 163 
6283.941543000 156 
6283.942098500 148 
6283.942654000 139 
6283.943209500 131 
6283.943765000 121 
6283.944320500 113 
6283.944876000 104 
6283.945431500 096 
6283.945987000 089 
6283.946542500 085 
6283.947098000 080 
6283.947653500 077 
6283.948209000 076 
6283.948764500 077 
6283.949320000 078 
6283.949875500 081 
6283.950431000 087 
6283.950986500 093 
6283.951542000 099 
6283.952097500 106 
6283.952653000 116 
6283.953208500 124 
6283.953764000 134 
6283.954319500 143 
6283.954875000 151 
6283.955430500 160 
6283.955986000 166 
6283.956541500 171 
6283.957097000 176 
6283.957652500 178 
6283.958208000 180 
6283.958763500 179 
6283.959319000 178 
6283.959874500 174 
6283.960430000 170 
6283.960985500 164 
6283.961541000 156 
6283.962096500 149 
6283.962652000 140 
6283.963207500 130 
6283.963763000 122 
6283.964318500 113 
6283.964874000 104 
6283.965429500 096 
6283.965985000 090 
6283.966540500 084 
6283.967096000 079 
6283.967651500 076 
6283.968207000 076 
6283.968762500 076 
6283.969318000 077 
6283.969873500 082 
6283.970429000 086 
6283.970984500 092 
6283.971540000 099 
6283.972095500 107 
6283.972651000 115 
6283.973206500 124 
6283.973762000 134 
6283.974317500 143 
6283.974873000 152 
6283.975428500 159 
6283.975984000 166 
6283.976539500 172 
6283.977095000 177 
6283.977650500 179 
6283.978206000 180 
6283.978761500 179 
6283.979317000 179 
6283.979872500 174 
6283.980428000 169 
6283.980983500 164 
6283.981539000 156 
6283.982094500 148 
6283.982650000 140 
6283.983205500 131 
6283.983761000 121 
6283.984316500 113 
6283.984872000 103 
6283.985427500 096 
6283.985983000 089 
6283.986538500 083 
6283.987094000 080 
6283.987649500 077 
6283.988205000 075 
6283.988760500 076 
6283.989316000 077 
6283.989871500 080 
6283.990427000 085 
6283.990982500 092 
6283.991538000 099 
6283.992093500 106 
6283.992649000 116 
6283.993204500 125 
6283.993760000 133 
6283.994315500 143 
6283.994871000 152 
6283.995426500 159 
6283.995982000 166 
6283.996537500 172 
6283.997093000 176 
6283.997648500 179 
6283.998204000 180 
6283.998759500 180 
6283.999315000 178 
6283.999870500 175 
6284.000426000 170 
6284.000981500 163 
6284.001537000 156 
6284.002092500 149 
6284.002648000 140 
6284.003203500 130 
6284.003759000 122 
6284.004314500 112 
6284.004870000 103 
6284.005425500 096 
6284.005981000 089 
6284.006536500 083 
6284.007092000 080 
6284.007647500 077 
6284.008203000 075 
6284.008758500 076 
6284.009314000 078 
6284.009869500 080 
6284.010425000 086 
6284.010980500 091 
6284.011536000 099 
6284.012091500 106 
6284.012647000 116 
6284.013202500 124 
6284.013758000 133 
6284.014313500 143 
6284.014869000 151 
6284.015424500 159 
6284.015980000 166 
6284.016535500 172 
6284.017091000 176 
6284.017646500 179 
6284.018202000 181 
6284.018757500 180 
6284.019313000 178 
6284.019868500 175 
6284.020424000 170 
6284.020979500 163 
6284.021535000 156 
6284.022090500 149 
6284.022646000 140 
6284.023201500 130 
6284.023757000 122 
6284.024312500 113 
6284.024868000 103 
6284.025423500 097 
6284.025979000 089 
6284.026534500 085 
6284.027090000 079 
6284.027645500 078 
6284.028201000 076 
6284.028756500 076 
6284.029312000 077 
6284.029867500 081 
6284.030423000 086 
6284.030978500 091 
6284.031534000 098 
6284.032089500 107 
6284.032645000 115 
6284.033200500 124 
6284.033756000 133 
6284.034311500 143 
6284.034867000 151 
6284.035422500 159 
6284.035978000 167 
6284.036533500 172 
6284.037089000 175 
6284.037644500 179 
6284.038200000 180 
6284.038755500 180 
6284.039311000 178 
6284.039866500 175 
6284.040422000 169 
6284.040977500 163 
6284.041533000 156 
6284.042088500 148 
6284.042644000 140 
6284.043199500 131 
6284.043755000 121 
6284.044310500 112 
6284.044866000 104 
6284.045421500 096 
6284.045977000 089 
6284.046532500 084 
6284.047088000 079 
6284.047643500 076 
6284.048199000 076 
6284.048754500 076 
6284.049310000 076 
6284.049865500 081 
6284.050421000 086 
6284.050976500 091 
6284.051532000 098 
6284.052087500 107 
6284.052643000 115 
6284.053198500 124 
6284.053754000 133 
6284.054309500 143 
6284.054865000 151 
6284.055420500 159 
6284.055976000 166 
6284.056531500 172 
6284.057087000 176 
6284.057642500 179 
6284.058198000 181 
6284.058753500 180 
6284.059309000 178 
6284.059864500 174 
6284.060420000 170 
6284.060975500 163 
6284.061531000 156 
6284.062086500 148 
6284.062642000 140 
6284.063197500 131 
6284.063753000 122 
6284.064308500 112 
6284.064864000 104 
6284.065419500 096 
6284.065975000 089 
6284.066530500 084 
6284.067086000 080 
6284.067641500 076 
6284.068197000 076 
6284.068752500 075 
6284.069308000 077 
6284.069863500 080 
6284.070419000 086 
6284.070974500 092 
6284.071530000 099 
6284.072085500 106 
6284.072641000 115 
6284.073196500 124 
6284.073752000 133 
6284.074307500 142 
6284.074863000 152 
6284.075418500 159 
6284.075974000 165 
6284.076529500 172 
6284.077085000 176 
6284.077640500 179 
6284.078196000 181 
6284.078751500 180 
6284.079307000 178 
6284.079862500 175 
6284.080418000 170 
6284.080973500 163 
6284.081529000 157 
6284.082084500 148 
6284.082640000 140 
6284.083195500 130 
6284.083751000 122 
6284.084306500 113 
6284.084862000 104 
6284.085417500 096 
6284.085973000 090 
6284.086528500 084 
6284.087084000 080 
6284.087639500 077 
6284.088195000 075 
6284.088750500 075 
6284.089306000 078 
6284.089861500 081 
6284.090417000 085 
6284.090972500 092 
6284.091528000 099 
6284.092083500 106 
6284.092639000 116 
6284.093194500 125 
6284.093750000 133 
6284.094305500 143 
6284.094861000 152 
6284.095416500 158 
6284.095972000 166 
6284.096527500 171 
6284.097083000 176 
6284.097638500 179 
6284.098194000 181 
6284.098749500 180 
6284.099305000 178 
6284.099860500 175 
6284.100416000 170 
6284.100971500 163 
6284.101527000 156 
6284.102082500 149 
6284.102638000 139 
6284.103193500 131 
6284.103749000 122 
6284.104304500 112 
6284.104860000 105 
6284.105415500 097 
6284.105971000 089 
6284.106526500 083 
6284.107082000 080 
6284.107637500 078 
6284.108193000 076 
6284.108748500 075 
6284.109304000 078 
6284.109859500 081 
6284.110415000 086 
6284.110970500 091 
6284.111526000 098 
6284.112081500 107 
6284.112637000 114 
6284.113192500 124 
6284.113748000 134 
6284.114303500 143 
6284.114859000 151 
6284.115414500 159 
6284.115970000 167 
6284.116525500 172 
6284.117081000 176 
6284.117636500 179 
6284.118192000 180 
6284.118747500 179 
6284.119303000 179 
6284.119858500 175 
6284.120414000 169 
6284.120969500 164 
6284.121525000 156 
6284.122080500 148 
6284.122636000 140 
6284.123191500 130 
6284.123747000 122 
6284.124302500 112 
6284.124858000 104 
6284.125413500 096 
6284.125969000 089 
6284.126524500 084 
6284.127080000 079 
6284.127635500 076 
6284.128191000 076 
6284.128746500 076 
6284.129302000 077 
6284.129857500 080 
6284.130413000 086 
6284.130968500 091 
6284.131524000 097 
6284.132079500 106 
6284.132635000 116 
6284.133190500 124 
6284.133746000 133 
6284.134301500 143 
6284.134857000 151 
6284.135412500 159 
6284.135968000 167 
6284.136523500 172 
6284.137079000 175 
6284.137634500 179 
6284.138190000 180 
6284.138745500 180 
6284.139301000 178 
6284.139856500 175 
6284.140412000 170 
6284.140967500 163 
6284.141523000 157 
6284.142078500 149 
6284.142634000 139 
6284.143189500 131 
6284.143745000 122 
6284.144300500 112 
6284.144856000 104 
6284.145411500 097 
6284.145967000 090 
6284.146522500 084 
6284.147078000 079 
6284.147633500 078 
6284.148189000 075 
6284.148744500 075 
6284.149300000 078 
6284.149855500 081 
6284.150411000 085 
6284.150966500 092 
6284.151522000 099 
6284.152077500 106 
6284.152633000 116 
6284.153188500 124 
6284.153744000 133 
6284.154299500 142 
6284.154855000 151 
6284.155410500 159 
6284.155966000 166 
6284.156521500 172 
6284.157077000 176 
6284.157632500 178 
6284.158188000 180 
6284.158743500 180 
6284.159299000 178 
6284.159854500 175 
6284.160410000 169 
6284.160965500 164 
6284.161521000 156 
6284.162076500 149 
6284.162632000 140 
6284.163187500 132 
6284.163743000 122 
6284.164298500 113 
6284.164854000 104 
6284.165409500 096 
6284.165965000 089 
6284.166520500 084 
6284.167076000 079 
6284.167631500 078 
6284.168187000 076 
6284.168742500 076 
6284.169298000 076 
6284.169853500 081 
6284.170409000 085 
6284.170964500 091 
6284.171520000 099 
6284.172075500 106 
6284.172631000 114 
6284.173186500 125 
6284.173742000 133 
6284.174297500 142 
6284.174853000 152 
6284.175408500 159 
6284.175964000 167 
6284.176519500 172 
6284.177075000 175 
6284.177630500 179 
6284.178186000 180 
6284.178741500 180 
6284.179297000 178 
6284.179852500 175 
6284.180408000 170 
6284.180963500 163 
6284.181519000 157 
6284.182074500 149 
6284.182630000 140 
6284.183185500 131 
6284.183741000 122 
6284.184296500 112 
6284.184852000 104 
6284.185407500 097 
6284.185963000 089 
6284.186518500 083 
6284.187074000 080 
6284.187629500 076 
6284.188185000 076 
6284.188740500 075 
6284.189296000 077 
6284.189851500 082 
6284.190407000 085 
6284.190962500 091 
6284.191518000 098 
6284.192073500 106 
6284.192629000 115 
6284.193184500 124 
6284.193740000 133 
6284.194295500 142 
6284.194851000 151 
6284.195406500 158 
6284.195962000 165 
6284.196517500 172 
6284.197073000 176 
6284.197628500 178 
6284.198184000 181 
6284.198739500 180 
6284.199295000 178 
6284.199850500 175 
6284.200406000 170 
6284.200961500 163 
6284.201517000 157 
6284.202072500 149 
6284.202628000 139 
6284.203183500 131 
6284.203739000 122 
6284.204294500 112 
6284.204850000 104 
6284.205405500 097 
6284.205961000 089 
6284.206516500 083 
6284.207072000 081 
6284.207627500 078 
6284.208183000 075 
6284.208738500 076 
6284.209294000 077 
6284.209849500 080 
6284.210405000 086 
6284.210960500 091 
6284.211516000 099 
6284.212071500 106 
6284.212627000 115 
6284.213182500 124 
6284.213738000 133 
6284.214293500 142 
6284.214849000 151 
6284.215404500 159 
6284.215960000 166 
6284.216515500 171 
6284.217071000 176 
6284.217626500 179 
6284.218182000 180 
6284.218737500 179 
6284.219293000 178 
6284.219848500 175 
6284.220404000 170 
6284.220959500 164 
6284.221515000 157 
6284.222070500 149 
6284.222626000 140 
6284.223181500 131 
6284.223737000 121 
6284.224292500 112 
6284.224848000 104 
6284.225403500 097 
6284.225959000 089 
6284.226514500 084 
6284.227070000 080 
6284.227625500 077 
6284.228181000 075 
6284.228736500 076 
6284.229292000 077 
6284.229847500 080 
6284.230403000 086 
6284.230958500 091 
6284.231514000 098 
6284.232069500 107 
6284.232625000 115 
6284.233180500 124 
6284.233736000 134 
6284.234291500 142 
6284.234847000 151 
6284.235402500 159 
6284.235958000 166 
6284.236513500 172 
6284.237069000 176 
6284.237624500 179 
6284.238180000 181 
6284.238735500 180 
6284.239291000 178 
6284.239846500 176 
6284.240402000 170 
6284.240957500 164 
6284.241513000 157 
6284.242068500 149 
6284.242624000 139 
6284.243179500 131 
6284.243735000 122 
6284.244290500 113 
6284.244846000 104 
6284.245401500 096 
6284.245957000 090 
6284.246512500 084 
6284.247068000 079 
6284.247623500 078 
6284.248179000 075 
6284.248734500 075 
6284.249290000 078 
6284.249845500 081 
6284.250401000 086 
6284.250956500 091 
6284.251512000 098 
6284.252067500 106 
6284.252623000 115 
6284.253178500 125 
6284.253734000 134 
6284.254289500 142 
6284.254845000 151 
6284.255400500 160 
6284.255956000 166 
6284.256511500 171 
6284.257067000 177 
6284.257622500 179 
6284.258178000 180 
6284.258733500 180 
6284.259289000 178 
6284.259844500 175 
6284.260400000 170 
6284.260955500 164 
6284.261511000 158 
6284.262066500 149 
6284.262622000 140 
6284.263177500 131 
6284.263733000 122 
6284.264288500 112 
6284.264844000 104 
6284.265399500 096 
6284.265955000 089 
6284.266510500 084 
6284.267066000 080 
6284.267621500 077 
6284.268177000 075 
6284.268732500 076 
6284.269288000 077 
6284.269843500 080 
6284.270399000 084 
6284.270954500 092 
6284.271510000 098 
6284.272065500 105 
6284.272621000 115 
6284.273176500 124 
6284.273732000 133 
6284.274287500 143 
6284.274843000 151 
6284.275398500 159 
6284.275954000 165 
6284.276509500 172 
6284.277065000 176 
6284.277620500 179 
6284.278176000 180 
6284.278731500 181 
6284.279287000 178 
6284.279842500 175 
6284.280398000 171 
6284.280953500 165 
6284.281509000 157 
6284.282064500 150 
6284.282620000 140 
6284.283175500 131 
6284.283731000 121 
6284.284286500 113 
6284.284842000 104 
6284.285397500 096 
6284.285953000 090 
6284.286508500 084 
6284.287064000 080 
6284.287619500 077 
6284.288175000 075 
6284.288730500 076 
6284.289286000 078 
6284.289841500 080 
6284.290397000 086 
6284.290952500 090 
6284.291508000 098 
6284.292063500 105 
6284.292619000 116 
6284.293174500 124 
6284.293730000 133 
6284.294285500 142 
6284.294841000 151 
6284.295396500 158 
6284.295952000 167 
6284.296507500 172 
6284.297063000 176 
6284.297618500 179 
6284.298174000 180 
6284.298729500 180 
6284.299285000 178 
6284.299840500 175 
6284.300396000 171 
6284.300951500 164 
6284.301507000 157 
6284.302062500 149 
6284.302618000 140 
6284.303173500 131 
6284.303729000 122 
6284.304284500 112 
6284.304840000 105 
6284.305395500 096 
6284.305951000 089 
6284.306506500 083 
6284.307062000 080 
6284.307617500 077 
6284.308173000 075 
6284.308728500 076 
6284.309284000 078 
6284.309839500 080 
6284.310395000 086 
6284.310950500 091 
6284.311506000 098 
6284.312061500 105 
6284.312617000 116 
6284.313172500 124 
6284.313728000 133 
6284.314283500 142 
6284.314839000 151 
6284.315394500 159 
6284.315950000 166 
6284.316505500 171 
6284.317061000 176 
6284.317616500 179 
6284.318172000 181 
6284.318727500 180 
6284.319283000 178 
6284.319838500 176 
6284.320394000 170 
6284.320949500 163 
6284.321505000 157 
6284.322060500 149 
6284.322616000 140 
6284.323171500 130 
6284.323727000 122 
6284.324282500 113 
6284.324838000 104 
6284.325393500 096 
6284.325949000 090 
6284.326504500 084 
6284.327060000 080 
6284.327615500 078 
6284.328171000 075 
6284.328726500 083 
6284.329282000 104 
6284.329837500 113 
6284.330393000 115 
6284.330948500 117 
6284.331504000 118 
6284.332059500 119 
6284.332615000 119 
6284.333170500 123 
6284.333726000 129 
6284.334281500 136 
6284.334837000 145 
6284.335392500 153 
6284.335948000 160 
6284.336503500 165 
6284.337059000 170 
6284.337614500 173 
6284.338170000 175 
6284.338725500 175 
6284.339281000 173 
6284.339836500 170 
6284.340392000 166 
6284.340947500 160 
6284.341503000 153 
6284.342058500 145 
6284.342614000 137 
6284.343169500 128 
6284.343725000 118 
6284.344280500 109 
6284.344836000 101 
6284.345391500 093 
6284.345947000 087 
6284.346502500 081 
6284.347058000 077 
6284.347613500 075 
6284.348169000 073 
6284.348724500 073 
6284.349280000 076 
6284.349835500 078 
6284.350391000 082 
6284.350946500 090 
6284.351502000 096 
6284.352057500 104 
6284.352613000 114 
6284.353168500 123 
6284.353724000 131 
6284.354279500 141 
6284.354835000 151 
6284.355390500 158 
6284.355946000 165 
6284.356501500 170 
6284.357057000 175 
6284.357612500 179 
6284.358168000 180 
6284.358723500 179 
6284.359279000 179 
6284.359834500 174 
6284.360390000 170 
6284.360945500 164 
6284.361501000 156 
6284.362056500 148 
6284.362612000 140 
6284.363167500 130 
6284.363723000 121 
6284.364278500 112 
6284.364834000 103 
6284.365389500 096 
6284.365945000 089 
6284.366500500 084 
6284.367056000 079 
6284.367611500 075 
6284.368167000 075 
6284.368722500 075 
6284.369278000 076 
6284.369833500 080 
6284.370389000 085 
6284.370944500 090 
6284.371500000 098 
6284.372055500 106 
6284.372611000 114 
6284.373166500 124 
6284.373722000 132 
6284.374277500 142 
6284.374833000 151 
6284.375388500 159 
6284.375944000 166 
6284.376499500 171 
6284.377055000 176 
6284.377610500 179 
6284.378166000 180 
6284.378721500 181 
6284.379277000 179 
6284.379832500 175 
6284.380388000 171 
6284.380943500 165 
6284.381499000 158 
6284.382054500 149 
6284.382610000 141 
6284.383165500 131 
6284.383721000 121 
6284.384276500 112 
6284.384832000 104 
6284.385387500 096 
6284.385943000 088 
6284.386498500 083 
6284.387054000 080 
6284.387609500 077 
6284.388165000 076 
6284.388720500 075 
6284.389276000 076 
6284.389831500 080 
6284.390387000 084 
6284.390942500 091 
6284.391498000 098 
6284.392053500 106 
6284.392609000 114 
6284.393164500 124 
6284.393720000 133 
6284.394275500 142 
6284.394831000 151 
6284.395386500 159 
6284.395942000 166 
6284.396497500 171 
6284.397053000 177 
6284.397608500 179 
6284.398164000 180 
6284.398719500 181 
6284.399275000 179 
6284.399830500 175 
6284.400386000 170 
6284.400941500 165 
6284.401497000 157 
6284.402052500 149 
6284.402608000 140 
6284.403163500 131 
6284.403719000 121 
6284.404274500 113 
6284.404830000 105 
6284.405385500 096 
6284.405941000 089 
6284.406496500 085 
6284.407052000 079 
6284.407607500 076 
6284.408163000 076 
6284.408718500 076 
6284.409274000 077 
6284.409829500 080 
6284.410385000 085 
6284.410940500 091 
6284.411496000 098 
6284.412051500 105 
6284.412607000 115 
6284.413162500 124 
6284.413718000 133 
6284.414273500 143 
6284.414829000 151 
6284.415384500 160 
6284.415940000 166 
6284.416495500 171 
6284.417051000 176 
6284.417606500 179 
6284.418162000 180 
6284.418717500 181 
6284.419273000 179 
6284.419828500 175 
6284.420384000 171 
6284.420939500 164 
6284.421495000 157 
6284.422050500 150 
6284.422606000 141 
6284.423161500 131 
6284.423717000 121 
6284.424272500 114 
6284.424828000 104 
6284.425383500 096 
6284.425939000 090 
6284.426494500 084 
6284.427050000 080 
6284.427605500 077 
6284.428161000 075 
6284.428716500 075 
6284.429272000 078 
6284.429827500 079 
6284.430383000 085 
6284.430938500 091 
6284.431494000 097 
6284.432049500 106 
6284.432605000 115 
6284.433160500 123 
6284.433716000 133 
6284.434271500 142 
6284.434827000 151 
6284.435382500 159 
6284.435938000 166 
6284.436493500 171 
6284.437049000 177 
6284.437604500 180 
6284.438160000 180 
6284.438715500 181 
6284.439271000 179 
6284.439826500 175 
6284.440382000 172 
6284.440937500 165 
6284.441493000 158 
6284.442048500 150 
6284.442604000 140 
6284.443159500 132 
6284.443715000 121 
6284.444270500 113 
6284.444826000 104 
6284.445381500 096 
6284.445937000 090 
6284.446492500 083 
6284.447048000 080 
6284.447603500 077 
6284.448159000 075 
6284.448714500 075 
6284.449270000 078 
6284.449825500 081 
6284.450381000 085 
6284.450936500 091 
6284.451492000 098 
6284.452047500 106 
6284.452603000 114 
6284.453158500 123 
6284.453714000 133 
6284.454269500 142 
6284.454825000 151 
6284.455380500 158 
6284.455936000 166 
6284.456491500 172 
6284.457047000 176 
6284.457602500 179 
6284.458158000 181 
6284.458713500 180 
6284.459269000 179 
6284.459824500 176 
6284.460380000 171 
6284.460935500 164 
6284.461491000 158 
6284.462046500 149 
6284.462602000 140 
6284.463157500 131 
6284.463713000 123 
6284.464268500 113 
6284.464824000 104 
6284.465379500 098 
6284.465935000 090 
6284.466490500 083 
6284.467046000 079 
6284.467601500 077 
6284.468157000 075 
6284.468712500 074 
6284.469268000 077 
6284.469823500 081 
6284.470379000 084 
6284.470934500 091 
6284.471490000 097 
6284.472045500 106 
6284.472601000 115 
6284.473156500 123 
6284.473712000 134 
6284.474267500 143 
6284.474823000 150 
6284.475378500 159 
6284.475934000 167 
6284.476489500 172 
6284.477045000 176 
6284.477600500 179 
6284.478156000 181 
6284.478711500 180 
6284.479267000 179 
6284.479822500 175 
6284.480378000 171 
6284.480933500 165 
6284.481489000 157 
6284.482044500 149 
6284.482600000 141 
6284.483155500 132 
6284.483711000 122 
6284.484266500 113 
6284.484822000 105 
6284.485377500 096 
6284.485933000 090 
6284.486488500 084 
6284.487044000 080 
6284.487599500 076 
6284.488155000 075 
6284.488710500 076 
6284.489266000 077 
6284.489821500 079 
6284.490377000 084 
6284.490932500 091 
6284.491488000 098 
6284.492043500 105 
6284.492599000 115 
6284.493154500 124 
6284.493710000 132 
6284.494265500 143 
6284.494821000 151 
6284.495376500 158 
6284.495932000 166 
6284.496487500 172 
6284.497043000 176 
6284.497598500 179 
6284.498154000 180 
6284.498709500 180 
6284.499265000 179 
6284.499820500 175 
6284.500376000 171 
6284.500931500 165 
6284.501487000 157 
6284.502042500 150 
6284.502598000 140 
6284.503153500 131 
6284.503709000 122 
6284.504264500 113 
6284.504820000 104 
6284.505375500 096 
6284.505931000 090 
6284.506486500 083 
6284.507042000 080 
6284.507597500 077 
6284.508153000 075 
6284.508708500 074 
6284.509264000 077 
6284.509819500 080 
6284.510375000 084 
6284.510930500 090 
6284.511486000 098 
6284.512041500 106 
6284.512597000 114 
6284.513152500 124 
6284.513708000 133 
6284.514263500 142 
6284.514819000 151 
6284.515374500 158 
6284.515930000 166 
6284.516485500 172 
6284.517041000 176 
6284.517596500 179 
6284.518152000 181 
6284.518707500 180 
6284.519263000 179 
6284.519818500 176 
6284.520374000 170 
6284.520929500 165 
6284.521485000 158 
6284.522040500 149 
6284.522596000 140 
6284.523151500 132 
6284.523707000 122 
6284.524262500 112 
6284.524818000 105 
6284.525373500 096 
6284.525929000 090 
6284.526484500 083 
6284.527040000 080 
6284.527595500 076 
6284.528151000 075 
6284.528706500 076 
6284.529262000 077 
6284.529817500 079 
6284.530373000 085 
6284.530928500 091 
6284.531484000 097 
6284.532039500 106 
6284.532595000 115 
6284.533150500 123 
6284.533706000 133 
6284.534261500 142 
6284.534817000 151 
6284.535372500 158 
6284.535928000 166 
6284.536483500 172 
6284.537039000 177 
6284.537594500 180 
6284.538150000 180 
6284.538705500 180 
6284.539261000 179 
6284.539816500 176 
6284.540372000 171 
6284.540927500 165 
6284.541483000 157 
6284.542038500 150 
6284.542594000 140 
6284.543149500 131 
6284.543705000 123 
6284.544260500 113 
6284.544816000 104 
6284.545371500 097 
6284.545927000 090 
6284.546482500 083 
6284.547038000 080 
6284.547593500 077 
6284.548149000 075 
6284.548704500 076 
6284.549260000 077 
6284.549815500 080 
6284.550371000 084 
6284.550926500 091 
6284.551482000 097 
6284.552037500 105 
6284.552593000 114 
6284.553148500 124 
6284.553704000 132 
6284.554259500 143 
6284.554815000 151 
6284.555370500 158 
6284.555926000 167 
6284.556481500 171 
6284.557037000 176 
6284.557592500 179 
6284.558148000 180 
6284.558703500 180 
6284.559259000 179 
6284.559814500 176 
6284.560370000 170 
6284.560925500 164 
6284.561481000 158 
6284.562036500 149 
6284.562592000 140 
6284.563147500 132 
6284.563703000 122 
6284.564258500 112 
6284.564814000 105 
6284.565369500 097 
6284.565925000 089 
6284.566480500 085 
6284.567036000 079 
6284.567591500 076 
6284.568147000 076 
6284.568702500 074 
6284.569258000 077 
6284.569813500 080 
6284.570369000 084 
6284.570924500 090 
6284.571480000 098 
6284.572035500 106 
6284.572591000 115 
6284.573146500 123 
6284.573702000 132 
6284.574257500 143 
6284.574813000 150 
6284.575368500 158 
6284.575924000 166 
6284.576479500 172 
6284.577035000 176 
6284.577590500 179 
6284.578146000 181 
6284.578701500 180 
6284.579257000 178 
6284.579812500 175 
6284.580368000 171 
6284.580923500 164 
6284.581479000 157 
6284.582034500 149 
6284.582590000 140 
6284.583145500 131 
6284.583701000 123 
6284.584256500 114 
6284.584812000 104 
6284.585367500 097 
6284.585923000 090 
6284.586478500 084 
6284.587034000 079 
6284.587589500 076 
6284.588145000 076 
6284.588700500 075 
6284.589256000 076 
6284.589811500 080 
6284.590367000 085 
6284.590922500 089 
6284.591478000 098 
6284.592033500 105 
6284.592589000 114 
6284.593144500 123 
6284.593700000 133 
6284.594255500 142 
6284.594811000 151 
6284.595366500 159 
6284.595922000 165 
6284.596477500 172 
6284.597033000 176 
6284.597588500 179 
6284.598144000 180 
6284.598699500 180 
6284.599255000 179 
6284.599810500 176 
6284.600366000 170 
6284.600921500 164 
6284.601477000 158 
6284.602032500 149 
6284.602588000 140 
6284.603143500 131 
6284.603699000 123 
6284.604254500 113 
6284.604810000 105 
6284.605365500 097 
6284.605921000 089 
6284.606476500 084 
6284.607032000 080 
6284.607587500 076 
6284.608143000 076 
6284.608698500 075 
6284.609254000 076 
6284.609809500 081 
6284.610365000 085 
6284.610920500 091 
6284.611476000 098 
6284.612031500 105 
6284.612587000 114 
6284.613142500 123 
6284.613698000 132 
6284.614253500 141 
6284.614809000 151 
6284.615364500 159 
6284.615920000 166 
6284.616475500 171 
6284.617031000 176 
6284.617586500 179 
6284.618142000 181 
6284.618697500 180 
6284.619253000 179 
6284.619808500 176 
6284.620364000 171 
6284.620919500 165 
6284.621475000 157 
6284.622030500 149 
6284.622586000 141 
6284.623141500 132 
6284.623697000 122 
6284.624252500 114 
6284.624808000 104 
6284.625363500 097 
6284.625919000 090 
6284.626474500 084 
6284.627030000 079 
6284.627585500 077 
6284.628141000 075 
6284.628696500 075 
6284.629252000 077 
6284.629807500 080 
6284.630363000 084 
6284.630918500 091 
6284.631474000 097 
6284.632029500 105 
6284.632585000 114 
6284.633140500 124 
6284.633696000 133 
6284.634251500 141 
6284.634807000 151 
6284.635362500 159 
6284.635918000 165 
6284.636473500 172 
6284.637029000 176 
6284.637584500 180 
6284.638140000 181 
6284.638695500 180 
6284.639251000 179 
6284.639806500 175 
6284.640362000 172 
6284.640917500 165 
6284.641473000 158 
6284.642028500 149 
6284.642584000 141 
6284.643139500 131 
6284.643695000 123 
6284.644250500 112 
6284.644806000 105 
6284.645361500 097 
6284.645917000 089 
6284.646472500 085 
6284.647028000 080 
6284.647583500 076 
6284.648139000 076 
6284.648694500 076 
6284.649250000 077 
6284.649805500 079 
6284.650361000 085 
6284.650916500 091 
6284.651472000 097 
6284.652027500 106 
6284.652583000 113 
6284.653138500 123 
6284.653694000 133 
6284.654249500 142 
6284.654805000 150 
6284.655360500 159 
6284.655916000 165 
6284.656471500 172 
6284.657027000 176 
6284.657582500 179 
6284.658138000 180 
6284.658693500 181 
6284.659249000 179 
6284.659804500 175 
6284.660360000 171 
6284.660915500 165 
6284.661471000 157 
6284.662026500 150 
6284.662582000 141 
6284.663137500 132 
6284.663693000 122 
6284.664248500 114 
6284.664804000 104 
6284.665359500 096 
6284.665915000 090 
6284.666470500 084 
6284.667026000 080 
6284.667581500 077 
6284.668137000 074 
6284.668692500 076 
6284.669248000 077 
6284.669803500 079 
6284.670359000 085 
6284.670914500 091 
6284.671470000 097 
6284.672025500 106 
6284.672581000 115 
6284.673136500 123 
6284.673692000 132 
6284.674247500 142 
6284.674803000 150 
6284.675358500 158 
6284.675914000 166 
6284.676469500 171 
6284.677025000 176 
6284.677580500 180 
6284.678136000 181 
6284.678691500 180 
6284.679247000 179 
6284.679802500 175 
6284.680358000 171 
6284.680913500 165 
6284.681469000 158 
6284.682024500 150 
6284.682580000 140 
6284.683135500 131 
6284.683691000 123 
6284.684246500 113 
6284.684802000 104 
6284.685357500 097 
6284.685913000 089 
6284.686468500 083 
6284.687024000 080 
6284.687579500 077 
6284.688135000 075 
6284.688690500 076 
6284.689246000 077 
6284.689801500 079 
6284.690357000 085 
6284.690912500 090 
6284.691468000 097 
6284.692023500 106 
6284.692579000 114 
6284.693134500 124 
6284.693690000 132 
6284.694245500 142 
6284.694801000 151 
6284.695356500 158 
6284.695912000 165 
6284.696467500 172 
6284.697023000 176 
6284.697578500 179 
6284.698134000 180 
6284.698689500 181 
6284.699245000 179 
6284.699800500 175 
6284.700356000 171 
6284.700911500 165 
6284.701467000 158 
6284.702022500 149 
6284.702578000 141 
6284.703133500 132 
6284.703689000 122 
6284.704244500 113 
6284.704800000 106 
6284.705355500 097 
6284.705911000 089 
6284.706466500 085 
6284.707022000 080 
6284.707577500 076 
6284.708133000 076 
6284.708688500 075 
6284.709244000 076 
6284.709799500 080 
6284.710355000 085 
6284.710910500 090 
6284.711466000 096 
6284.712021500 106 
6284.712577000 114 
6284.713132500 123 
6284.713688000 132 
6284.714243500 142 
6284.714799000 150 
6284.715354500 158 
6284.715910000 166 
6284.716465500 171 
6284.717021000 176 
6284.717576500 179 
6284.718132000 180 
6284.718687500 180 
6284.719243000 179 
6284.719798500 176 
6284.720354000 171 
6284.720909500 166 
6284.721465000 158 
6284.722020500 150 
6284.722576000 141 
6284.723131500 132 
6284.723687000 122 
6284.724242500 113 
6284.724798000 105 
6284.725353500 096 
6284.725909000 089 
6284.726464500 085 
6284.727020000 080 
6284.727575500 076 
6284.728131000 076 
6284.728686500 075 
6284.729242000 077 
6284.729797500 080 
6284.730353000 084 
6284.730908500 090 
6284.731464000 098 
6284.732019500 106 
6284.732575000 113 
6284.733130500 123 
6284.733686000 133 
6284.734241500 142 
6284.734797000 150 
6284.735352500 159 
6284.735908000 166 
6284.736463500 171 
6284.737019000 176 
6284.737574500 179 
6284.738130000 181 
6284.738685500 180 
6284.739241000 178 
6284.739796500 175 
6284.740352000 171 
6284.740907500 165 
6284.741463000 158 
6284.742018500 149 
6284.742574000 142 
6284.743129500 132 
6284.743685000 122 
6284.744240500 114 
6284.744796000 105 
6284.745351500 096 
6284.745907000 090 
6284.746462500 085 
6284.747018000 079 
6284.747573500 077 
6284.748129000 074 
6284.748684500 076 
6284.749240000 077 
6284.749795500 080 
6284.750351000 083 
6284.750906500 091 
6284.751462000 097 
6284.752017500 105 
6284.752573000 115 
6284.753128500 123 
6284.753684000 132 
6284.754239500 142 
6284.754795000 150 
6284.755350500 159 
6284.755906000 166 
6284.756461500 171 
6284.757017000 176 
6284.757572500 179 
6284.758128000 181 
6284.758683500 181 
6284.759239000 179 
6284.759794500 175 
6284.760350000 171 
6284.760905500 164 
6284.761461000 158 
6284.762016500 150 
6284.762572000 141 
6284.763127500 132 
6284.763683000 122 
6284.764238500 113 
6284.764794000 105 
6284.765349500 097 
6284.765905000 089 
6284.766460500 084 
6284.767016000 080 
6284.767571500 077 
6284.768127000 075 
6284.768682500 075 
6284.769238000 077 
6284.769793500 080 
6284.770349000 084 
6284.770904500 091 
6284.771460000 098 
6284.772015500 106 
6284.772571000 113 
6284.773126500 123 
6284.773682000 133 
6284.774237500 141 
6284.774793000 151 
6284.775348500 159 
6284.775904000 165 
6284.776459500 172 
6284.777015000 176 
6284.777570500 179 
6284.778126000 181 
6284.778681500 180 
6284.779237000 178 
6284.779792500 176 
6284.780348000 171 
6284.780903500 165 
6284.781459000 158 
6284.782014500 149 
6284.782570000 142 
6284.783125500 132 
6284.783681000 123 
6284.784236500 113 
6284.784792000 105 
6284.785347500 097 
6284.785903000 089 
6284.786458500 085 
6284.787014000 080 
6284.787569500 077 
6284.788125000 076 
6284.788680500 076 
6284.789236000 077 
6284.789791500 079 
6284.790347000 085 
6284.790902500 091 
6284.791458000 096 
6284.792013500 105 
6284.792569000 114 
6284.793124500 123 
6284.793680000 133 
6284.794235500 142 
6284.794791000 150 
6284.795346500 159 
6284.795902000 165 
6284.796457500 171 
6284.797013000 176 
6284.797568500 179 
6284.798124000 180 
6284.798679500 180 
6284.799235000 179 
6284.799790500 176 
6284.800346000 171 
6284.800901500 165 
6284.801457000 158 
6284.802012500 151 
6284.802568000 141 
6284.803123500 131 
6284.803679000 123 
6284.804234500 113 
6284.804790000 105 
6284.805345500 097 
6284.805901000 089 
6284.806456500 085 
6284.807012000 080 
6284.807567500 076 
6284.808123000 076 
6284.808678500 075 
6284.809234000 076 
6284.809789500 080 
6284.810345000 084 
6284.810900500 089 
6284.811456000 097 
6284.812011500 105 
6284.812567000 113 
6284.813122500 122 
6284.813678000 132 
6284.814233500 141 
6284.814789000 150 
6284.815344500 159 
6284.815900000 165 
6284.816455500 171 
6284.817011000 176 
6284.817566500 179 
6284.818122000 181 
6284.818677500 181 
6284.819233000 179 
6284.819788500 176 
6284.820344000 171 
6284.820899500 166 
6284.821455000 158 
6284.822010500 149 
6284.822566000 142 
6284.823121500 132 
6284.823677000 122 
6284.824232500 114 
6284.824788000 105 
6284.825343500 097 
6284.825899000 089 
6284.826454500 085 
6284.827010000 080 
6284.827565500 077 
6284.828121000 074 
6284.828676500 076 
6284.829232000 077 
6284.829787500 079 
6284.830343000 085 
6284.830898500 090 
6284.831454000 098 
6284.832009500 106 
6284.832565000 113 
6284.833120500 123 
6284.833676000 133 
6284.834231500 141 
6284.834787000 150 
6284.835342500 159 
6284.835898000 166 
6284.836453500 171 
6284.837009000 176 
6284.837564500 179 
6284.838120000 181 
6284.838675500 180 
6284.839231000 178 
6284.839786500 175 
6284.840342000 171 
6284.840897500 165 
6284.841453000 158 
6284.842008500 149 
6284.842564000 142 
6284.843119500 132 
6284.843675000 123 
6284.844230500 113 
6284.844786000 105 
6284.845341500 096 
6284.845897000 090 
6284.846452500 085 
6284.847008000 079 
6284.847563500 077 
6284.848119000 076 
6284.848674500 075 
6284.849230000 077 
6284.849785500 080 
6284.850341000 084 
6284.850896500 089 
6284.851452000 098 
6284.852007500 105 
6284.852563000 113 
6284.853118500 122 
6284.853674000 132 
6284.854229500 142 
6284.854785000 150 
6284.855340500 158 
6284.855896000 165 
6284.856451500 171 
6284.857007000 175 
6284.857562500 179 
6284.858118000 181 
6284.858673500 181 
6284.859229000 178 
6284.859784500 177 
6284.860340000 171 
6284.860895500 166 
6284.861451000 158 
6284.862006500 150 
6284.862562000 141 
6284.863117500 133 
6284.863673000 123 
6284.864228500 113 
6284.864784000 106 
6284.865339500 097 
6284.865895000 090 
6284.866450500 085 
6284.867006000 080 
6284.867561500 077 
6284.868117000 075 
6284.868672500 075 
6284.869228000 077 
6284.869783500 079 
6284.870339000 084 
6284.870894500 090 
6284.871450000 097 
6284.872005500 104 
6284.872561000 114 
6284.873116500 123 
6284.873672000 133 
6284.874227500 141 
6284.874783000 150 
6284.875338500 159 
6284.875894000 165 
6284.876449500 171 
6284.877005000 176 
6284.877560500 179 
6284.878116000 180 
6284.878671500 180 
6284.879227000 179 
6284.879782500 176 
6284.880338000 171 
6284.880893500 166 
6284.881449000 158 
6284.882004500 150 
6284.882560000 141 
6284.883115500 133 
6284.883671000 123 
6284.884226500 113 
6284.884782000 104 
6284.885337500 098 
6284.885893000 090 
6284.886448500 084 
6284.887004000 080 
6284.887559500 076 
6284.888115000 076 
6284.888670500 075 
6284.889226000 077 
6284.889781500 080 
6284.890337000 084 
6284.890892500 090 
6284.891448000 097 
6284.892003500 104 
6284.892559000 113 
6284.893114500 123 
6284.893670000 132 
6284.894225500 142 
6284.894781000 150 
6284.895336500 158 
6284.895892000 165 
6284.896447500 172 
6284.897003000 176 
6284.897558500 179 
6284.898114000 181 
6284.898669500 180 
6284.899225000 179 
6284.899780500 177 
6284.900336000 171 
6284.900891500 165 
6284.901447000 159 
6284.902002500 150 
6284.902558000 142 
6284.903113500 132 
6284.903669000 122 
6284.904224500 113 
6284.904780000 105 
6284.905335500 097 
6284.905891000 089 
6284.906446500 085 
6284.907002000 080 
6284.907557500 077 
6284.908113000 074 
6284.908668500 076 
6284.909224000 077 
6284.909779500 079 
6284.910335000 084 
6284.910890500 091 
6284.911446000 096 
6284.912001500 104 
6284.912557000 114 
6284.913112500 123 
6284.913668000 132 
6284.914223500 142 
6284.914779000 150 
6284.915334500 159 
6284.915890000 165 
6284.916445500 171 
6284.917001000 176 
6284.917556500 178 
6284.918112000 180 
6284.918667500 181 
6284.919223000 179 
6284.919778500 176 
6284.920334000 171 
6284.920889500 166 
6284.921445000 158 
6284.922000500 150 
6284.922556000 142 
6284.923111500 132 
6284.923667000 123 
6284.924222500 113 
6284.924778000 106 
6284.925333500 098 
6284.925889000 090 
6284.926444500 084 
6284.927000000 080 
6284.927555500 077 
6284.928111000 075 
6284.928666500 076 
6284.929222000 077 
6284.929777500 078 
6284.930333000 085 
6284.930888500 089 
6284.931444000 096 
6284.931999500 105 
6284.932555000 113 
6284.933110500 122 
6284.933666000 133 
6284.934221500 141 
6284.934777000 150 
6284.935332500 158 
6284.935888000 166 
6284.936443500 171 
6284.936999000 176 
6284.937554500 179 
6284.938110000 181 
6284.938665500 181 
6284.939221000 179 
6284.939776500 177 
6284.940332000 171 
6284.940887500 166 
6284.941443000 158 
6284.941998500 150 
6284.942554000 141 
6284.943109500 132 
6284.943665000 123 
6284.944220500 114 
6284.944776000 105 
6284.945331500 097 
6284.945887000 091 
6284.946442500 085 
6284.946998000 080 
6284.947553500 078 
6284.948109000 076 
6284.948664500 075 
6284.949220000 077 
6284.949775500 079 
6284.950331000 084 
6284.950886500 090 
6284.951442000 097 
6284.951997500 105 
6284.952553000 114 
6284.953108500 123 
6284.953664000 131 
6284.954219500 142 
6284.954775000 150 
6284.955330500 158 
6284.955886000 166 
6284.956441500 171 
6284.956997000 177 
6284.957552500 179 
6284.958108000 181 
6284.958663500 180 
6284.959219000 179 
6284.959774500 176 
6284.960330000 171 
6284.960885500 165 
6284.961441000 159 
6284.961996500 150 
6284.962552000 141 
6284.963107500 133 
6284.963663000 123 
6284.964218500 113 
6284.964774000 104 
6284.965329500 097 
6284.965885000 089 
6284.966440500 085 
6284.966996000 080 
6284.967551500 077 
6284.968107000 075 
6284.968662500 076 
6284.969218000 077 
6284.969773500 080 
6284.970329000 084 
6284.970884500 091 
6284.971440000 097 
6284.971995500 105 
6284.972551000 113 
6284.973106500 123 
6284.973662000 132 
6284.974217500 141 
6284.974773000 150 
6284.975328500 159 
6284.975884000 165 
6284.976439500 171 
6284.976995000 175 
6284.977550500 180 
6284.978106000 180 
6284.978661500 180 
6284.979217000 179 
6284.979772500 177 
6284.980328000 171 
6284.980883500 166 
6284.981439000 158 
6284.981994500 150 
6284.982550000 142 
6284.983105500 132 
6284.983661000 123 
6284.984216500 114 
6284.984772000 105 
6284.985327500 097 
6284.985883000 091 
6284.986438500 084 
6284.986994000 080 
6284.987549500 077 
6284.988105000 075 
6284.988660500 076 
6284.989216000 077 
6284.989771500 080 
6284.990327000 083 
6284.990882500 090 
6284.991438000 097 
6284.991993500 105 
6284.992549000 113 
6284.993104500 123 
6284.993660000 132 
6284.994215500 140 
6284.994771000 150 
6284.995326500 158 
6284.995882000 165 
6284.996437500 171 
6284.996993000 176 
6284.997548500 179 
6284.998104000 180 
6284.998659500 181 
6284.999215000 179 
6284.999770500 176 
6285.000326000 171 
6285.000881500 165 
6285.001437000 159 
6285.001992500 150 
6285.002548000 141 
6285.003103500 133 
6285.003659000 123 
6285.004214500 113 
6285.004770000 106 
6285.005325500 098 
6285.005881000 089 
6285.006436500 084 
6285.006992000 080 
6285.007547500 076 
6285.008103000 076 
6285.008658500 076 
6285.009214000 076 
6285.009769500 080 
6285.010325000 085 
6285.010880500 090 
6285.011436000 097 
6285.011991500 105 
6285.012547000 114 
6285.013102500 123 
6285.013658000 131 
6285.014213500 141 
6285.014769000 150 
6285.015324500 158 
6285.015880000 165 
6285.016435500 171 
6285.016991000 175 
6285.017546500 179 
6285.018102000 181 
6285.018657500 180 
6285.019213000 179 
6285.019768500 175 
6285.020324000 171 
6285.020879500 165 
6285.021435000 158 
6285.021990500 151 
6285.022546000 142 
6285.023101500 132 
6285.023657000 124 
6285.024212500 114 
6285.024768000 105 
6285.025323500 098 
6285.025879000 090 
6285.026434500 085 
6285.026990000 080 
6285.027545500 078 
6285.028101000 076 
6285.028656500 075 
6285.029212000 076 
6285.029767500 080 
6285.030323000 084 
6285.030878500 089 
6285.031434000 098 
6285.031989500 105 
6285.032545000 113 
6285.033100500 122 
6285.033656000 132 
6285.034211500 142 
6285.034767000 150 
6285.035322500 158 
6285.035878000 165 
6285.036433500 172 
6285.036989000 176 
6285.037544500 179 
6285.038100000 180 
6285.038655500 181 
6285.039211000 179 
6285.039766500 176 
6285.040322000 171 
6285.040877500 166 
6285.041433000 158 
6285.041988500 151 
6285.042544000 142 
6285.043099500 132 
6285.043655000 124 
6285.044210500 115 
6285.044766000 105 
6285.045321500 098 
6285.045877000 091 
6285.046432500 084 
6285.046988000 079 
6285.047543500 077 
6285.048099000 076 
6285.048654500 075 
6285.049210000 076 
6285.049765500 080 
6285.050321000 085 
6285.050876500 089 
6285.051432000 097 
6285.051987500 105 
6285.052543000 112 
6285.053098500 123 
6285.053654000 132 
6285.054209500 142 
6285.054765000 150 
6285.055320500 159 
6285.055876000 165 
6285.056431500 171 
6285.056987000 175 
6285.057542500 179 
6285.058098000 180 
6285.058653500 180 
6285.059209000 180 
6285.059764500 176 
6285.060320000 171 
6285.060875500 166 
6285.061431000 158 
6285.061986500 150 
6285.062542000 141 
6285.063097500 133 
6285.063653000 124 
6285.064208500 114 
6285.064764000 105 
6285.065319500 098 
6285.065875000 091 
6285.066430500 085 
6285.066986000 080 
6285.067541500 077 
6285.068097000 075 
6285.068652500 075 
6285.069208000 077 
6285.069763500 079 
6285.070319000 084 
6285.070874500 090 
6285.071430000 097 
6285.071985500 105 
6285.072541000 113 
6285.073096500 122 
6285.073652000 131 
6285.074207500 141 
6285.074763000 150 
6285.075318500 158 
6285.075874000 165 
6285.076429500 171 
6285.076985000 175 
6285.077540500 179 
6285.078096000 181 
6285.078651500 180 
6285.079207000 179 
6285.079762500 177 
6285.080318000 172 
6285.080873500 166 
6285.081429000 159 
6285.081984500 150 
6285.082540000 143 
6285.083095500 133 
6285.083651000 123 
6285.084206500 114 
6285.084762000 106 
6285.085317500 098 
6285.085873000 090 
6285.086428500 085 
6285.086984000 080 
6285.087539500 076 
6285.088095000 076 
6285.088650500 075 
6285.089206000 076 
6285.089761500 079 
6285.090317000 084 
6285.090872500 090 
6285.091428000 097 
6285.091983500 104 
6285.092539000 113 
6285.093094500 123 
6285.093650000 132 
6285.094205500 140 
6285.094761000 149 
6285.095316500 158 
6285.095872000 165 
6285.096427500 171 
6285.096983000 176 
6285.097538500 179 
6285.098094000 181 
6285.098649500 181 
6285.099205000 179 
6285.099760500 176 
6285.100316000 171 
6285.100871500 166 
6285.101427000 158 
6285.101982500 151 
6285.102538000 142 
6285.103093500 132 
6285.103649000 123 
6285.104204500 115 
6285.104760000 106 
6285.105315500 098 
6285.105871000 090 
6285.106426500 085 
6285.106982000 079 
6285.107537500 077 
6285.108093000 076 
6285.108648500 075 
6285.109204000 077 
6285.109759500 079 
6285.110315000 084 
6285.110870500 090 
6285.111426000 096 
6285.111981500 105 
6285.112537000 113 
6285.113092500 122 
6285.113648000 131 
6285.114203500 141 
6285.114759000 150 
6285.115314500 157 
6285.115870000 165 
6285.116425500 171 
6285.116981000 175 
6285.117536500 179 
6285.118092000 181 
6285.118647500 180 
6285.119203000 179 
6285.119758500 176 
6285.120314000 171 
6285.120869500 165 
6285.121425000 158 
6285.121980500 151 
6285.122536000 142 
6285.123091500 132 
6285.123647000 124 
6285.124202500 114 
6285.124758000 106 
6285.125313500 097 
6285.125869000 090 
6285.126424500 085 
6285.126980000 080 
6285.127535500 076 
6285.128091000 076 
6285.128646500 075 
6285.129202000 076 
6285.129757500 080 
6285.130313000 084 
6285.130868500 089 
6285.131424000 098 
6285.131979500 105 
6285.132535000 113 
6285.133090500 123 
6285.133646000 132 
6285.134201500 141 
6285.134757000 149 
6285.135312500 159 
6285.135868000 165 
6285.136423500 171 
6285.136979000 176 
6285.137534500 179 
6285.138090000 180 
6285.138645500 181 
6285.139201000 179 
6285.139756500 175 
6285.140312000 172 
6285.140867500 166 
6285.141423000 158 
6285.141978500 151 
6285.142534000 142 
6285.143089500 132 
6285.143645000 123 
6285.144200500 115 
6285.144756000 106 
6285.145311500 097 
6285.145867000 090 
6285.146422500 085 
6285.146978000 080 
6285.147533500 076 
6285.148089000 076 
6285.148644500 075 
6285.149200000 077 
6285.149755500 079 
6285.150311000 085 
6285.150866500 089 
6285.151422000 097 
6285.151977500 105 
6285.152533000 114 
6285.153088500 122 
6285.153644000 131 
6285.154199500 140 
6285.154755000 150 
6285.155310500 158 
6285.155866000 164 
6285.156421500 172 
6285.156977000 176 
6285.157532500 178 
6285.158088000 181 
6285.158643500 181 
6285.159199000 179 
6285.159754500 176 
6285.160310000 171 
6285.160865500 166 
6285.161421000 158 
6285.161976500 150 
6285.162532000 142 
6285.163087500 132 
6285.163643000 124 
6285.164198500 114 
6285.164754000 104 
6285.165309500 098 
6285.165865000 091 
6285.166420500 085 
6285.166976000 080 
6285.167531500 078 
6285.168087000 075 
6285.168642500 074 
6285.169198000 077 
6285.169753500 079 
6285.170309000 083 
6285.170864500 091 
6285.171420000 097 
6285.171975500 104 
6285.172531000 112 
6285.173086500 122 
6285.173642000 131 
6285.174197500 141 
6285.174753000 150 
6285.175308500 158 
6285.175864000 165 
6285.176419500 171 
6285.176975000 175 
6285.177530500 179 
6285.178086000 180 
6285.178641500 181 
6285.179197000 179 
6285.179752500 176 
6285.180308000 171 
6285.180863500 166 
6285.181419000 158 
6285.181974500 151 
6285.182530000 143 
6285.183085500 132 
6285.183641000 123 
6285.184196500 115 
6285.184752000 105 
6285.185307500 097 
6285.185863000 091 
6285.186418500 085 
6285.186974000 080 
6285.187529500 077 
6285.188085000 076 
6285.188640500 075 
6285.189196000 076 
6285.189751500 080 
6285.190307000 084 
6285.190862500 089 
6285.191418000 096 
6285.191973500 105 
6285.192529000 112 
6285.193084500 123 
6285.193640000 131 
6285.194195500 136 
6285.194751000 136 
6285.195306500 136 
6285.195862000 136 
6285.196417500 134 
6285.196973000 133 
6285.197528500 134 
6285.198084000 133 
6285.198639500 132 
6285.199195000 132 
6285.199750500 132 
6285.200306000 131 
6285.200861500 130 
6285.201417000 130 
6285.201972500 130 
6285.202528000 130 
6285.203083500 129 
6285.203639000 130 
6285.204194500 129 
6285.204750000 129 
6285.205305500 130 
6285.205861000 129 
6285.206416500 128 
6285.206972000 129 
6285.207527500 128 
6285.208083000 129 
6285.208638500 128 
6285.209194000 129 
6285.209749500 129 
6285.210305000 128 
6285.210860500 128 
6285.211416000 129 
6285.211971500 128 
6285.212527000 129 
6285.213082500 128 
6285.213638000 128 
6285.214193500 128 
6285.214749000 129 
6285.215304500 129 
6285.215860000 128 
6285.216415500 127 
6285.216971000 128 
6285.217526500 128 
6285.218082000 127 
6285.218637500 128 
6285.219193000 128 
6285.219748500 128 
6285.220304000 127 
6285.220859500 128 
6285.221415000 127 
6285.221970500 128 
6285.222526000 128 
6285.223081500 128 
6285.223637000 128 
6285.224192500 127 
6285.224748000 127 
6285.225303500 128 
6285.225859000 127 
6285.226414500 128 
6285.226970000 128 
6285.227525500 127 
6285.228081000 128 
6285.228636500 128 
6285.229192000 127 
6285.229747500 128 
6285.230303000 128 
6285.230858500 127 
6285.231414000 129 
6285.231969500 128 
6285.232525000 127 
6285.233080500 127 
6285.233636000 128 
6285.234191500 127 
6285.234747000 128 
6285.235302500 128 
6285.235858000 128 
6285.236413500 128 
6285.236969000 127 
6285.237524500 127 
6285.238080000 128 
6285.238635500 128 
6285.239191000 127 
6285.239746500 128 
6285.240302000 128 
6285.240857500 127 
6285.241413000 128 
6285.241968500 128 
6285.242524000 128 
6285.243079500 127 
6285.243635000 129 
6285.244190500 128 
6285.244746000 128 
6285.245301500 127 
6285.245857000 128 
6285.246412500 128 
6285.246968000 127 
6285.247523500 128 
6285.248079000 127 
6285.248634500 127 
6285.249190000 129 
6285.249745500 128 
6285.250301000 127 
6285.250856500 127 
6285.251412000 129 
6285.251967500 128 
6285.252523000 127 
6285.253078500 127 
6285.253634000 128 
6285.254189500 128 
6285.254745000 128 
6285.255300500 128 
6285.255856000 128 
6285.256411500 128 
6285.256967000 127 
6285.257522500 128 
6285.258078000 128 
6285.258633500 128 
6285.259189000 128 
6285.259744500 128 
6285.260300000 127 
6285.260855500 127 
6285.261411000 128 
6285.261966500 127 
6285.262522000 129 
6285.263077500 128 
6285.263633000 127 
6285.264188500 128 
6285.264744000 128 
6285.265299500 128 
6285.265855000 128 
6285.266410500 128 
6285.266966000 127 
6285.267521500 128 
6285.268077000 128 
6285.268632500 128 
6285.269188000 127 
6285.269743500 127 
6285.270299000 128 
6285.270854500 128 
6285.271410000 128 
6285.271965500 128 
6285.272521000 128 
6285.273076500 128 
6285.273632000 127 
6285.274187500 128 
6285.274743000 128 
6285.275298500 128 
6285.275854000 128 
6285.276409500 128 
6285.276965000 127 
6285.277520500 128 
6285.278076000 127 
6285.278631500 128 
6285.279187000 128 
6285.279742500 127 
6285.280298000 127 
6285.280853500 127 
6285.281409000 128 
6285.281964500 128 
6285.282520000 127 
6285.283075500 128 
6285.283631000 128 
6285.284186500 128 
6285.284742000 127 
6285.285297500 128 
6285.285853000 128 
6285.286408500 128 
6285.286964000 127 
6285.287519500 127 
6285.288075000 128 
6285.288630500 128 
6285.289186000 127 
6285.289741500 128 
6285.290297000 127 
6285.290852500 129 
6285.291408000 127 
6285.291963500 127 
6285.292519000 128 
6285.293074500 128 
6285.293630000 127 
6285.294185500 127 
6285.294741000 128 
6285.295296500 127 
6285.295852000 127 
6285.296407500 128 
6285.296963000 127 
6285.297518500 127 
6285.298074000 128 
6285.298629500 128 
6285.299185000 128 
6285.299740500 127 
6285.300296000 129 
6285.300851500 128 
6285.301407000 127 
6285.301962500 128 
6285.302518000 128 
6285.303073500 127 
6285.303629000 128 
6285.304184500 127 
6285.304740000 128 
6285.305295500 128 
6285.305851000 127 
6285.306406500 127 
6285.306962000 128 
6285.307517500 128 
6285.308073000 127 
6285.308628500 128 
6285.309184000 128 
6285.309739500 127 
6285.310295000 128 
6285.310850500 127 
6285.311406000 128 
6285.311961500 128 
6285.312517000 128 
6285.313072500 127 
6285.313628000 128 
6285.314183500 128 
6285.314739000 127 
6285.315294500 127 
6285.315850000 128 
6285.316405500 128 
6285.316961000 127 
6285.317516500 128 
6285.318072000 127 
6285.318627500 128 
6285.319183000 127 
6285.319738500 129 
6285.320294000 128 
6285.320849500 128 
6285.321405000 128 
6285.321960500 128 
6285.322516000 127 
6285.323071500 128 
6285.323627000 128 
6285.324182500 127 
6285.324738000 128 
6285.325293500 128 
6285.325849000 128 
6285.326404500 127 
6285.326960000 128 
6285.327515500 128 
6285.328071000 128 
6285.328626500 128 
6285.329182000 128 
6285.329737500 127 
6285.330293000 129 
6285.330848500 128 
6285.331404000 128 
6285.331959500 127 
6285.332515000 128 
6285.333070500 128 
6285.333626000 127 
6285.334181500 128 
6285.334737000 128 
6285.335292500 127 
6285.335848000 127 
6285.336403500 128 
6285.336959000 128 
6285.337514500 128 
6285.338070000 127 
6285.338625500 128 
6285.339181000 128 
6285.339736500 128 
6285.340292000 128 
6285.340847500 128 
6285.341403000 128 
6285.341958500 128 
6285.342514000 128 
6285.343069500 128 
6285.343625000 127 
6285.344180500 128 
6285.344736000 127 
6285.345291500 128 
6285.345847000 128 
6285.346402500 128 
6285.346958000 128 
6285.347513500 128 
6285.348069000 127 
6285.348624500 128 
6285.349180000 128 
6285.349735500 128 
6285.350291000 127 
6285.350846500 128 
6285.351402000 128 
6285.351957500 128 
6285.352513000 127 
6285.353068500 128 
6285.353624000 128 
6285.354179500 128 
6285.354735000 127 
6285.355290500 129 
6285.355846000 128 
6285.356401500 128 
6285.356957000 127 
6285.357512500 128 
6285.358068000 128 
6285.358623500 127 
6285.359179000 128 
6285.359734500 127 
6285.360290000 128 
6285.360845500 128 
6285.361401000 127 
6285.361956500 128 
6285.362512000 128 
6285.363067500 127 
6285.363623000 128 
6285.364178500 128 
6285.364734000 128 
6285.365289500 127 
6285.365845000 129 
6285.366400500 128 
6285.366956000 127 
6285.367511500 129 
6285.368067000 128 
6285.368622500 128 
6285.369178000 127 
6285.369733500 128 
6285.370289000 128 
6285.370844500 127 
6285.371400000 127 
6285.371955500 128 
6285.372511000 128 
6285.373066500 128 
6285.373622000 128 
6285.374177500 128 
6285.374733000 128 
6285.375288500 127 
6285.375844000 127 
6285.376399500 128 
6285.376955000 128 
6285.377510500 127 
6285.378066000 128 
6285.378621500 128 
6285.379177000 128 
6285.379732500 127 
6285.380288000 128 
6285.380843500 128 
6285.381399000 127 
6285.381954500 129 
6285.382510000 128 
6285.383065500 128 
6285.383621000 127 
6285.384176500 128 
6285.384732000 128 
6285.385287500 127 
6285.385843000 128 
6285.386398500 128 
6285.386954000 128 
6285.387509500 128 
6285.388065000 128 
6285.388620500 127 
6285.389176000 128 
6285.389731500 128 
6285.390287000 127 
6285.390842500 128 
6285.391398000 128 
6285.391953500 128 
6285.392509000 128 
6285.393064500 128 
6285.393620000 128 
6285.394175500 127 
6285.394731000 128 
6285.395286500 128 
6285.395842000 128 
6285.396397500 127 
6285.396953000 127 
6285.397508500 128 
6285.398064000 127 
6285.398619500 127 
6285.399175000 128 
6285.399730500 128 
6285.400286000 127 
6285.400841500 128 
6285.401397000 128 
6285.401952500 128 
6285.402508000 128 
6285.403063500 127 
6285.403619000 127 
6285.404174500 128 
6285.404730000 128 
6285.405285500 127 
6285.405841000 127 
6285.406396500 128 
6285.406952000 128 
6285.407507500 128 
6285.408063000 127 
6285.408618500 127 
6285.409174000 128 
6285.409729500 128 
6285.410285000 128 
6285.410840500 128 
6285.411396000 128 
6285.411951500 128 
6285.412507000 128 
6285.413062500 129 
6285.413618000 128 
6285.414173500 128 
6285.414729000 128 
6285.415284500 128 
6285.415840000 129 
6285.416395500 127 
6285.416951000 128 
6285.417506500 128 
6285.418062000 128 
6285.418617500 127 
6285.419173000 128 
6285.419728500 128 
6285.420284000 127 
6285.420839500 128 
6285.421395000 128 
6285.421950500 127 
6285.422506000 128 
6285.423061500 128 
6285.423617000 128 
6285.424172500 127 
6285.424728000 128 
6285.425283500 128 
6285.425839000 127 
6285.426394500 128 
6285.426950000 128 
6285.427505500 127 
6285.428061000 128 
6285.428616500 128 
6285.429172000 128 
6285.429727500 128 
6285.430283000 127 
6285.430838500 128 
6285.431394000 128 
6285.431949500 127 
6285.432505000 127 
6285.433060500 127 
6285.433616000 128 
6285.434171500 127 
6285.434727000 127 
6285.435282500 128 
6285.435838000 128 
6285.436393500 128 
6285.436949000 128 
6285.437504500 127 
6285.438060000 128 
6285.438615500 128 
6285.439171000 128 
6285.439726500 128 
6285.440282000 128 
6285.440837500 127 
6285.441393000 128 
6285.441948500 128 
6285.442504000 127 
6285.443059500 128 
6285.443615000 127 
6285.444170500 128 
6285.444726000 128 
6285.445281500 127 
6285.445837000 128 
6285.446392500 127 
6285.446948000 127 
6285.447503500 128 
6285.448059000 128 
6285.448614500 127 
6285.449170000 129 
6285.449725500 128 
6285.450281000 127 
6285.450836500 128 
6285.451392000 128 
6285.451947500 127 
6285.452503000 128 
6285.453058500 128 
6285.453614000 127 
6285.454169500 128 
6285.454725000 128 
6285.455280500 128 
6285.455836000 128 
6285.456391500 127 
6285.456947000 128 
6285.457502500 128 
6285.458058000 128 
6285.458613500 128 
6285.459169000 127 
6285.459724500 128 
6285.460280000 128 
6285.460835500 127 
6285.461391000 128 
6285.461946500 128 
6285.462502000 127 
6285.463057500 127 
6285.463613000 128 
6285.464168500 128 
6285.464724000 127 
6285.465279500 127 
6285.465835000 128 
6285.466390500 127 
6285.466946000 127 
6285.467501500 128 
6285.468057000 128 
6285.468612500 128 
6285.469168000 127 
6285.469723500 128 
6285.470279000 127 
6285.470834500 128 
6285.471390000 127 
6285.471945500 128 
6285.472501000 128 
6285.473056500 128 
6285.473612000 128 
6285.474167500 128 
6285.474723000 128 
6285.475278500 127 
6285.475834000 127 
6285.476389500 128 
6285.476945000 128 
6285.477500500 127 
6285.478056000 128 
6285.478611500 128 
6285.479167000 128 
6285.479722500 127 
6285.480278000 127 
6285.480833500 128 
6285.481389000 128 
6285.481944500 127 
6285.482500000 129 
6285.483055500 128 
6285.483611000 128 
6285.484166500 127 
6285.484722000 128 
6285.485277500 127 
6285.485833000 128 
6285.486388500 127 
6285.486944000 128 
6285.487499500 128 
6285.488055000 127 
6285.488610500 127 
6285.489166000 128 
6285.489721500 127 
6285.490277000 128 
6285.490832500 128 
6285.491388000 127 
6285.491943500 127 
6285.492499000 128 
6285.493054500 128 
6285.493610000 127 
6285.494165500 128 
6285.494721000 128 
6285.495276500 127 
6285.495832000 127 
6285.496387500 128 
6285.496943000 128 
6285.497498500 127 
6285.498054000 127 
6285.498609500 128 
6285.499165000 127 
6285.499720500 128 
6285.500276000 127 
6285.500831500 127 
6285.501387000 127 
6285.501942500 128 
6285.502498000 127 
6285.503053500 128 
6285.503609000 128 
6285.504164500 127 
6285.504720000 127 
6285.505275500 128 
6285.505831000 128 
6285.506386500 128 
6285.506942000 127 
6285.507497500 128 
6285.508053000 128 
6285.508608500 127 
6285.509164000 128 
6285.509719500 128 
6285.510275000 127 
6285.510830500 128 
6285.511386000 127 
6285.511941500 128 
6285.512497000 128 
6285.513052500 127 
6285.513608000 128 
6285.514163500 128 
6285.514719000 127 
6285.515274500 128 
6285.515830000 128 
6285.516385500 127 
6285.516941000 128 
6285.517496500 128 
6285.518052000 127 
6285.518607500 128 
6285.519163000 128 
6285.519718500 128 
6285.520274000 127 
6285.520829500 127 
6285.521385000 128 
6285.521940500 128 
6285.522496000 127 
6285.523051500 128 
6285.523607000 128 
6285.524162500 127 
6285.524718000 129 
6285.525273500 128 
6285.525829000 128 
6285.526384500 128 
6285.526940000 127 
6285.527495500 128 
6285.528051000 127 
6285.528606500 127 
6285.529162000 129 
6285.529717500 128 
6285.530273000 128 
6285.530828500 128 
6285.531384000 128 
6285.531939500 127 
6285.532495000 128 
6285.533050500 128 
6285.533606000 127 
6285.534161500 128 
6285.534717000 128 
6285.535272500 127 
6285.535828000 128 
6285.536383500 128 
6285.536939000 128 
6285.537494500 128 
6285.538050000 127 
6285.538605500 128 
6285.539161000 128 
6285.539716500 127 
6285.540272000 128 
6285.540827500 127 
6285.541383000 128 
6285.541938500 127 
6285.542494000 127 
6285.543049500 128 
6285.543605000 128 
6285.544160500 127 
6285.544716000 128 
6285.545271500 128 
6285.545827000 128 
6285.546382500 127 
6285.546938000 128 
6285.547493500 127 
6285.548049000 127 
6285.548604500 128 
6285.549160000 128 
6285.549715500 127 
6285.550271000 127 
6285.550826500 127 
6285.551382000 128 
6285.551937500 128 
6285.552493000 127 
6285.553048500 129 
6285.553604000 128 
6285.554159500 127 
6285.554715000 128 
6285.555270500 128 
6285.555826000 128 
6285.556381500 127 
6285.556937000 128 
6285.557492500 128 
6285.558048000 127 
6285.558603500 127 
6285.559159000 128 
6285.559714500 128 
6285.560270000 127 
6285.560825500 127 
6285.561381000 128 
6285.561936500 128 
6285.562492000 128 
6285.563047500 127 
6285.563603000 128 
6285.564158500 128 
6285.564714000 127 
6285.565269500 127 
6285.565825000 129 
6285.566380500 128 
6285.566936000 127 
6285.567491500 128 
6285.568047000 127 
6285.568602500 128 
6285.569158000 127 
6285.569713500 128 
6285.570269000 127 
6285.570824500 128 
6285.571380000 128 
6285.571935500 128 
6285.572491000 127 
6285.573046500 128 
6285.573602000 128 
6285.574157500 128 
6285.574713000 127 
6285.575268500 127 
6285.575824000 128 
6285.576379500 128 
6285.576935000 127 
6285.577490500 128 
6285.578046000 128 
6285.578601500 127 
6285.579157000 127 
6285.579712500 128 
6285.580268000 128 
6285.580823500 127 
6285.581379000 128 
6285.581934500 127 
6285.582490000 127 
6285.583045500 127 
6285.583601000 127 
6285.584156500 128 
6285.584712000 128 
6285.585267500 127 
6285.585823000 128 
6285.586378500 128 
6285.586934000 127 
6285.587489500 128 
6285.588045000 128 
6285.588600500 128 
6285.589156000 128 
6285.589711500 128 
6285.590267000 127 
6285.590822500 129 
6285.591378000 128 
6285.591933500 127 
6285.592489000 127 
6285.593044500 128 
6285.593600000 128 
6285.594155500 127 
6285.594711000 128 
6285.595266500 127 
6285.595822000 128 
6285.596377500 128 
6285.596933000 128 
6285.597488500 128 
6285.598044000 127 
6285.598599500 128 
6285.599155000 128 
6285.599710500 128 
6285.600266000 128 
6285.600821500 128 
6285.601377000 128 
6285.601932500 127 
6285.602488000 128 
6285.603043500 128 
6285.603599000 128 
6285.604154500 127 
6285.604710000 128 
6285.605265500 127 
6285.605821000 128 
6285.606376500 127 
6285.606932000 128 
6285.607487500 128 
6285.608043000 128 
6285.608598500 127 
6285.609154000 128 
6285.609709500 127 
6285.610265000 128 
6285.610820500 127 
6285.611376000 128 
6285.611931500 128 
6285.612487000 128 
6285.613042500 127 
6285.613598000 128 
6285.614153500 128 
6285.614709000 128 
6285.615264500 128 
6285.615820000 128 
6285.616375500 127 
6285.616931000 127 
6285.617486500 128 
6285.618042000 128 
6285.618597500 128 
6285.619153000 127 
6285.619708500 128 
6285.620264000 128 
6285.620819500 129 
6285.621375000 128 
6285.621930500 127 
6285.622486000 128 
6285.623041500 127 
6285.623597000 128 
6285.624152500 128 
6285.624708000 128 
6285.625263500 128 
6285.625819000 127 
6285.626374500 128 
6285.626930000 128 
6285.627485500 128 
6285.628041000 127 
6285.628596500 128 
6285.629152000 128 
6285.629707500 127 
6285.630263000 129 
6285.630818500 128 
6285.631374000 128 
6285.631929500 127 
6285.632485000 127 
6285.633040500 128 
6285.633596000 128 
6285.634151500 127 
6285.634707000 128 
6285.635262500 128 
6285.635818000 127 
6285.636373500 128 
6285.636929000 128 
6285.637484500 128 
6285.638040000 127 
6285.638595500 128 
6285.639151000 128 
6285.639706500 128 
6285.640262000 127 
6285.640817500 128 
6285.641373000 128 
6285.641928500 128 
6285.642484000 127 
6285.643039500 128 
6285.643595000 128 
6285.644150500 127 
6285.644706000 127 
6285.645261500 128 
6285.645817000 128 
6285.646372500 127 
6285.646928000 128 
6285.647483500 128 
6285.648039000 127 
6285.648594500 128 
6285.649150000 128 
6285.649705500 127 
6285.650261000 127 
6285.650816500 128 
6285.651372000 128 
6285.651927500 128 
6285.652483000 128 
6285.653038500 127 
6285.653594000 128 
6285.654149500 128 
6285.654705000 128 
6285.655260500 128 
6285.655816000 127 
6285.656371500 128 
6285.656927000 128 
6285.657482500 128 
6285.658038000 127 
6285.658593500 128 
6285.659149000 128 
6285.659704500 127 
6285.660260000 128 
6285.660815500 128 
6285.661371000 127 
6285.661926500 129 
6285.662482000 128 
6285.663037500 127 
6285.663593000 129 
6285.664148500 128 
6285.664704000 127 
6285.665259500 128 
6285.665815000 128 
6285.666370500 127 
6285.666926000 128 
6285.667481500 128 
6285.668037000 128 
6285.668592500 128 
6285.669148000 127 
6285.669703500 128 
6285.670259000 128 
6285.670814500 128 
6285.671370000 128 
6285.671925500 128 
6285.672481000 127 
6285.673036500 127 
6285.673592000 127 
6285.674147500 128 
6285.674703000 127 
6285.675258500 127 
6285.675814000 128 
6285.676369500 128 
6285.676925000 127 
6285.677480500 127 
6285.678036000 128 
6285.678591500 127 
6285.679147000 128 
6285.679702500 127 
6285.680258000 128 
6285.680813500 128 
6285.681369000 128 
6285.681924500 127 
6285.682480000 127 
6285.683035500 128 
6285.683591000 128 
6285.684146500 127 
6285.684702000 128 
6285.685257500 128 
6285.685813000 127 
6285.686368500 127 
6285.686924000 129 
6285.687479500 128 
6285.688035000 127 
6285.688590500 128 
6285.689146000 128 
6285.689701500 127 
6285.690257000 127 
6285.690812500 128 
6285.691368000 128 
6285.691923500 128 
6285.692479000 128 
6285.693034500 127 
6285.693590000 128 
6285.694145500 128 
6285.694701000 127 
6285.695256500 128 
6285.695812000 128 
6285.696367500 128 
6285.696923000 128 
6285.697478500 128 
6285.698034000 127 
6285.698589500 128 
6285.699145000 128 
6285.699700500 127 
6285.700256000 128 
6285.700811500 128 
6285.701367000 128 
6285.701922500 128 
6285.702478000 128 
6285.703033500 127 
6285.703589000 128 
6285.704144500 128 
6285.704700000 128 
6285.705255500 127 
6285.705811000 128 
6285.706366500 127 
6285.706922000 128 
6285.707477500 128 
6285.708033000 128 
6285.708588500 128 
6285.709144000 127 
6285.709699500 127 
6285.710255000 128 
6285.710810500 128 
6285.711366000 128 
6285.711921500 128 
6285.712477000 128 
6285.713032500 128 
6285.713588000 127 
6285.714143500 128 
6285.714699000 128 
6285.715254500 127 
6285.715810000 127 
6285.716365500 128 
6285.716921000 128 
6285.717476500 127 
6285.718032000 128 
6285.718587500 128 
6285.719143000 127 
6285.719698500 128 
6285.720254000 128 
6285.720809500 128 
6285.721365000 128 
6285.721920500 128 
6285.722476000 128 
6285.723031500 127 
6285.723587000 128 
6285.724142500 128 
6285.724698000 127 
6285.725253500 128 
6285.725809000 128 
6285.726364500 128 
6285.726920000 127 
6285.727475500 128 
6285.728031000 128 
6285.728586500 128 
6285.729142000 128 
6285.729697500 128 
6285.730253000 128 
6285.730808500 127 
6285.731364000 129 
6285.731919500 128 
6285.732475000 127 
6285.733030500 129 
6285.733586000 128 
6285.734141500 128 
6285.734697000 128 
6285.735252500 128 
6285.735808000 128 
6285.736363500 128 
6285.736919000 128 
6285.737474500 127 
6285.738030000 128 
6285.738585500 128 
6285.739141000 127 
6285.739696500 129 
6285.740252000 128 
6285.740807500 127 
6285.741363000 127 
6285.741918500 128 
6285.742474000 128 
6285.743029500 127 
6285.743585000 128 
6285.744140500 128 
6285.744696000 127 
6285.745251500 128 
6285.745807000 128 
6285.746362500 128 
6285.746918000 127 
6285.747473500 128 
6285.748029000 127 
6285.748584500 129 
6285.749140000 128 
6285.749695500 128 
6285.750251000 127 
6285.750806500 128 
6285.751362000 128 
6285.751917500 128 
6285.752473000 127 
6285.753028500 127 
6285.753584000 128 
6285.754139500 128 
6285.754695000 127 
6285.755250500 128 
6285.755806000 127 
6285.756361500 127 
6285.756917000 128 
6285.757472500 128 
6285.758028000 127 
6285.758583500 128 
6285.759139000 128 
6285.759694500 128 
6285.760250000 127 
6285.760805500 128 
6285.761361000 128 
6285.761916500 129 
6285.762472000 128 
6285.763027500 128 
6285.763583000 128 
6285.764138500 127 
6285.764694000 128 
6285.765249500 128 
6285.765805000 127 
6285.766360500 127 
6285.766916000 128 
6285.767471500 128 
6285.768027000 128 
6285.768582500 128 
6285.769138000 128 
6285.769693500 128 
6285.770249000 128 
6285.770804500 128 
6285.771360000 128 
6285.771915500 128 
6285.772471000 128 
6285.773026500 128 
6285.773582000 128 
6285.774137500 128 
6285.774693000 128 
6285.775248500 128 
6285.775804000 127 
6285.776359500 128 
6285.776915000 128 
6285.777470500 127 
6285.778026000 128 
6285.778581500 127 
6285.779137000 127 
6285.779692500 127 
6285.780248000 128 
6285.780803500 128 
6285.781359000 127 
6285.781914500 128 
6285.782470000 128 
6285.783025500 127 
6285.783581000 127 
6285.784136500 127 
6285.784692000 128 
6285.785247500 128 
6285.785803000 127 
6285.786358500 127 
6285.786914000 128 
6285.787469500 127 
6285.788025000 128 
6285.788580500 128 
6285.789136000 127 
6285.789691500 128 
6285.790247000 127 
6285.790802500 127 
6285.791358000 127 
6285.791913500 127 
6285.792469000 128 
6285.793024500 128 
6285.793580000 127 
6285.794135500 128 
6285.794691000 128 
6285.795246500 127 
6285.795802000 128 
6285.796357500 128 
6285.796913000 127 
6285.797468500 128 
6285.798024000 128 
6285.798579500 127 
6285.799135000 128 
6285.799690500 128 
6285.800246000 127 
6285.800801500 128 
6285.801357000 128 
6285.801912500 128 
6285.802468000 127 
6285.803023500 128 
6285.803579000 127 
6285.804134500 128 
6285.804690000 128 
6285.805245500 128 
6285.805801000 128 
6285.806356500 127 
6285.806912000 128 
6285.807467500 127 
6285.808023000 128 
6285.808578500 128 
6285.809134000 127 
6285.809689500 128 
6285.810245000 127 
6285.810800500 127 
6285.811356000 127 
6285.811911500 128 
6285.812467000 127 
6285.813022500 127 
6285.813578000 128 
6285.814133500 128 
6285.814689000 127 
6285.815244500 128 
6285.815800000 128 
6285.816355500 127 
6285.816911000 128 
6285.817466500 128 
6285.818022000 128 
6285.818577500 128 
6285.819133000 128 
6285.819688500 128 
6285.820244000 127 
6285.820799500 128 
6285.821355000 128 
6285.821910500 127 
6285.822466000 127 
6285.823021500 128 
6285.823577000 128 
6285.824132500 127 
6285.824688000 128 
6285.825243500 128 
6285.825799000 127 
6285.826354500 128 
6285.826910000 128 
6285.827465500 128 
6285.828021000 127 
6285.828576500 127 
6285.829132000 128 
6285.829687500 127 
6285.830243000 128 
6285.830798500 128 
6285.831354000 127 
6285.831909500 128 
6285.832465000 127 
6285.833020500 128 
6285.833576000 128 
6285.834131500 127 
6285.834687000 128 
6285.835242500 128 
6285.835798000 127 
6285.836353500 128 
6285.836909000 128 
6285.837464500 127 
6285.838020000 128 
6285.838575500 128 
6285.839131000 128 
6285.839686500 127 
6285.840242000 127 
6285.840797500 128 
6285.841353000 127 
6285.841908500 128 
6285.842464000 128 
6285.843019500 127 
6285.843575000 128 
6285.844130500 128 
6285.844686000 128 
6285.845241500 127 
6285.845797000 128 
6285.846352500 128 
6285.846908000 128 
6285.847463500 128 
6285.848019000 127 
6285.848574500 128 
6285.849130000 128 
6285.849685500 127 
6285.850241000 128 
6285.850796500 128 
6285.851352000 128 
6285.851907500 127 
6285.852463000 127 
6285.853018500 128 
6285.853574000 128 
6285.854129500 128 
6285.854685000 127 
6285.855240500 128 
6285.855796000 128 
6285.856351500 127 
6285.856907000 128 
6285.857462500 128 
6285.858018000 128 
6285.858573500 128 
6285.859129000 127 
6285.859684500 128 
6285.860240000 127 
6285.860795500 128 
6285.861351000 128 
6285.861906500 128 
6285.862462000 128 
6285.863017500 128 
6285.863573000 127 
6285.864128500 128 
6285.864684000 128 
6285.865239500 127 
6285.865795000 128 
6285.866350500 128 
6285.866906000 128 
6285.867461500 128 
6285.868017000 127 
6285.868572500 128 
6285.869128000 128 
6285.869683500 127 
6285.870239000 128 
6285.870794500 127 
6285.871350000 128 
6285.871905500 128 
6285.872461000 128 
6285.873016500 127 
6285.873572000 129 
6285.874127500 128 
6285.874683000 129 
6285.875238500 129 
6285.875794000 127 
6285.876349500 127 
6285.876905000 128 
6285.877460500 128 
6285.878016000 127 
6285.878571500 128 
6285.879127000 128 
6285.879682500 127 
6285.880238000 128 
6285.880793500 128 
6285.881349000 128 
6285.881904500 128 
6285.882460000 127 
6285.883015500 128 
6285.883571000 128 
6285.884126500 128 
6285.884682000 127 
6285.885237500 128 
6285.885793000 128 
6285.886348500 127 
6285.886904000 128 
6285.887459500 127 
6285.888015000 128 
6285.888570500 128 
6285.889126000 127 
6285.889681500 128 
6285.890237000 128 
6285.890792500 127 
6285.891348000 128 
6285.891903500 127 
6285.892459000 128 
6285.893014500 127 
6285.893570000 127 
6285.894125500 128 
6285.894681000 128 
6285.895236500 128 
6285.895792000 127 
6285.896347500 128 
6285.896903000 128 
6285.897458500 128 
6285.898014000 127 
6285.898569500 128 
6285.899125000 128 
6285.899680500 128 
6285.900236000 128 
6285.900791500 128 
6285.901347000 129 
6285.901902500 128 
6285.902458000 128 
6285.903013500 128 
6285.903569000 128 
6285.904124500 127 
6285.904680000 128 
6285.905235500 128 
6285.905791000 127 
6285.906346500 127 
6285.906902000 128 
6285.907457500 128 
6285.908013000 127 
6285.908568500 127 
6285.909124000 128 
6285.909679500 128 
6285.910235000 127 
6285.910790500 127 
6285.911346000 128 
6285.911901500 128 
6285.912457000 128 
6285.913012500 128 
6285.913568000 128 
6285.914123500 127 
6285.914679000 129 
6285.915234500 128 
6285.915790000 127 
6285.916345500 128 
6285.916901000 127 
6285.917456500 128 
6285.918012000 128 
6285.918567500 127 
6285.919123000 128 
6285.919678500 128 
6285.920234000 128 
6285.920789500 127 
6285.921345000 127 
6285.921900500 128 
6285.922456000 128 
6285.923011500 127 
6285.923567000 128 
6285.924122500 128 
6285.924678000 127 
6285.925233500 128 
6285.925789000 128 
6285.926344500 127 
6285.926900000 127 
6285.927455500 128 
6285.928011000 128 
6285.928566500 127 
6285.929122000 128 
6285.929677500 128 
6285.930233000 127 
6285.930788500 128 
6285.931344000 128 
6285.931899500 127 
6285.932455000 128 
6285.933010500 128 
6285.933566000 127 
6285.934121500 127 
6285.934677000 127 
6285.935232500 128 
6285.935788000 128 
6285.936343500 128 
6285.936899000 127 
6285.937454500 128 
6285.938010000 128 
6285.938565500 127 
6285.939121000 128 
6285.939676500 128 
6285.940232000 128 
6285.940787500 127 
6285.941343000 128 
6285.941898500 128 
6285.942454000 128 
6285.943009500 128 
6285.943565000 128 
6285.944120500 128 
6285.944676000 128 
6285.945231500 127 
6285.945787000 127 
6285.946342500 128 
6285.946898000 128 
6285.947453500 127 
6285.948009000 128 
6285.948564500 128 
6285.949120000 127 
6285.949675500 128 
6285.950231000 128 
6285.950786500 128 
6285.951342000 127 
6285.951897500 128 
6285.952453000 128 
6285.953008500 127 
6285.953564000 127 
6285.954119500 128 
6285.954675000 127 
6285.955230500 127 
6285.955786000 128 
6285.956341500 127 
6285.956897000 128 
6285.957452500 127 
6285.958008000 128 
6285.958563500 128 
6285.959119000 127 
6285.959674500 128 
6285.960230000 128 
6285.960785500 127 
6285.961341000 127 
6285.961896500 128 
6285.962452000 128 
6285.963007500 128 
6285.963563000 128 
6285.964118500 128 
6285.964674000 128 
6285.965229500 127 
6285.965785000 127 
6285.966340500 128 
6285.966896000 127 
6285.967451500 128 
6285.968007000 128 
6285.968562500 127 
6285.969118000 127 
6285.969673500 128 
6285.970229000 127 
6285.970784500 127 
6285.971340000 128 
6285.971895500 129 
6285.972451000 128 
6285.973006500 127 
6285.973562000 129 
6285.974117500 128 
6285.974673000 128 
6285.975228500 128 
6285.975784000 128 
6285.976339500 128 
6285.976895000 128 
6285.977450500 127 
6285.978006000 128 
6285.978561500 128 
6285.979117000 128 
6285.979672500 127 
6285.980228000 128 
6285.980783500 128 
6285.981339000 127 
6285.981894500 127 
6285.982450000 129 
6285.983005500 128 
6285.983561000 127 
6285.984116500 128 
6285.984672000 128 
6285.985227500 127 
6285.985783000 128 
6285.986338500 127 
6285.986894000 128 
6285.987449500 128 
6285.988005000 127 
6285.988560500 127 
6285.989116000 128 
6285.989671500 128 
6285.990227000 127 
6285.990782500 127 
6285.991338000 128 
6285.991893500 128 
6285.992449000 127 
6285.993004500 127 
6285.993560000 128 
6285.994115500 127 
6285.994671000 128 
6285.995226500 128 
6285.995782000 128 
6285.996337500 127 
6285.996893000 128 
6285.997448500 128 
6285.998004000 127 
6285.998559500 128 
6285.999115000 127 
6285.999670500 128 
6286.000226000 128 
6286.000781500 127 
6286.001337000 128 
6286.001892500 127 
6286.002448000 127 
6286.003003500 127 
6286.003559000 128 
6286.004114500 128 
6286.004670000 128 
6286.005225500 128 
6286.005781000 128 
6286.006336500 127 
6286.006892000 128 
6286.007447500 128 
6286.008003000 128 
6286.008558500 127 
6286.009114000 128 
6286.009669500 128 
6286.010225000 128 
6286.010780500 127 
6286.011336000 129 
6286.011891500 128 
6286.012447000 128 
6286.013002500 128 
6286.013558000 127 
6286.014113500 127 
6286.014669000 129 
6286.015224500 128 
6286.015780000 127 
6286.016335500 128 
6286.016891000 128 
6286.017446500 128 
6286.018002000 127 
6286.018557500 128 
6286.019113000 128 
6286.019668500 127 
6286.020224000 128 
6286.020779500 128 
6286.021335000 128 
6286.021890500 127 
6286.022446000 128 
6286.023001500 128 
6286.023557000 128 
6286.024112500 128 
6286.024668000 127 
6286.025223500 127 
6286.025779000 128 
6286.026334500 128 
6286.026890000 127 
6286.027445500 128 
6286.028001000 127 
6286.028556500 127 
6286.029112000 128 
6286.029667500 128 
6286.030223000 127 
6286.030778500 128 
6286.031334000 128 
6286.031889500 128 
6286.032445000 127 
6286.033000500 128 
6286.033556000 128 
6286.034111500 127 
6286.034667000 127 
6286.035222500 128 
6286.035778000 128 
6286.036333500 127 
6286.036889000 127 
6286.037444500 128 
6286.038000000 127 
6286.038555500 128 
6286.039111000 127 
6286.039666500 128 
6286.040222000 127 
6286.040777500 128 
6286.041333000 127 
6286.041888500 127 
6286.042444000 128 
6286.042999500 128 
6286.043555000 127 
6286.044110500 128 
6286.044666000 128 
6286.045221500 128 
6286.045777000 127 
6286.046332500 128 
6286.046888000 128 
6286.047443500 127 
6286.047999000 128 
6286.048554500 128 
6286.049110000 127 
6286.049665500 128 
6286.050221000 128 
6286.050776500 127 
6286.051332000 128 
6286.051887500 128 
6286.052443000 129 
6286.052998500 128 
6286.053554000 127 
6286.054109500 128 
6286.054665000 128 
6286.055220500 127 
6286.055776000 128 
6286.056331500 128 
6286.056887000 128 
6286.057442500 128 
6286.057998000 128 
6286.058553500 128 
6286.059109000 127 
6286.059664500 127 
6286.060220000 129 
6286.060775500 128 
6286.061331000 127 
6286.061886500 127 
6286.062442000 128 
6286.062997500 128 
6286.063553000 127 
6286.064108500 128 
6286.064664000 128 
6286.065219500 128 
6286.065775000 127 
6286.066330500 128 
6286.066886000 128 
6286.067441500 127 
6286.067997000 128 
6286.068552500 127 
6286.069108000 128 
6286.069663500 128 
6286.070219000 127 
6286.070774500 129 
6286.071330000 128 
6286.071885500 127 
6286.072441000 128 
6286.072996500 128 
6286.073552000 127 
6286.074107500 128 
6286.074663000 128 
6286.075218500 128 
6286.075774000 128 
6286.076329500 127 
6286.076885000 128 
6286.077440500 128 
6286.077996000 127 
6286.078551500 127 
6286.079107000 128 
6286.079662500 128 
6286.080218000 127 
6286.080773500 128 
6286.081329000 128 
6286.081884500 128 
6286.082440000 127 
6286.082995500 128 
6286.083551000 128 
6286.084106500 127 
6286.084662000 128 
6286.085217500 128 
6286.085773000 128 
6286.086328500 127 
6286.086884000 128 
6286.087439500 128 
6286.087995000 127 
6286.088550500 127 
6286.089106000 128 
6286.089661500 128 
6286.090217000 127 
6286.090772500 128 
6286.091328000 128 
6286.091883500 128 
6286.092439000 127 
6286.092994500 127 
6286.093550000 128 
6286.094105500 128 
6286.094661000 128 
6286.095216500 127 
6286.095772000 128 
6286.096327500 128 
6286.096883000 128 
6286.097438500 128 
6286.097994000 127 
6286.098549500 127 
6286.099105000 128 
6286.099660500 128 
6286.100216000 128 
6286.100771500 127 
6286.101327000 128 
6286.101882500 128 
6286.102438000 128 
6286.102993500 127 
6286.103549000 127 
6286.104104500 128 
6286.104660000 128 
6286.105215500 127 
6286.105771000 127 
6286.106326500 129 
6286.106882000 128 
6286.107437500 127 
6286.107993000 127 
6286.108548500 128 
6286.109104000 128 
6286.109659500 127 
6286.110215000 128 
6286.110770500 127 
6286.111326000 128 
6286.111881500 128 
6286.112437000 127 
6286.112992500 128 
6286.113548000 127 
6286.114103500 128 
6286.114659000 128 
6286.115214500 127 
6286.115770000 127 
6286.116325500 128 
6286.116881000 128 
6286.117436500 127 
6286.117992000 128 
6286.118547500 127 
6286.119103000 127 
6286.119658500 128 
6286.120214000 127 
6286.120769500 127 
6286.121325000 129 
6286.121880500 128 
6286.122436000 127 
6286.122991500 128 
6286.123547000 127 
6286.124102500 127 
6286.124658000 128 
6286.125213500 127 
6286.125769000 128 
6286.126324500 128 
6286.126880000 128 
6286.127435500 127 
6286.127991000 128 
6286.128546500 128 
6286.129102000 128 
6286.129657500 127 
6286.130213000 128 
6286.130768500 128 
6286.131324000 128 
6286.131879500 128 
6286.132435000 128 
6286.132990500 128 
6286.133546000 127 
6286.134101500 127 
6286.134657000 128 
6286.135212500 128 
6286.135768000 127 
6286.136323500 128 
6286.136879000 127 
6286.137434500 128 
6286.137990000 128 
6286.138545500 127 
6286.139101000 128 
6286.139656500 127 
6286.140212000 128 
6286.140767500 128 
6286.141323000 127 
6286.141878500 127 
6286.142434000 128 
6286.142989500 128 
6286.143545000 127 
6286.144100500 128 
6286.144656000 128 
6286.145211500 127 
6286.145767000 128 
6286.146322500 128 
6286.146878000 128 
6286.147433500 127 
6286.147989000 128 
6286.148544500 128 
6286.149100000 127 
