3211.818230500 128 
3211.818786000 127 
3211.819341500 128 
3211.819897000 128 
3211.820452500 127 
3211.821008000 128 
3211.821563500 128 
3211.822119000 127 
3211.822674500 128 
3211.823230000 128 
3211.823785500 128 
3211.824341000 128 
3211.824896500 127 
3211.825452000 128 
3211.826007500 128 
3211.826563000 128 
3211.827118500 127 
3211.827674000 128 
3211.828229500 128 
3211.828785000 127 
3211.829340500 128 
3211.829896000 128 
3211.830451500 127 
3211.831007000 127 
3211.831562500 128 
3211.832118000 128 
3211.832673500 127 
3211.833229000 128 
3211.833784500 128 
3211.834340000 128 
3211.834895500 127 
3211.835451000 128 
3211.836006500 128 
3211.836562000 127 
3211.837117500 128 
3211.837673000 128 
3211.838228500 127 
3211.838784000 128 
3211.839339500 128 
3211.839895000 128 
3211.840450500 127 
3211.841006000 128 
3211.841561500 128 
3211.842117000 127 
3211.842672500 128 
3211.843228000 128 
3211.843783500 128 
3211.844339000 127 
3211.844894500 128 
3211.845450000 128 
3211.846005500 127 
3211.846561000 127 
3211.847116500 128 
3211.847672000 127 
3211.848227500 128 
3211.848783000 127 
3211.849338500 128 
3211.849894000 128 
3211.850449500 127 
3211.851005000 127 
3211.851560500 128 
3211.852116000 128 
3211.852671500 128 
3211.853227000 127 
3211.853782500 128 
3211.854338000 128 
3211.854893500 127 
3211.855449000 127 
3211.856004500 128 
3211.856560000 127 
3211.857115500 127 
3211.857671000 128 
3211.858226500 127 
3211.858782000 127 
3211.859337500 128 
3211.859893000 128 
3211.860448500 128 
3211.861004000 127 
3211.861559500 128 
3211.862115000 128 
3211.862670500 128 
3211.863226000 128 
3211.863781500 127 
3211.864337000 128 
3211.864892500 128 
3211.865448000 127 
3211.866003500 127 
3211.866559000 128 
3211.867114500 127 
3211.867670000 127 
3211.868225500 128 
3211.868781000 128 
3211.869336500 128 
3211.869892000 127 
3211.870447500 128 
3211.871003000 128 
3211.871558500 127 
3211.872114000 127 
3211.872669500 128 
3211.873225000 128 
3211.873780500 128 
3211.874336000 128 
3211.874891500 127 
3211.875447000 127 
3211.876002500 128 
3211.876558000 127 
3211.877113500 128 
3211.877669000 128 
3211.878224500 128 
3211.878780000 127 
3211.879335500 128 
3211.879891000 127 
3211.880446500 127 
3211.881002000 128 
3211.881557500 128 
3211.882113000 128 
3211.882668500 128 
3211.883224000 127 
3211.883779500 127 
3211.884335000 128 
3211.884890500 128 
3211.885446000 128 
3211.886001500 127 
3211.886557000 128 
3211.887112500 128 
3211.887668000 127 
3211.888223500 128 
3211.888779000 127 
3211.889334500 128 
3211.889890000 128 
3211.890445500 128 
3211.891001000 128 
3211.891556500 128 
3211.892112000 127 
3211.892667500 128 
3211.893223000 128 
3211.893778500 128 
3211.894334000 127 
3211.894889500 128 
3211.895445000 128 
3211.896000500 127 
3211.896556000 128 
3211.897111500 128 
3211.897667000 127 
3211.898222500 127 
3211.898778000 129 
3211.899333500 128 
3211.899889000 128 
3211.900444500 127 
3211.901000000 128 
3211.901555500 128 
3211.902111000 128 
3211.902666500 128 
3211.903222000 128 
3211.903777500 128 
3211.904333000 128 
3211.904888500 128 
3211.905444000 127 
3211.905999500 127 
3211.906555000 128 
3211.907110500 128 
3211.907666000 128 
3211.908221500 127 
3211.908777000 128 
3211.909332500 128 
3211.909888000 128 
3211.910443500 128 
3211.910999000 128 
3211.911554500 127 
3211.912110000 127 
3211.912665500 128 
3211.913221000 127 
3211.913776500 127 
3211.914332000 128 
3211.914887500 128 
3211.915443000 127 
3211.915998500 127 
3211.916554000 128 
3211.917109500 127 
3211.917665000 128 
3211.918220500 128 
3211.918776000 128 
3211.919331500 128 
3211.919887000 128 
3211.920442500 127 
3211.920998000 127 
3211.921553500 128 
3211.922109000 128 
3211.922664500 127 
3211.923220000 127 
3211.923775500 128 
3211.924331000 128 
3211.924886500 127 
3211.925442000 128 
3211.925997500 127 
3211.926553000 128 
3211.927108500 127 
3211.927664000 128 
3211.928219500 128 
3211.928775000 127 
3211.929330500 128 
3211.929886000 128 
3211.930441500 127 
3211.930997000 128 
3211.931552500 128 
3211.932108000 128 
3211.932663500 128 
3211.933219000 127 
3211.933774500 127 
3211.934330000 128 
3211.934885500 128 
3211.935441000 128 
3211.935996500 127 
3211.936552000 128 
3211.937107500 128 
3211.937663000 127 
3211.938218500 128 
3211.938774000 128 
3211.939329500 127 
3211.939885000 127 
3211.940440500 128 
3211.940996000 128 
3211.941551500 127 
3211.942107000 128 
3211.942662500 128 
3211.943218000 127 
3211.943773500 129 
3211.944329000 127 
3211.944884500 128 
3211.945440000 128 
3211.945995500 127 
3211.946551000 128 
3211.947106500 128 
3211.947662000 127 
3211.948217500 128 
3211.948773000 128 
3211.949328500 127 
3211.949884000 128 
3211.950439500 128 
3211.950995000 127 
3211.951550500 127 
3211.952106000 128 
3211.952661500 128 
3211.953217000 128 
3211.953772500 127 
3211.954328000 128 
3211.954883500 127 
3211.955439000 128 
3211.955994500 128 
3211.956550000 128 
3211.957105500 127 
3211.957661000 128 
3211.958216500 128 
3211.958772000 127 
3211.959327500 128 
3211.959883000 127 
3211.960438500 127 
3211.960994000 128 
3211.961549500 128 
3211.962105000 127 
3211.962660500 127 
3211.963216000 128 
3211.963771500 128 
3211.964327000 128 
3211.964882500 128 
3211.965438000 127 
3211.965993500 128 
3211.966549000 128 
3211.967104500 128 
3211.967660000 127 
3211.968215500 128 
3211.968771000 128 
3211.969326500 127 
3211.969882000 127 
3211.970437500 128 
3211.970993000 128 
3211.971548500 127 
3211.972104000 128 
3211.972659500 127 
3211.973215000 128 
3211.973770500 128 
3211.974326000 127 
3211.974881500 127 
3211.975437000 128 
3211.975992500 128 
3211.976548000 127 
3211.977103500 128 
3211.977659000 128 
3211.978214500 127 
3211.978770000 128 
3211.979325500 128 
3211.979881000 128 
3211.980436500 127 
3211.980992000 127 
3211.981547500 128 
3211.982103000 127 
3211.982658500 128 
3211.983214000 128 
3211.983769500 128 
3211.984325000 127 
3211.984880500 128 
3211.985436000 127 
3211.985991500 127 
3211.986547000 128 
3211.987102500 127 
3211.987658000 128 
3211.988213500 128 
3211.988769000 127 
3211.989324500 128 
3211.989880000 128 
3211.990435500 127 
3211.990991000 127 
3211.991546500 128 
3211.992102000 128 
3211.992657500 128 
3211.993213000 128 
3211.993768500 127 
3211.994324000 127 
3211.994879500 128 
3211.995435000 128 
3211.995990500 128 
3211.996546000 128 
3211.997101500 128 
3211.997657000 128 
3211.998212500 127 
3211.998768000 128 
3211.999323500 128 
3211.999879000 128 
3212.000434500 128 
3212.000990000 128 
3212.001545500 128 
3212.002101000 128 
3212.002656500 128 
3212.003212000 128 
3212.003767500 128 
3212.004323000 128 
3212.004878500 127 
3212.005434000 127 
3212.005989500 128 
3212.006545000 127 
3212.007100500 127 
3212.007656000 128 
3212.008211500 128 
3212.008767000 128 
3212.009322500 128 
3212.009878000 127 
3212.010433500 128 
3212.010989000 128 
3212.011544500 128 
3212.012100000 127 
3212.012655500 128 
3212.013211000 128 
3212.013766500 127 
3212.014322000 128 
3212.014877500 127 
3212.015433000 128 
3212.015988500 128 
3212.016544000 127 
3212.017099500 127 
3212.017655000 128 
3212.018210500 128 
3212.018766000 127 
3212.019321500 128 
3212.019877000 128 
3212.020432500 127 
3212.020988000 128 
3212.021543500 128 
3212.022099000 128 
3212.022654500 127 
3212.023210000 127 
3212.023765500 128 
3212.024321000 127 
3212.024876500 127 
3212.025432000 128 
3212.025987500 128 
3212.026543000 127 
3212.027098500 128 
3212.027654000 128 
3212.028209500 127 
3212.028765000 128 
3212.029320500 127 
3212.029876000 128 
3212.030431500 128 
3212.030987000 127 
3212.031542500 128 
3212.032098000 128 
3212.032653500 128 
3212.033209000 127 
3212.033764500 127 
3212.034320000 128 
3212.034875500 128 
3212.035431000 127 
3212.035986500 127 
3212.036542000 127 
3212.037097500 128 
3212.037653000 127 
3212.038208500 128 
3212.038764000 127 
3212.039319500 128 
3212.039875000 128 
3212.040430500 128 
3212.040986000 127 
3212.041541500 127 
3212.042097000 128 
3212.042652500 127 
3212.043208000 128 
3212.043763500 127 
3212.044319000 127 
3212.044874500 128 
3212.045430000 128 
3212.045985500 127 
3212.046541000 127 
3212.047096500 128 
3212.047652000 128 
3212.048207500 127 
3212.048763000 128 
3212.049318500 128 
3212.049874000 128 
3212.050429500 127 
3212.050985000 127 
3212.051540500 128 
3212.052096000 128 
3212.052651500 127 
3212.053207000 128 
3212.053762500 128 
3212.054318000 127 
3212.054873500 128 
3212.055429000 128 
3212.055984500 127 
3212.056540000 128 
3212.057095500 128 
3212.057651000 127 
3212.058206500 127 
3212.058762000 128 
3212.059317500 128 
3212.059873000 127 
3212.060428500 128 
3212.060984000 128 
3212.061539500 128 
3212.062095000 128 
3212.062650500 128 
3212.063206000 127 
3212.063761500 128 
3212.064317000 128 
3212.064872500 127 
3212.065428000 128 
3212.065983500 128 
3212.066539000 127 
3212.067094500 128 
3212.067650000 128 
3212.068205500 127 
3212.068761000 128 
3212.069316500 128 
3212.069872000 127 
3212.070427500 128 
3212.070983000 127 
3212.071538500 127 
3212.072094000 128 
3212.072649500 127 
3212.073205000 127 
3212.073760500 128 
3212.074316000 128 
3212.074871500 127 
3212.075427000 128 
3212.075982500 128 
3212.076538000 127 
3212.077093500 128 
3212.077649000 128 
3212.078204500 127 
3212.078760000 127 
3212.079315500 128 
3212.079871000 128 
3212.080426500 127 
3212.080982000 127 
3212.081537500 128 
3212.082093000 128 
3212.082648500 128 
3212.083204000 127 
3212.083759500 128 
3212.084315000 127 
3212.084870500 128 
3212.085426000 127 
3212.085981500 128 
3212.086537000 128 
3212.087092500 128 
3212.087648000 127 
3212.088203500 128 
3212.088759000 128 
3212.089314500 127 
3212.089870000 128 
3212.090425500 128 
3212.090981000 127 
3212.091536500 127 
3212.092092000 128 
3212.092647500 128 
3212.093203000 128 
3212.093758500 127 
3212.094314000 128 
3212.094869500 128 
3212.095425000 128 
3212.095980500 127 
3212.096536000 128 
3212.097091500 127 
3212.097647000 128 
3212.098202500 128 
3212.098758000 128 
3212.099313500 128 
3212.099869000 127 
3212.100424500 128 
3212.100980000 128 
3212.101535500 127 
3212.102091000 128 
3212.102646500 128 
3212.103202000 127 
3212.103757500 128 
3212.104313000 128 
3212.104868500 128 
3212.105424000 127 
3212.105979500 128 
3212.106535000 128 
3212.107090500 128 
3212.107646000 127 
3212.108201500 128 
3212.108757000 128 
3212.109312500 127 
3212.109868000 128 
3212.110423500 128 
3212.110979000 128 
3212.111534500 128 
3212.112090000 128 
3212.112645500 127 
3212.113201000 128 
3212.113756500 128 
3212.114312000 127 
3212.114867500 128 
3212.115423000 128 
3212.115978500 127 
3212.116534000 127 
3212.117089500 128 
3212.117645000 128 
3212.118200500 127 
3212.118756000 128 
3212.119311500 128 
3212.119867000 127 
3212.120422500 127 
3212.120978000 127 
3212.121533500 128 
3212.122089000 127 
3212.122644500 128 
3212.123200000 128 
3212.123755500 127 
3212.124311000 128 
3212.124866500 127 
3212.125422000 127 
3212.125977500 128 
3212.126533000 128 
3212.127088500 127 
3212.127644000 128 
3212.128199500 128 
3212.128755000 128 
3212.129310500 127 
3212.129866000 128 
3212.130421500 128 
3212.130977000 127 
3212.131532500 128 
3212.132088000 128 
3212.132643500 127 
3212.133199000 127 
3212.133754500 127 
3212.134310000 128 
3212.134865500 128 
3212.135421000 128 
3212.135976500 127 
3212.136532000 128 
3212.137087500 128 
3212.137643000 127 
3212.138198500 128 
3212.138754000 128 
3212.139309500 128 
3212.139865000 128 
3212.140420500 127 
3212.140976000 128 
3212.141531500 128 
3212.142087000 128 
3212.142642500 127 
3212.143198000 129 
3212.143753500 128 
3212.144309000 128 
3212.144864500 127 
3212.145420000 128 
3212.145975500 128 
3212.146531000 128 
3212.147086500 127 
3212.147642000 127 
3212.148197500 128 
3212.148753000 128 
3212.149308500 128 
3212.149864000 127 
3212.150419500 128 
3212.150975000 128 
3212.151530500 127 
3212.152086000 127 
3212.152641500 128 
3212.153197000 127 
3212.153752500 128 
3212.154308000 127 
3212.154863500 127 
3212.155419000 127 
3212.155974500 128 
3212.156530000 128 
3212.157085500 128 
3212.157641000 127 
3212.158196500 128 
3212.158752000 128 
3212.159307500 128 
3212.159863000 127 
3212.160418500 128 
3212.160974000 128 
3212.161529500 128 
3212.162085000 128 
3212.162640500 127 
3212.163196000 128 
3212.163751500 128 
3212.164307000 127 
3212.164862500 128 
3212.165418000 128 
3212.165973500 127 
3212.166529000 128 
3212.167084500 127 
3212.167640000 128 
3212.168195500 128 
3212.168751000 127 
3212.169306500 128 
3212.169862000 128 
3212.170417500 127 
3212.170973000 127 
3212.171528500 128 
3212.172084000 128 
3212.172639500 128 
3212.173195000 127 
3212.173750500 128 
3212.174306000 128 
3212.174861500 128 
3212.175417000 127 
3212.175972500 128 
3212.176528000 128 
3212.177083500 127 
3212.177639000 127 
3212.178194500 128 
3212.178750000 128 
3212.179305500 127 
3212.179861000 128 
3212.180416500 127 
3212.180972000 128 
3212.181527500 128 
3212.182083000 128 
3212.182638500 128 
3212.183194000 127 
3212.183749500 128 
3212.184305000 128 
3212.184860500 127 
3212.185416000 128 
3212.185971500 128 
3212.186527000 128 
3212.187082500 127 
3212.187638000 128 
3212.188193500 128 
3212.188749000 127 
3212.189304500 128 
3212.189860000 128 
3212.190415500 127 
3212.190971000 129 
3212.191526500 128 
3212.192082000 127 
3212.192637500 127 
3212.193193000 128 
3212.193748500 128 
3212.194304000 127 
3212.194859500 128 
3212.195415000 128 
3212.195970500 128 
3212.196526000 128 
3212.197081500 127 
3212.197637000 128 
3212.198192500 128 
3212.198748000 127 
3212.199303500 128 
3212.199859000 128 
3212.200414500 127 
3212.200970000 128 
3212.201525500 128 
3212.202081000 128 
3212.202636500 127 
3212.203192000 127 
3212.203747500 128 
3212.204303000 128 
3212.204858500 127 
3212.205414000 128 
3212.205969500 128 
3212.206525000 127 
3212.207080500 127 
3212.207636000 128 
3212.208191500 127 
3212.208747000 127 
3212.209302500 128 
3212.209858000 128 
3212.210413500 128 
3212.210969000 128 
3212.211524500 127 
3212.212080000 128 
3212.212635500 128 
3212.213191000 127 
3212.213746500 127 
3212.214302000 128 
3212.214857500 128 
3212.215413000 127 
3212.215968500 127 
3212.216524000 128 
3212.217079500 128 
3212.217635000 127 
3212.218190500 128 
3212.218746000 128 
3212.219301500 128 
3212.219857000 127 
3212.220412500 128 
3212.220968000 128 
3212.221523500 127 
3212.222079000 128 
3212.222634500 128 
3212.223190000 128 
3212.223745500 128 
3212.224301000 128 
3212.224856500 127 
3212.225412000 127 
3212.225967500 128 
3212.226523000 128 
3212.227078500 127 
3212.227634000 127 
3212.228189500 128 
3212.228745000 128 
3212.229300500 127 
3212.229856000 128 
3212.230411500 128 
3212.230967000 127 
3212.231522500 127 
3212.232078000 128 
3212.232633500 127 
3212.233189000 127 
3212.233744500 128 
3212.234300000 128 
3212.234855500 127 
3212.235411000 128 
3212.235966500 127 
3212.236522000 127 
3212.237077500 128 
3212.237633000 127 
3212.238188500 127 
3212.238744000 128 
3212.239299500 127 
3212.239855000 127 
3212.240410500 128 
3212.240966000 128 
3212.241521500 127 
3212.242077000 128 
3212.242632500 128 
3212.243188000 127 
3212.243743500 128 
3212.244299000 128 
3212.244854500 128 
3212.245410000 127 
3212.245965500 128 
3212.246521000 127 
3212.247076500 128 
3212.247632000 128 
3212.248187500 128 
3212.248743000 127 
3212.249298500 129 
3212.249854000 128 
3212.250409500 128 
3212.250965000 128 
3212.251520500 128 
3212.252076000 128 
3212.252631500 127 
3212.253187000 127 
3212.253742500 128 
3212.254298000 128 
3212.254853500 128 
3212.255409000 127 
3212.255964500 128 
3212.256520000 128 
3212.257075500 127 
3212.257631000 127 
3212.258186500 128 
3212.258742000 127 
3212.259297500 128 
3212.259853000 128 
3212.260408500 127 
3212.260964000 128 
3212.261519500 128 
3212.262075000 128 
3212.262630500 127 
3212.263186000 128 
3212.263741500 128 
3212.264297000 128 
3212.264852500 128 
3212.265408000 127 
3212.265963500 127 
3212.266519000 128 
3212.267074500 128 
3212.267630000 127 
3212.268185500 127 
3212.268741000 128 
3212.269296500 127 
3212.269852000 127 
3212.270407500 128 
3212.270963000 128 
3212.271518500 128 
3212.272074000 128 
3212.272629500 127 
3212.273185000 127 
3212.273740500 128 
3212.274296000 128 
3212.274851500 127 
3212.275407000 128 
3212.275962500 128 
3212.276518000 127 
3212.277073500 127 
3212.277629000 129 
3212.278184500 128 
3212.278740000 128 
3212.279295500 128 
3212.279851000 127 
3212.280406500 128 
3212.280962000 128 
3212.281517500 128 
3212.282073000 127 
3212.282628500 128 
3212.283184000 128 
3212.283739500 127 
3212.284295000 127 
3212.284850500 128 
3212.285406000 128 
3212.285961500 128 
3212.286517000 127 
3212.287072500 127 
3212.287628000 128 
3212.288183500 127 
3212.288739000 128 
3212.289294500 128 
3212.289850000 128 
3212.290405500 127 
3212.290961000 127 
3212.291516500 128 
3212.292072000 127 
3212.292627500 128 
3212.293183000 127 
3212.293738500 128 
3212.294294000 128 
3212.294849500 127 
3212.295405000 127 
3212.295960500 127 
3212.296516000 128 
3212.297071500 128 
3212.297627000 127 
3212.298182500 127 
3212.298738000 128 
3212.299293500 128 
3212.299849000 127 
3212.300404500 127 
3212.300960000 128 
3212.301515500 128 
3212.302071000 128 
3212.302626500 127 
3212.303182000 128 
3212.303737500 128 
3212.304293000 127 
3212.304848500 129 
3212.305404000 127 
3212.305959500 128 
3212.306515000 127 
3212.307070500 128 
3212.307626000 128 
3212.308181500 127 
3212.308737000 127 
3212.309292500 128 
3212.309848000 128 
3212.310403500 127 
3212.310959000 128 
3212.311514500 128 
3212.312070000 128 
3212.312625500 127 
3212.313181000 128 
3212.313736500 128 
3212.314292000 128 
3212.314847500 127 
3212.315403000 128 
3212.315958500 128 
3212.316514000 127 
3212.317069500 128 
3212.317625000 128 
3212.318180500 127 
3212.318736000 128 
3212.319291500 128 
3212.319847000 127 
3212.320402500 128 
3212.320958000 128 
3212.321513500 128 
3212.322069000 128 
3212.322624500 128 
3212.323180000 127 
3212.323735500 128 
3212.324291000 127 
3212.324846500 127 
3212.325402000 128 
3212.325957500 128 
3212.326513000 128 
3212.327068500 127 
3212.327624000 128 
3212.328179500 128 
3212.328735000 128 
3212.329290500 127 
3212.329846000 127 
3212.330401500 128 
3212.330957000 127 
3212.331512500 127 
3212.332068000 128 
3212.332623500 128 
3212.333179000 127 
3212.333734500 128 
3212.334290000 127 
3212.334845500 128 
3212.335401000 127 
3212.335956500 127 
3212.336512000 128 
3212.337067500 128 
3212.337623000 128 
3212.338178500 127 
3212.338734000 128 
3212.339289500 128 
3212.339845000 127 
3212.340400500 128 
3212.340956000 127 
3212.341511500 127 
3212.342067000 127 
3212.342622500 128 
3212.343178000 128 
3212.343733500 128 
3212.344289000 127 
3212.344844500 127 
3212.345400000 128 
3212.345955500 128 
3212.346511000 128 
3212.347066500 128 
3212.347622000 127 
3212.348177500 128 
3212.348733000 128 
3212.349288500 128 
3212.349844000 128 
3212.350399500 127 
3212.350955000 128 
3212.351510500 128 
3212.352066000 128 
3212.352621500 128 
3212.353177000 128 
3212.353732500 128 
3212.354288000 128 
3212.354843500 128 
3212.355399000 128 
3212.355954500 128 
3212.356510000 128 
3212.357065500 128 
3212.357621000 127 
3212.358176500 128 
3212.358732000 127 
3212.359287500 127 
3212.359843000 128 
3212.360398500 128 
3212.360954000 127 
3212.361509500 128 
3212.362065000 127 
3212.362620500 128 
3212.363176000 127 
3212.363731500 127 
3212.364287000 128 
3212.364842500 128 
3212.365398000 127 
3212.365953500 128 
3212.366509000 128 
3212.367064500 127 
3212.367620000 128 
3212.368175500 128 
3212.368731000 128 
3212.369286500 127 
3212.369842000 128 
3212.370397500 128 
3212.370953000 128 
3212.371508500 128 
3212.372064000 127 
3212.372619500 127 
3212.373175000 128 
3212.373730500 128 
3212.374286000 128 
3212.374841500 127 
3212.375397000 128 
3212.375952500 128 
3212.376508000 128 
3212.377063500 127 
3212.377619000 128 
3212.378174500 128 
3212.378730000 127 
3212.379285500 128 
3212.379841000 128 
3212.380396500 127 
3212.380952000 128 
3212.381507500 128 
3212.382063000 127 
3212.382618500 128 
3212.383174000 128 
3212.383729500 128 
3212.384285000 127 
3212.384840500 128 
3212.385396000 128 
3212.385951500 128 
3212.386507000 127 
3212.387062500 128 
3212.387618000 128 
3212.388173500 128 
3212.388729000 127 
3212.389284500 128 
3212.389840000 127 
3212.390395500 128 
3212.390951000 128 
3212.391506500 127 
3212.392062000 127 
3212.392617500 128 
3212.393173000 128 
3212.393728500 128 
3212.394284000 127 
3212.394839500 128 
3212.395395000 128 
3212.395950500 127 
3212.396506000 128 
3212.397061500 128 
3212.397617000 128 
3212.398172500 127 
3212.398728000 128 
3212.399283500 127 
3212.399839000 127 
3212.400394500 127 
3212.400950000 128 
3212.401505500 127 
3212.402061000 128 
3212.402616500 128 
3212.403172000 128 
3212.403727500 128 
3212.404283000 128 
3212.404838500 128 
3212.405394000 128 
3212.405949500 127 
3212.406505000 129 
3212.407060500 128 
3212.407616000 127 
3212.408171500 128 
3212.408727000 128 
3212.409282500 127 
3212.409838000 128 
3212.410393500 128 
3212.410949000 128 
3212.411504500 127 
3212.412060000 127 
3212.412615500 128 
3212.413171000 128 
3212.413726500 128 
3212.414282000 127 
3212.414837500 128 
3212.415393000 127 
3212.415948500 127 
3212.416504000 127 
3212.417059500 127 
3212.417615000 128 
3212.418170500 127 
3212.418726000 127 
3212.419281500 128 
3212.419837000 128 
3212.420392500 127 
3212.420948000 128 
3212.421503500 128 
3212.422059000 127 
3212.422614500 128 
3212.423170000 128 
3212.423725500 128 
3212.424281000 127 
3212.424836500 127 
3212.425392000 127 
3212.425947500 129 
3212.426503000 128 
3212.427058500 127 
3212.427614000 128 
3212.428169500 128 
3212.428725000 127 
3212.429280500 128 
3212.429836000 128 
3212.430391500 128 
3212.430947000 128 
3212.431502500 127 
3212.432058000 128 
3212.432613500 128 
3212.433169000 128 
3212.433724500 127 
3212.434280000 128 
3212.434835500 127 
3212.435391000 127 
3212.435946500 128 
3212.436502000 128 
3212.437057500 127 
3212.437613000 128 
3212.438168500 128 
3212.438724000 127 
3212.439279500 127 
3212.439835000 128 
3212.440390500 128 
3212.440946000 127 
3212.441501500 127 
3212.442057000 128 
3212.442612500 128 
3212.443168000 127 
3212.443723500 128 
3212.444279000 127 
3212.444834500 127 
3212.445390000 128 
3212.445945500 127 
3212.446501000 128 
3212.447056500 128 
3212.447612000 128 
3212.448167500 127 
3212.448723000 127 
3212.449278500 128 
3212.449834000 128 
3212.450389500 128 
3212.450945000 127 
3212.451500500 127 
3212.452056000 128 
3212.452611500 128 
3212.453167000 127 
3212.453722500 127 
3212.454278000 128 
3212.454833500 128 
3212.455389000 127 
3212.455944500 128 
3212.456500000 128 
3212.457055500 128 
3212.457611000 128 
3212.458166500 128 
3212.458722000 128 
3212.459277500 128 
3212.459833000 127 
3212.460388500 128 
3212.460944000 128 
3212.461499500 127 
3212.462055000 127 
3212.462610500 128 
3212.463166000 128 
3212.463721500 127 
3212.464277000 127 
3212.464832500 128 
3212.465388000 128 
3212.465943500 127 
3212.466499000 127 
3212.467054500 128 
3212.467610000 128 
3212.468165500 127 
3212.468721000 127 
3212.469276500 128 
3212.469832000 127 
3212.470387500 127 
3212.470943000 128 
3212.471498500 127 
3212.472054000 128 
3212.472609500 128 
3212.473165000 127 
3212.473720500 128 
3212.474276000 128 
3212.474831500 127 
3212.475387000 128 
3212.475942500 128 
3212.476498000 127 
3212.477053500 128 
3212.477609000 128 
3212.478164500 127 
3212.478720000 127 
3212.479275500 128 
3212.479831000 128 
3212.480386500 127 
3212.480942000 128 
3212.481497500 128 
3212.482053000 127 
3212.482608500 127 
3212.483164000 128 
3212.483719500 128 
3212.484275000 128 
3212.484830500 127 
3212.485386000 129 
3212.485941500 128 
3212.486497000 127 
3212.487052500 128 
3212.487608000 127 
3212.488163500 128 
3212.488719000 127 
3212.489274500 128 
3212.489830000 128 
3212.490385500 127 
3212.490941000 128 
3212.491496500 128 
3212.492052000 127 
3212.492607500 128 
3212.493163000 128 
3212.493718500 127 
3212.494274000 127 
3212.494829500 127 
3212.495385000 128 
3212.495940500 128 
3212.496496000 127 
3212.497051500 128 
3212.497607000 128 
3212.498162500 128 
3212.498718000 128 
3212.499273500 128 
3212.499829000 128 
3212.500384500 127 
3212.500940000 129 
3212.501495500 128 
3212.502051000 127 
3212.502606500 128 
3212.503162000 128 
3212.503717500 127 
3212.504273000 127 
3212.504828500 128 
3212.505384000 128 
3212.505939500 127 
3212.506495000 128 
3212.507050500 128 
3212.507606000 127 
3212.508161500 127 
3212.508717000 128 
3212.509272500 128 
3212.509828000 128 
3212.510383500 127 
3212.510939000 128 
3212.511494500 128 
3212.512050000 127 
3212.512605500 128 
3212.513161000 128 
3212.513716500 126 
3212.514272000 122 
3212.514827500 115 
3212.515383000 109 
3212.515938500 102 
3212.516494000 096 
3212.517049500 091 
3212.517605000 088 
3212.518160500 087 
3212.518716000 085 
3212.519271500 086 
3212.519827000 090 
3212.520382500 094 
3212.520938000 100 
3212.521493500 106 
3212.522049000 113 
3212.522604500 121 
3212.523160000 131 
3212.523715500 140 
3212.524271000 148 
3212.524826500 158 
3212.525382000 165 
3212.525937500 171 
3212.526493000 177 
3212.527048500 181 
3212.527604000 184 
3212.528159500 186 
3212.528715000 185 
3212.529270500 183 
3212.529826000 179 
3212.530381500 174 
3212.530937000 167 
3212.531492500 161 
3212.532048000 152 
3212.532603500 144 
3212.533159000 134 
3212.533714500 124 
3212.534270000 115 
3212.534825500 107 
3212.535381000 099 
3212.535936500 092 
3212.536492000 087 
3212.537047500 081 
3212.537603000 078 
3212.538158500 078 
3212.538714000 077 
3212.539269500 078 
3212.539825000 082 
3212.540380500 087 
3212.540936000 093 
3212.541491500 099 
3212.542047000 108 
3212.542602500 116 
3212.543158000 125 
3212.543713500 135 
3212.544269000 143 
3212.544824500 153 
3212.545380000 160 
3212.545935500 167 
3212.546491000 173 
3212.547046500 177 
3212.547602000 179 
3212.548157500 182 
3212.548713000 181 
3212.549268500 179 
3212.549824000 175 
3212.550379500 172 
3212.550935000 165 
3212.551490500 157 
3212.552046000 149 
3212.552601500 141 
3212.553157000 132 
3212.553712500 122 
3212.554268000 113 
3212.554823500 104 
3212.555379000 097 
3212.555934500 089 
3212.556490000 085 
3212.557045500 080 
3212.557601000 078 
3212.558156500 075 
3212.558712000 076 
3212.559267500 078 
3212.559823000 081 
3212.560378500 085 
3212.560934000 091 
3212.561489500 099 
3212.562045000 107 
3212.562600500 115 
3212.563156000 125 
3212.563711500 134 
3212.564267000 143 
3212.564822500 151 
3212.565378000 159 
3212.565933500 167 
3212.566489000 172 
3212.567044500 176 
3212.567600000 179 
3212.568155500 180 
3212.568711000 181 
3212.569266500 178 
3212.569822000 176 
3212.570377500 170 
3212.570933000 165 
3212.571488500 157 
3212.572044000 148 
3212.572599500 140 
3212.573155000 131 
3212.573710500 122 
3212.574266000 113 
3212.574821500 104 
3212.575377000 096 
3212.575932500 089 
3212.576488000 084 
3212.577043500 079 
3212.577599000 076 
3212.578154500 075 
3212.578710000 076 
3212.579265500 078 
3212.579821000 080 
3212.580376500 086 
3212.580932000 091 
3212.581487500 098 
3212.582043000 107 
3212.582598500 115 
3212.583154000 124 
3212.583709500 134 
3212.584265000 142 
3212.584820500 151 
3212.585376000 159 
3212.585931500 166 
3212.586487000 172 
3212.587042500 176 
3212.587598000 179 
3212.588153500 181 
3212.588709000 180 
3212.589264500 179 
3212.589820000 175 
3212.590375500 171 
3212.590931000 164 
3212.591486500 157 
3212.592042000 148 
3212.592597500 140 
3212.593153000 131 
3212.593708500 121 
3212.594264000 113 
3212.594819500 104 
3212.595375000 096 
3212.595930500 089 
3212.596486000 084 
3212.597041500 079 
3212.597597000 077 
3212.598152500 075 
3212.598708000 076 
3212.599263500 078 
3212.599819000 080 
3212.600374500 084 
3212.600930000 092 
3212.601485500 099 
3212.602041000 106 
3212.602596500 115 
3212.603152000 124 
3212.603707500 134 
3212.604263000 142 
3212.604818500 152 
3212.605374000 159 
3212.605929500 166 
3212.606485000 172 
3212.607040500 175 
3212.607596000 179 
3212.608151500 180 
3212.608707000 180 
3212.609262500 179 
3212.609818000 176 
3212.610373500 170 
3212.610929000 165 
3212.611484500 157 
3212.612040000 148 
3212.612595500 140 
3212.613151000 131 
3212.613706500 121 
3212.614262000 113 
3212.614817500 104 
3212.615373000 096 
3212.615928500 089 
3212.616484000 084 
3212.617039500 079 
3212.617595000 078 
3212.618150500 076 
3212.618706000 075 
3212.619261500 077 
3212.619817000 081 
3212.620372500 086 
3212.620928000 091 
3212.621483500 098 
3212.622039000 107 
3212.622594500 115 
3212.623150000 124 
3212.623705500 134 
3212.624261000 142 
3212.624816500 152 
3212.625372000 159 
3212.625927500 166 
3212.626483000 171 
3212.627038500 176 
3212.627594000 179 
3212.628149500 181 
3212.628705000 180 
3212.629260500 178 
3212.629816000 175 
3212.630371500 171 
3212.630927000 164 
3212.631482500 157 
3212.632038000 148 
3212.632593500 141 
3212.633149000 131 
3212.633704500 122 
3212.634260000 112 
3212.634815500 104 
3212.635371000 097 
3212.635926500 090 
3212.636482000 083 
3212.637037500 080 
3212.637593000 077 
3212.638148500 075 
3212.638704000 076 
3212.639259500 076 
3212.639815000 081 
3212.640370500 086 
3212.640926000 090 
3212.641481500 099 
3212.642037000 107 
3212.642592500 115 
3212.643148000 124 
3212.643703500 134 
3212.644259000 143 
3212.644814500 151 
3212.645370000 159 
3212.645925500 166 
3212.646481000 172 
3212.647036500 176 
3212.647592000 179 
3212.648147500 180 
3212.648703000 181 
3212.649258500 179 
3212.649814000 175 
3212.650369500 170 
3212.650925000 164 
3212.651480500 157 
3212.652036000 149 
3212.652591500 140 
3212.653147000 132 
3212.653702500 122 
3212.654258000 112 
3212.654813500 105 
3212.655369000 097 
3212.655924500 089 
3212.656480000 085 
3212.657035500 080 
3212.657591000 077 
3212.658146500 075 
3212.658702000 076 
3212.659257500 077 
3212.659813000 080 
3212.660368500 086 
3212.660924000 092 
3212.661479500 098 
3212.662035000 105 
3212.662590500 116 
3212.663146000 124 
3212.663701500 133 
3212.664257000 142 
3212.664812500 151 
3212.665368000 159 
3212.665923500 166 
3212.666479000 171 
3212.667034500 177 
3212.667590000 179 
3212.668145500 180 
3212.668701000 180 
3212.669256500 179 
3212.669812000 175 
3212.670367500 170 
3212.670923000 165 
3212.671478500 158 
3212.672034000 149 
3212.672589500 139 
3212.673145000 132 
3212.673700500 122 
3212.674256000 113 
3212.674811500 104 
3212.675367000 097 
3212.675922500 090 
3212.676478000 083 
3212.677033500 080 
3212.677589000 077 
3212.678144500 075 
3212.678700000 075 
3212.679255500 078 
3212.679811000 080 
3212.680366500 085 
3212.680922000 092 
3212.681477500 098 
3212.682033000 105 
3212.682588500 115 
3212.683144000 124 
3212.683699500 133 
3212.684255000 142 
3212.684810500 151 
3212.685366000 159 
3212.685921500 166 
3212.686477000 171 
3212.687032500 177 
3212.687588000 179 
3212.688143500 180 
3212.688699000 179 
3212.689254500 179 
3212.689810000 175 
3212.690365500 170 
3212.690921000 165 
3212.691476500 157 
3212.692032000 148 
3212.692587500 141 
3212.693143000 131 
3212.693698500 121 
3212.694254000 113 
3212.694809500 104 
3212.695365000 097 
3212.695920500 090 
3212.696476000 083 
3212.697031500 080 
3212.697587000 077 
3212.698142500 075 
3212.698698000 075 
3212.699253500 078 
3212.699809000 081 
3212.700364500 085 
3212.700920000 090 
3212.701475500 098 
3212.702031000 106 
3212.702586500 114 
3212.703142000 123 
3212.703697500 133 
3212.704253000 142 
3212.704808500 150 
3212.705364000 159 
3212.705919500 166 
3212.706475000 171 
3212.707030500 175 
3212.707586000 180 
3212.708141500 180 
3212.708697000 181 
3212.709252500 179 
3212.709808000 175 
3212.710363500 171 
3212.710919000 164 
3212.711474500 157 
3212.712030000 148 
3212.712585500 141 
3212.713141000 131 
3212.713696500 122 
3212.714252000 112 
3212.714807500 104 
3212.715363000 096 
3212.715918500 089 
3212.716474000 083 
3212.717029500 080 
3212.717585000 077 
3212.718140500 075 
3212.718696000 076 
3212.719251500 078 
3212.719807000 081 
3212.720362500 085 
3212.720918000 091 
3212.721473500 099 
3212.722029000 106 
3212.722584500 115 
3212.723140000 124 
3212.723695500 133 
3212.724251000 142 
3212.724806500 151 
3212.725362000 159 
3212.725917500 166 
3212.726473000 171 
3212.727028500 177 
3212.727584000 179 
3212.728139500 180 
3212.728695000 180 
3212.729250500 179 
3212.729806000 176 
3212.730361500 170 
3212.730917000 164 
3212.731472500 157 
3212.732028000 150 
3212.732583500 140 
3212.733139000 131 
3212.733694500 121 
3212.734250000 113 
3212.734805500 104 
3212.735361000 096 
3212.735916500 090 
3212.736472000 084 
3212.737027500 080 
3212.737583000 077 
3212.738138500 075 
3212.738694000 076 
3212.739249500 077 
3212.739805000 080 
3212.740360500 086 
3212.740916000 091 
3212.741471500 098 
3212.742027000 107 
3212.742582500 115 
3212.743138000 123 
3212.743693500 134 
3212.744249000 143 
3212.744804500 151 
3212.745360000 158 
3212.745915500 166 
3212.746471000 172 
3212.747026500 176 
3212.747582000 179 
3212.748137500 180 
3212.748693000 180 
3212.749248500 178 
3212.749804000 176 
3212.750359500 170 
3212.750915000 165 
3212.751470500 156 
3212.752026000 150 
3212.752581500 141 
3212.753137000 130 
3212.753692500 122 
3212.754248000 113 
3212.754803500 105 
3212.755359000 097 
3212.755914500 089 
3212.756470000 084 
3212.757025500 080 
3212.757581000 077 
3212.758136500 075 
3212.758692000 076 
3212.759247500 077 
3212.759803000 080 
3212.760358500 084 
3212.760914000 091 
3212.761469500 097 
3212.762025000 106 
3212.762580500 115 
3212.763136000 124 
3212.763691500 133 
3212.764247000 143 
3212.764802500 151 
3212.765358000 159 
3212.765913500 166 
3212.766469000 171 
3212.767024500 175 
3212.767580000 179 
3212.768135500 180 
3212.768691000 181 
3212.769246500 178 
3212.769802000 175 
3212.770357500 171 
3212.770913000 165 
3212.771468500 157 
3212.772024000 148 
3212.772579500 141 
3212.773135000 132 
3212.773690500 122 
3212.774246000 113 
3212.774801500 105 
3212.775357000 096 
3212.775912500 089 
3212.776468000 085 
3212.777023500 080 
3212.777579000 077 
3212.778134500 075 
3212.778690000 076 
3212.779245500 077 
3212.779801000 081 
3212.780356500 086 
3212.780912000 091 
3212.781467500 099 
3212.782023000 106 
3212.782578500 114 
3212.783134000 123 
3212.783689500 134 
3212.784245000 142 
3212.784800500 150 
3212.785356000 159 
3212.785911500 166 
3212.786467000 171 
3212.787022500 177 
3212.787578000 179 
3212.788133500 180 
3212.788689000 180 
3212.789244500 179 
3212.789800000 175 
3212.790355500 170 
3212.790911000 165 
3212.791466500 158 
3212.792022000 149 
3212.792577500 140 
3212.793133000 131 
3212.793688500 122 
3212.794244000 112 
3212.794799500 105 
3212.795355000 097 
3212.795910500 090 
3212.796466000 083 
3212.797021500 080 
3212.797577000 078 
3212.798132500 075 
3212.798688000 076 
3212.799243500 078 
3212.799799000 081 
3212.800354500 085 
3212.800910000 091 
3212.801465500 097 
3212.802021000 105 
3212.802576500 115 
3212.803132000 124 
3212.803687500 132 
3212.804243000 142 
3212.804798500 151 
3212.805354000 158 
3212.805909500 166 
3212.806465000 171 
3212.807020500 176 
3212.807576000 179 
3212.808131500 180 
3212.808687000 180 
3212.809242500 179 
3212.809798000 175 
3212.810353500 170 
3212.810909000 164 
3212.811464500 158 
3212.812020000 149 
3212.812575500 140 
3212.813131000 132 
3212.813686500 122 
3212.814242000 113 
3212.814797500 105 
3212.815353000 097 
3212.815908500 089 
3212.816464000 084 
3212.817019500 080 
3212.817575000 076 
3212.818130500 075 
3212.818686000 076 
3212.819241500 077 
3212.819797000 080 
3212.820352500 085 
3212.820908000 091 
3212.821463500 097 
3212.822019000 106 
3212.822574500 115 
3212.823130000 124 
3212.823685500 133 
3212.824241000 142 
3212.824796500 151 
3212.825352000 159 
3212.825907500 166 
3212.826463000 171 
3212.827018500 177 
3212.827574000 179 
3212.828129500 180 
3212.828685000 180 
3212.829240500 179 
3212.829796000 176 
3212.830351500 170 
3212.830907000 165 
3212.831462500 157 
3212.832018000 149 
3212.832573500 141 
3212.833129000 131 
3212.833684500 123 
3212.834240000 113 
3212.834795500 104 
3212.835351000 096 
3212.835906500 090 
3212.836462000 084 
3212.837017500 079 
3212.837573000 076 
3212.838128500 075 
3212.838684000 076 
3212.839239500 077 
3212.839795000 080 
3212.840350500 084 
3212.840906000 091 
3212.841461500 098 
3212.842017000 105 
3212.842572500 115 
3212.843128000 124 
3212.843683500 132 
3212.844239000 141 
3212.844794500 151 
3212.845350000 159 
3212.845905500 165 
3212.846461000 172 
3212.847016500 175 
3212.847572000 179 
3212.848127500 180 
3212.848683000 181 
3212.849238500 178 
3212.849794000 175 
3212.850349500 170 
3212.850905000 165 
3212.851460500 157 
3212.852016000 150 
3212.852571500 141 
3212.853127000 131 
3212.853682500 123 
3212.854238000 114 
3212.854793500 104 
3212.855349000 096 
3212.855904500 091 
3212.856460000 084 
3212.857015500 080 
3212.857571000 076 
3212.858126500 076 
3212.858682000 075 
3212.859237500 076 
3212.859793000 081 
3212.860348500 085 
3212.860904000 091 
3212.861459500 098 
3212.862015000 106 
3212.862570500 115 
3212.863126000 123 
3212.863681500 134 
3212.864237000 142 
3212.864792500 151 
3212.865348000 159 
3212.865903500 165 
3212.866459000 171 
3212.867014500 176 
3212.867570000 179 
3212.868125500 180 
3212.868681000 181 
3212.869236500 178 
3212.869792000 175 
3212.870347500 171 
3212.870903000 165 
3212.871458500 157 
3212.872014000 149 
3212.872569500 140 
3212.873125000 132 
3212.873680500 122 
3212.874236000 113 
3212.874791500 105 
3212.875347000 097 
3212.875902500 089 
3212.876458000 084 
3212.877013500 079 
3212.877569000 077 
3212.878124500 076 
3212.878680000 075 
3212.879235500 076 
3212.879791000 080 
3212.880346500 085 
3212.880902000 090 
3212.881457500 098 
3212.882013000 106 
3212.882568500 114 
3212.883124000 124 
3212.883679500 133 
3212.884235000 142 
3212.884790500 150 
3212.885346000 159 
3212.885901500 166 
3212.886457000 172 
3212.887012500 175 
3212.887568000 180 
3212.888123500 180 
3212.888679000 180 
3212.889234500 179 
3212.889790000 175 
3212.890345500 170 
3212.890901000 164 
3212.891456500 158 
3212.892012000 149 
3212.892567500 140 
3212.893123000 132 
3212.893678500 121 
3212.894234000 113 
3212.894789500 105 
3212.895345000 097 
3212.895900500 089 
3212.896456000 085 
3212.897011500 080 
3212.897567000 078 
3212.898122500 076 
3212.898678000 076 
3212.899233500 076 
3212.899789000 080 
3212.900344500 085 
3212.900900000 090 
3212.901455500 097 
3212.902011000 106 
3212.902566500 114 
3212.903122000 124 
3212.903677500 133 
3212.904233000 142 
3212.904788500 151 
3212.905344000 158 
3212.905899500 166 
3212.906455000 171 
3212.907010500 176 
3212.907566000 178 
3212.908121500 181 
3212.908677000 181 
3212.909232500 178 
3212.909788000 175 
3212.910343500 171 
3212.910899000 164 
3212.911454500 157 
3212.912010000 149 
3212.912565500 141 
3212.913121000 131 
3212.913676500 121 
3212.914232000 114 
3212.914787500 104 
3212.915343000 096 
3212.915898500 090 
3212.916454000 084 
3212.917009500 080 
3212.917565000 077 
3212.918120500 076 
3212.918676000 076 
3212.919231500 077 
3212.919787000 080 
3212.920342500 084 
3212.920898000 091 
3212.921453500 098 
3212.922009000 105 
3212.922564500 114 
3212.923120000 124 
3212.923675500 133 
3212.924231000 142 
3212.924786500 150 
3212.925342000 159 
3212.925897500 165 
3212.926453000 172 
3212.927008500 176 
3212.927564000 179 
3212.928119500 180 
3212.928675000 181 
3212.929230500 179 
3212.929786000 176 
3212.930341500 170 
3212.930897000 165 
3212.931452500 157 
3212.932008000 150 
3212.932563500 141 
3212.933119000 131 
3212.933674500 122 
3212.934230000 113 
3212.934785500 105 
3212.935341000 096 
3212.935896500 089 
3212.936452000 085 
3212.937007500 079 
3212.937563000 077 
3212.938118500 076 
3212.938674000 076 
3212.939229500 077 
3212.939785000 080 
3212.940340500 085 
3212.940896000 091 
3212.941451500 097 
3212.942007000 106 
3212.942562500 114 
3212.943118000 123 
3212.943673500 133 
3212.944229000 142 
3212.944784500 151 
3212.945340000 158 
3212.945895500 166 
3212.946451000 171 
3212.947006500 176 
3212.947562000 179 
3212.948117500 181 
3212.948673000 181 
3212.949228500 179 
3212.949784000 175 
3212.950339500 170 
3212.950895000 165 
3212.951450500 158 
3212.952006000 149 
3212.952561500 141 
3212.953117000 132 
3212.953672500 122 
3212.954228000 112 
3212.954783500 105 
3212.955339000 097 
3212.955894500 090 
3212.956450000 084 
3212.957005500 079 
3212.957561000 078 
3212.958116500 076 
3212.958672000 075 
3212.959227500 078 
3212.959783000 080 
3212.960338500 084 
3212.960894000 091 
3212.961449500 098 
3212.962005000 106 
3212.962560500 115 
3212.963116000 123 
3212.963671500 132 
3212.964227000 142 
3212.964782500 150 
3212.965338000 158 
3212.965893500 166 
3212.966449000 171 
3212.967004500 176 
3212.967560000 179 
3212.968115500 180 
3212.968671000 181 
3212.969226500 178 
3212.969782000 175 
3212.970337500 171 
3212.970893000 165 
3212.971448500 158 
3212.972004000 150 
3212.972559500 140 
3212.973115000 132 
3212.973670500 122 
3212.974226000 113 
3212.974781500 104 
3212.975337000 097 
3212.975892500 090 
3212.976448000 083 
3212.977003500 081 
3212.977559000 077 
3212.978114500 075 
3212.978670000 075 
3212.979225500 076 
3212.979781000 081 
3212.980336500 085 
3212.980892000 090 
3212.981447500 097 
3212.982003000 106 
3212.982558500 114 
3212.983114000 123 
3212.983669500 132 
3212.984225000 142 
3212.984780500 151 
3212.985336000 158 
3212.985891500 166 
3212.986447000 171 
3212.987002500 176 
3212.987558000 179 
3212.988113500 180 
3212.988669000 180 
3212.989224500 178 
3212.989780000 176 
3212.990335500 170 
3212.990891000 164 
3212.991446500 157 
3212.992002000 150 
3212.992557500 140 
3212.993113000 131 
3212.993668500 122 
3212.994224000 114 
3212.994779500 105 
3212.995335000 097 
3212.995890500 089 
3212.996446000 084 
3212.997001500 080 
3212.997557000 077 
3212.998112500 074 
3212.998668000 076 
3212.999223500 076 
3212.999779000 081 
3213.000334500 085 
3213.000890000 090 
3213.001445500 098 
3213.002001000 106 
3213.002556500 114 
3213.003112000 124 
3213.003667500 133 
3213.004223000 142 
3213.004778500 150 
3213.005334000 158 
3213.005889500 165 
3213.006445000 172 
3213.007000500 176 
3213.007556000 178 
3213.008111500 181 
3213.008667000 181 
3213.009222500 178 
3213.009778000 175 
3213.010333500 170 
3213.010889000 165 
3213.011444500 157 
3213.012000000 149 
3213.012555500 140 
3213.013111000 132 
3213.013666500 122 
3213.014222000 114 
3213.014777500 104 
3213.015333000 097 
3213.015888500 090 
3213.016444000 084 
3213.016999500 080 
3213.017555000 076 
3213.018110500 076 
3213.018666000 076 
3213.019221500 077 
3213.019777000 080 
3213.020332500 085 
3213.020888000 090 
3213.021443500 097 
3213.021999000 106 
3213.022554500 115 
3213.023110000 123 
3213.023665500 132 
3213.024221000 142 
3213.024776500 150 
3213.025332000 158 
3213.025887500 166 
3213.026443000 171 
3213.026998500 176 
3213.027554000 178 
3213.028109500 181 
3213.028665000 180 
3213.029220500 179 
3213.029776000 175 
3213.030331500 171 
3213.030887000 165 
3213.031442500 158 
3213.031998000 149 
3213.032553500 140 
3213.033109000 131 
3213.033664500 123 
3213.034220000 113 
3213.034775500 105 
3213.035331000 096 
3213.035886500 089 
3213.036442000 084 
3213.036997500 080 
3213.037553000 077 
3213.038108500 075 
3213.038664000 076 
3213.039219500 078 
3213.039775000 080 
3213.040330500 084 
3213.040886000 092 
3213.041441500 097 
3213.041997000 106 
3213.042552500 114 
3213.043108000 124 
3213.043663500 133 
3213.044219000 141 
3213.044774500 151 
3213.045330000 158 
3213.045885500 166 
3213.046441000 171 
3213.046996500 175 
3213.047552000 179 
3213.048107500 181 
3213.048663000 181 
3213.049218500 178 
3213.049774000 176 
3213.050329500 170 
3213.050885000 165 
3213.051440500 157 
3213.051996000 149 
3213.052551500 141 
3213.053107000 132 
3213.053662500 123 
3213.054218000 113 
3213.054773500 105 
3213.055329000 097 
3213.055884500 090 
3213.056440000 084 
3213.056995500 081 
3213.057551000 077 
3213.058106500 074 
3213.058662000 076 
3213.059217500 078 
3213.059773000 080 
3213.060328500 084 
3213.060884000 092 
3213.061439500 098 
3213.061995000 106 
3213.062550500 114 
3213.063106000 123 
3213.063661500 132 
3213.064217000 142 
3213.064772500 150 
3213.065328000 158 
3213.065883500 166 
3213.066439000 171 
3213.066994500 175 
3213.067550000 179 
3213.068105500 181 
3213.068661000 180 
3213.069216500 179 
3213.069772000 175 
3213.070327500 170 
3213.070883000 165 
3213.071438500 157 
3213.071994000 149 
3213.072549500 141 
3213.073105000 131 
3213.073660500 122 
3213.074216000 114 
3213.074771500 105 
3213.075327000 097 
3213.075882500 089 
3213.076438000 085 
3213.076993500 080 
3213.077549000 077 
3213.078104500 075 
3213.078660000 076 
3213.079215500 078 
3213.079771000 080 
3213.080326500 084 
3213.080882000 091 
3213.081437500 098 
3213.081993000 106 
3213.082548500 114 
3213.083104000 123 
3213.083659500 133 
3213.084215000 141 
3213.084770500 150 
3213.085326000 159 
3213.085881500 165 
3213.086437000 171 
3213.086992500 175 
3213.087548000 179 
3213.088103500 180 
3213.088659000 180 
3213.089214500 179 
3213.089770000 176 
3213.090325500 170 
3213.090881000 165 
3213.091436500 158 
3213.091992000 149 
3213.092547500 141 
3213.093103000 132 
3213.093658500 122 
3213.094214000 114 
3213.094769500 105 
3213.095325000 096 
3213.095880500 091 
3213.096436000 084 
3213.096991500 079 
3213.097547000 077 
3213.098102500 075 
3213.098658000 076 
3213.099213500 078 
3213.099769000 080 
3213.100324500 085 
3213.100880000 090 
3213.101435500 098 
3213.101991000 105 
3213.102546500 115 
3213.103102000 124 
3213.103657500 132 
3213.104213000 141 
3213.104768500 151 
3213.105324000 158 
3213.105879500 165 
3213.106435000 171 
3213.106990500 176 
3213.107546000 179 
3213.108101500 180 
3213.108657000 180 
3213.109212500 179 
3213.109768000 176 
3213.110323500 171 
3213.110879000 165 
3213.111434500 157 
3213.111990000 150 
3213.112545500 140 
3213.113101000 133 
3213.113656500 123 
3213.114212000 114 
3213.114767500 104 
3213.115323000 098 
3213.115878500 091 
3213.116434000 085 
3213.116989500 080 
3213.117545000 078 
3213.118100500 075 
3213.118656000 075 
3213.119211500 078 
3213.119767000 080 
3213.120322500 084 
3213.120878000 090 
3213.121433500 098 
3213.121989000 106 
3213.122544500 114 
3213.123100000 123 
3213.123655500 133 
3213.124211000 142 
3213.124766500 151 
3213.125322000 159 
3213.125877500 165 
3213.126433000 172 
3213.126988500 176 
3213.127544000 179 
3213.128099500 180 
3213.128655000 181 
3213.129210500 178 
3213.129766000 175 
3213.130321500 171 
3213.130877000 165 
3213.131432500 157 
3213.131988000 151 
3213.132543500 141 
3213.133099000 131 
3213.133654500 123 
3213.134210000 113 
3213.134765500 104 
3213.135321000 098 
3213.135876500 091 
3213.136432000 084 
3213.136987500 079 
3213.137543000 077 
3213.138098500 076 
3213.138654000 075 
3213.139209500 078 
3213.139765000 079 
3213.140320500 086 
3213.140876000 091 
3213.141431500 097 
3213.141987000 106 
3213.142542500 115 
3213.143098000 123 
3213.143653500 132 
3213.144209000 141 
3213.144764500 151 
3213.145320000 158 
3213.145875500 165 
3213.146431000 171 
3213.146986500 176 
3213.147542000 179 
3213.148097500 180 
3213.148653000 181 
3213.149208500 179 
3213.149764000 175 
3213.150319500 170 
3213.150875000 166 
3213.151430500 158 
3213.151986000 149 
3213.152541500 141 
3213.153097000 132 
3213.153652500 122 
3213.154208000 114 
3213.154763500 105 
3213.155319000 096 
3213.155874500 089 
3213.156430000 085 
3213.156985500 080 
3213.157541000 077 
3213.158096500 075 
3213.158652000 076 
3213.159207500 077 
3213.159763000 079 
3213.160318500 085 
3213.160874000 091 
3213.161429500 098 
3213.161985000 105 
3213.162540500 114 
3213.163096000 123 
3213.163651500 132 
3213.164207000 141 
3213.164762500 151 
3213.165318000 158 
3213.165873500 166 
3213.166429000 172 
3213.166984500 176 
3213.167540000 179 
3213.168095500 180 
3213.168651000 180 
3213.169206500 179 
3213.169762000 176 
3213.170317500 171 
3213.170873000 165 
3213.171428500 158 
3213.171984000 149 
3213.172539500 141 
3213.173095000 132 
3213.173650500 122 
3213.174206000 113 
3213.174761500 104 
3213.175317000 098 
3213.175872500 091 
3213.176428000 084 
3213.176983500 081 
3213.177539000 077 
3213.178094500 075 
3213.178650000 076 
3213.179205500 077 
3213.179761000 080 
3213.180316500 084 
3213.180872000 090 
3213.181427500 097 
3213.181983000 106 
3213.182538500 114 
3213.183094000 122 
3213.183649500 132 
3213.184205000 141 
3213.184760500 150 
3213.185316000 159 
3213.185871500 166 
3213.186427000 171 
3213.186982500 175 
3213.187538000 179 
3213.188093500 180 
3213.188649000 180 
3213.189204500 179 
3213.189760000 176 
3213.190315500 171 
3213.190871000 165 
3213.191426500 159 
3213.191982000 150 
3213.192537500 140 
3213.193093000 132 
3213.193648500 123 
3213.194204000 113 
3213.194759500 105 
3213.195315000 096 
3213.195870500 091 
3213.196426000 084 
3213.196981500 079 
3213.197537000 078 
3213.198092500 076 
3213.198648000 075 
3213.199203500 076 
3213.199759000 080 
3213.200314500 085 
3213.200870000 090 
3213.201425500 098 
3213.201981000 105 
3213.202536500 114 
3213.203092000 123 
3213.203647500 132 
3213.204203000 141 
3213.204758500 150 
3213.205314000 158 
3213.205869500 166 
3213.206425000 171 
3213.206980500 175 
3213.207536000 179 
3213.208091500 180 
3213.208647000 180 
3213.209202500 179 
3213.209758000 175 
3213.210313500 171 
3213.210869000 165 
3213.211424500 158 
3213.211980000 150 
3213.212535500 141 
3213.213091000 132 
3213.213646500 123 
3213.214202000 113 
3213.214757500 105 
3213.215313000 098 
3213.215868500 090 
3213.216424000 084 
3213.216979500 081 
3213.217535000 078 
3213.218090500 075 
3213.218646000 075 
3213.219201500 078 
3213.219757000 080 
3213.220312500 084 
3213.220868000 091 
3213.221423500 098 
3213.221979000 105 
3213.222534500 113 
3213.223090000 123 
3213.223645500 132 
3213.224201000 141 
3213.224756500 151 
3213.225312000 158 
3213.225867500 165 
3213.226423000 171 
3213.226978500 176 
3213.227534000 179 
3213.228089500 180 
3213.228645000 180 
3213.229200500 178 
3213.229756000 175 
3213.230311500 171 
3213.230867000 165 
3213.231422500 158 
3213.231978000 149 
3213.232533500 141 
3213.233089000 131 
3213.233644500 123 
3213.234200000 114 
3213.234755500 105 
3213.235311000 098 
3213.235866500 090 
3213.236422000 084 
3213.236977500 081 
3213.237533000 077 
3213.238088500 075 
3213.238644000 076 
3213.239199500 077 
3213.239755000 079 
3213.240310500 085 
3213.240866000 091 
3213.241421500 097 
3213.241977000 105 
3213.242532500 114 
3213.243088000 123 
3213.243643500 132 
3213.244199000 141 
3213.244754500 151 
3213.245310000 158 
3213.245865500 165 
3213.246421000 171 
3213.246976500 176 
3213.247532000 178 
3213.248087500 181 
3213.248643000 180 
3213.249198500 179 
3213.249754000 176 
3213.250309500 170 
3213.250865000 165 
3213.251420500 157 
3213.251976000 151 
3213.252531500 141 
3213.253087000 132 
3213.253642500 123 
3213.254198000 114 
3213.254753500 105 
3213.255309000 096 
3213.255864500 091 
3213.256420000 085 
3213.256975500 080 
3213.257531000 078 
3213.258086500 076 
3213.258642000 075 
3213.259197500 076 
3213.259753000 080 
3213.260308500 085 
3213.260864000 090 
3213.261419500 097 
3213.261975000 106 
3213.262530500 114 
3213.263086000 123 
3213.263641500 133 
3213.264197000 142 
3213.264752500 150 
3213.265308000 158 
3213.265863500 165 
3213.266419000 172 
3213.266974500 176 
3213.267530000 179 
3213.268085500 180 
3213.268641000 181 
3213.269196500 179 
3213.269752000 175 
3213.270307500 171 
3213.270863000 165 
3213.271418500 158 
3213.271974000 150 
3213.272529500 141 
3213.273085000 133 
3213.273640500 123 
3213.274196000 113 
3213.274751500 105 
3213.275307000 097 
3213.275862500 091 
3213.276418000 084 
3213.276973500 081 
3213.277529000 078 
3213.278084500 076 
3213.278640000 075 
3213.279195500 077 
3213.279751000 080 
3213.280306500 085 
3213.280862000 090 
3213.281417500 097 
3213.281973000 106 
3213.282528500 113 
3213.283084000 123 
3213.283639500 132 
3213.284195000 141 
3213.284750500 150 
3213.285306000 158 
3213.285861500 165 
3213.286417000 171 
3213.286972500 175 
3213.287528000 179 
3213.288083500 180 
3213.288639000 180 
3213.289194500 179 
3213.289750000 176 
3213.290305500 171 
3213.290861000 165 
3213.291416500 159 
3213.291972000 150 
3213.292527500 141 
3213.293083000 132 
3213.293638500 123 
3213.294194000 114 
3213.294749500 105 
3213.295305000 098 
3213.295860500 091 
3213.296416000 084 
3213.296971500 081 
3213.297527000 077 
3213.298082500 075 
3213.298638000 075 
3213.299193500 077 
3213.299749000 080 
3213.300304500 084 
3213.300860000 091 
3213.301415500 098 
3213.301971000 104 
3213.302526500 114 
3213.303082000 123 
3213.303637500 132 
3213.304193000 141 
3213.304748500 150 
3213.305304000 158 
3213.305859500 165 
3213.306415000 171 
3213.306970500 176 
3213.307526000 179 
3213.308081500 180 
3213.308637000 180 
3213.309192500 179 
3213.309748000 176 
3213.310303500 171 
3213.310859000 166 
3213.311414500 158 
3213.311970000 150 
3213.312525500 140 
3213.313081000 132 
3213.313636500 123 
3213.314192000 114 
3213.314747500 105 
3213.315303000 098 
3213.315858500 091 
3213.316414000 084 
3213.316969500 079 
3213.317525000 078 
3213.318080500 076 
3213.318636000 075 
3213.319191500 076 
3213.319747000 080 
3213.320302500 084 
3213.320858000 091 
3213.321413500 097 
3213.321969000 105 
3213.322524500 114 
3213.323080000 123 
3213.323635500 132 
3213.324191000 141 
3213.324746500 150 
3213.325302000 158 
3213.325857500 166 
3213.326413000 171 
3213.326968500 175 
3213.327524000 179 
3213.328079500 181 
3213.328635000 181 
3213.329190500 178 
3213.329746000 175 
3213.330301500 171 
3213.330857000 165 
3213.331412500 158 
3213.331968000 150 
3213.332523500 141 
3213.333079000 133 
3213.333634500 123 
3213.334190000 113 
3213.334745500 105 
3213.335301000 096 
3213.335856500 091 
3213.336412000 085 
3213.336967500 080 
3213.337523000 078 
3213.338078500 075 
3213.338634000 075 
3213.339189500 077 
3213.339745000 080 
3213.340300500 085 
3213.340856000 090 
3213.341411500 097 
3213.341967000 106 
3213.342522500 114 
3213.343078000 122 
3213.343633500 132 
3213.344189000 142 
3213.344744500 150 
3213.345300000 158 
3213.345855500 166 
3213.346411000 171 
3213.346966500 175 
3213.347522000 179 
3213.348077500 180 
3213.348633000 181 
3213.349188500 179 
3213.349744000 175 
3213.350299500 171 
3213.350855000 165 
3213.351410500 158 
3213.351966000 149 
3213.352521500 142 
3213.353077000 132 
3213.353632500 122 
3213.354188000 115 
3213.354743500 105 
3213.355299000 098 
3213.355854500 090 
3213.356410000 085 
3213.356965500 081 
3213.357521000 076 
3213.358076500 076 
3213.358632000 076 
3213.359187500 076 
3213.359743000 080 
3213.360298500 085 
3213.360854000 090 
3213.361409500 097 
3213.361965000 106 
3213.362520500 113 
3213.363076000 122 
3213.363631500 132 
3213.364187000 141 
3213.364742500 150 
3213.365298000 158 
3213.365853500 165 
3213.366409000 171 
3213.366964500 175 
3213.367520000 179 
3213.368075500 180 
3213.368631000 180 
3213.369186500 179 
3213.369742000 176 
3213.370297500 171 
3213.370853000 165 
3213.371408500 158 
3213.371964000 149 
3213.372519500 142 
3213.373075000 132 
3213.373630500 123 
3213.374186000 114 
3213.374741500 105 
3213.375297000 097 
3213.375852500 090 
3213.376408000 084 
3213.376963500 080 
3213.377519000 077 
3213.378074500 076 
3213.378630000 075 
3213.379185500 077 
3213.379741000 080 
3213.380296500 084 
3213.380852000 090 
3213.381407500 096 
3213.381963000 105 
3213.382518500 114 
3213.383074000 122 
3213.383629500 131 
3213.384185000 142 
3213.384740500 150 
3213.385296000 157 
3213.385851500 165 
3213.386407000 172 
3213.386962500 176 
3213.387518000 178 
3213.388073500 180 
3213.388629000 181 
3213.389184500 178 
3213.389740000 176 
3213.390295500 171 
3213.390851000 165 
3213.391406500 157 
3213.391962000 150 
3213.392517500 142 
3213.393073000 133 
3213.393628500 123 
3213.394184000 113 
3213.394739500 106 
3213.395295000 097 
3213.395850500 090 
3213.396406000 085 
3213.396961500 081 
3213.397517000 078 
3213.398072500 075 
3213.398628000 075 
3213.399183500 077 
3213.399739000 080 
3213.400294500 084 
3213.400850000 090 
3213.401405500 097 
3213.401961000 104 
3213.402516500 114 
3213.403072000 122 
3213.403627500 132 
3213.404183000 140 
3213.404738500 150 
3213.405294000 158 
3213.405849500 165 
3213.406405000 171 
3213.406960500 175 
3213.407516000 179 
3213.408071500 180 
3213.408627000 180 
3213.409182500 179 
3213.409738000 176 
3213.410293500 171 
3213.410849000 166 
3213.411404500 159 
3213.411960000 150 
3213.412515500 141 
3213.413071000 133 
3213.413626500 123 
3213.414182000 113 
3213.414737500 105 
3213.415293000 098 
3213.415848500 091 
3213.416404000 085 
3213.416959500 081 
3213.417515000 076 
3213.418070500 076 
3213.418626000 076 
3213.419181500 077 
3213.419737000 079 
3213.420292500 085 
3213.420848000 090 
3213.421403500 097 
3213.421959000 106 
3213.422514500 114 
3213.423070000 122 
3213.423625500 133 
3213.424181000 141 
3213.424736500 150 
3213.425292000 157 
3213.425847500 166 
3213.426403000 171 
3213.426958500 175 
3213.427514000 179 
3213.428069500 180 
3213.428625000 180 
3213.429180500 178 
3213.429736000 176 
3213.430291500 171 
3213.430847000 166 
3213.431402500 158 
3213.431958000 151 
3213.432513500 142 
3213.433069000 132 
3213.433624500 123 
3213.434180000 113 
3213.434735500 105 
3213.435291000 098 
3213.435846500 090 
3213.436402000 084 
3213.436957500 081 
3213.437513000 078 
3213.438068500 076 
3213.438624000 076 
3213.439179500 077 
3213.439735000 079 
3213.440290500 084 
3213.440846000 091 
3213.441401500 097 
3213.441957000 105 
3213.442512500 113 
3213.443068000 123 
3213.443623500 132 
3213.444179000 142 
3213.444734500 150 
3213.445290000 158 
3213.445845500 165 
3213.446401000 171 
3213.446956500 175 
3213.447512000 179 
3213.448067500 180 
3213.448623000 180 
3213.449178500 178 
3213.449734000 175 
3213.450289500 171 
3213.450845000 165 
3213.451400500 158 
3213.451956000 151 
3213.452511500 142 
3213.453067000 132 
3213.453622500 123 
3213.454178000 115 
3213.454733500 105 
3213.455289000 097 
3213.455844500 091 
3213.456400000 085 
3213.456955500 080 
3213.457511000 078 
3213.458066500 075 
3213.458622000 076 
3213.459177500 077 
3213.459733000 079 
3213.460288500 085 
3213.460844000 090 
3213.461399500 096 
3213.461955000 106 
3213.462510500 113 
3213.463066000 122 
3213.463621500 132 
3213.464177000 142 
3213.464732500 150 
3213.465288000 158 
3213.465843500 165 
3213.466399000 171 
3213.466954500 175 
3213.467510000 179 
3213.468065500 180 
3213.468621000 180 
3213.469176500 179 
3213.469732000 176 
3213.470287500 170 
3213.470843000 166 
3213.471398500 159 
3213.471954000 150 
3213.472509500 141 
3213.473065000 133 
3213.473620500 123 
3213.474176000 114 
3213.474731500 106 
3213.475287000 097 
3213.475842500 091 
3213.476398000 085 
3213.476953500 081 
3213.477509000 077 
3213.478064500 075 
3213.478620000 076 
3213.479175500 077 
3213.479731000 079 
3213.480286500 084 
3213.480842000 091 
3213.481397500 098 
3213.481953000 105 
3213.482508500 113 
3213.483064000 123 
3213.483619500 132 
3213.484175000 141 
3213.484730500 149 
3213.485286000 158 
3213.485841500 165 
3213.486397000 171 
3213.486952500 176 
3213.487508000 178 
3213.488063500 180 
3213.488619000 181 
3213.489174500 179 
3213.489730000 175 
3213.490285500 171 
3213.490841000 166 
3213.491396500 158 
3213.491952000 150 
3213.492507500 142 
3213.493063000 133 
3213.493618500 123 
3213.494174000 114 
3213.494729500 106 
3213.495285000 098 
3213.495840500 091 
3213.496396000 085 
3213.496951500 081 
3213.497507000 077 
3213.498062500 076 
3213.498618000 075 
3213.499173500 077 
3213.499729000 079 
3213.500284500 084 
3213.500840000 090 
3213.501395500 097 
3213.501951000 105 
3213.502506500 113 
3213.503062000 123 
3213.503617500 132 
3213.504173000 141 
3213.504728500 149 
3213.505284000 158 
3213.505839500 165 
3213.506395000 170 
3213.506950500 175 
3213.507506000 179 
3213.508061500 180 
3213.508617000 180 
3213.509172500 178 
3213.509728000 176 
3213.510283500 172 
3213.510839000 165 
3213.511394500 158 
3213.511950000 150 
3213.512505500 142 
3213.513061000 133 
3213.513616500 122 
3213.514172000 115 
3213.514727500 106 
3213.515283000 097 
3213.515838500 091 
3213.516394000 085 
3213.516949500 080 
3213.517505000 077 
3213.518060500 076 
3213.518616000 076 
3213.519171500 076 
3213.519727000 079 
3213.520282500 085 
3213.520838000 090 
3213.521393500 096 
3213.521949000 105 
3213.522504500 114 
3213.523060000 122 
3213.523615500 132 
3213.524171000 141 
3213.524726500 150 
3213.525282000 157 
3213.525837500 164 
3213.526393000 171 
3213.526948500 176 
3213.527504000 179 
3213.528059500 181 
3213.528615000 180 
3213.529170500 178 
3213.529726000 177 
3213.530281500 171 
3213.530837000 165 
3213.531392500 158 
3213.531948000 151 
3213.532503500 141 
3213.533059000 133 
3213.533614500 124 
3213.534170000 114 
3213.534725500 105 
3213.535281000 098 
3213.535836500 091 
3213.536392000 084 
3213.536947500 080 
3213.537503000 078 
3213.538058500 075 
3213.538614000 075 
3213.539169500 077 
3213.539725000 079 
3213.540280500 084 
3213.540836000 090 
3213.541391500 096 
3213.541947000 105 
3213.542502500 113 
3213.543058000 122 
3213.543613500 132 
3213.544169000 141 
3213.544724500 149 
3213.545280000 158 
3213.545835500 165 
3213.546391000 171 
3213.546946500 175 
3213.547502000 179 
3213.548057500 180 
3213.548613000 180 
3213.549168500 180 
3213.549724000 176 
3213.550279500 171 
3213.550835000 165 
3213.551390500 159 
3213.551946000 151 
3213.552501500 142 
3213.553057000 132 
3213.553612500 124 
3213.554168000 115 
3213.554723500 105 
3213.555279000 098 
3213.555834500 091 
3213.556390000 084 
3213.556945500 081 
3213.557501000 077 
3213.558056500 075 
3213.558612000 075 
3213.559167500 077 
3213.559723000 079 
3213.560278500 085 
3213.560834000 090 
3213.561389500 096 
3213.561945000 105 
3213.562500500 114 
3213.563056000 122 
3213.563611500 132 
3213.564167000 141 
3213.564722500 149 
3213.565278000 157 
3213.565833500 165 
3213.566389000 170 
3213.566944500 175 
3213.567500000 179 
3213.568055500 180 
3213.568611000 180 
3213.569166500 179 
3213.569722000 176 
3213.570277500 171 
3213.570833000 165 
3213.571388500 158 
3213.571944000 150 
3213.572499500 142 
3213.573055000 133 
3213.573610500 123 
3213.574166000 114 
3213.574721500 106 
3213.575277000 098 
3213.575832500 091 
3213.576388000 084 
3213.576943500 081 
3213.577499000 077 
3213.578054500 075 
3213.578610000 074 
3213.579165500 077 
3213.579721000 081 
3213.580276500 084 
3213.580832000 089 
3213.581387500 097 
3213.581943000 105 
3213.582498500 113 
3213.583054000 122 
3213.583609500 132 
3213.584165000 140 
3213.584720500 150 
3213.585276000 158 
3213.585831500 164 
3213.586387000 172 
3213.586942500 176 
3213.587498000 179 
3213.588053500 179 
3213.588609000 181 
3213.589164500 179 
3213.589720000 176 
3213.590275500 171 
3213.590831000 165 
3213.591386500 158 
3213.591942000 151 
3213.592497500 142 
3213.593053000 132 
3213.593608500 124 
3213.594164000 114 
3213.594719500 106 
3213.595275000 098 
3213.595830500 090 
3213.596386000 086 
3213.596941500 081 
3213.597497000 076 
3213.598052500 076 
3213.598608000 075 
3213.599163500 077 
3213.599719000 079 
3213.600274500 083 
3213.600830000 090 
3213.601385500 097 
3213.601941000 105 
3213.602496500 113 
3213.603052000 122 
3213.603607500 132 
3213.604163000 141 
3213.604718500 149 
3213.605274000 157 
3213.605829500 165 
3213.606385000 171 
3213.606940500 175 
3213.607496000 179 
3213.608051500 180 
3213.608607000 180 
3213.609162500 179 
3213.609718000 177 
3213.610273500 172 
3213.610829000 165 
3213.611384500 159 
3213.611940000 150 
3213.612495500 141 
3213.613051000 133 
3213.613606500 124 
3213.614162000 114 
3213.614717500 105 
3213.615273000 098 
3213.615828500 091 
3213.616384000 084 
3213.616939500 081 
3213.617495000 078 
3213.618050500 075 
3213.618606000 075 
3213.619161500 076 
3213.619717000 080 
3213.620272500 084 
3213.620828000 090 
3213.621383500 097 
3213.621939000 105 
3213.622494500 112 
3213.623050000 122 
3213.623605500 132 
3213.624161000 140 
3213.624716500 149 
3213.625272000 158 
3213.625827500 164 
3213.626383000 170 
3213.626938500 175 
3213.627494000 179 
3213.628049500 180 
3213.628605000 180 
3213.629160500 179 
3213.629716000 176 
3213.630271500 171 
3213.630827000 165 
3213.631382500 159 
3213.631938000 151 
3213.632493500 142 
3213.633049000 132 
3213.633604500 123 
3213.634160000 115 
3213.634715500 105 
3213.635271000 097 
3213.635826500 090 
3213.636382000 086 
3213.636937500 081 
3213.637493000 077 
3213.638048500 076 
3213.638604000 075 
3213.639159500 076 
3213.639715000 079 
3213.640270500 084 
3213.640826000 090 
3213.641381500 097 
3213.641937000 104 
3213.642492500 113 
3213.643048000 123 
3213.643603500 131 
3213.644159000 141 
3213.644714500 149 
3213.645270000 158 
3213.645825500 164 
3213.646381000 171 
3213.646936500 176 
3213.647492000 178 
3213.648047500 180 
3213.648603000 180 
3213.649158500 179 
3213.649714000 175 
3213.650269500 171 
3213.650825000 166 
3213.651380500 158 
3213.651936000 151 
3213.652491500 142 
3213.653047000 132 
3213.653602500 124 
3213.654158000 114 
3213.654713500 105 
3213.655269000 098 
3213.655824500 091 
3213.656380000 084 
3213.656935500 081 
3213.657491000 078 
3213.658046500 076 
3213.658602000 075 
3213.659157500 076 
3213.659713000 080 
3213.660268500 084 
3213.660824000 089 
3213.661379500 096 
3213.661935000 105 
3213.662490500 113 
3213.663046000 123 
3213.663601500 132 
3213.664157000 140 
3213.664712500 150 
3213.665268000 158 
3213.665823500 165 
3213.666379000 171 
3213.666934500 176 
3213.667490000 178 
3213.668045500 181 
3213.668601000 180 
3213.669156500 178 
3213.669712000 175 
3213.670267500 172 
3213.670823000 166 
3213.671378500 158 
3213.671934000 150 
3213.672489500 142 
3213.673045000 133 
3213.673600500 123 
3213.674156000 115 
3213.674711500 106 
3213.675267000 098 
3213.675822500 090 
3213.676378000 086 
3213.676933500 081 
3213.677489000 077 
3213.678044500 075 
3213.678600000 076 
3213.679155500 076 
3213.679711000 080 
3213.680266500 084 
3213.680822000 090 
3213.681377500 097 
3213.681933000 104 
3213.682488500 113 
3213.683044000 122 
3213.683599500 132 
3213.684155000 140 
3213.684710500 149 
3213.685266000 158 
3213.685821500 165 
3213.686377000 170 
3213.686932500 176 
3213.687488000 178 
3213.688043500 180 
3213.688599000 180 
3213.689154500 179 
3213.689710000 176 
3213.690265500 171 
3213.690821000 166 
3213.691376500 159 
3213.691932000 150 
3213.692487500 143 
3213.693043000 133 
3213.693598500 123 
3213.694154000 115 
3213.694709500 105 
3213.695265000 098 
3213.695820500 091 
3213.696376000 084 
3213.696931500 081 
3213.697487000 077 
3213.698042500 076 
3213.698598000 075 
3213.699153500 077 
3213.699709000 079 
3213.700264500 084 
3213.700820000 089 
3213.701375500 097 
3213.701931000 105 
3213.702486500 113 
3213.703042000 122 
3213.703597500 132 
3213.704153000 140 
3213.704708500 149 
3213.705264000 157 
3213.705819500 165 
3213.706375000 170 
3213.706930500 175 
3213.707486000 178 
3213.708041500 180 
3213.708597000 180 
3213.709152500 179 
3213.709708000 176 
3213.710263500 171 
3213.710819000 165 
3213.711374500 159 
3213.711930000 150 
3213.712485500 142 
3213.713041000 133 
3213.713596500 124 
3213.714152000 114 
3213.714707500 107 
3213.715263000 098 
3213.715818500 090 
3213.716374000 085 
3213.716929500 081 
3213.717485000 077 
3213.718040500 075 
3213.718596000 076 
3213.719151500 077 
3213.719707000 079 
3213.720262500 083 
3213.720818000 090 
3213.721373500 097 
3213.721929000 104 
3213.722484500 112 
3213.723040000 122 
3213.723595500 131 
3213.724151000 141 
3213.724706500 149 
3213.725262000 157 
3213.725817500 165 
3213.726373000 171 
3213.726928500 175 
3213.727484000 179 
3213.728039500 180 
3213.728595000 180 
3213.729150500 179 
3213.729706000 176 
3213.730261500 172 
3213.730817000 166 
3213.731372500 158 
3213.731928000 151 
3213.732483500 142 
3213.733039000 133 
3213.733594500 124 
3213.734150000 115 
3213.734705500 105 
3213.735261000 099 
3213.735816500 091 
3213.736372000 086 
3213.736927500 080 
3213.737483000 078 
3213.738038500 076 
3213.738594000 075 
3213.739149500 076 
3213.739705000 080 
3213.740260500 084 
3213.740816000 089 
3213.741371500 096 
3213.741927000 104 
3213.742482500 113 
3213.743038000 122 
3213.743593500 131 
3213.744149000 140 
3213.744704500 148 
3213.745260000 158 
3213.745815500 165 
3213.746371000 170 
3213.746926500 175 
3213.747482000 179 
3213.748037500 181 
3213.748593000 180 
3213.749148500 179 
3213.749704000 176 
3213.750259500 172 
3213.750815000 166 
3213.751370500 159 
3213.751926000 150 
3213.752481500 142 
3213.753037000 134 
3213.753592500 124 
3213.754148000 114 
3213.754703500 106 
3213.755259000 099 
3213.755814500 091 
3213.756370000 085 
3213.756925500 080 
3213.757481000 078 
3213.758036500 075 
3213.758592000 076 
3213.759147500 077 
3213.759703000 079 
3213.760258500 084 
3213.760814000 090 
3213.761369500 096 
3213.761925000 104 
3213.762480500 113 
3213.763036000 121 
3213.763591500 132 
3213.764147000 140 
3213.764702500 149 
3213.765258000 157 
3213.765813500 164 
3213.766369000 170 
3213.766924500 176 
3213.767480000 179 
3213.768035500 180 
3213.768591000 180 
3213.769146500 179 
3213.769702000 177 
3213.770257500 171 
3213.770813000 166 
3213.771368500 158 
3213.771924000 150 
3213.772479500 142 
3213.773035000 134 
3213.773590500 124 
3213.774146000 114 
3213.774701500 107 
3213.775257000 098 
3213.775812500 090 
3213.776368000 085 
3213.776923500 081 
3213.777479000 076 
3213.778034500 076 
3213.778590000 076 
3213.779145500 076 
3213.779701000 080 
3213.780256500 085 
3213.780812000 089 
3213.781367500 097 
3213.781923000 105 
3213.782478500 113 
3213.783034000 121 
3213.783589500 132 
3213.784145000 141 
3213.784700500 149 
3213.785256000 158 
3213.785811500 165 
3213.786367000 170 
3213.786922500 175 
3213.787478000 179 
3213.788033500 180 
3213.788589000 180 
3213.789144500 179 
3213.789700000 176 
3213.790255500 171 
3213.790811000 166 
3213.791366500 159 
3213.791922000 150 
3213.792477500 142 
3213.793033000 132 
3213.793588500 124 
3213.794144000 115 
3213.794699500 106 
3213.795255000 098 
3213.795810500 091 
3213.796366000 084 
3213.796921500 080 
3213.797477000 078 
3213.798032500 075 
3213.798588000 075 
3213.799143500 077 
3213.799699000 079 
3213.800254500 083 
3213.800810000 089 
3213.801365500 097 
3213.801921000 104 
3213.802476500 113 
3213.803032000 123 
3213.803587500 131 
3213.804143000 140 
3213.804698500 148 
3213.805254000 158 
3213.805809500 164 
3213.806365000 171 
3213.806920500 175 
3213.807476000 179 
3213.808031500 181 
3213.808587000 180 
3213.809142500 179 
3213.809698000 177 
3213.810253500 171 
3213.810809000 165 
3213.811364500 159 
3213.811920000 151 
3213.812475500 142 
3213.813031000 132 
3213.813586500 123 
3213.814142000 115 
3213.814697500 106 
3213.815253000 098 
3213.815808500 090 
3213.816364000 086 
3213.816919500 080 
3213.817475000 076 
3213.818030500 075 
3213.818586000 076 
3213.819141500 076 
3213.819697000 079 
3213.820252500 083 
3213.820808000 090 
3213.821363500 096 
3213.821919000 104 
3213.822474500 114 
3213.823030000 122 
3213.823585500 131 
3213.824141000 140 
3213.824696500 149 
3213.825252000 157 
3213.825807500 164 
3213.826363000 171 
3213.826918500 176 
3213.827474000 178 
3213.828029500 180 
3213.828585000 181 
3213.829140500 179 
3213.829696000 176 
3213.830251500 171 
3213.830807000 166 
3213.831362500 158 
3213.831918000 150 
3213.832473500 143 
3213.833029000 133 
3213.833584500 123 
3213.834140000 115 
3213.834695500 106 
3213.835251000 097 
3213.835806500 092 
3213.836362000 086 
3213.836917500 080 
3213.837473000 078 
3213.838028500 076 
3213.838584000 075 
3213.839139500 077 
3213.839695000 079 
3213.840250500 083 
3213.840806000 089 
3213.841361500 096 
3213.841917000 105 
3213.842472500 113 
3213.843028000 121 
3213.843583500 131 
3213.844139000 140 
3213.844694500 149 
3213.845250000 158 
3213.845805500 164 
3213.846361000 170 
3213.846916500 176 
3213.847472000 178 
3213.848027500 180 
3213.848583000 181 
3213.849138500 179 
3213.849694000 176 
3213.850249500 172 
3213.850805000 166 
3213.851360500 159 
3213.851916000 151 
3213.852471500 142 
3213.853027000 133 
3213.853582500 124 
3213.854138000 114 
3213.854693500 107 
3213.855249000 099 
3213.855804500 090 
3213.856360000 086 
3213.856915500 080 
3213.857471000 077 
3213.858026500 075 
3213.858582000 076 
3213.859137500 077 
3213.859693000 079 
3213.860248500 084 
3213.860804000 090 
3213.861359500 096 
3213.861915000 105 
3213.862470500 113 
3213.863026000 122 
3213.863581500 132 
3213.864137000 140 
3213.864692500 149 
3213.865248000 157 
3213.865803500 165 
3213.866359000 170 
3213.866914500 175 
3213.867470000 178 
3213.868025500 181 
3213.868581000 181 
3213.869136500 179 
3213.869692000 175 
3213.870247500 172 
3213.870803000 166 
3213.871358500 159 
3213.871914000 151 
3213.872469500 143 
3213.873025000 133 
3213.873580500 123 
3213.874136000 116 
3213.874691500 106 
3213.875247000 099 
3213.875802500 091 
3213.876358000 086 
3213.876913500 081 
3213.877469000 076 
3213.878024500 075 
3213.878580000 076 
3213.879135500 077 
3213.879691000 079 
3213.880246500 084 
3213.880802000 090 
3213.881357500 097 
3213.881913000 104 
3213.882468500 113 
3213.883024000 122 
3213.883579500 131 
3213.884135000 139 
3213.884690500 150 
3213.885246000 157 
3213.885801500 164 
3213.886357000 170 
3213.886912500 175 
3213.887468000 178 
3213.888023500 180 
3213.888579000 181 
3213.889134500 179 
3213.889690000 176 
3213.890245500 172 
3213.890801000 165 
3213.891356500 158 
3213.891912000 151 
3213.892467500 142 
3213.893023000 132 
3213.893578500 125 
3213.894134000 115 
3213.894689500 106 
3213.895245000 098 
3213.895800500 092 
3213.896356000 086 
3213.896911500 081 
3213.897467000 077 
3213.898022500 076 
3213.898578000 075 
3213.899133500 076 
3213.899689000 080 
3213.900244500 084 
3213.900800000 088 
3213.901355500 097 
3213.901911000 104 
3213.902466500 112 
3213.903022000 122 
3213.903577500 131 
3213.904133000 140 
3213.904688500 148 
3213.905244000 158 
3213.905799500 164 
3213.906355000 170 
3213.906910500 176 
3213.907466000 178 
3213.908021500 180 
3213.908577000 181 
3213.909132500 179 
3213.909688000 175 
3213.910243500 172 
3213.910799000 167 
3213.911354500 159 
3213.911910000 151 
3213.912465500 142 
3213.913021000 134 
3213.913576500 124 
3213.914132000 115 
3213.914687500 107 
3213.915243000 098 
3213.915798500 090 
3213.916354000 086 
3213.916909500 080 
3213.917465000 078 
3213.918020500 076 
3213.918576000 075 
3213.919131500 076 
3213.919687000 080 
3213.920242500 084 
3213.920798000 089 
3213.921353500 096 
3213.921909000 105 
3213.922464500 112 
3213.923020000 121 
3213.923575500 131 
3213.924131000 140 
3213.924686500 149 
3213.925242000 157 
3213.925797500 164 
3213.926353000 171 
3213.926908500 176 
3213.927464000 178 
3213.928019500 181 
3213.928575000 181 
3213.929130500 179 
3213.929686000 176 
3213.930241500 172 
3213.930797000 166 
3213.931352500 158 
3213.931908000 151 
3213.932463500 142 
3213.933019000 134 
3213.933574500 124 
3213.934130000 115 
3213.934685500 107 
3213.935241000 099 
3213.935796500 091 
3213.936352000 086 
3213.936907500 081 
3213.937463000 077 
3213.938018500 076 
3213.938574000 076 
3213.939129500 077 
3213.939685000 079 
3213.940240500 084 
3213.940796000 090 
3213.941351500 096 
3213.941907000 104 
3213.942462500 112 
3213.943018000 122 
3213.943573500 131 
3213.944129000 139 
3213.944684500 150 
3213.945240000 157 
3213.945795500 165 
3213.946351000 170 
3213.946906500 175 
3213.947462000 179 
3213.948017500 180 
3213.948573000 180 
3213.949128500 179 
3213.949684000 176 
3213.950239500 172 
3213.950795000 165 
3213.951350500 159 
3213.951906000 151 
3213.952461500 143 
3213.953017000 133 
3213.953572500 123 
3213.954128000 116 
3213.954683500 106 
3213.955239000 098 
3213.955794500 090 
3213.956350000 085 
3213.956905500 081 
3213.957461000 077 
3213.958016500 075 
3213.958572000 076 
3213.959127500 076 
3213.959683000 080 
3213.960238500 084 
3213.960794000 089 
3213.961349500 097 
3213.961905000 104 
3213.962460500 112 
3213.963016000 121 
3213.963571500 132 
3213.964127000 140 
3213.964682500 149 
3213.965238000 156 
3213.965793500 165 
3213.966349000 170 
3213.966904500 175 
3213.967460000 178 
3213.968015500 181 
3213.968571000 180 
3213.969126500 179 
3213.969682000 177 
3213.970237500 172 
3213.970793000 166 
3213.971348500 160 
3213.971904000 151 
3213.972459500 143 
3213.973015000 133 
3213.973570500 124 
3213.974126000 115 
3213.974681500 107 
3213.975237000 098 
3213.975792500 092 
3213.976348000 085 
3213.976903500 080 
3213.977459000 078 
3213.978014500 076 
3213.978570000 075 
3213.979125500 076 
3213.979681000 079 
3213.980236500 083 
3213.980792000 089 
3213.981347500 096 
3213.981903000 104 
3213.982458500 113 
3213.983014000 122 
3213.983569500 131 
3213.984125000 139 
3213.984680500 149 
3213.985236000 157 
3213.985791500 164 
3213.986347000 171 
3213.986902500 175 
3213.987458000 178 
3213.988013500 180 
3213.988569000 180 
3213.989124500 180 
3213.989680000 176 
3213.990235500 172 
3213.990791000 166 
3213.991346500 159 
3213.991902000 151 
3213.992457500 142 
3213.993013000 133 
3213.993568500 124 
3213.994124000 115 
3213.994679500 107 
3213.995235000 098 
3213.995790500 092 
3213.996346000 086 
3213.996901500 081 
3213.997457000 076 
3213.998012500 076 
3213.998568000 076 
3213.999123500 076 
3213.999679000 080 
3214.000234500 084 
3214.000790000 088 
3214.001345500 096 
3214.001901000 103 
3214.002456500 112 
3214.003012000 122 
3214.003567500 131 
3214.004123000 139 
3214.004678500 148 
3214.005234000 157 
3214.005789500 164 
3214.006345000 170 
3214.006900500 175 
3214.007456000 179 
3214.008011500 180 
3214.008567000 180 
3214.009122500 179 
3214.009678000 177 
3214.010233500 172 
3214.010789000 166 
3214.011344500 158 
3214.011900000 151 
3214.012455500 142 
3214.013011000 133 
3214.013566500 125 
3214.014122000 115 
3214.014677500 107 
3214.015233000 098 
3214.015788500 092 
3214.016344000 086 
3214.016899500 080 
3214.017455000 078 
3214.018010500 076 
3214.018566000 075 
3214.019121500 076 
3214.019677000 079 
3214.020232500 084 
3214.020788000 088 
3214.021343500 096 
3214.021899000 104 
3214.022454500 113 
3214.023010000 121 
3214.023565500 131 
3214.024121000 140 
3214.024676500 149 
3214.025232000 158 
3214.025787500 164 
3214.026343000 170 
3214.026898500 176 
3214.027454000 179 
3214.028009500 180 
3214.028565000 181 
3214.029120500 179 
3214.029676000 176 
3214.030231500 171 
3214.030787000 166 
3214.031342500 159 
3214.031898000 151 
3214.032453500 143 
3214.033009000 134 
3214.033564500 124 
3214.034120000 115 
3214.034675500 107 
3214.035231000 098 
3214.035786500 091 
3214.036342000 085 
3214.036897500 081 
3214.037453000 078 
3214.038008500 075 
3214.038564000 076 
3214.039119500 077 
3214.039675000 078 
3214.040230500 084 
3214.040786000 090 
3214.041341500 096 
3214.041897000 104 
3214.042452500 113 
3214.043008000 121 
3214.043563500 130 
3214.044119000 140 
3214.044674500 149 
3214.045230000 156 
3214.045785500 164 
3214.046341000 171 
3214.046896500 175 
3214.047452000 178 
3214.048007500 180 
3214.048563000 181 
3214.049118500 179 
3214.049674000 176 
3214.050229500 172 
3214.050785000 166 
3214.051340500 159 
3214.051896000 151 
3214.052451500 143 
3214.053007000 133 
3214.053562500 124 
3214.054118000 115 
3214.054673500 107 
3214.055229000 098 
3214.055784500 092 
3214.056340000 085 
3214.056895500 082 
3214.057451000 078 
3214.058006500 076 
3214.058562000 075 
3214.059117500 077 
3214.059673000 080 
3214.060228500 083 
3214.060784000 090 
3214.061339500 096 
3214.061895000 104 
3214.062450500 112 
3214.063006000 121 
3214.063561500 131 
3214.064117000 140 
3214.064672500 148 
3214.065228000 156 
3214.065783500 165 
3214.066339000 170 
3214.066894500 174 
3214.067450000 178 
3214.068005500 181 
3214.068561000 180 
3214.069116500 179 
3214.069672000 176 
3214.070227500 172 
3214.070783000 165 
3214.071338500 160 
3214.071894000 151 
3214.072449500 143 
3214.073005000 133 
3214.073560500 125 
3214.074116000 116 
3214.074671500 106 
3214.075227000 098 
3214.075782500 091 
3214.076338000 086 
3214.076893500 082 
3214.077449000 078 
3214.078004500 076 
3214.078560000 074 
3214.079115500 076 
3214.079671000 080 
3214.080226500 083 
3214.080782000 089 
3214.081337500 097 
3214.081893000 104 
3214.082448500 113 
3214.083004000 121 
3214.083559500 130 
3214.084115000 140 
3214.084670500 148 
3214.085226000 158 
3214.085781500 164 
3214.086337000 170 
3214.086892500 175 
3214.087448000 179 
3214.088003500 180 
3214.088559000 180 
3214.089114500 179 
3214.089670000 177 
3214.090225500 172 
3214.090781000 165 
3214.091336500 159 
3214.091892000 152 
3214.092447500 142 
3214.093003000 133 
3214.093558500 125 
3214.094114000 116 
3214.094669500 107 
3214.095225000 098 
3214.095780500 092 
3214.096336000 086 
3214.096891500 080 
3214.097447000 078 
3214.098002500 075 
3214.098558000 076 
3214.099113500 076 
3214.099669000 080 
3214.100224500 084 
3214.100780000 089 
3214.101335500 096 
3214.101891000 104 
3214.102446500 113 
3214.103002000 121 
3214.103557500 130 
3214.104113000 140 
3214.104668500 148 
3214.105224000 156 
3214.105779500 165 
3214.106335000 170 
3214.106890500 175 
3214.107446000 179 
3214.108001500 180 
3214.108557000 180 
3214.109112500 179 
3214.109668000 176 
3214.110223500 172 
3214.110779000 167 
3214.111334500 159 
3214.111890000 151 
3214.112445500 142 
3214.113001000 133 
3214.113556500 124 
3214.114112000 116 
3214.114667500 107 
3214.115223000 098 
3214.115778500 092 
3214.116334000 086 
3214.116889500 081 
3214.117445000 077 
3214.118000500 076 
3214.118556000 075 
3214.119111500 076 
3214.119667000 079 
3214.120222500 084 
3214.120778000 090 
3214.121333500 096 
3214.121889000 103 
3214.122444500 113 
3214.123000000 121 
3214.123555500 130 
3214.124111000 139 
3214.124666500 149 
3214.125222000 156 
3214.125777500 165 
3214.126333000 170 
3214.126888500 175 
3214.127444000 178 
3214.127999500 180 
3214.128555000 180 
3214.129110500 179 
3214.129666000 177 
3214.130221500 172 
3214.130777000 166 
3214.131332500 160 
3214.131888000 151 
3214.132443500 142 
3214.132999000 134 
3214.133554500 125 
3214.134110000 116 
3214.134665500 106 
3214.135221000 099 
3214.135776500 092 
3214.136332000 085 
3214.136887500 080 
3214.137443000 078 
3214.137998500 076 
3214.138554000 075 
3214.139109500 077 
3214.139665000 079 
3214.140220500 083 
3214.140776000 090 
3214.141331500 095 
3214.141887000 104 
3214.142442500 112 
3214.142998000 121 
3214.143553500 130 
3214.144109000 140 
3214.144664500 148 
3214.145220000 157 
3214.145775500 165 
3214.146331000 170 
3214.146886500 175 
3214.147442000 178 
3214.147997500 180 
3214.148553000 181 
3214.149108500 179 
3214.149664000 177 
3214.150219500 172 
3214.150775000 166 
3214.151330500 159 
3214.151886000 152 
3214.152441500 143 
3214.152997000 134 
3214.153552500 125 
3214.154108000 116 
3214.154663500 107 
3214.155219000 099 
3214.155774500 091 
3214.156330000 085 
3214.156885500 081 
3214.157441000 078 
3214.157996500 075 
3214.158552000 075 
3214.159107500 077 
3214.159663000 080 
3214.160218500 083 
3214.160774000 089 
3214.161329500 096 
3214.161885000 104 
3214.162440500 112 
3214.162996000 122 
3214.163551500 131 
3214.164107000 140 
3214.164662500 148 
3214.165218000 157 
3214.165773500 164 
3214.166329000 170 
3214.166884500 175 
3214.167440000 178 
3214.167995500 181 
3214.168551000 180 
3214.169106500 179 
3214.169662000 177 
3214.170217500 172 
3214.170773000 166 
3214.171328500 160 
3214.171884000 151 
3214.172439500 144 
3214.172995000 134 
3214.173550500 124 
3214.174106000 115 
3214.174661500 108 
3214.175217000 099 
3214.175772500 092 
3214.176328000 085 
3214.176883500 080 
3214.177439000 077 
3214.177994500 076 
3214.178550000 075 
3214.179105500 077 
3214.179661000 079 
3214.180216500 083 
3214.180772000 090 
3214.181327500 096 
3214.181883000 104 
3214.182438500 112 
3214.182994000 120 
3214.183549500 131 
3214.184105000 140 
3214.184660500 148 
3214.185216000 157 
3214.185771500 164 
3214.186327000 170 
3214.186882500 174 
3214.187438000 178 
3214.187993500 180 
3214.188549000 180 
3214.189104500 179 
3214.189660000 177 
3214.190215500 172 
3214.190771000 166 
3214.191326500 160 
3214.191882000 152 
3214.192437500 143 
3214.192993000 133 
3214.193548500 125 
3214.194104000 116 
3214.194659500 108 
3214.195215000 099 
3214.195770500 091 
3214.196326000 086 
3214.196881500 081 
3214.197437000 077 
3214.197992500 076 
3214.198548000 075 
3214.199103500 076 
3214.199659000 078 
3214.200214500 084 
3214.200770000 089 
3214.201325500 095 
3214.201881000 104 
3214.202436500 113 
3214.202992000 121 
3214.203547500 130 
3214.204103000 140 
3214.204658500 149 
3214.205214000 156 
3214.205769500 163 
3214.206325000 169 
3214.206880500 176 
3214.207436000 179 
3214.207991500 181 
3214.208547000 180 
3214.209102500 179 
3214.209658000 177 
3214.210213500 172 
3214.210769000 166 
3214.211324500 160 
3214.211880000 152 
3214.212435500 143 
3214.212991000 133 
3214.213546500 125 
3214.214102000 116 
3214.214657500 106 
3214.215213000 100 
3214.215768500 092 
3214.216324000 085 
3214.216879500 080 
3214.217435000 078 
3214.217990500 075 
3214.218546000 075 
3214.219101500 077 
3214.219657000 079 
3214.220212500 083 
3214.220768000 090 
3214.221323500 096 
3214.221879000 103 
3214.222434500 112 
3214.222990000 121 
3214.223545500 131 
3214.224101000 140 
3214.224656500 148 
3214.225212000 156 
3214.225767500 164 
3214.226323000 171 
3214.226878500 174 
3214.227434000 178 
3214.227989500 181 
3214.228545000 180 
3214.229100500 179 
3214.229656000 176 
3214.230211500 172 
3214.230767000 166 
3214.231322500 158 
3214.231878000 152 
3214.232433500 143 
3214.232989000 133 
3214.233544500 125 
3214.234100000 116 
3214.234655500 106 
3214.235211000 099 
3214.235766500 092 
3214.236322000 086 
3214.236877500 081 
3214.237433000 077 
3214.237988500 076 
3214.238544000 076 
3214.239099500 076 
3214.239655000 079 
3214.240210500 084 
3214.240766000 090 
3214.241321500 096 
3214.241877000 113 
3214.242432500 125 
3214.242988000 127 
3214.243543500 127 
3214.244099000 127 
3214.244654500 127 
3214.245210000 127 
3214.245765500 128 
3214.246321000 128 
3214.246876500 127 
3214.247432000 127 
3214.247987500 128 
3214.248543000 128 
3214.249098500 127 
3214.249654000 127 
3214.250209500 128 
3214.250765000 127 
3214.251320500 127 
3214.251876000 128 
3214.252431500 127 
3214.252987000 127 
3214.253542500 128 
3214.254098000 128 
3214.254653500 127 
3214.255209000 127 
3214.255764500 127 
3214.256320000 128 
3214.256875500 128 
3214.257431000 127 
3214.257986500 128 
3214.258542000 128 
3214.259097500 127 
3214.259653000 128 
3214.260208500 128 
3214.260764000 127 
3214.261319500 127 
3214.261875000 128 
3214.262430500 128 
3214.262986000 127 
3214.263541500 128 
3214.264097000 127 
3214.264652500 128 
3214.265208000 127 
3214.265763500 128 
3214.266319000 128 
3214.266874500 127 
3214.267430000 128 
3214.267985500 128 
3214.268541000 128 
3214.269096500 128 
3214.269652000 128 
3214.270207500 127 
3214.270763000 128 
3214.271318500 128 
3214.271874000 127 
3214.272429500 128 
3214.272985000 128 
3214.273540500 128 
3214.274096000 128 
3214.274651500 127 
3214.275207000 128 
3214.275762500 128 
3214.276318000 127 
3214.276873500 128 
3214.277429000 128 
3214.277984500 127 
3214.278540000 128 
3214.279095500 127 
3214.279651000 128 
3214.280206500 128 
3214.280762000 128 
3214.281317500 127 
3214.281873000 128 
3214.282428500 128 
3214.282984000 127 
3214.283539500 127 
3214.284095000 127 
3214.284650500 128 
3214.285206000 128 
3214.285761500 128 
3214.286317000 127 
3214.286872500 128 
3214.287428000 128 
3214.287983500 127 
3214.288539000 127 
3214.289094500 128 
3214.289650000 128 
3214.290205500 127 
3214.290761000 129 
3214.291316500 128 
3214.291872000 127 
3214.292427500 128 
3214.292983000 128 
3214.293538500 127 
3214.294094000 129 
3214.294649500 128 
3214.295205000 128 
3214.295760500 127 
3214.296316000 128 
3214.296871500 128 
3214.297427000 128 
3214.297982500 128 
3214.298538000 127 
3214.299093500 127 
3214.299649000 128 
3214.300204500 128 
3214.300760000 127 
3214.301315500 128 
3214.301871000 128 
3214.302426500 127 
3214.302982000 128 
3214.303537500 128 
3214.304093000 127 
3214.304648500 128 
3214.305204000 127 
3214.305759500 128 
3214.306315000 127 
3214.306870500 128 
3214.307426000 127 
3214.307981500 128 
3214.308537000 128 
3214.309092500 128 
3214.309648000 127 
3214.310203500 128 
3214.310759000 128 
3214.311314500 128 
3214.311870000 129 
3214.312425500 128 
3214.312981000 127 
3214.313536500 127 
3214.314092000 127 
3214.314647500 128 
3214.315203000 128 
3214.315758500 128 
3214.316314000 127 
3214.316869500 128 
3214.317425000 128 
3214.317980500 128 
3214.318536000 127 
3214.319091500 128 
3214.319647000 127 
3214.320202500 129 
3214.320758000 128 
3214.321313500 128 
3214.321869000 128 
3214.322424500 128 
3214.322980000 127 
3214.323535500 128 
3214.324091000 128 
3214.324646500 128 
3214.325202000 127 
3214.325757500 128 
3214.326313000 128 
3214.326868500 128 
3214.327424000 127 
3214.327979500 127 
3214.328535000 128 
3214.329090500 128 
3214.329646000 127 
3214.330201500 128 
3214.330757000 128 
3214.331312500 128 
3214.331868000 127 
3214.332423500 128 
3214.332979000 128 
3214.333534500 128 
3214.334090000 128 
3214.334645500 128 
3214.335201000 127 
3214.335756500 128 
3214.336312000 129 
3214.336867500 128 
3214.337423000 128 
3214.337978500 127 
3214.338534000 128 
3214.339089500 128 
3214.339645000 128 
3214.340200500 128 
3214.340756000 128 
3214.341311500 128 
3214.341867000 127 
3214.342422500 127 
3214.342978000 128 
3214.343533500 128 
3214.344089000 127 
3214.344644500 127 
3214.345200000 128 
3214.345755500 128 
3214.346311000 128 
3214.346866500 127 
3214.347422000 128 
3214.347977500 128 
3214.348533000 128 
3214.349088500 128 
3214.349644000 128 
3214.350199500 127 
3214.350755000 128 
3214.351310500 128 
3214.351866000 127 
3214.352421500 128 
3214.352977000 128 
3214.353532500 127 
3214.354088000 128 
3214.354643500 128 
3214.355199000 127 
3214.355754500 128 
3214.356310000 128 
3214.356865500 127 
3214.357421000 127 
3214.357976500 128 
3214.358532000 128 
3214.359087500 127 
3214.359643000 128 
3214.360198500 128 
3214.360754000 128 
3214.361309500 128 
3214.361865000 128 
3214.362420500 127 
3214.362976000 128 
3214.363531500 128 
3214.364087000 127 
3214.364642500 128 
3214.365198000 128 
3214.365753500 128 
3214.366309000 128 
3214.366864500 128 
3214.367420000 128 
3214.367975500 128 
3214.368531000 127 
3214.369086500 127 
3214.369642000 128 
3214.370197500 129 
3214.370753000 127 
3214.371308500 127 
3214.371864000 128 
3214.372419500 128 
3214.372975000 127 
3214.373530500 129 
3214.374086000 128 
3214.374641500 129 
3214.375197000 128 
3214.375752500 127 
3214.376308000 128 
3214.376863500 127 
3214.377419000 127 
3214.377974500 128 
3214.378530000 128 
3214.379085500 128 
3214.379641000 127 
3214.380196500 128 
3214.380752000 128 
3214.381307500 127 
3214.381863000 127 
3214.382418500 128 
3214.382974000 128 
3214.383529500 127 
3214.384085000 127 
3214.384640500 128 
3214.385196000 128 
3214.385751500 128 
3214.386307000 128 
3214.386862500 128 
3214.387418000 128 
3214.387973500 127 
3214.388529000 128 
3214.389084500 128 
3214.389640000 128 
3214.390195500 127 
3214.390751000 127 
3214.391306500 128 
3214.391862000 128 
3214.392417500 128 
3214.392973000 127 
3214.393528500 129 
3214.394084000 128 
3214.394639500 127 
3214.395195000 129 
3214.395750500 128 
3214.396306000 128 
3214.396861500 127 
3214.397417000 128 
3214.397972500 128 
3214.398528000 128 
3214.399083500 127 
3214.399639000 128 
3214.400194500 128 
3214.400750000 127 
3214.401305500 128 
3214.401861000 128 
3214.402416500 127 
3214.402972000 128 
3214.403527500 127 
3214.404083000 128 
3214.404638500 128 
3214.405194000 128 
3214.405749500 128 
3214.406305000 128 
3214.406860500 127 
3214.407416000 128 
3214.407971500 127 
3214.408527000 128 
3214.409082500 128 
3214.409638000 127 
3214.410193500 127 
3214.410749000 127 
3214.411304500 128 
3214.411860000 128 
3214.412415500 127 
3214.412971000 128 
3214.413526500 128 
3214.414082000 127 
3214.414637500 128 
3214.415193000 128 
3214.415748500 128 
3214.416304000 129 
3214.416859500 127 
3214.417415000 129 
3214.417970500 128 
3214.418526000 127 
3214.419081500 128 
3214.419637000 128 
3214.420192500 127 
3214.420748000 128 
3214.421303500 128 
3214.421859000 127 
3214.422414500 128 
3214.422970000 128 
3214.423525500 128 
3214.424081000 127 
3214.424636500 127 
3214.425192000 128 
3214.425747500 128 
3214.426303000 127 
3214.426858500 127 
3214.427414000 128 
3214.427969500 128 
3214.428525000 127 
3214.429080500 128 
3214.429636000 128 
3214.430191500 128 
3214.430747000 127 
3214.431302500 128 
3214.431858000 128 
3214.432413500 127 
3214.432969000 127 
3214.433524500 128 
3214.434080000 128 
3214.434635500 127 
3214.435191000 127 
3214.435746500 128 
3214.436302000 128 
3214.436857500 127 
3214.437413000 128 
3214.437968500 128 
3214.438524000 127 
3214.439079500 128 
3214.439635000 128 
3214.440190500 127 
3214.440746000 127 
3214.441301500 128 
3214.441857000 128 
3214.442412500 127 
3214.442968000 128 
3214.443523500 128 
3214.444079000 127 
3214.444634500 128 
3214.445190000 128 
3214.445745500 128 
3214.446301000 128 
3214.446856500 128 
3214.447412000 128 
3214.447967500 128 
3214.448523000 128 
3214.449078500 127 
3214.449634000 128 
3214.450189500 128 
3214.450745000 127 
3214.451300500 128 
3214.451856000 128 
3214.452411500 128 
3214.452967000 128 
3214.453522500 128 
3214.454078000 128 
3214.454633500 128 
3214.455189000 128 
3214.455744500 127 
3214.456300000 128 
3214.456855500 128 
3214.457411000 127 
3214.457966500 129 
3214.458522000 128 
3214.459077500 127 
3214.459633000 128 
3214.460188500 128 
3214.460744000 127 
3214.461299500 128 
3214.461855000 128 
3214.462410500 127 
3214.462966000 128 
3214.463521500 128 
3214.464077000 127 
3214.464632500 128 
3214.465188000 128 
3214.465743500 127 
3214.466299000 127 
3214.466854500 128 
3214.467410000 128 
3214.467965500 127 
3214.468521000 128 
3214.469076500 128 
3214.469632000 128 
3214.470187500 128 
3214.470743000 128 
3214.471298500 127 
3214.471854000 128 
3214.472409500 127 
3214.472965000 128 
3214.473520500 127 
3214.474076000 129 
3214.474631500 128 
3214.475187000 127 
3214.475742500 128 
3214.476298000 128 
3214.476853500 128 
3214.477409000 127 
3214.477964500 127 
3214.478520000 128 
3214.479075500 128 
3214.479631000 127 
3214.480186500 127 
3214.480742000 127 
3214.481297500 128 
3214.481853000 127 
3214.482408500 128 
3214.482964000 128 
3214.483519500 127 
3214.484075000 127 
3214.484630500 128 
3214.485186000 127 
3214.485741500 128 
3214.486297000 127 
3214.486852500 128 
3214.487408000 127 
3214.487963500 128 
3214.488519000 128 
3214.489074500 127 
3214.489630000 127 
3214.490185500 127 
3214.490741000 128 
3214.491296500 128 
3214.491852000 127 
3214.492407500 127 
3214.492963000 128 
3214.493518500 128 
3214.494074000 128 
3214.494629500 128 
3214.495185000 127 
3214.495740500 128 
3214.496296000 128 
3214.496851500 127 
3214.497407000 128 
3214.497962500 128 
3214.498518000 128 
3214.499073500 128 
3214.499629000 127 
3214.500184500 128 
3214.500740000 127 
3214.501295500 128 
3214.501851000 128 
3214.502406500 128 
3214.502962000 127 
3214.503517500 128 
3214.504073000 127 
3214.504628500 127 
3214.505184000 128 
3214.505739500 128 
3214.506295000 128 
3214.506850500 127 
3214.507406000 127 
3214.507961500 128 
3214.508517000 128 
3214.509072500 128 
3214.509628000 127 
3214.510183500 128 
3214.510739000 128 
3214.511294500 128 
3214.511850000 128 
3214.512405500 128 
3214.512961000 128 
3214.513516500 127 
3214.514072000 128 
3214.514627500 128 
3214.515183000 128 
3214.515738500 127 
3214.516294000 127 
3214.516849500 128 
3214.517405000 128 
3214.517960500 127 
3214.518516000 128 
3214.519071500 128 
3214.519627000 127 
3214.520182500 128 
3214.520738000 128 
3214.521293500 128 
3214.521849000 128 
3214.522404500 127 
3214.522960000 128 
3214.523515500 128 
3214.524071000 127 
3214.524626500 128 
3214.525182000 128 
3214.525737500 127 
3214.526293000 128 
3214.526848500 128 
3214.527404000 127 
3214.527959500 128 
3214.528515000 128 
3214.529070500 128 
3214.529626000 127 
3214.530181500 128 
3214.530737000 127 
3214.531292500 127 
3214.531848000 128 
3214.532403500 128 
3214.532959000 127 
3214.533514500 128 
3214.534070000 128 
3214.534625500 127 
3214.535181000 128 
3214.535736500 128 
3214.536292000 128 
3214.536847500 128 
3214.537403000 127 
3214.537958500 128 
3214.538514000 128 
3214.539069500 127 
3214.539625000 128 
3214.540180500 129 
3214.540736000 128 
3214.541291500 127 
3214.541847000 128 
3214.542402500 127 
3214.542958000 128 
3214.543513500 127 
3214.544069000 128 
3214.544624500 128 
3214.545180000 128 
3214.545735500 127 
3214.546291000 128 
3214.546846500 128 
3214.547402000 128 
3214.547957500 127 
3214.548513000 127 
3214.549068500 128 
3214.549624000 128 
3214.550179500 127 
3214.550735000 128 
3214.551290500 128 
3214.551846000 127 
3214.552401500 129 
3214.552957000 128 
3214.553512500 128 
3214.554068000 128 
3214.554623500 128 
3214.555179000 127 
3214.555734500 128 
3214.556290000 128 
3214.556845500 127 
3214.557401000 127 
3214.557956500 128 
3214.558512000 128 
3214.559067500 127 
3214.559623000 128 
3214.560178500 128 
3214.560734000 128 
3214.561289500 127 
3214.561845000 128 
3214.562400500 128 
3214.562956000 128 
3214.563511500 127 
3214.564067000 127 
3214.564622500 128 
3214.565178000 128 
3214.565733500 127 
3214.566289000 129 
3214.566844500 128 
3214.567400000 128 
3214.567955500 127 
3214.568511000 128 
3214.569066500 128 
3214.569622000 127 
3214.570177500 128 
3214.570733000 127 
3214.571288500 127 
3214.571844000 128 
3214.572399500 127 
3214.572955000 127 
3214.573510500 128 
3214.574066000 128 
3214.574621500 128 
3214.575177000 128 
3214.575732500 128 
3214.576288000 128 
3214.576843500 128 
3214.577399000 127 
3214.577954500 127 
3214.578510000 128 
3214.579065500 128 
3214.579621000 127 
3214.580176500 128 
3214.580732000 127 
3214.581287500 127 
3214.581843000 128 
3214.582398500 128 
3214.582954000 128 
3214.583509500 128 
3214.584065000 127 
3214.584620500 128 
3214.585176000 128 
3214.585731500 128 
3214.586287000 128 
3214.586842500 128 
3214.587398000 128 
3214.587953500 127 
3214.588509000 127 
3214.589064500 128 
3214.589620000 128 
3214.590175500 128 
3214.590731000 127 
3214.591286500 128 
3214.591842000 128 
3214.592397500 127 
3214.592953000 128 
3214.593508500 128 
3214.594064000 128 
3214.594619500 127 
3214.595175000 128 
3214.595730500 128 
3214.596286000 128 
3214.596841500 127 
3214.597397000 128 
3214.597952500 127 
3214.598508000 128 
3214.599063500 128 
3214.599619000 127 
3214.600174500 127 
3214.600730000 128 
3214.601285500 128 
3214.601841000 127 
3214.602396500 128 
3214.602952000 128 
3214.603507500 127 
3214.604063000 128 
3214.604618500 128 
3214.605174000 128 
3214.605729500 127 
3214.606285000 128 
3214.606840500 128 
3214.607396000 127 
3214.607951500 128 
3214.608507000 128 
3214.609062500 127 
3214.609618000 127 
3214.610173500 128 
3214.610729000 128 
3214.611284500 127 
3214.611840000 128 
3214.612395500 127 
3214.612951000 128 
3214.613506500 128 
3214.614062000 127 
3214.614617500 129 
3214.615173000 128 
3214.615728500 127 
3214.616284000 128 
3214.616839500 128 
3214.617395000 128 
3214.617950500 127 
3214.618506000 128 
3214.619061500 128 
3214.619617000 127 
3214.620172500 128 
3214.620728000 127 
3214.621283500 128 
3214.621839000 127 
3214.622394500 127 
3214.622950000 128 
3214.623505500 128 
3214.624061000 127 
3214.624616500 128 
3214.625172000 128 
3214.625727500 128 
3214.626283000 128 
3214.626838500 128 
3214.627394000 127 
3214.627949500 127 
3214.628505000 127 
3214.629060500 128 
3214.629616000 128 
3214.630171500 128 
3214.630727000 128 
3214.631282500 127 
3214.631838000 128 
3214.632393500 128 
3214.632949000 127 
3214.633504500 127 
3214.634060000 129 
3214.634615500 128 
3214.635171000 127 
3214.635726500 127 
3214.636282000 128 
3214.636837500 128 
3214.637393000 127 
3214.637948500 129 
3214.638504000 128 
3214.639059500 128 
3214.639615000 128 
3214.640170500 127 
3214.640726000 128 
3214.641281500 128 
3214.641837000 128 
3214.642392500 127 
3214.642948000 128 
3214.643503500 128 
3214.644059000 127 
3214.644614500 129 
3214.645170000 128 
3214.645725500 128 
3214.646281000 127 
3214.646836500 128 
3214.647392000 128 
3214.647947500 127 
3214.648503000 128 
3214.649058500 128 
3214.649614000 127 
3214.650169500 127 
3214.650725000 127 
3214.651280500 128 
3214.651836000 128 
3214.652391500 127 
3214.652947000 127 
3214.653502500 128 
3214.654058000 127 
3214.654613500 128 
3214.655169000 128 
3214.655724500 127 
3214.656280000 127 
3214.656835500 128 
3214.657391000 127 
3214.657946500 128 
3214.658502000 128 
3214.659057500 127 
3214.659613000 127 
3214.660168500 128 
3214.660724000 127 
3214.661279500 128 
3214.661835000 128 
3214.662390500 128 
3214.662946000 127 
3214.663501500 128 
3214.664057000 127 
3214.664612500 127 
3214.665168000 128 
3214.665723500 128 
3214.666279000 128 
3214.666834500 128 
3214.667390000 127 
3214.667945500 128 
3214.668501000 127 
3214.669056500 127 
3214.669612000 128 
3214.670167500 128 
3214.670723000 127 
3214.671278500 128 
3214.671834000 128 
3214.672389500 127 
3214.672945000 128 
3214.673500500 128 
3214.674056000 128 
3214.674611500 127 
3214.675167000 128 
3214.675722500 128 
3214.676278000 127 
3214.676833500 128 
3214.677389000 128 
3214.677944500 127 
3214.678500000 127 
3214.679055500 128 
3214.679611000 128 
3214.680166500 127 
3214.680722000 128 
3214.681277500 127 
3214.681833000 128 
3214.682388500 127 
3214.682944000 127 
3214.683499500 128 
3214.684055000 127 
3214.684610500 127 
3214.685166000 128 
3214.685721500 128 
3214.686277000 127 
3214.686832500 128 
3214.687388000 128 
3214.687943500 127 
3214.688499000 127 
3214.689054500 128 
3214.689610000 128 
3214.690165500 127 
3214.690721000 128 
3214.691276500 128 
3214.691832000 128 
3214.692387500 128 
3214.692943000 128 
3214.693498500 127 
3214.694054000 129 
3214.694609500 127 
3214.695165000 128 
3214.695720500 127 
3214.696276000 128 
3214.696831500 128 
3214.697387000 127 
3214.697942500 128 
3214.698498000 128 
3214.699053500 127 
3214.699609000 128 
3214.700164500 128 
3214.700720000 127 
3214.701275500 128 
3214.701831000 128 
3214.702386500 128 
3214.702942000 128 
3214.703497500 128 
3214.704053000 128 
3214.704608500 127 
3214.705164000 128 
3214.705719500 128 
3214.706275000 127 
3214.706830500 127 
3214.707386000 128 
3214.707941500 128 
3214.708497000 128 
3214.709052500 127 
3214.709608000 128 
3214.710163500 127 
3214.710719000 128 
3214.711274500 128 
3214.711830000 127 
3214.712385500 127 
3214.712941000 128 
3214.713496500 128 
3214.714052000 128 
3214.714607500 127 
3214.715163000 128 
3214.715718500 128 
3214.716274000 128 
3214.716829500 127 
3214.717385000 127 
3214.717940500 128 
3214.718496000 128 
3214.719051500 127 
3214.719607000 127 
3214.720162500 129 
3214.720718000 128 
3214.721273500 128 
3214.721829000 128 
3214.722384500 128 
3214.722940000 127 
3214.723495500 128 
3214.724051000 127 
3214.724606500 128 
3214.725162000 128 
3214.725717500 127 
3214.726273000 128 
3214.726828500 128 
3214.727384000 127 
3214.727939500 128 
3214.728495000 128 
3214.729050500 127 
3214.729606000 128 
3214.730161500 128 
3214.730717000 128 
3214.731272500 127 
3214.731828000 128 
3214.732383500 128 
3214.732939000 127 
3214.733494500 127 
3214.734050000 129 
3214.734605500 128 
3214.735161000 129 
3214.735716500 128 
3214.736272000 127 
3214.736827500 128 
3214.737383000 127 
3214.737938500 128 
3214.738494000 128 
3214.739049500 127 
3214.739605000 127 
3214.740160500 128 
3214.740716000 128 
3214.741271500 128 
3214.741827000 128 
3214.742382500 128 
3214.742938000 127 
3214.743493500 127 
3214.744049000 127 
3214.744604500 128 
3214.745160000 128 
3214.745715500 127 
3214.746271000 128 
3214.746826500 128 
3214.747382000 127 
3214.747937500 128 
3214.748493000 128 
3214.749048500 127 
3214.749604000 128 
3214.750159500 127 
3214.750715000 128 
3214.751270500 128 
3214.751826000 127 
3214.752381500 129 
3214.752937000 128 
3214.753492500 128 
3214.754048000 128 
3214.754603500 128 
3214.755159000 128 
3214.755714500 127 
3214.756270000 128 
3214.756825500 128 
3214.757381000 127 
3214.757936500 127 
3214.758492000 128 
3214.759047500 128 
3214.759603000 128 
3214.760158500 128 
3214.760714000 127 
3214.761269500 127 
3214.761825000 128 
3214.762380500 128 
3214.762936000 127 
3214.763491500 128 
3214.764047000 127 
3214.764602500 127 
3214.765158000 128 
3214.765713500 128 
3214.766269000 127 
3214.766824500 128 
3214.767380000 127 
3214.767935500 127 
3214.768491000 128 
3214.769046500 128 
3214.769602000 127 
3214.770157500 128 
3214.770713000 128 
3214.771268500 127 
3214.771824000 128 
3214.772379500 128 
3214.772935000 127 
3214.773490500 129 
3214.774046000 128 
3214.774601500 128 
3214.775157000 127 
3214.775712500 127 
3214.776268000 128 
3214.776823500 128 
3214.777379000 128 
3214.777934500 128 
3214.778490000 128 
3214.779045500 127 
3214.779601000 127 
3214.780156500 128 
3214.780712000 127 
3214.781267500 127 
3214.781823000 128 
3214.782378500 128 
3214.782934000 127 
3214.783489500 128 
3214.784045000 128 
3214.784600500 128 
3214.785156000 128 
3214.785711500 129 
3214.786267000 128 
3214.786822500 127 
3214.787378000 128 
3214.787933500 128 
3214.788489000 127 
3214.789044500 128 
3214.789600000 128 
3214.790155500 127 
3214.790711000 128 
3214.791266500 127 
3214.791822000 127 
3214.792377500 128 
3214.792933000 127 
3214.793488500 128 
3214.794044000 128 
3214.794599500 127 
3214.795155000 127 
3214.795710500 127 
3214.796266000 128 
3214.796821500 128 
3214.797377000 127 
3214.797932500 128 
3214.798488000 128 
3214.799043500 127 
3214.799599000 128 
3214.800154500 127 
3214.800710000 127 
3214.801265500 128 
3214.801821000 128 
3214.802376500 127 
3214.802932000 129 
3214.803487500 128 
3214.804043000 127 
3214.804598500 127 
3214.805154000 128 
3214.805709500 127 
3214.806265000 128 
3214.806820500 128 
3214.807376000 127 
3214.807931500 128 
3214.808487000 127 
3214.809042500 128 
3214.809598000 128 
3214.810153500 128 
3214.810709000 127 
3214.811264500 127 
3214.811820000 128 
3214.812375500 128 
3214.812931000 127 
3214.813486500 127 
3214.814042000 128 
3214.814597500 128 
3214.815153000 128 
3214.815708500 127 
3214.816264000 128 
3214.816819500 128 
3214.817375000 128 
3214.817930500 127 
3214.818486000 128 
3214.819041500 128 
3214.819597000 128 
3214.820152500 128 
3214.820708000 127 
3214.821263500 128 
3214.821819000 127 
3214.822374500 128 
3214.822930000 128 
3214.823485500 128 
3214.824041000 127 
3214.824596500 128 
3214.825152000 128 
3214.825707500 127 
3214.826263000 128 
3214.826818500 128 
3214.827374000 128 
3214.827929500 128 
3214.828485000 128 
3214.829040500 128 
3214.829596000 128 
3214.830151500 128 
3214.830707000 128 
3214.831262500 127 
3214.831818000 127 
3214.832373500 128 
3214.832929000 128 
3214.833484500 127 
3214.834040000 128 
3214.834595500 128 
3214.835151000 128 
3214.835706500 127 
3214.836262000 127 
3214.836817500 128 
3214.837373000 128 
3214.837928500 127 
3214.838484000 127 
3214.839039500 128 
3214.839595000 128 
3214.840150500 128 
3214.840706000 127 
3214.841261500 128 
3214.841817000 128 
3214.842372500 128 
3214.842928000 127 
3214.843483500 128 
3214.844039000 128 
3214.844594500 128 
3214.845150000 127 
3214.845705500 129 
3214.846261000 128 
3214.846816500 127 
3214.847372000 128 
3214.847927500 127 
3214.848483000 128 
3214.849038500 128 
3214.849594000 128 
3214.850149500 128 
3214.850705000 128 
3214.851260500 128 
3214.851816000 128 
3214.852371500 127 
3214.852927000 128 
3214.853482500 128 
3214.854038000 128 
3214.854593500 127 
3214.855149000 128 
3214.855704500 128 
3214.856260000 128 
3214.856815500 128 
3214.857371000 128 
3214.857926500 128 
3214.858482000 128 
3214.859037500 127 
3214.859593000 129 
3214.860148500 128 
3214.860704000 128 
3214.861259500 128 
3214.861815000 128 
3214.862370500 127 
3214.862926000 128 
3214.863481500 128 
3214.864037000 127 
3214.864592500 127 
3214.865148000 128 
3214.865703500 128 
3214.866259000 128 
3214.866814500 128 
3214.867370000 128 
3214.867925500 127 
3214.868481000 128 
3214.869036500 128 
3214.869592000 128 
3214.870147500 127 
3214.870703000 129 
3214.871258500 128 
3214.871814000 128 
3214.872369500 127 
3214.872925000 127 
3214.873480500 128 
3214.874036000 127 
3214.874591500 128 
3214.875147000 128 
3214.875702500 127 
3214.876258000 128 
3214.876813500 128 
3214.877369000 127 
3214.877924500 128 
3214.878480000 128 
3214.879035500 127 
3214.879591000 128 
3214.880146500 128 
3214.880702000 127 
3214.881257500 127 
3214.881813000 128 
3214.882368500 128 
3214.882924000 127 
3214.883479500 128 
3214.884035000 128 
3214.884590500 128 
3214.885146000 127 
3214.885701500 129 
3214.886257000 128 
3214.886812500 128 
3214.887368000 127 
3214.887923500 128 
3214.888479000 128 
3214.889034500 127 
3214.889590000 128 
3214.890145500 128 
3214.890701000 128 
3214.891256500 128 
3214.891812000 127 
3214.892367500 128 
3214.892923000 128 
3214.893478500 128 
3214.894034000 127 
3214.894589500 129 
3214.895145000 128 
3214.895700500 127 
3214.896256000 128 
3214.896811500 128 
3214.897367000 127 
3214.897922500 128 
3214.898478000 128 
3214.899033500 127 
3214.899589000 127 
3214.900144500 128 
3214.900700000 127 
3214.901255500 127 
3214.901811000 128 
3214.902366500 128 
3214.902922000 127 
3214.903477500 128 
3214.904033000 127 
3214.904588500 127 
3214.905144000 129 
3214.905699500 128 
3214.906255000 127 
3214.906810500 128 
3214.907366000 128 
3214.907921500 128 
3214.908477000 127 
3214.909032500 127 
3214.909588000 128 
3214.910143500 128 
3214.910699000 128 
3214.911254500 128 
3214.911810000 128 
3214.912365500 128 
3214.912921000 128 
3214.913476500 127 
3214.914032000 128 
3214.914587500 128 
3214.915143000 128 
3214.915698500 127 
3214.916254000 128 
3214.916809500 128 
3214.917365000 127 
3214.917920500 128 
3214.918476000 127 
3214.919031500 128 
3214.919587000 128 
3214.920142500 127 
3214.920698000 127 
3214.921253500 128 
3214.921809000 128 
3214.922364500 127 
3214.922920000 128 
3214.923475500 128 
3214.924031000 128 
3214.924586500 127 
3214.925142000 128 
3214.925697500 128 
3214.926253000 128 
3214.926808500 127 
3214.927364000 128 
3214.927919500 128 
3214.928475000 127 
3214.929030500 128 
3214.929586000 128 
3214.930141500 127 
3214.930697000 128 
3214.931252500 127 
3214.931808000 128 
3214.932363500 128 
3214.932919000 127 
3214.933474500 128 
3214.934030000 128 
3214.934585500 128 
3214.935141000 128 
3214.935696500 127 
3214.936252000 128 
3214.936807500 128 
3214.937363000 128 
3214.937918500 127 
3214.938474000 127 
3214.939029500 128 
3214.939585000 128 
3214.940140500 127 
3214.940696000 128 
3214.941251500 128 
3214.941807000 127 
3214.942362500 127 
3214.942918000 128 
3214.943473500 128 
3214.944029000 127 
3214.944584500 128 
3214.945140000 128 
3214.945695500 128 
3214.946251000 127 
3214.946806500 127 
3214.947362000 128 
3214.947917500 128 
3214.948473000 127 
3214.949028500 128 
3214.949584000 128 
3214.950139500 128 
3214.950695000 127 
3214.951250500 128 
3214.951806000 128 
3214.952361500 127 
3214.952917000 128 
3214.953472500 128 
3214.954028000 127 
3214.954583500 128 
3214.955139000 128 
3214.955694500 127 
3214.956250000 127 
3214.956805500 128 
3214.957361000 128 
3214.957916500 127 
3214.958472000 128 
3214.959027500 128 
3214.959583000 128 
3214.960138500 128 
3214.960694000 127 
3214.961249500 127 
3214.961805000 128 
3214.962360500 128 
3214.962916000 127 
3214.963471500 127 
3214.964027000 128 
3214.964582500 127 
3214.965138000 127 
3214.965693500 129 
3214.966249000 128 
3214.966804500 128 
3214.967360000 127 
3214.967915500 127 
3214.968471000 129 
3214.969026500 128 
3214.969582000 127 
3214.970137500 128 
3214.970693000 129 
3214.971248500 128 
3214.971804000 128 
3214.972359500 127 
3214.972915000 128 
3214.973470500 128 
3214.974026000 127 
3214.974581500 128 
3214.975137000 128 
3214.975692500 128 
3214.976248000 127 
3214.976803500 128 
3214.977359000 128 
3214.977914500 127 
3214.978470000 127 
3214.979025500 128 
3214.979581000 127 
3214.980136500 129 
3214.980692000 128 
3214.981247500 127 
3214.981803000 128 
3214.982358500 128 
3214.982914000 127 
3214.983469500 127 
3214.984025000 128 
3214.984580500 128 
3214.985136000 127 
3214.985691500 128 
3214.986247000 127 
3214.986802500 128 
3214.987358000 127 
3214.987913500 127 
3214.988469000 128 
3214.989024500 128 
3214.989580000 128 
3214.990135500 127 
3214.990691000 128 
3214.991246500 128 
3214.991802000 127 
3214.992357500 128 
3214.992913000 128 
3214.993468500 127 
3214.994024000 128 
3214.994579500 128 
3214.995135000 129 
3214.995690500 127 
3214.996246000 127 
3214.996801500 128 
3214.997357000 128 
3214.997912500 128 
3214.998468000 127 
3214.999023500 127 
3214.999579000 128 
3215.000134500 127 
3215.000690000 128 
3215.001245500 127 
3215.001801000 128 
3215.002356500 127 
3215.002912000 127 
3215.003467500 128 
3215.004023000 127 
3215.004578500 127 
3215.005134000 127 
3215.005689500 129 
3215.006245000 128 
3215.006800500 127 
3215.007356000 128 
3215.007911500 128 
3215.008467000 127 
3215.009022500 129 
3215.009578000 128 
3215.010133500 127 
3215.010689000 128 
3215.011244500 128 
3215.011800000 127 
3215.012355500 127 
3215.012911000 128 
3215.013466500 128 
3215.014022000 129 
3215.014577500 128 
3215.015133000 128 
3215.015688500 127 
3215.016244000 128 
3215.016799500 128 
3215.017355000 127 
3215.017910500 128 
3215.018466000 128 
3215.019021500 127 
3215.019577000 129 
3215.020132500 128 
3215.020688000 127 
3215.021243500 128 
3215.021799000 128 
3215.022354500 128 
3215.022910000 128 
3215.023465500 127 
3215.024021000 128 
3215.024576500 128 
3215.025132000 128 
3215.025687500 128 
3215.026243000 128 
3215.026798500 128 
3215.027354000 128 
3215.027909500 128 
3215.028465000 128 
3215.029020500 128 
3215.029576000 127 
3215.030131500 128 
3215.030687000 128 
3215.031242500 128 
3215.031798000 127 
3215.032353500 128 
3215.032909000 128 
3215.033464500 128 
3215.034020000 128 
3215.034575500 128 
3215.035131000 127 
3215.035686500 127 
3215.036242000 128 
3215.036797500 128 
3215.037353000 127 
3215.037908500 128 
3215.038464000 128 
3215.039019500 128 
3215.039575000 127 
3215.040130500 128 
3215.040686000 128 
3215.041241500 127 
3215.041797000 127 
3215.042352500 128 
3215.042908000 127 
3215.043463500 128 
3215.044019000 128 
3215.044574500 128 
3215.045130000 127 
3215.045685500 129 
3215.046241000 128 
3215.046796500 127 
3215.047352000 128 
3215.047907500 128 
3215.048463000 127 
3215.049018500 128 
3215.049574000 128 
3215.050129500 128 
3215.050685000 127 
3215.051240500 128 
3215.051796000 128 
3215.052351500 127 
3215.052907000 129 
3215.053462500 128 
3215.054018000 127 
3215.054573500 128 
3215.055129000 128 
3215.055684500 127 
3215.056240000 128 
3215.056795500 129 
3215.057351000 128 
3215.057906500 128 
3215.058462000 127 
3215.059017500 127 
3215.059573000 128 
3215.060128500 128 
3215.060684000 127 
3215.061239500 127 
3215.061795000 129 
3215.062350500 128 
3215.062906000 128 
3215.063461500 128 
3215.064017000 128 
3215.064572500 127 
3215.065128000 128 
3215.065683500 128 
3215.066239000 128 
3215.066794500 128 
3215.067350000 127 
3215.067905500 127 
3215.068461000 127 
3215.069016500 128 
3215.069572000 127 
3215.070127500 128 
3215.070683000 127 
3215.071238500 128 
3215.071794000 128 
3215.072349500 127 
3215.072905000 127 
3215.073460500 128 
3215.074016000 128 
3215.074571500 127 
3215.075127000 128 
3215.075682500 128 
3215.076238000 128 
3215.076793500 127 
3215.077349000 128 
3215.077904500 128 
3215.078460000 128 
3215.079015500 127 
3215.079571000 127 
3215.080126500 129 
3215.080682000 128 
3215.081237500 128 
3215.081793000 127 
3215.082348500 128 
3215.082904000 128 
3215.083459500 127 
3215.084015000 128 
3215.084570500 127 
3215.085126000 127 
3215.085681500 128 
3215.086237000 128 
3215.086792500 128 
3215.087348000 128 
3215.087903500 128 
3215.088459000 127 
3215.089014500 129 
3215.089570000 128 
3215.090125500 128 
3215.090681000 127 
3215.091236500 127 
3215.091792000 128 
3215.092347500 128 
3215.092903000 128 
3215.093458500 127 
3215.094014000 128 
3215.094569500 128 
3215.095125000 127 
3215.095680500 127 
3215.096236000 128 
3215.096791500 128 
3215.097347000 128 
3215.097902500 127 
3215.098458000 127 
3215.099013500 128 
3215.099569000 128 
3215.100124500 127 
3215.100680000 127 
3215.101235500 128 
3215.101791000 127 
3215.102346500 128 
3215.102902000 128 
3215.103457500 128 
3215.104013000 128 
3215.104568500 127 
3215.105124000 128 
3215.105679500 129 
3215.106235000 128 
3215.106790500 128 
3215.107346000 127 
3215.107901500 128 
3215.108457000 128 
3215.109012500 127 
3215.109568000 128 
3215.110123500 128 
3215.110679000 127 
3215.111234500 128 
3215.111790000 128 
3215.112345500 127 
3215.112901000 128 
3215.113456500 128 
3215.114012000 127 
3215.114567500 128 
3215.115123000 128 
3215.115678500 127 
3215.116234000 128 
3215.116789500 128 
3215.117345000 128 
3215.117900500 127 
3215.118456000 127 
3215.119011500 128 
3215.119567000 128 
3215.120122500 127 
3215.120678000 128 
3215.121233500 128 
3215.121789000 127 
3215.122344500 128 
3215.122900000 128 
3215.123455500 127 
3215.124011000 128 
3215.124566500 127 
3215.125122000 128 
3215.125677500 128 
3215.126233000 128 
3215.126788500 127 
3215.127344000 128 
3215.127899500 128 
3215.128455000 127 
3215.129010500 128 
3215.129566000 128 
3215.130121500 128 
3215.130677000 127 
3215.131232500 127 
3215.131788000 128 
3215.132343500 128 
3215.132899000 128 
3215.133454500 128 
3215.134010000 128 
3215.134565500 128 
3215.135121000 128 
3215.135676500 127 
3215.136232000 128 
3215.136787500 128 
3215.137343000 128 
3215.137898500 128 
3215.138454000 128 
3215.139009500 127 
3215.139565000 128 
3215.140120500 128 
3215.140676000 127 
3215.141231500 128 
3215.141787000 128 
3215.142342500 127 
3215.142898000 127 
3215.143453500 128 
3215.144009000 128 
3215.144564500 128 
3215.145120000 127 
3215.145675500 128 
3215.146231000 128 
3215.146786500 127 
3215.147342000 127 
3215.147897500 128 
3215.148453000 128 
3215.149008500 128 
3215.149564000 127 
3215.150119500 128 
3215.150675000 128 
3215.151230500 127 
3215.151786000 128 
3215.152341500 128 
3215.152897000 127 
3215.153452500 128 
3215.154008000 128 
3215.154563500 127 
3215.155119000 128 
3215.155674500 127 
3215.156230000 128 
3215.156785500 128 
3215.157341000 128 
3215.157896500 127 
3215.158452000 128 
3215.159007500 128 
3215.159563000 127 
3215.160118500 128 
3215.160674000 128 
3215.161229500 128 
3215.161785000 127 
3215.162340500 129 
3215.162896000 128 
3215.163451500 127 
3215.164007000 127 
3215.164562500 128 
3215.165118000 128 
3215.165673500 128 
3215.166229000 127 
3215.166784500 128 
3215.167340000 128 
3215.167895500 128 
3215.168451000 127 
3215.169006500 127 
3215.169562000 128 
3215.170117500 128 
3215.170673000 128 
3215.171228500 127 
3215.171784000 128 
3215.172339500 128 
3215.172895000 127 
3215.173450500 127 
3215.174006000 128 
3215.174561500 128 
3215.175117000 127 
3215.175672500 128 
3215.176228000 128 
3215.176783500 128 
3215.177339000 127 
3215.177894500 128 
3215.178450000 128 
3215.179005500 128 
3215.179561000 127 
3215.180116500 128 
3215.180672000 127 
3215.181227500 128 
3215.181783000 127 
3215.182338500 128 
3215.182894000 128 
3215.183449500 128 
3215.184005000 127 
3215.184560500 129 
3215.185116000 128 
3215.185671500 127 
3215.186227000 129 
3215.186782500 128 
3215.187338000 128 
3215.187893500 127 
3215.188449000 127 
3215.189004500 127 
3215.189560000 128 
3215.190115500 128 
3215.190671000 127 
3215.191226500 128 
3215.191782000 128 
3215.192337500 127 
3215.192893000 129 
3215.193448500 128 
3215.194004000 127 
3215.194559500 128 
3215.195115000 128 
3215.195670500 127 
3215.196226000 128 
3215.196781500 128 
3215.197337000 127 
3215.197892500 127 
3215.198448000 128 
3215.199003500 128 
3215.199559000 127 
3215.200114500 128 
3215.200670000 128 
3215.201225500 128 
3215.201781000 127 
3215.202336500 128 
3215.202892000 128 
3215.203447500 128 
3215.204003000 127 
3215.204558500 127 
3215.205114000 128 
3215.205669500 128 
3215.206225000 127 
3215.206780500 128 
3215.207336000 128 
3215.207891500 128 
3215.208447000 128 
3215.209002500 128 
3215.209558000 127 
3215.210113500 128 
3215.210669000 128 
3215.211224500 127 
3215.211780000 128 
3215.212335500 128 
3215.212891000 127 
3215.213446500 128 
3215.214002000 128 
3215.214557500 127 
3215.215113000 127 
3215.215668500 127 
3215.216224000 128 
3215.216779500 128 
3215.217335000 127 
3215.217890500 128 
3215.218446000 128 
3215.219001500 128 
3215.219557000 127 
3215.220112500 128 
3215.220668000 128 
3215.221223500 127 
3215.221779000 128 
3215.222334500 128 
3215.222890000 127 
3215.223445500 128 
3215.224001000 128 
3215.224556500 127 
3215.225112000 128 
3215.225667500 129 
3215.226223000 128 
3215.226778500 127 
3215.227334000 127 
3215.227889500 128 
3215.228445000 128 
3215.229000500 128 
3215.229556000 128 
3215.230111500 127 
3215.230667000 127 
3215.231222500 128 
3215.231778000 128 
3215.232333500 128 
3215.232889000 127 
3215.233444500 128 
3215.234000000 128 
3215.234555500 127 
3215.235111000 128 
3215.235666500 127 
3215.236222000 127 
3215.236777500 128 
3215.237333000 127 
3215.237888500 127 
3215.238444000 128 
3215.238999500 128 
3215.239555000 128 
3215.240110500 128 
3215.240666000 128 
3215.241221500 128 
3215.241777000 127 
3215.242332500 127 
3215.242888000 129 
3215.243443500 128 
3215.243999000 127 
3215.244554500 128 
3215.245110000 128 
3215.245665500 128 
3215.246221000 127 
3215.246776500 128 
3215.247332000 128 
3215.247887500 127 
3215.248443000 128 
3215.248998500 128 
3215.249554000 129 
3215.250109500 128 
3215.250665000 127 
3215.251220500 128 
3215.251776000 128 
3215.252331500 127 
3215.252887000 128 
3215.253442500 128 
3215.253998000 127 
3215.254553500 129 
3215.255109000 128 
3215.255664500 128 
3215.256220000 127 
3215.256775500 127 
3215.257331000 128 
3215.257886500 128 
3215.258442000 128 
3215.258997500 127 
3215.259553000 128 
3215.260108500 128 
3215.260664000 127 
3215.261219500 128 
3215.261775000 128 
3215.262330500 127 
3215.262886000 128 
3215.263441500 128 
3215.263997000 128 
3215.264552500 128 
3215.265108000 128 
3215.265663500 128 
3215.266219000 128 
3215.266774500 128 
3215.267330000 128 
3215.267885500 127 
3215.268441000 127 
3215.268996500 128 
3215.269552000 127 
3215.270107500 127 
3215.270663000 128 
3215.271218500 128 
3215.271774000 128 
3215.272329500 128 
3215.272885000 127 
3215.273440500 128 
3215.273996000 128 
3215.274551500 128 
3215.275107000 128 
3215.275662500 128 
3215.276218000 128 
3215.276773500 127 
3215.277329000 129 
3215.277884500 128 
3215.278440000 128 
3215.278995500 128 
3215.279551000 128 
3215.280106500 127 
3215.280662000 128 
3215.281217500 128 
3215.281773000 128 
3215.282328500 128 
3215.282884000 127 
3215.283439500 128 
3215.283995000 128 
3215.284550500 128 
3215.285106000 127 
3215.285661500 129 
3215.286217000 128 
3215.286772500 128 
3215.287328000 127 
3215.287883500 128 
3215.288439000 128 
3215.288994500 128 
3215.289550000 127 
3215.290105500 128 
3215.290661000 128 
3215.291216500 127 
3215.291772000 128 
3215.292327500 127 
3215.292883000 128 
3215.293438500 128 
3215.293994000 128 
3215.294549500 128 
3215.295105000 128 
3215.295660500 127 
3215.296216000 128 
3215.296771500 128 
3215.297327000 128 
3215.297882500 127 
3215.298438000 128 
3215.298993500 128 
3215.299549000 128 
3215.300104500 128 
3215.300660000 128 
3215.301215500 128 
3215.301771000 127 
3215.302326500 128 
3215.302882000 128 
3215.303437500 128 
3215.303993000 127 
3215.304548500 128 
3215.305104000 127 
3215.305659500 129 
3215.306215000 127 
3215.306770500 128 
3215.307326000 128 
3215.307881500 128 
3215.308437000 128 
3215.308992500 128 
3215.309548000 127 
3215.310103500 128 
3215.310659000 128 
3215.311214500 127 
3215.311770000 127 
3215.312325500 128 
3215.312881000 127 
3215.313436500 127 
3215.313992000 128 
3215.314547500 127 
3215.315103000 128 
3215.315658500 127 
3215.316214000 127 
3215.316769500 128 
3215.317325000 128 
3215.317880500 127 
3215.318436000 128 
3215.318991500 127 
3215.319547000 127 
3215.320102500 128 
3215.320658000 128 
3215.321213500 128 
3215.321769000 128 
3215.322324500 127 
3215.322880000 128 
3215.323435500 128 
3215.323991000 127 
3215.324546500 127 
3215.325102000 128 
3215.325657500 127 
3215.326213000 127 
3215.326768500 128 
3215.327324000 128 
3215.327879500 128 
3215.328435000 127 
3215.328990500 128 
3215.329546000 128 
3215.330101500 128 
3215.330657000 127 
3215.331212500 129 
3215.331768000 128 
3215.332323500 127 
3215.332879000 128 
3215.333434500 128 
3215.333990000 127 
3215.334545500 128 
3215.335101000 128 
3215.335656500 127 
3215.336212000 127 
3215.336767500 128 
3215.337323000 128 
3215.337878500 127 
3215.338434000 128 
3215.338989500 128 
3215.339545000 127 
3215.340100500 128 
3215.340656000 128 
3215.341211500 127 
3215.341767000 127 
3215.342322500 128 
3215.342878000 127 
3215.343433500 127 
3215.343989000 128 
3215.344544500 128 
3215.345100000 127 
3215.345655500 127 
3215.346211000 128 
3215.346766500 127 
3215.347322000 128 
3215.347877500 128 
3215.348433000 128 
3215.348988500 128 
3215.349544000 127 
3215.350099500 127 
3215.350655000 128 
3215.351210500 127 
3215.351766000 128 
3215.352321500 128 
3215.352877000 127 
3215.353432500 128 
3215.353988000 128 
3215.354543500 127 
3215.355099000 127 
3215.355654500 128 
3215.356210000 128 
3215.356765500 127 
3215.357321000 128 
3215.357876500 128 
3215.358432000 127 
3215.358987500 129 
3215.359543000 128 
3215.360098500 128 
3215.360654000 128 
3215.361209500 128 
3215.361765000 127 
3215.362320500 128 
3215.362876000 127 
3215.363431500 127 
3215.363987000 127 
3215.364542500 128 
3215.365098000 128 
3215.365653500 128 
3215.366209000 127 
3215.366764500 128 
3215.367320000 127 
3215.367875500 127 
3215.368431000 128 
3215.368986500 128 
3215.369542000 128 
3215.370097500 127 
3215.370653000 128 
3215.371208500 128 
3215.371764000 127 
3215.372319500 128 
3215.372875000 128 
3215.373430500 127 
3215.373986000 128 
3215.374541500 127 
3215.375097000 128 
3215.375652500 128 
3215.376208000 127 
3215.376763500 128 
3215.377319000 128 
3215.377874500 127 
3215.378430000 129 
3215.378985500 128 
3215.379541000 127 
3215.380096500 129 
3215.380652000 128 
3215.381207500 127 
3215.381763000 128 
3215.382318500 128 
3215.382874000 127 
3215.383429500 128 
3215.383985000 128 
3215.384540500 127 
3215.385096000 127 
3215.385651500 128 
3215.386207000 127 
3215.386762500 127 
3215.387318000 128 
3215.387873500 128 
3215.388429000 127 
3215.388984500 128 
3215.389540000 128 
3215.390095500 128 
3215.390651000 127 
3215.391206500 127 
3215.391762000 128 
3215.392317500 127 
3215.392873000 128 
3215.393428500 128 
3215.393984000 128 
3215.394539500 127 
3215.395095000 128 
3215.395650500 127 
3215.396206000 127 
3215.396761500 128 
3215.397317000 128 
3215.397872500 127 
3215.398428000 128 
3215.398983500 128 
3215.399539000 127 
3215.400094500 127 
3215.400650000 128 
3215.401205500 128 
3215.401761000 128 
3215.402316500 128 
3215.402872000 128 
3215.403427500 128 
3215.403983000 127 
3215.404538500 128 
3215.405094000 128 
3215.405649500 128 
3215.406205000 128 
3215.406760500 127 
3215.407316000 129 
3215.407871500 128 
3215.408427000 127 
3215.408982500 128 
3215.409538000 128 
3215.410093500 128 
3215.410649000 128 
3215.411204500 127 
3215.411760000 128 
3215.412315500 128 
3215.412871000 127 
3215.413426500 127 
3215.413982000 128 
3215.414537500 128 
3215.415093000 127 
3215.415648500 128 
3215.416204000 127 
3215.416759500 128 
3215.417315000 128 
3215.417870500 127 
3215.418426000 128 
3215.418981500 128 
3215.419537000 128 
3215.420092500 127 
3215.420648000 128 
3215.421203500 128 
3215.421759000 127 
3215.422314500 127 
3215.422870000 128 
3215.423425500 127 
3215.423981000 127 
3215.424536500 128 
3215.425092000 128 
3215.425647500 128 
3215.426203000 127 
3215.426758500 128 
3215.427314000 128 
3215.427869500 127 
3215.428425000 128 
3215.428980500 128 
3215.429536000 127 
3215.430091500 128 
3215.430647000 128 
3215.431202500 127 
3215.431758000 128 
3215.432313500 128 
3215.432869000 128 
3215.433424500 128 
3215.433980000 127 
3215.434535500 127 
3215.435091000 128 
3215.435646500 127 
3215.436202000 128 
3215.436757500 128 
3215.437313000 127 
3215.437868500 128 
3215.438424000 128 
3215.438979500 127 
3215.439535000 128 
3215.440090500 128 
3215.440646000 128 
3215.441201500 128 
3215.441757000 127 
3215.442312500 127 
3215.442868000 128 
3215.443423500 128 
3215.443979000 128 
3215.444534500 127 
3215.445090000 128 
3215.445645500 128 
3215.446201000 128 
3215.446756500 128 
3215.447312000 127 
3215.447867500 128 
3215.448423000 128 
3215.448978500 127 
3215.449534000 129 
3215.450089500 128 
3215.450645000 127 
3215.451200500 128 
3215.451756000 128 
3215.452311500 128 
3215.452867000 128 
3215.453422500 128 
3215.453978000 128 
3215.454533500 127 
3215.455089000 128 
3215.455644500 128 
3215.456200000 127 
3215.456755500 127 
3215.457311000 128 
3215.457866500 128 
3215.458422000 127 
3215.458977500 128 
3215.459533000 127 
3215.460088500 129 
3215.460644000 128 
3215.461199500 127 
3215.461755000 127 
3215.462310500 128 
3215.462866000 128 
3215.463421500 127 
3215.463977000 127 
3215.464532500 128 
3215.465088000 127 
3215.465643500 127 
3215.466199000 127 
3215.466754500 128 
3215.467310000 127 
3215.467865500 128 
3215.468421000 128 
3215.468976500 128 
3215.469532000 128 
3215.470087500 128 
3215.470643000 128 
3215.471198500 128 
3215.471754000 127 
3215.472309500 128 
3215.472865000 128 
3215.473420500 128 
3215.473976000 128 
3215.474531500 128 
3215.475087000 127 
3215.475642500 128 
3215.476198000 128 
3215.476753500 128 
3215.477309000 127 
3215.477864500 128 
3215.478420000 128 
3215.478975500 127 
3215.479531000 128 
3215.480086500 128 
3215.480642000 128 
3215.481197500 128 
3215.481753000 127 
3215.482308500 128 
3215.482864000 127 
3215.483419500 128 
3215.483975000 128 
3215.484530500 128 
3215.485086000 129 
3215.485641500 128 
3215.486197000 128 
3215.486752500 128 
3215.487308000 128 
3215.487863500 128 
3215.488419000 127 
3215.488974500 128 
3215.489530000 128 
3215.490085500 128 
3215.490641000 127 
3215.491196500 128 
3215.491752000 128 
3215.492307500 128 
3215.492863000 127 
3215.493418500 127 
3215.493974000 128 
3215.494529500 128 
3215.495085000 127 
3215.495640500 127 
3215.496196000 128 
3215.496751500 128 
3215.497307000 127 
3215.497862500 128 
3215.498418000 128 
3215.498973500 128 
3215.499529000 128 
3215.500084500 127 
3215.500640000 128 
3215.501195500 128 
3215.501751000 127 
3215.502306500 129 
3215.502862000 128 
3215.503417500 127 
3215.503973000 127 
3215.504528500 128 
3215.505084000 128 
3215.505639500 127 
3215.506195000 127 
3215.506750500 128 
3215.507306000 128 
3215.507861500 128 
3215.508417000 128 
3215.508972500 127 
3215.509528000 128 
3215.510083500 128 
3215.510639000 127 
3215.511194500 129 
3215.511750000 128 
3215.512305500 127 
3215.512861000 128 
3215.513416500 127 
3215.513972000 127 
3215.514527500 128 
3215.515083000 127 
3215.515638500 128 
3215.516194000 128 
3215.516749500 128 
3215.517305000 127 
3215.517860500 128 
3215.518416000 127 
3215.518971500 128 
3215.519527000 127 
3215.520082500 128 
3215.520638000 127 
3215.521193500 128 
3215.521749000 128 
3215.522304500 128 
3215.522860000 127 
3215.523415500 128 
3215.523971000 128 
3215.524526500 128 
3215.525082000 127 
3215.525637500 127 
3215.526193000 128 
3215.526748500 128 
3215.527304000 127 
3215.527859500 128 
3215.528415000 128 
3215.528970500 128 
3215.529526000 128 
3215.530081500 127 
3215.530637000 128 
3215.531192500 128 
3215.531748000 127 
3215.532303500 127 
3215.532859000 129 
3215.533414500 128 
3215.533970000 128 
3215.534525500 127 
3215.535081000 128 
3215.535636500 128 
3215.536192000 128 
3215.536747500 127 
3215.537303000 128 
3215.537858500 128 
3215.538414000 127 
3215.538969500 127 
3215.539525000 128 
3215.540080500 128 
3215.540636000 128 
3215.541191500 127 
3215.541747000 128 
3215.542302500 128 
3215.542858000 127 
3215.543413500 128 
3215.543969000 128 
3215.544524500 128 
3215.545080000 127 
3215.545635500 129 
3215.546191000 128 
3215.546746500 127 
3215.547302000 128 
3215.547857500 127 
3215.548413000 127 
3215.548968500 128 
3215.549524000 128 
3215.550079500 128 
3215.550635000 127 
3215.551190500 127 
3215.551746000 127 
3215.552301500 128 
3215.552857000 128 
3215.553412500 127 
3215.553968000 128 
3215.554523500 128 
3215.555079000 127 
3215.555634500 128 
3215.556190000 128 
3215.556745500 128 
3215.557301000 128 
3215.557856500 127 
3215.558412000 128 
3215.558967500 128 
3215.559523000 127 
3215.560078500 129 
3215.560634000 128 
3215.561189500 127 
3215.561745000 128 
3215.562300500 128 
3215.562856000 128 
3215.563411500 127 
3215.563967000 127 
3215.564522500 128 
3215.565078000 128 
3215.565633500 128 
3215.566189000 127 
3215.566744500 128 
3215.567300000 128 
3215.567855500 127 
3215.568411000 128 
3215.568966500 128 
3215.569522000 128 
3215.570077500 128 
3215.570633000 128 
3215.571188500 128 
3215.571744000 128 
3215.572299500 127 
3215.572855000 128 
3215.573410500 127 
3215.573966000 127 
3215.574521500 127 
3215.575077000 128 
3215.575632500 127 
3215.576188000 128 
3215.576743500 128 
3215.577299000 128 
3215.577854500 127 
3215.578410000 128 
3215.578965500 128 
3215.579521000 128 
3215.580076500 127 
3215.580632000 128 
3215.581187500 128 
3215.581743000 128 
3215.582298500 127 
3215.582854000 128 
3215.583409500 127 
3215.583965000 128 
3215.584520500 127 
3215.585076000 128 
3215.585631500 128 
3215.586187000 128 
3215.586742500 128 
3215.587298000 128 
3215.587853500 127 
3215.588409000 127 
3215.588964500 128 
3215.589520000 128 
3215.590075500 127 
3215.590631000 129 
3215.591186500 128 
3215.591742000 128 
3215.592297500 128 
3215.592853000 128 
3215.593408500 128 
3215.593964000 127 
3215.594519500 128 
3215.595075000 128 
3215.595630500 127 
3215.596186000 128 
3215.596741500 127 
3215.597297000 127 
3215.597852500 128 
3215.598408000 127 
3215.598963500 127 
3215.599519000 127 
3215.600074500 128 
3215.600630000 127 
3215.601185500 128 
3215.601741000 128 
3215.602296500 127 
3215.602852000 128 
3215.603407500 128 
3215.603963000 127 
3215.604518500 128 
3215.605074000 128 
3215.605629500 128 
3215.606185000 127 
3215.606740500 128 
3215.607296000 128 
3215.607851500 127 
3215.608407000 127 
3215.608962500 128 
3215.609518000 128 
3215.610073500 127 
3215.610629000 128 
3215.611184500 127 
3215.611740000 128 
3215.612295500 128 
3215.612851000 127 
3215.613406500 128 
3215.613962000 128 
3215.614517500 128 
3215.615073000 127 
3215.615628500 128 
3215.616184000 128 
3215.616739500 128 
3215.617295000 127 
3215.617850500 128 
3215.618406000 128 
3215.618961500 128 
3215.619517000 128 
3215.620072500 128 
3215.620628000 128 
3215.621183500 128 
3215.621739000 127 
3215.622294500 128 
3215.622850000 128 
3215.623405500 128 
3215.623961000 128 
3215.624516500 128 
3215.625072000 127 
3215.625627500 129 
3215.626183000 128 
3215.626738500 127 
3215.627294000 127 
3215.627849500 128 
3215.628405000 128 
3215.628960500 127 
3215.629516000 128 
3215.630071500 128 
3215.630627000 127 
3215.631182500 127 
3215.631738000 128 
3215.632293500 128 
3215.632849000 128 
3215.633404500 127 
3215.633960000 129 
3215.634515500 128 
3215.635071000 128 
3215.635626500 127 
3215.636182000 128 
3215.636737500 128 
3215.637293000 127 
3215.637848500 128 
3215.638404000 127 
3215.638959500 128 
3215.639515000 127 
3215.640070500 128 
3215.640626000 128 
3215.641181500 127 
3215.641737000 127 
3215.642292500 128 
3215.642848000 128 
3215.643403500 127 
3215.643959000 128 
3215.644514500 128 
3215.645070000 127 
3215.645625500 129 
3215.646181000 128 
3215.646736500 128 
3215.647292000 128 
3215.647847500 128 
3215.648403000 128 
3215.648958500 127 
3215.649514000 128 
3215.650069500 128 
3215.650625000 128 
3215.651180500 127 
3215.651736000 128 
3215.652291500 128 
3215.652847000 127 
3215.653402500 128 
3215.653958000 127 
3215.654513500 128 
3215.655069000 128 
3215.655624500 128 
3215.656180000 128 
3215.656735500 127 
3215.657291000 128 
3215.657846500 128 
3215.658402000 127 
3215.658957500 128 
3215.659513000 128 
3215.660068500 128 
3215.660624000 128 
3215.661179500 128 
3215.661735000 128 
3215.662290500 128 
3215.662846000 127 
3215.663401500 128 
3215.663957000 128 
3215.664512500 127 
3215.665068000 128 
3215.665623500 128 
3215.666179000 127 
3215.666734500 127 
3215.667290000 128 
3215.667845500 128 
3215.668401000 128 
3215.668956500 128 
3215.669512000 128 
3215.670067500 128 
3215.670623000 127 
3215.671178500 127 
3215.671734000 128 
3215.672289500 128 
3215.672845000 127 
3215.673400500 128 
3215.673956000 127 
3215.674511500 128 
3215.675067000 128 
3215.675622500 128 
3215.676178000 128 
3215.676733500 127 
3215.677289000 127 
3215.677844500 128 
3215.678400000 128 
3215.678955500 128 
3215.679511000 128 
3215.680066500 127 
3215.680622000 128 
3215.681177500 128 
3215.681733000 128 
3215.682288500 128 
3215.682844000 127 
3215.683399500 128 
3215.683955000 128 
3215.684510500 128 
3215.685066000 127 
3215.685621500 128 
3215.686177000 128 
3215.686732500 127 
3215.687288000 128 
3215.687843500 128 
3215.688399000 128 
3215.688954500 127 
3215.689510000 128 
3215.690065500 128 
3215.690621000 127 
3215.691176500 128 
3215.691732000 128 
3215.692287500 127 
3215.692843000 127 
3215.693398500 128 
3215.693954000 128 
3215.694509500 127 
3215.695065000 128 
3215.695620500 127 
3215.696176000 127 
3215.696731500 128 
3215.697287000 128 
3215.697842500 127 
3215.698398000 128 
3215.698953500 128 
3215.699509000 127 
3215.700064500 128 
3215.700620000 128 
3215.701175500 128 
3215.701731000 127 
3215.702286500 127 
3215.702842000 128 
3215.703397500 128 
3215.703953000 127 
3215.704508500 129 
3215.705064000 128 
3215.705619500 128 
3215.706175000 127 
3215.706730500 128 
3215.707286000 128 
3215.707841500 128 
3215.708397000 127 
3215.708952500 128 
3215.709508000 128 
3215.710063500 128 
3215.710619000 128 
3215.711174500 127 
3215.711730000 127 
3215.712285500 128 
3215.712841000 128 
3215.713396500 128 
3215.713952000 127 
3215.714507500 127 
3215.715063000 128 
3215.715618500 127 
3215.716174000 127 
3215.716729500 127 
3215.717285000 128 
3215.717840500 128 
3215.718396000 127 
3215.718951500 127 
3215.719507000 128 
3215.720062500 128 
3215.720618000 127 
3215.721173500 127 
3215.721729000 128 
3215.722284500 127 
3215.722840000 128 
3215.723395500 127 
3215.723951000 128 
3215.724506500 128 
3215.725062000 127 
3215.725617500 128 
3215.726173000 128 
3215.726728500 128 
3215.727284000 128 
3215.727839500 127 
3215.728395000 127 
3215.728950500 128 
3215.729506000 128 
3215.730061500 128 
3215.730617000 127 
3215.731172500 128 
3215.731728000 128 
3215.732283500 127 
3215.732839000 127 
3215.733394500 128 
3215.733950000 128 
3215.734505500 127 
3215.735061000 129 
3215.735616500 128 
3215.736172000 127 
3215.736727500 128 
3215.737283000 128 
3215.737838500 128 
3215.738394000 128 
3215.738949500 127 
3215.739505000 128 
3215.740060500 128 
3215.740616000 127 
3215.741171500 128 
3215.741727000 128 
3215.742282500 127 
3215.742838000 128 
3215.743393500 128 
3215.743949000 128 
3215.744504500 128 
3215.745060000 127 
3215.745615500 127 
3215.746171000 128 
3215.746726500 128 
3215.747282000 127 
3215.747837500 127 
3215.748393000 128 
3215.748948500 128 
3215.749504000 127 
3215.750059500 128 
3215.750615000 128 
3215.751170500 127 
3215.751726000 128 
3215.752281500 128 
3215.752837000 127 
3215.753392500 128 
3215.753948000 127 
3215.754503500 128 
3215.755059000 128 
3215.755614500 127 
3215.756170000 127 
3215.756725500 128 
3215.757281000 128 
3215.757836500 127 
3215.758392000 128 
3215.758947500 128 
3215.759503000 127 
3215.760058500 127 
3215.760614000 128 
3215.761169500 127 
3215.761725000 128 
3215.762280500 128 
3215.762836000 127 
3215.763391500 128 
3215.763947000 128 
3215.764502500 128 
3215.765058000 128 
3215.765613500 127 
3215.766169000 128 
3215.766724500 128 
3215.767280000 127 
3215.767835500 127 
3215.768391000 128 
3215.768946500 128 
3215.769502000 127 
3215.770057500 129 
3215.770613000 128 
3215.771168500 128 
3215.771724000 128 
3215.772279500 128 
3215.772835000 128 
3215.773390500 127 
3215.773946000 127 
3215.774501500 128 
3215.775057000 128 
3215.775612500 127 
3215.776168000 128 
3215.776723500 128 
3215.777279000 127 
3215.777834500 127 
3215.778390000 128 
3215.778945500 127 
3215.779501000 127 
3215.780056500 128 
3215.780612000 127 
3215.781167500 128 
3215.781723000 128 
3215.782278500 127 
3215.782834000 128 
3215.783389500 128 
3215.783945000 128 
3215.784500500 127 
3215.785056000 128 
3215.785611500 129 
3215.786167000 128 
3215.786722500 128 
3215.787278000 128 
3215.787833500 128 
3215.788389000 128 
3215.788944500 128 
3215.789500000 128 
3215.790055500 128 
3215.790611000 128 
3215.791166500 127 
3215.791722000 128 
3215.792277500 128 
3215.792833000 128 
3215.793388500 128 
3215.793944000 128 
3215.794499500 127 
3215.795055000 128 
3215.795610500 128 
3215.796166000 127 
3215.796721500 127 
3215.797277000 128 
3215.797832500 128 
3215.798388000 127 
3215.798943500 128 
3215.799499000 128 
3215.800054500 128 
3215.800610000 127 
3215.801165500 127 
3215.801721000 128 
3215.802276500 128 
3215.802832000 128 
3215.803387500 128 
3215.803943000 128 
3215.804498500 127 
3215.805054000 128 
3215.805609500 128 
3215.806165000 128 
3215.806720500 127 
3215.807276000 127 
3215.807831500 128 
3215.808387000 127 
3215.808942500 127 
3215.809498000 127 
3215.810053500 128 
3215.810609000 128 
3215.811164500 127 
3215.811720000 128 
3215.812275500 127 
3215.812831000 128 
3215.813386500 128 
3215.813942000 128 
3215.814497500 128 
3215.815053000 127 
3215.815608500 127 
3215.816164000 128 
3215.816719500 127 
3215.817275000 128 
3215.817830500 128 
3215.818386000 128 
3215.818941500 129 
3215.819497000 128 
3215.820052500 128 
3215.820608000 128 
3215.821163500 128 
3215.821719000 127 
3215.822274500 127 
3215.822830000 128 
3215.823385500 128 
3215.823941000 128 
3215.824496500 127 
3215.825052000 128 
3215.825607500 128 
3215.826163000 127 
3215.826718500 127 
3215.827274000 128 
3215.827829500 128 
3215.828385000 127 
3215.828940500 128 
3215.829496000 128 
3215.830051500 128 
3215.830607000 127 
3215.831162500 127 
3215.831718000 128 
3215.832273500 128 
3215.832829000 128 
3215.833384500 128 
3215.833940000 127 
3215.834495500 128 
3215.835051000 128 
3215.835606500 127 
3215.836162000 127 
3215.836717500 128 
3215.837273000 128 
3215.837828500 127 
3215.838384000 128 
3215.838939500 128 
3215.839495000 128 
3215.840050500 127 
3215.840606000 128 
3215.841161500 128 
3215.841717000 127 
3215.842272500 127 
3215.842828000 128 
3215.843383500 127 
3215.843939000 128 
3215.844494500 128 
3215.845050000 127 
3215.845605500 129 
3215.846161000 128 
3215.846716500 128 
3215.847272000 128 
3215.847827500 128 
3215.848383000 128 
3215.848938500 128 
3215.849494000 128 
3215.850049500 128 
3215.850605000 127 
3215.851160500 128 
3215.851716000 128 
3215.852271500 127 
3215.852827000 128 
3215.853382500 128 
3215.853938000 127 
3215.854493500 128 
3215.855049000 128 
3215.855604500 127 
3215.856160000 127 
3215.856715500 128 
3215.857271000 128 
3215.857826500 127 
3215.858382000 128 
3215.858937500 128 
3215.859493000 128 
3215.860048500 128 
3215.860604000 128 
3215.861159500 128 
3215.861715000 127 
3215.862270500 128 
3215.862826000 128 
3215.863381500 127 
3215.863937000 128 
3215.864492500 127 
3215.865048000 127 
3215.865603500 128 
3215.866159000 128 
3215.866714500 127 
3215.867270000 128 
3215.867825500 128 
3215.868381000 127 
3215.868936500 128 
3215.869492000 128 
3215.870047500 127 
3215.870603000 127 
3215.871158500 128 
3215.871714000 127 
3215.872269500 128 
3215.872825000 128 
3215.873380500 128 
3215.873936000 128 
3215.874491500 127 
3215.875047000 128 
3215.875602500 127 
3215.876158000 128 
3215.876713500 127 
3215.877269000 127 
3215.877824500 128 
3215.878380000 128 
3215.878935500 127 
3215.879491000 127 
3215.880046500 128 
3215.880602000 128 
3215.881157500 128 
3215.881713000 127 
3215.882268500 128 
3215.882824000 128 
3215.883379500 128 
3215.883935000 127 
3215.884490500 127 
3215.885046000 128 
3215.885601500 128 
3215.886157000 127 
3215.886712500 128 
3215.887268000 128 
3215.887823500 127 
3215.888379000 128 
3215.888934500 127 
3215.889490000 128 
3215.890045500 127 
3215.890601000 128 
3215.891156500 128 
3215.891712000 127 
3215.892267500 128 
3215.892823000 128 
3215.893378500 127 
3215.893934000 128 
3215.894489500 128 
3215.895045000 127 
3215.895600500 128 
3215.896156000 128 
3215.896711500 128 
3215.897267000 127 
3215.897822500 128 
3215.898378000 128 
3215.898933500 127 
3215.899489000 128 
3215.900044500 128 
3215.900600000 128 
3215.901155500 127 
3215.901711000 127 
3215.902266500 127 
3215.902822000 128 
3215.903377500 127 
3215.903933000 128 
3215.904488500 127 
3215.905044000 128 
3215.905599500 128 
3215.906155000 127 
3215.906710500 127 
3215.907266000 128 
3215.907821500 128 
3215.908377000 127 
3215.908932500 127 
3215.909488000 127 
3215.910043500 127 
3215.910599000 127 
3215.911154500 128 
3215.911710000 128 
3215.912265500 127 
3215.912821000 128 
3215.913376500 128 
3215.913932000 128 
3215.914487500 128 
3215.915043000 127 
3215.915598500 128 
3215.916154000 127 
3215.916709500 128 
3215.917265000 128 
3215.917820500 127 
3215.918376000 128 
3215.918931500 128 
3215.919487000 127 
3215.920042500 128 
3215.920598000 128 
3215.921153500 127 
3215.921709000 128 
3215.922264500 128 
3215.922820000 127 
3215.923375500 128 
3215.923931000 128 
3215.924486500 128 
3215.925042000 127 
3215.925597500 128 
3215.926153000 128 
3215.926708500 127 
3215.927264000 127 
3215.927819500 128 
3215.928375000 128 
3215.928930500 128 
3215.929486000 128 
3215.930041500 128 
3215.930597000 128 
3215.931152500 128 
3215.931708000 127 
3215.932263500 128 
3215.932819000 127 
3215.933374500 127 
3215.933930000 128 
3215.934485500 128 
3215.935041000 127 
3215.935596500 127 
3215.936152000 128 
3215.936707500 128 
3215.937263000 127 
3215.937818500 128 
3215.938374000 128 
3215.938929500 127 
3215.939485000 129 
3215.940040500 128 
3215.940596000 128 
3215.941151500 128 
3215.941707000 128 
3215.942262500 128 
3215.942818000 128 
3215.943373500 127 
3215.943929000 127 
3215.944484500 128 
3215.945040000 127 
3215.945595500 128 
3215.946151000 127 
3215.946706500 127 
3215.947262000 128 
3215.947817500 127 
3215.948373000 128 
3215.948928500 128 
3215.949484000 127 
3215.950039500 128 
3215.950595000 128 
3215.951150500 128 
3215.951706000 127 
3215.952261500 128 
3215.952817000 128 
3215.953372500 128 
3215.953928000 128 
3215.954483500 128 
3215.955039000 127 
3215.955594500 128 
3215.956150000 128 
3215.956705500 127 
3215.957261000 128 
3215.957816500 128 
3215.958372000 127 
3215.958927500 128 
3215.959483000 128 
3215.960038500 127 
3215.960594000 127 
3215.961149500 128 
3215.961705000 127 
3215.962260500 127 
3215.962816000 128 
3215.963371500 128 
3215.963927000 128 
3215.964482500 127 
3215.965038000 128 
3215.965593500 128 
3215.966149000 127 
3215.966704500 127 
3215.967260000 128 
3215.967815500 128 
3215.968371000 128 
3215.968926500 128 
3215.969482000 127 
3215.970037500 129 
3215.970593000 128 
3215.971148500 128 
3215.971704000 128 
3215.972259500 128 
3215.972815000 128 
3215.973370500 128 
3215.973926000 128 
3215.974481500 127 
3215.975037000 128 
3215.975592500 128 
3215.976148000 127 
3215.976703500 128 
3215.977259000 128 
3215.977814500 127 
3215.978370000 127 
3215.978925500 128 
3215.979481000 128 
3215.980036500 127 
3215.980592000 128 
3215.981147500 128 
3215.981703000 128 
3215.982258500 127 
3215.982814000 127 
3215.983369500 128 
3215.983925000 128 
3215.984480500 127 
3215.985036000 128 
3215.985591500 127 
3215.986147000 127 
3215.986702500 128 
3215.987258000 127 
3215.987813500 127 
3215.988369000 128 
3215.988924500 128 
3215.989480000 128 
3215.990035500 128 
3215.990591000 128 
3215.991146500 127 
3215.991702000 128 
3215.992257500 128 
3215.992813000 128 
3215.993368500 128 
3215.993924000 127 
3215.994479500 128 
3215.995035000 128 
3215.995590500 127 
3215.996146000 129 
3215.996701500 128 
3215.997257000 127 
3215.997812500 128 
3215.998368000 128 
3215.998923500 127 
3215.999479000 128 
3216.000034500 128 
3216.000590000 127 
3216.001145500 128 
3216.001701000 127 
3216.002256500 128 
3216.002812000 127 
3216.003367500 127 
3216.003923000 128 
3216.004478500 128 
3216.005034000 128 
3216.005589500 127 
3216.006145000 127 
3216.006700500 128 
3216.007256000 127 
3216.007811500 128 
3216.008367000 128 
3216.008922500 128 
3216.009478000 128 
3216.010033500 127 
3216.010589000 127 
3216.011144500 128 
3216.011700000 127 
3216.012255500 127 
3216.012811000 128 
3216.013366500 128 
3216.013922000 128 
3216.014477500 127 
3216.015033000 128 
3216.015588500 128 
3216.016144000 127 
3216.016699500 129 
3216.017255000 128 
3216.017810500 127 
3216.018366000 128 
3216.018921500 128 
3216.019477000 127 
3216.020032500 128 
3216.020588000 127 
3216.021143500 127 
3216.021699000 127 
3216.022254500 128 
3216.022810000 128 
3216.023365500 128 
3216.023921000 127 
3216.024476500 128 
3216.025032000 128 
3216.025587500 127 
3216.026143000 128 
3216.026698500 128 
3216.027254000 128 
3216.027809500 128 
3216.028365000 128 
3216.028920500 127 
3216.029476000 127 
3216.030031500 128 
3216.030587000 128 
3216.031142500 127 
3216.031698000 127 
3216.032253500 128 
3216.032809000 128 
3216.033364500 127 
3216.033920000 128 
3216.034475500 128 
3216.035031000 120 
3216.035586500 112 
3216.036142000 104 
3216.036697500 098 
3216.037253000 093 
3216.037808500 089 
3216.038364000 088 
3216.038919500 088 
3216.039475000 089 
3216.040030500 093 
3216.040586000 098 
3216.041141500 102 
3216.041697000 111 
3216.042252500 118 
3216.042808000 126 
3216.043363500 134 
3216.043919000 144 
3216.044474500 152 
3216.045030000 160 
3216.045585500 168 
3216.046141000 174 
3216.046696500 179 
3216.047252000 183 
3216.047807500 185 
3216.048363000 187 
3216.048918500 185 
3216.049474000 183 
3216.050029500 178 
3216.050585000 173 
3216.051140500 167 
3216.051696000 158 
3216.052251500 151 
3216.052807000 141 
3216.053362500 132 
3216.053918000 122 
3216.054473500 113 
3216.055029000 105 
3216.055584500 097 
3216.056140000 090 
3216.056695500 085 
3216.057251000 080 
3216.057806500 079 
3216.058362000 078 
3216.058917500 078 
3216.059473000 079 
3216.060028500 084 
3216.060584000 089 
3216.061139500 095 
3216.061695000 102 
3216.062250500 111 
3216.062806000 119 
3216.063361500 128 
3216.063917000 137 
3216.064472500 147 
3216.065028000 154 
3216.065583500 163 
3216.066139000 169 
3216.066694500 174 
3216.067250000 178 
3216.067805500 181 
3216.068361000 182 
3216.068916500 181 
3216.069472000 178 
3216.070027500 174 
3216.070583000 169 
3216.071138500 163 
3216.071694000 155 
3216.072249500 148 
3216.072805000 138 
3216.073360500 129 
3216.073916000 120 
3216.074471500 111 
3216.075027000 102 
3216.075582500 094 
3216.076138000 089 
3216.076693500 084 
3216.077249000 079 
3216.077804500 076 
3216.078360000 076 
3216.078915500 076 
3216.079471000 078 
3216.080026500 083 
3216.080582000 087 
3216.081137500 094 
3216.081693000 100 
3216.082248500 110 
3216.082804000 118 
3216.083359500 126 
3216.083915000 137 
3216.084470500 146 
3216.085026000 155 
3216.085581500 162 
3216.086137000 168 
3216.086692500 174 
3216.087248000 178 
3216.087803500 180 
3216.088359000 180 
3216.088914500 181 
3216.089470000 178 
3216.090025500 173 
3216.090581000 169 
3216.091136500 162 
3216.091692000 155 
3216.092247500 146 
3216.092803000 138 
3216.093358500 129 
3216.093914000 118 
3216.094469500 110 
3216.095025000 102 
3216.095580500 094 
3216.096136000 087 
3216.096691500 083 
3216.097247000 078 
3216.097802500 077 
3216.098358000 075 
3216.098913500 076 
3216.099469000 079 
3216.100024500 082 
3216.100580000 086 
3216.101135500 094 
3216.101691000 100 
3216.102246500 108 
3216.102802000 118 
3216.103357500 127 
3216.103913000 135 
3216.104468500 146 
3216.105024000 154 
3216.105579500 161 
3216.106135000 168 
3216.106690500 174 
3216.107246000 177 
3216.107801500 179 
3216.108357000 181 
3216.108912500 180 
3216.109468000 177 
3216.110023500 174 
3216.110579000 169 
3216.111134500 162 
3216.111690000 155 
3216.112245500 146 
3216.112801000 138 
3216.113356500 128 
3216.113912000 118 
3216.114467500 111 
3216.115023000 101 
3216.115578500 094 
3216.116134000 088 
3216.116689500 083 
3216.117245000 078 
3216.117800500 076 
3216.118356000 076 
3216.118911500 076 
3216.119467000 077 
3216.120022500 081 
3216.120578000 088 
3216.121133500 094 
3216.121689000 101 
3216.122244500 108 
3216.122800000 118 
3216.123355500 127 
3216.123911000 136 
3216.124466500 145 
3216.125022000 154 
3216.125577500 161 
3216.126133000 168 
3216.126688500 173 
3216.127244000 178 
3216.127799500 180 
3216.128355000 180 
3216.128910500 180 
3216.129466000 177 
3216.130021500 173 
3216.130577000 169 
3216.131132500 162 
3216.131688000 154 
3216.132243500 147 
3216.132799000 137 
3216.133354500 128 
3216.133910000 120 
3216.134465500 110 
3216.135021000 101 
3216.135576500 094 
3216.136132000 088 
3216.136687500 082 
3216.137243000 078 
3216.137798500 077 
3216.138354000 075 
3216.138909500 075 
3216.139465000 078 
3216.140020500 081 
3216.140576000 088 
3216.141131500 093 
3216.141687000 100 
3216.142242500 109 
3216.142798000 118 
3216.143353500 126 
3216.143909000 135 
3216.144464500 146 
3216.145020000 153 
3216.145575500 161 
3216.146131000 167 
3216.146686500 172 
3216.147242000 177 
3216.147797500 180 
3216.148353000 180 
3216.148908500 180 
3216.149464000 177 
3216.150019500 174 
3216.150575000 169 
3216.151130500 162 
3216.151686000 154 
3216.152241500 147 
3216.152797000 138 
3216.153352500 128 
3216.153908000 119 
3216.154463500 109 
3216.155019000 103 
3216.155574500 094 
3216.156130000 087 
3216.156685500 082 
3216.157241000 079 
3216.157796500 076 
3216.158352000 075 
3216.158907500 077 
3216.159463000 078 
3216.160018500 081 
3216.160574000 087 
3216.161129500 094 
3216.161685000 101 
3216.162240500 109 
3216.162796000 118 
3216.163351500 127 
3216.163907000 136 
3216.164462500 145 
3216.165018000 153 
3216.165573500 162 
3216.166129000 168 
3216.166684500 173 
3216.167240000 177 
3216.167795500 179 
3216.168351000 181 
3216.168906500 180 
3216.169462000 177 
3216.170017500 174 
3216.170573000 169 
3216.171128500 162 
3216.171684000 154 
3216.172239500 147 
3216.172795000 137 
3216.173350500 128 
3216.173906000 120 
3216.174461500 109 
3216.175017000 102 
3216.175572500 094 
3216.176128000 088 
3216.176683500 083 
3216.177239000 078 
3216.177794500 077 
3216.178350000 075 
3216.178905500 075 
3216.179461000 079 
3216.180016500 081 
3216.180572000 087 
3216.181127500 094 
3216.181683000 101 
3216.182238500 109 
3216.182794000 118 
3216.183349500 126 
3216.183905000 136 
3216.184460500 145 
3216.185016000 154 
3216.185571500 161 
3216.186127000 168 
3216.186682500 173 
3216.187238000 177 
3216.187793500 179 
3216.188349000 181 
3216.188904500 180 
3216.189460000 177 
3216.190015500 174 
3216.190571000 169 
3216.191126500 162 
3216.191682000 154 
3216.192237500 146 
3216.192793000 138 
3216.193348500 129 
3216.193904000 119 
3216.194459500 110 
3216.195015000 102 
3216.195570500 094 
3216.196126000 088 
3216.196681500 083 
3216.197237000 078 
3216.197792500 077 
3216.198348000 075 
3216.198903500 076 
3216.199459000 078 
3216.200014500 081 
3216.200570000 087 
3216.201125500 093 
3216.201681000 101 
3216.202236500 109 
3216.202792000 116 
3216.203347500 127 
3216.203903000 136 
3216.204458500 145 
3216.205014000 153 
3216.205569500 161 
3216.206125000 168 
3216.206680500 173 
3216.207236000 178 
3216.207791500 179 
3216.208347000 180 
3216.208902500 180 
3216.209458000 178 
3216.210013500 174 
3216.210569000 168 
3216.211124500 162 
3216.211680000 155 
3216.212235500 147 
3216.212791000 138 
3216.213346500 128 
3216.213902000 120 
3216.214457500 110 
3216.215013000 101 
3216.215568500 095 
3216.216124000 088 
3216.216679500 083 
3216.217235000 078 
3216.217790500 077 
3216.218346000 075 
3216.218901500 075 
3216.219457000 078 
3216.220012500 082 
3216.220568000 086 
3216.221123500 094 
3216.221679000 101 
3216.222234500 108 
3216.222790000 118 
3216.223345500 126 
3216.223901000 135 
3216.224456500 146 
3216.225012000 153 
3216.225567500 161 
3216.226123000 167 
3216.226678500 173 
3216.227234000 177 
3216.227789500 179 
3216.228345000 181 
3216.228900500 180 
3216.229456000 178 
3216.230011500 173 
3216.230567000 169 
3216.231122500 162 
3216.231678000 154 
3216.232233500 147 
3216.232789000 137 
3216.233344500 128 
3216.233900000 120 
3216.234455500 110 
3216.235011000 101 
3216.235566500 094 
3216.236122000 088 
3216.236677500 082 
3216.237233000 079 
3216.237788500 077 
3216.238344000 075 
3216.238899500 076 
3216.239455000 079 
3216.240010500 082 
3216.240566000 087 
3216.241121500 092 
3216.241677000 100 
3216.242232500 109 
3216.242788000 118 
3216.243343500 126 
3216.243899000 136 
3216.244454500 145 
3216.245010000 154 
3216.245565500 161 
3216.246121000 167 
3216.246676500 174 
3216.247232000 177 
3216.247787500 180 
3216.248343000 181 
3216.248898500 180 
3216.249454000 179 
3216.250009500 174 
3216.250565000 169 
3216.251120500 162 
3216.251676000 154 
3216.252231500 147 
3216.252787000 138 
3216.253342500 128 
3216.253898000 119 
3216.254453500 110 
3216.255009000 101 
3216.255564500 095 
3216.256120000 087 
3216.256675500 082 
3216.257231000 079 
3216.257786500 076 
3216.258342000 074 
3216.258897500 075 
3216.259453000 079 
3216.260008500 082 
3216.260564000 086 
3216.261119500 094 
3216.261675000 101 
3216.262230500 109 
3216.262786000 117 
3216.263341500 127 
3216.263897000 136 
3216.264452500 145 
3216.265008000 154 
3216.265563500 161 
3216.266119000 167 
3216.266674500 174 
3216.267230000 177 
3216.267785500 179 
3216.268341000 180 
3216.268896500 180 
3216.269452000 178 
3216.270007500 174 
3216.270563000 169 
3216.271118500 162 
3216.271674000 155 
3216.272229500 146 
3216.272785000 137 
3216.273340500 129 
3216.273896000 119 
3216.274451500 110 
3216.275007000 102 
3216.275562500 095 
3216.276118000 088 
3216.276673500 082 
3216.277229000 079 
3216.277784500 076 
3216.278340000 075 
3216.278895500 076 
3216.279451000 079 
3216.280006500 082 
3216.280562000 087 
3216.281117500 092 
3216.281673000 101 
3216.282228500 109 
3216.282784000 116 
3216.283339500 126 
3216.283895000 136 
3216.284450500 145 
3216.285006000 153 
3216.285561500 161 
3216.286117000 168 
3216.286672500 172 
3216.287228000 177 
3216.287783500 179 
3216.288339000 180 
3216.288894500 181 
3216.289450000 177 
3216.290005500 174 
3216.290561000 168 
3216.291116500 163 
3216.291672000 155 
3216.292227500 147 
3216.292783000 137 
3216.293338500 128 
3216.293894000 120 
3216.294449500 111 
3216.295005000 102 
3216.295560500 094 
3216.296116000 089 
3216.296671500 083 
3216.297227000 078 
3216.297782500 076 
3216.298338000 076 
3216.298893500 075 
3216.299449000 077 
3216.300004500 082 
3216.300560000 087 
3216.301115500 092 
3216.301671000 101 
3216.302226500 108 
3216.302782000 116 
3216.303337500 127 
3216.303893000 135 
3216.304448500 146 
3216.305004000 153 
3216.305559500 161 
3216.306115000 168 
3216.306670500 173 
3216.307226000 177 
3216.307781500 180 
3216.308337000 180 
3216.308892500 180 
3216.309448000 178 
3216.310003500 174 
3216.310559000 169 
3216.311114500 162 
3216.311670000 154 
3216.312225500 146 
3216.312781000 138 
3216.313336500 128 
3216.313892000 119 
3216.314447500 111 
3216.315003000 102 
3216.315558500 094 
3216.316114000 087 
3216.316669500 083 
3216.317225000 079 
3216.317780500 076 
3216.318336000 076 
3216.318891500 076 
3216.319447000 077 
3216.320002500 082 
3216.320558000 086 
3216.321113500 093 
3216.321669000 101 
3216.322224500 108 
3216.322780000 117 
3216.323335500 127 
3216.323891000 136 
3216.324446500 144 
3216.325002000 153 
3216.325557500 161 
3216.326113000 167 
3216.326668500 174 
3216.327224000 177 
3216.327779500 180 
3216.328335000 180 
3216.328890500 181 
3216.329446000 178 
3216.330001500 174 
3216.330557000 169 
3216.331112500 163 
3216.331668000 155 
3216.332223500 146 
3216.332779000 138 
3216.333334500 129 
3216.333890000 119 
3216.334445500 111 
3216.335001000 101 
3216.335556500 095 
3216.336112000 088 
3216.336667500 083 
3216.337223000 078 
3216.337778500 077 
3216.338334000 076 
3216.338889500 075 
3216.339445000 079 
3216.340000500 082 
3216.340556000 086 
3216.341111500 093 
3216.341667000 100 
3216.342222500 109 
3216.342778000 118 
3216.343333500 126 
3216.343889000 135 
3216.344444500 145 
3216.345000000 153 
3216.345555500 160 
3216.346111000 168 
3216.346666500 173 
3216.347222000 178 
3216.347777500 179 
3216.348333000 180 
3216.348888500 181 
3216.349444000 177 
3216.349999500 174 
3216.350555000 169 
3216.351110500 162 
3216.351666000 155 
3216.352221500 146 
3216.352777000 138 
3216.353332500 129 
3216.353888000 119 
3216.354443500 110 
3216.354999000 103 
3216.355554500 095 
3216.356110000 088 
3216.356665500 082 
3216.357221000 079 
3216.357776500 077 
3216.358332000 075 
3216.358887500 075 
3216.359443000 078 
3216.359998500 081 
3216.360554000 086 
3216.361109500 093 
3216.361665000 100 
3216.362220500 109 
3216.362776000 117 
3216.363331500 126 
3216.363887000 136 
3216.364442500 145 
3216.364998000 153 
3216.365553500 160 
3216.366109000 168 
3216.366664500 173 
3216.367220000 177 
3216.367775500 180 
3216.368331000 180 
3216.368886500 180 
3216.369442000 178 
3216.369997500 174 
3216.370553000 169 
3216.371108500 162 
3216.371664000 155 
3216.372219500 147 
3216.372775000 137 
3216.373330500 129 
3216.373886000 120 
3216.374441500 110 
3216.374997000 101 
3216.375552500 095 
3216.376108000 087 
3216.376663500 082 
3216.377219000 079 
3216.377774500 076 
3216.378330000 075 
3216.378885500 075 
3216.379441000 079 
3216.379996500 082 
3216.380552000 086 
3216.381107500 094 
3216.381663000 100 
3216.382218500 108 
3216.382774000 116 
3216.383329500 127 
3216.383885000 136 
3216.384440500 145 
3216.384996000 153 
3216.385551500 162 
3216.386107000 168 
3216.386662500 173 
3216.387218000 177 
3216.387773500 180 
3216.388329000 180 
3216.388884500 180 
3216.389440000 178 
3216.389995500 174 
3216.390551000 170 
3216.391106500 163 
3216.391662000 155 
3216.392217500 147 
3216.392773000 138 
3216.393328500 128 
3216.393884000 120 
3216.394439500 111 
3216.394995000 102 
3216.395550500 094 
3216.396106000 088 
3216.396661500 083 
3216.397217000 079 
3216.397772500 076 
3216.398328000 076 
3216.398883500 076 
3216.399439000 078 
3216.399994500 081 
3216.400550000 087 
3216.401105500 093 
3216.401661000 100 
3216.402216500 109 
3216.402772000 116 
3216.403327500 127 
3216.403883000 135 
3216.404438500 145 
3216.404994000 153 
3216.405549500 161 
3216.406105000 167 
3216.406660500 174 
3216.407216000 177 
3216.407771500 180 
3216.408327000 181 
3216.408882500 180 
3216.409438000 178 
3216.409993500 174 
3216.410549000 169 
3216.411104500 162 
3216.411660000 156 
3216.412215500 147 
3216.412771000 138 
3216.413326500 128 
3216.413882000 119 
3216.414437500 111 
3216.414993000 102 
3216.415548500 094 
3216.416104000 088 
3216.416659500 082 
3216.417215000 079 
3216.417770500 077 
3216.418326000 075 
3216.418881500 075 
3216.419437000 078 
3216.419992500 082 
3216.420548000 086 
3216.421103500 093 
3216.421659000 100 
3216.422214500 108 
3216.422770000 117 
3216.423325500 126 
3216.423881000 135 
3216.424436500 144 
3216.424992000 153 
3216.425547500 161 
3216.426103000 167 
3216.426658500 173 
3216.427214000 177 
3216.427769500 180 
3216.428325000 180 
3216.428880500 180 
3216.429436000 178 
3216.429991500 174 
3216.430547000 170 
3216.431102500 163 
3216.431658000 155 
3216.432213500 147 
3216.432769000 137 
3216.433324500 128 
3216.433880000 120 
3216.434435500 111 
3216.434991000 101 
3216.435546500 095 
3216.436102000 088 
3216.436657500 082 
3216.437213000 079 
3216.437768500 077 
3216.438324000 075 
3216.438879500 075 
3216.439435000 078 
3216.439990500 082 
3216.440546000 087 
3216.441101500 093 
3216.441657000 099 
3216.442212500 108 
3216.442768000 117 
3216.443323500 125 
3216.443879000 136 
3216.444434500 144 
3216.444990000 153 
3216.445545500 161 
3216.446101000 168 
3216.446656500 172 
3216.447212000 178 
3216.447767500 179 
3216.448323000 180 
3216.448878500 180 
3216.449434000 178 
3216.449989500 174 
3216.450545000 169 
3216.451100500 163 
3216.451656000 155 
3216.452211500 147 
3216.452767000 137 
3216.453322500 128 
3216.453878000 120 
3216.454433500 111 
3216.454989000 101 
3216.455544500 095 
3216.456100000 088 
3216.456655500 083 
3216.457211000 078 
3216.457766500 077 
3216.458322000 075 
3216.458877500 075 
3216.459433000 078 
3216.459988500 081 
3216.460544000 086 
3216.461099500 093 
3216.461655000 099 
3216.462210500 108 
3216.462766000 117 
3216.463321500 126 
3216.463877000 135 
3216.464432500 144 
3216.464988000 153 
3216.465543500 160 
3216.466099000 167 
3216.466654500 173 
3216.467210000 177 
3216.467765500 180 
3216.468321000 180 
3216.468876500 179 
3216.469432000 178 
3216.469987500 174 
3216.470543000 170 
3216.471098500 163 
3216.471654000 155 
3216.472209500 147 
3216.472765000 138 
3216.473320500 128 
3216.473876000 120 
3216.474431500 111 
3216.474987000 103 
3216.475542500 094 
3216.476098000 088 
3216.476653500 084 
3216.477209000 079 
3216.477764500 076 
3216.478320000 075 
3216.478875500 076 
3216.479431000 078 
3216.479986500 081 
3216.480542000 087 
3216.481097500 093 
3216.481653000 099 
3216.482208500 108 
3216.482764000 118 
3216.483319500 126 
3216.483875000 135 
3216.484430500 144 
3216.484986000 153 
3216.485541500 160 
3216.486097000 167 
3216.486652500 173 
3216.487208000 177 
3216.487763500 180 
3216.488319000 180 
3216.488874500 179 
3216.489430000 178 
3216.489985500 174 
3216.490541000 168 
3216.491096500 162 
3216.491652000 155 
3216.492207500 147 
3216.492763000 138 
3216.493318500 129 
3216.493874000 120 
3216.494429500 110 
3216.494985000 102 
3216.495540500 095 
3216.496096000 088 
3216.496651500 082 
3216.497207000 080 
3216.497762500 076 
3216.498318000 075 
3216.498873500 076 
3216.499429000 078 
3216.499984500 081 
3216.500540000 086 
3216.501095500 093 
3216.501651000 099 
3216.502206500 109 
3216.502762000 117 
3216.503317500 126 
3216.503873000 135 
3216.504428500 145 
3216.504984000 153 
3216.505539500 161 
3216.506095000 167 
3216.506650500 173 
3216.507206000 177 
3216.507761500 179 
3216.508317000 180 
3216.508872500 180 
3216.509428000 178 
3216.509983500 174 
3216.510539000 169 
3216.511094500 163 
3216.511650000 156 
3216.512205500 147 
3216.512761000 137 
3216.513316500 130 
3216.513872000 120 
3216.514427500 111 
3216.514983000 102 
3216.515538500 094 
3216.516094000 088 
3216.516649500 083 
3216.517205000 079 
3216.517760500 075 
3216.518316000 076 
3216.518871500 076 
3216.519427000 077 
3216.519982500 081 
3216.520538000 087 
3216.521093500 092 
3216.521649000 100 
3216.522204500 109 
3216.522760000 117 
3216.523315500 125 
3216.523871000 136 
3216.524426500 144 
3216.524982000 152 
3216.525537500 161 
3216.526093000 167 
3216.526648500 172 
3216.527204000 177 
3216.527759500 180 
3216.528315000 180 
3216.528870500 180 
3216.529426000 178 
3216.529981500 175 
3216.530537000 169 
3216.531092500 162 
3216.531648000 156 
3216.532203500 147 
3216.532759000 137 
3216.533314500 130 
3216.533870000 120 
3216.534425500 111 
3216.534981000 103 
3216.535536500 095 
3216.536092000 088 
3216.536647500 084 
3216.537203000 079 
3216.537758500 076 
3216.538314000 074 
3216.538869500 076 
3216.539425000 079 
3216.539980500 082 
3216.540536000 086 
3216.541091500 093 
3216.541647000 099 
3216.542202500 109 
3216.542758000 117 
3216.543313500 126 
3216.543869000 136 
3216.544424500 144 
3216.544980000 152 
3216.545535500 160 
3216.546091000 167 
3216.546646500 172 
3216.547202000 176 
3216.547757500 180 
3216.548313000 181 
3216.548868500 180 
3216.549424000 178 
3216.549979500 174 
3216.550535000 169 
3216.551090500 163 
3216.551646000 155 
3216.552201500 146 
3216.552757000 138 
3216.553312500 130 
3216.553868000 120 
3216.554423500 110 
3216.554979000 102 
3216.555534500 095 
3216.556090000 088 
3216.556645500 083 
3216.557201000 079 
3216.557756500 076 
3216.558312000 074 
3216.558867500 076 
3216.559423000 078 
3216.559978500 081 
3216.560534000 087 
3216.561089500 093 
3216.561645000 100 
3216.562200500 108 
3216.562756000 117 
3216.563311500 126 
3216.563867000 135 
3216.564422500 144 
3216.564978000 153 
3216.565533500 161 
3216.566089000 167 
3216.566644500 173 
3216.567200000 177 
3216.567755500 179 
3216.568311000 181 
3216.568866500 180 
3216.569422000 178 
3216.569977500 175 
3216.570533000 169 
3216.571088500 163 
3216.571644000 155 
3216.572199500 147 
3216.572755000 138 
3216.573310500 129 
3216.573866000 120 
3216.574421500 110 
3216.574977000 103 
3216.575532500 095 
3216.576088000 088 
3216.576643500 083 
3216.577199000 080 
3216.577754500 076 
3216.578310000 074 
3216.578865500 075 
3216.579421000 078 
3216.579976500 081 
3216.580532000 087 
3216.581087500 093 
3216.581643000 100 
3216.582198500 108 
3216.582754000 116 
3216.583309500 127 
3216.583865000 135 
3216.584420500 145 
3216.584976000 153 
3216.585531500 160 
3216.586087000 167 
3216.586642500 173 
3216.587198000 176 
3216.587753500 179 
3216.588309000 181 
3216.588864500 180 
3216.589420000 179 
3216.589975500 175 
3216.590531000 169 
3216.591086500 163 
3216.591642000 155 
3216.592197500 148 
3216.592753000 139 
3216.593308500 129 
3216.593864000 120 
3216.594419500 112 
3216.594975000 103 
3216.595530500 094 
3216.596086000 089 
3216.596641500 083 
3216.597197000 078 
3216.597752500 077 
3216.598308000 076 
3216.598863500 075 
3216.599419000 077 
3216.599974500 082 
3216.600530000 086 
3216.601085500 092 
3216.601641000 100 
3216.602196500 108 
3216.602752000 117 
3216.603307500 125 
3216.603863000 136 
3216.604418500 144 
3216.604974000 152 
3216.605529500 160 
3216.606085000 167 
3216.606640500 172 
3216.607196000 176 
3216.607751500 179 
3216.608307000 181 
3216.608862500 180 
3216.609418000 177 
3216.609973500 174 
3216.610529000 169 
3216.611084500 162 
3216.611640000 156 
3216.612195500 146 
3216.612751000 139 
3216.613306500 129 
3216.613862000 119 
3216.614417500 111 
3216.614973000 102 
3216.615528500 095 
3216.616084000 089 
3216.616639500 084 
3216.617195000 079 
3216.617750500 076 
3216.618306000 076 
3216.618861500 076 
3216.619417000 077 
3216.619972500 081 
3216.620528000 087 
3216.621083500 092 
3216.621639000 100 
3216.622194500 108 
3216.622750000 117 
3216.623305500 126 
3216.623861000 136 
3216.624416500 143 
3216.624972000 153 
3216.625527500 160 
3216.626083000 167 
3216.626638500 172 
3216.627194000 177 
3216.627749500 179 
3216.628305000 181 
3216.628860500 179 
3216.629416000 178 
3216.629971500 174 
3216.630527000 169 
3216.631082500 163 
3216.631638000 155 
3216.632193500 146 
3216.632749000 139 
3216.633304500 129 
3216.633860000 119 
3216.634415500 111 
3216.634971000 103 
3216.635526500 094 
3216.636082000 089 
3216.636637500 083 
3216.637193000 079 
3216.637748500 076 
3216.638304000 075 
3216.638859500 075 
3216.639415000 078 
3216.639970500 080 
3216.640526000 087 
3216.641081500 093 
3216.641637000 100 
3216.642192500 107 
3216.642748000 117 
3216.643303500 126 
3216.643859000 135 
3216.644414500 145 
3216.644970000 153 
3216.645525500 160 
3216.646081000 168 
3216.646636500 172 
3216.647192000 177 
3216.647747500 179 
3216.648303000 180 
3216.648858500 180 
3216.649414000 178 
3216.649969500 175 
3216.650525000 169 
3216.651080500 163 
3216.651636000 156 
3216.652191500 147 
3216.652747000 138 
3216.653302500 130 
3216.653858000 120 
3216.654413500 110 
3216.654969000 103 
3216.655524500 095 
3216.656080000 088 
3216.656635500 084 
3216.657191000 079 
3216.657746500 076 
3216.658302000 076 
3216.658857500 076 
3216.659413000 078 
3216.659968500 080 
3216.660524000 087 
3216.661079500 093 
3216.661635000 099 
3216.662190500 107 
3216.662746000 117 
3216.663301500 126 
3216.663857000 135 
3216.664412500 144 
3216.664968000 153 
3216.665523500 160 
3216.666079000 167 
3216.666634500 173 
3216.667190000 176 
3216.667745500 180 
3216.668301000 180 
3216.668856500 180 
3216.669412000 177 
3216.669967500 175 
3216.670523000 169 
3216.671078500 163 
3216.671634000 156 
3216.672189500 147 
3216.672745000 138 
3216.673300500 129 
3216.673856000 120 
3216.674411500 111 
3216.674967000 103 
3216.675522500 094 
3216.676078000 089 
3216.676633500 083 
3216.677189000 078 
3216.677744500 076 
3216.678300000 076 
3216.678855500 075 
3216.679411000 078 
3216.679966500 081 
3216.680522000 087 
3216.681077500 092 
3216.681633000 100 
3216.682188500 108 
3216.682744000 116 
3216.683299500 127 
3216.683855000 135 
3216.684410500 144 
3216.684966000 153 
3216.685521500 161 
3216.686077000 167 
3216.686632500 172 
3216.687188000 177 
3216.687743500 179 
3216.688299000 180 
3216.688854500 179 
3216.689410000 179 
3216.689965500 175 
3216.690521000 169 
3216.691076500 164 
3216.691632000 155 
3216.692187500 147 
3216.692743000 138 
3216.693298500 130 
3216.693854000 120 
3216.694409500 111 
3216.694965000 103 
3216.695520500 094 
3216.696076000 089 
3216.696631500 083 
3216.697187000 079 
3216.697742500 076 
3216.698298000 076 
3216.698853500 076 
3216.699409000 077 
3216.699964500 081 
3216.700520000 086 
3216.701075500 092 
3216.701631000 100 
3216.702186500 108 
3216.702742000 117 
3216.703297500 125 
3216.703853000 135 
3216.704408500 144 
3216.704964000 152 
3216.705519500 160 
3216.706075000 167 
3216.706630500 173 
3216.707186000 177 
3216.707741500 180 
3216.708297000 180 
3216.708852500 181 
3216.709408000 178 
3216.709963500 175 
3216.710519000 169 
3216.711074500 163 
3216.711630000 156 
3216.712185500 147 
3216.712741000 138 
3216.713296500 129 
3216.713852000 121 
3216.714407500 111 
3216.714963000 102 
3216.715518500 095 
3216.716074000 089 
3216.716629500 083 
3216.717185000 079 
3216.717740500 077 
3216.718296000 076 
3216.718851500 075 
3216.719407000 077 
3216.719962500 082 
3216.720518000 086 
3216.721073500 092 
3216.721629000 100 
3216.722184500 108 
3216.722740000 117 
3216.723295500 125 
3216.723851000 134 
3216.724406500 144 
3216.724962000 153 
3216.725517500 160 
3216.726073000 167 
3216.726628500 173 
3216.727184000 176 
3216.727739500 179 
3216.728295000 181 
3216.728850500 180 
3216.729406000 177 
3216.729961500 175 
3216.730517000 169 
3216.731072500 163 
3216.731628000 155 
3216.732183500 148 
3216.732739000 138 
3216.733294500 129 
3216.733850000 120 
3216.734405500 111 
3216.734961000 103 
3216.735516500 094 
3216.736072000 089 
3216.736627500 084 
3216.737183000 079 
3216.737738500 076 
3216.738294000 076 
3216.738849500 075 
3216.739405000 077 
3216.739960500 082 
3216.740516000 086 
3216.741071500 092 
3216.741627000 099 
3216.742182500 108 
3216.742738000 116 
3216.743293500 126 
3216.743849000 135 
3216.744404500 144 
3216.744960000 152 
3216.745515500 161 
3216.746071000 167 
3216.746626500 172 
3216.747182000 176 
3216.747737500 180 
3216.748293000 180 
3216.748848500 180 
3216.749404000 178 
3216.749959500 174 
3216.750515000 169 
3216.751070500 163 
3216.751626000 156 
3216.752181500 147 
3216.752737000 138 
3216.753292500 129 
3216.753848000 120 
3216.754403500 111 
3216.754959000 102 
3216.755514500 096 
3216.756070000 089 
3216.756625500 082 
3216.757181000 080 
3216.757736500 077 
3216.758292000 075 
3216.758847500 075 
3216.759403000 077 
3216.759958500 082 
3216.760514000 086 
3216.761069500 092 
3216.761625000 099 
3216.762180500 107 
3216.762736000 117 
3216.763291500 125 
3216.763847000 135 
3216.764402500 144 
3216.764958000 153 
3216.765513500 160 
3216.766069000 167 
3216.766624500 173 
3216.767180000 176 
3216.767735500 179 
3216.768291000 181 
3216.768846500 180 
3216.769402000 178 
3216.769957500 174 
3216.770513000 169 
3216.771068500 162 
3216.771624000 156 
3216.772179500 147 
3216.772735000 138 
3216.773290500 129 
3216.773846000 121 
3216.774401500 111 
3216.774957000 103 
3216.775512500 094 
3216.776068000 088 
3216.776623500 083 
3216.777179000 079 
3216.777734500 076 
3216.778290000 076 
3216.778845500 076 
3216.779401000 078 
3216.779956500 081 
3216.780512000 085 
3216.781067500 092 
3216.781623000 099 
3216.782178500 107 
3216.782734000 117 
3216.783289500 125 
3216.783845000 134 
3216.784400500 144 
3216.784956000 153 
3216.785511500 160 
3216.786067000 167 
3216.786622500 172 
3216.787178000 177 
3216.787733500 179 
3216.788289000 180 
3216.788844500 181 
3216.789400000 178 
3216.789955500 174 
3216.790511000 169 
3216.791066500 163 
3216.791622000 156 
3216.792177500 147 
3216.792733000 139 
3216.793288500 130 
3216.793844000 120 
3216.794399500 111 
3216.794955000 103 
3216.795510500 095 
3216.796066000 088 
3216.796621500 083 
3216.797177000 080 
3216.797732500 077 
3216.798288000 075 
3216.798843500 076 
3216.799399000 078 
3216.799954500 080 
3216.800510000 087 
3216.801065500 093 
3216.801621000 099 
3216.802176500 107 
3216.802732000 117 
3216.803287500 125 
3216.803843000 134 
3216.804398500 144 
3216.804954000 153 
3216.805509500 160 
3216.806065000 168 
3216.806620500 172 
3216.807176000 176 
3216.807731500 180 
3216.808287000 181 
3216.808842500 180 
3216.809398000 177 
3216.809953500 174 
3216.810509000 170 
3216.811064500 163 
3216.811620000 155 
3216.812175500 147 
3216.812731000 138 
3216.813286500 129 
3216.813842000 119 
3216.814397500 110 
3216.814953000 103 
3216.815508500 094 
3216.816064000 089 
3216.816619500 084 
3216.817175000 079 
3216.817730500 076 
3216.818286000 076 
3216.818841500 076 
3216.819397000 077 
3216.819952500 082 
3216.820508000 085 
3216.821063500 092 
3216.821619000 100 
3216.822174500 107 
3216.822730000 116 
3216.823285500 126 
3216.823841000 135 
3216.824396500 144 
3216.824952000 152 
3216.825507500 161 
3216.826063000 167 
3216.826618500 172 
3216.827174000 177 
3216.827729500 179 
3216.828285000 181 
3216.828840500 180 
3216.829396000 178 
3216.829951500 175 
3216.830507000 169 
3216.831062500 163 
3216.831618000 156 
3216.832173500 147 
3216.832729000 139 
3216.833284500 130 
3216.833840000 120 
3216.834395500 111 
3216.834951000 102 
3216.835506500 095 
3216.836062000 089 
3216.836617500 084 
3216.837173000 079 
3216.837728500 076 
3216.838284000 076 
3216.838839500 075 
3216.839395000 077 
3216.839950500 082 
3216.840506000 087 
3216.841061500 092 
3216.841617000 099 
3216.842172500 108 
3216.842728000 116 
3216.843283500 125 
3216.843839000 135 
3216.844394500 144 
3216.844950000 152 
3216.845505500 160 
3216.846061000 167 
3216.846616500 172 
3216.847172000 177 
3216.847727500 179 
3216.848283000 181 
3216.848838500 180 
3216.849394000 177 
3216.849949500 175 
3216.850505000 170 
3216.851060500 163 
3216.851616000 155 
3216.852171500 148 
3216.852727000 138 
3216.853282500 129 
3216.853838000 121 
3216.854393500 111 
3216.854949000 103 
3216.855504500 096 
3216.856060000 089 
3216.856615500 083 
3216.857171000 078 
3216.857726500 077 
3216.858282000 076 
3216.858837500 076 
3216.859393000 077 
3216.859948500 082 
3216.860504000 085 
3216.861059500 093 
3216.861615000 099 
3216.862170500 108 
3216.862726000 116 
3216.863281500 125 
3216.863837000 134 
3216.864392500 144 
3216.864948000 152 
3216.865503500 159 
3216.866059000 167 
3216.866614500 172 
3216.867170000 177 
3216.867725500 180 
3216.868281000 180 
3216.868836500 180 
3216.869392000 178 
3216.869947500 175 
3216.870503000 170 
3216.871058500 163 
3216.871614000 156 
3216.872169500 147 
3216.872725000 138 
3216.873280500 129 
3216.873836000 121 
3216.874391500 111 
3216.874947000 104 
3216.875502500 095 
3216.876058000 089 
3216.876613500 083 
3216.877169000 079 
3216.877724500 076 
3216.878280000 075 
3216.878835500 076 
3216.879391000 078 
3216.879946500 080 
3216.880502000 086 
3216.881057500 093 
3216.881613000 099 
3216.882168500 108 
3216.882724000 117 
3216.883279500 125 
3216.883835000 135 
3216.884390500 143 
3216.884946000 153 
3216.885501500 160 
3216.886057000 167 
3216.886612500 172 
3216.887168000 177 
3216.887723500 179 
3216.888279000 181 
3216.888834500 180 
3216.889390000 177 
3216.889945500 174 
3216.890501000 169 
3216.891056500 164 
3216.891612000 156 
3216.892167500 147 
3216.892723000 139 
3216.893278500 129 
3216.893834000 121 
3216.894389500 112 
3216.894945000 102 
3216.895500500 095 
3216.896056000 089 
3216.896611500 083 
3216.897167000 079 
3216.897722500 076 
3216.898278000 076 
3216.898833500 076 
3216.899389000 077 
3216.899944500 082 
3216.900500000 086 
3216.901055500 091 
3216.901611000 100 
3216.902166500 107 
3216.902722000 117 
3216.903277500 125 
3216.903833000 134 
3216.904388500 144 
3216.904944000 152 
3216.905499500 160 
3216.906055000 167 
3216.906610500 172 
3216.907166000 176 
3216.907721500 179 
3216.908277000 181 
3216.908832500 180 
3216.909388000 178 
3216.909943500 175 
3216.910499000 169 
3216.911054500 163 
3216.911610000 156 
3216.912165500 148 
3216.912721000 138 
3216.913276500 129 
3216.913832000 121 
3216.914387500 111 
3216.914943000 102 
3216.915498500 096 
3216.916054000 089 
3216.916609500 083 
3216.917165000 078 
3216.917720500 077 
3216.918276000 074 
3216.918831500 076 
3216.919387000 078 
3216.919942500 081 
3216.920498000 085 
3216.921053500 092 
3216.921609000 100 
3216.922164500 107 
3216.922720000 116 
3216.923275500 126 
3216.923831000 134 
3216.924386500 143 
3216.924942000 152 
3216.925497500 160 
3216.926053000 167 
3216.926608500 172 
3216.927164000 176 
3216.927719500 179 
3216.928275000 180 
3216.928830500 180 
3216.929386000 178 
3216.929941500 174 
3216.930497000 170 
3216.931052500 163 
3216.931608000 155 
3216.932163500 148 
3216.932719000 139 
3216.933274500 129 
3216.933830000 121 
3216.934385500 112 
3216.934941000 103 
3216.935496500 096 
3216.936052000 089 
3216.936607500 083 
3216.937163000 079 
3216.937718500 077 
3216.938274000 076 
3216.938829500 076 
3216.939385000 077 
3216.939940500 082 
3216.940496000 086 
3216.941051500 091 
3216.941607000 099 
3216.942162500 108 
3216.942718000 116 
3216.943273500 124 
3216.943829000 135 
3216.944384500 143 
3216.944940000 153 
3216.945495500 160 
3216.946051000 167 
3216.946606500 173 
3216.947162000 176 
3216.947717500 179 
3216.948273000 181 
3216.948828500 180 
3216.949384000 178 
3216.949939500 175 
3216.950495000 170 
3216.951050500 163 
3216.951606000 156 
3216.952161500 148 
3216.952717000 139 
3216.953272500 129 
3216.953828000 121 
3216.954383500 112 
3216.954939000 102 
3216.955494500 096 
3216.956050000 089 
3216.956605500 083 
3216.957161000 080 
3216.957716500 076 
3216.958272000 076 
3216.958827500 076 
3216.959383000 077 
3216.959938500 082 
3216.960494000 086 
3216.961049500 091 
3216.961605000 100 
3216.962160500 107 
3216.962716000 115 
3216.963271500 126 
3216.963827000 134 
3216.964382500 142 
3216.964938000 153 
3216.965493500 160 
3216.966049000 166 
3216.966604500 172 
3216.967160000 177 
3216.967715500 179 
3216.968271000 180 
3216.968826500 181 
3216.969382000 178 
3216.969937500 174 
3216.970493000 169 
3216.971048500 164 
3216.971604000 156 
3216.972159500 147 
3216.972715000 139 
3216.973270500 129 
3216.973826000 121 
3216.974381500 111 
3216.974937000 102 
3216.975492500 096 
3216.976048000 089 
3216.976603500 083 
3216.977159000 079 
3216.977714500 076 
3216.978270000 076 
3216.978825500 076 
3216.979381000 077 
3216.979936500 080 
3216.980492000 086 
3216.981047500 092 
3216.981603000 099 
3216.982158500 107 
3216.982714000 116 
3216.983269500 126 
3216.983825000 134 
3216.984380500 143 
3216.984936000 153 
3216.985491500 160 
3216.986047000 167 
3216.986602500 172 
3216.987158000 177 
3216.987713500 179 
3216.988269000 180 
3216.988824500 180 
3216.989380000 179 
3216.989935500 174 
3216.990491000 169 
3216.991046500 163 
3216.991602000 156 
3216.992157500 148 
3216.992713000 138 
3216.993268500 130 
3216.993824000 121 
3216.994379500 111 
3216.994935000 102 
3216.995490500 096 
3216.996046000 089 
3216.996601500 083 
3216.997157000 079 
3216.997712500 077 
3216.998268000 075 
3216.998823500 075 
3216.999379000 078 
3216.999934500 081 
3217.000490000 086 
3217.001045500 092 
3217.001601000 099 
3217.002156500 106 
3217.002712000 117 
3217.003267500 125 
3217.003823000 134 
3217.004378500 143 
3217.004934000 153 
3217.005489500 160 
3217.006045000 166 
3217.006600500 173 
3217.007156000 176 
3217.007711500 179 
3217.008267000 180 
3217.008822500 181 
3217.009378000 178 
3217.009933500 174 
3217.010489000 169 
3217.011044500 164 
3217.011600000 156 
3217.012155500 148 
3217.012711000 139 
3217.013266500 130 
3217.013822000 120 
3217.014377500 112 
3217.014933000 102 
3217.015488500 096 
3217.016044000 089 
3217.016599500 083 
3217.017155000 079 
3217.017710500 077 
3217.018266000 076 
3217.018821500 075 
3217.019377000 077 
3217.019932500 082 
3217.020488000 086 
3217.021043500 091 
3217.021599000 100 
3217.022154500 108 
3217.022710000 116 
3217.023265500 124 
3217.023821000 135 
3217.024376500 143 
3217.024932000 152 
3217.025487500 160 
3217.026043000 167 
3217.026598500 172 
3217.027154000 177 
3217.027709500 179 
3217.028265000 180 
3217.028820500 180 
3217.029376000 178 
3217.029931500 175 
3217.030487000 170 
3217.031042500 163 
3217.031598000 156 
3217.032153500 148 
3217.032709000 139 
3217.033264500 130 
3217.033820000 120 
3217.034375500 112 
3217.034931000 103 
3217.035486500 096 
3217.036042000 088 
3217.036597500 083 
3217.037153000 080 
3217.037708500 077 
3217.038264000 074 
3217.038819500 076 
3217.039375000 078 
3217.039930500 081 
3217.040486000 085 
3217.041041500 093 
3217.041597000 099 
3217.042152500 107 
3217.042708000 117 
3217.043263500 125 
3217.043819000 134 
3217.044374500 144 
3217.044930000 152 
3217.045485500 159 
3217.046041000 167 
3217.046596500 172 
3217.047152000 176 
3217.047707500 179 
3217.048263000 181 
3217.048818500 180 
3217.049374000 178 
3217.049929500 175 
3217.050485000 170 
3217.051040500 164 
3217.051596000 156 
3217.052151500 147 
3217.052707000 139 
3217.053262500 131 
3217.053818000 121 
3217.054373500 112 
3217.054929000 104 
3217.055484500 095 
3217.056040000 090 
3217.056595500 084 
3217.057151000 078 
3217.057706500 076 
3217.058262000 076 
3217.058817500 075 
3217.059373000 077 
3217.059928500 081 
3217.060484000 085 
3217.061039500 092 
3217.061595000 099 
3217.062150500 107 
3217.062706000 116 
3217.063261500 125 
3217.063817000 134 
3217.064372500 144 
3217.064928000 152 
3217.065483500 160 
3217.066039000 166 
3217.066594500 173 
3217.067150000 177 
3217.067705500 179 
3217.068261000 181 
3217.068816500 180 
3217.069372000 178 
3217.069927500 174 
3217.070483000 169 
3217.071038500 163 
3217.071594000 156 
3217.072149500 148 
3217.072705000 139 
3217.073260500 129 
3217.073816000 121 
3217.074371500 111 
3217.074927000 103 
3217.075482500 096 
3217.076038000 088 
3217.076593500 083 
3217.077149000 080 
3217.077704500 076 
3217.078260000 075 
3217.078815500 076 
3217.079371000 077 
3217.079926500 080 
3217.080482000 086 
3217.081037500 092 
3217.081593000 099 
3217.082148500 107 
3217.082704000 116 
3217.083259500 125 
3217.083815000 133 
3217.084370500 143 
3217.084926000 151 
3217.085481500 160 
3217.086037000 167 
3217.086592500 172 
3217.087148000 177 
3217.087703500 179 
3217.088259000 180 
3217.088814500 180 
3217.089370000 178 
3217.089925500 174 
3217.090481000 169 
3217.091036500 164 
3217.091592000 156 
3217.092147500 148 
3217.092703000 139 
3217.093258500 131 
3217.093814000 121 
3217.094369500 112 
3217.094925000 103 
3217.095480500 096 
3217.096036000 088 
3217.096591500 084 
3217.097147000 079 
3217.097702500 077 
3217.098258000 075 
3217.098813500 076 
3217.099369000 078 
3217.099924500 081 
3217.100480000 086 
3217.101035500 092 
3217.101591000 099 
3217.102146500 107 
3217.102702000 116 
3217.103257500 125 
3217.103813000 134 
3217.104368500 143 
3217.104924000 152 
3217.105479500 160 
3217.106035000 166 
3217.106590500 172 
3217.107146000 177 
3217.107701500 179 
3217.108257000 180 
3217.108812500 180 
3217.109368000 178 
3217.109923500 175 
3217.110479000 170 
3217.111034500 164 
3217.111590000 156 
3217.112145500 148 
3217.112701000 139 
3217.113256500 130 
3217.113812000 121 
3217.114367500 112 
3217.114923000 102 
3217.115478500 096 
3217.116034000 089 
3217.116589500 083 
3217.117145000 078 
3217.117700500 077 
3217.118256000 075 
3217.118811500 075 
3217.119367000 077 
3217.119922500 082 
3217.120478000 085 
3217.121033500 091 
3217.121589000 100 
3217.122144500 108 
3217.122700000 115 
3217.123255500 125 
3217.123811000 134 
3217.124366500 144 
3217.124922000 152 
3217.125477500 160 
3217.126033000 167 
3217.126588500 172 
3217.127144000 176 
3217.127699500 180 
3217.128255000 180 
3217.128810500 180 
3217.129366000 178 
3217.129921500 175 
3217.130477000 170 
3217.131032500 163 
3217.131588000 156 
3217.132143500 148 
3217.132699000 139 
3217.133254500 131 
3217.133810000 121 
3217.134365500 112 
3217.134921000 103 
3217.135476500 095 
3217.136032000 089 
3217.136587500 084 
3217.137143000 079 
3217.137698500 077 
3217.138254000 074 
3217.138809500 076 
3217.139365000 078 
3217.139920500 081 
3217.140476000 086 
3217.141031500 091 
3217.141587000 100 
3217.142142500 107 
3217.142698000 115 
3217.143253500 126 
3217.143809000 134 
3217.144364500 143 
3217.144920000 153 
3217.145475500 160 
3217.146031000 166 
3217.146586500 172 
3217.147142000 177 
3217.147697500 179 
3217.148253000 180 
3217.148808500 181 
3217.149364000 178 
3217.149919500 174 
3217.150475000 171 
3217.151030500 164 
3217.151586000 156 
3217.152141500 148 
3217.152697000 139 
3217.153252500 130 
3217.153808000 120 
3217.154363500 112 
3217.154919000 104 
3217.155474500 095 
3217.156030000 089 
3217.156585500 084 
3217.157141000 079 
3217.157696500 076 
3217.158252000 076 
3217.158807500 076 
3217.159363000 077 
3217.159918500 081 
3217.160474000 086 
3217.161029500 091 
3217.161585000 099 
3217.162140500 107 
3217.162696000 116 
3217.163251500 124 
3217.163807000 133 
3217.164362500 144 
3217.164918000 151 
3217.165473500 159 
3217.166029000 167 
3217.166584500 172 
3217.167140000 177 
3217.167695500 179 
3217.168251000 180 
3217.168806500 180 
3217.169362000 178 
3217.169917500 174 
3217.170473000 170 
3217.171028500 164 
3217.171584000 156 
3217.172139500 148 
3217.172695000 140 
3217.173250500 130 
3217.173806000 121 
3217.174361500 111 
3217.174917000 104 
3217.175472500 096 
3217.176028000 088 
3217.176583500 083 
3217.177139000 080 
3217.177694500 077 
3217.178250000 075 
3217.178805500 076 
3217.179361000 078 
3217.179916500 080 
3217.180472000 086 
3217.181027500 092 
3217.181583000 098 
3217.182138500 108 
3217.182694000 116 
3217.183249500 124 
3217.183805000 135 
3217.184360500 143 
3217.184916000 151 
3217.185471500 160 
3217.186027000 167 
3217.186582500 172 
3217.187138000 176 
3217.187693500 179 
3217.188249000 181 
3217.188804500 180 
3217.189360000 178 
3217.189915500 174 
3217.190471000 170 
3217.191026500 163 
3217.191582000 157 
3217.192137500 148 
3217.192693000 139 
3217.193248500 131 
3217.193804000 121 
3217.194359500 112 
3217.194915000 104 
3217.195470500 095 
3217.196026000 090 
3217.196581500 084 
3217.197137000 079 
3217.197692500 076 
3217.198248000 076 
3217.198803500 075 
3217.199359000 077 
3217.199914500 081 
3217.200470000 085 
3217.201025500 092 
3217.201581000 099 
3217.202136500 107 
3217.202692000 115 
3217.203247500 125 
3217.203803000 134 
3217.204358500 143 
3217.204914000 152 
3217.205469500 160 
3217.206025000 167 
3217.206580500 172 
3217.207136000 176 
3217.207691500 179 
3217.208247000 180 
3217.208802500 181 
3217.209358000 178 
3217.209913500 175 
3217.210469000 170 
3217.211024500 163 
3217.211580000 156 
3217.212135500 149 
3217.212691000 139 
3217.213246500 130 
3217.213802000 120 
3217.214357500 113 
3217.214913000 104 
3217.215468500 095 
3217.216024000 089 
3217.216579500 084 
3217.217135000 079 
3217.217690500 076 
3217.218246000 076 
3217.218801500 076 
3217.219357000 077 
3217.219912500 081 
3217.220468000 085 
3217.221023500 091 
3217.221579000 099 
3217.222134500 106 
3217.222690000 116 
3217.223245500 124 
3217.223801000 133 
3217.224356500 143 
3217.224912000 152 
3217.225467500 159 
3217.226023000 166 
3217.226578500 173 
3217.227134000 176 
3217.227689500 179 
3217.228245000 180 
3217.228800500 181 
3217.229356000 178 
3217.229911500 174 
3217.230467000 170 
3217.231022500 164 
3217.231578000 156 
3217.232133500 149 
3217.232689000 140 
3217.233244500 131 
3217.233800000 121 
3217.234355500 112 
3217.234911000 103 
3217.235466500 095 
3217.236022000 089 
3217.236577500 084 
3217.237133000 078 
3217.237688500 077 
3217.238244000 075 
3217.238799500 076 
3217.239355000 078 
3217.239910500 081 
3217.240466000 085 
3217.241021500 092 
3217.241577000 099 
3217.242132500 106 
3217.242688000 116 
3217.243243500 124 
3217.243799000 134 
3217.244354500 143 
3217.244910000 152 
3217.245465500 159 
3217.246021000 167 
3217.246576500 172 
3217.247132000 176 
3217.247687500 179 
3217.248243000 180 
3217.248798500 180 
3217.249354000 179 
3217.249909500 175 
3217.250465000 170 
3217.251020500 164 
3217.251576000 156 
3217.252131500 149 
3217.252687000 140 
3217.253242500 130 
3217.253798000 121 
3217.254353500 112 
3217.254909000 104 
3217.255464500 096 
3217.256020000 089 
3217.256575500 084 
3217.257131000 079 
3217.257686500 076 
3217.258242000 076 
3217.258797500 076 
3217.259353000 077 
3217.259908500 080 
3217.260464000 086 
3217.261019500 092 
3217.261575000 098 
3217.262130500 107 
3217.262686000 116 
3217.263241500 124 
3217.263797000 134 
3217.264352500 143 
3217.264908000 152 
3217.265463500 160 
3217.266019000 166 
3217.266574500 172 
3217.267130000 177 
3217.267685500 179 
3217.268241000 180 
3217.268796500 179 
3217.269352000 179 
3217.269907500 175 
3217.270463000 170 
3217.271018500 163 
3217.271574000 156 
3217.272129500 148 
3217.272685000 139 
3217.273240500 130 
3217.273796000 122 
3217.274351500 112 
3217.274907000 103 
3217.275462500 095 
3217.276018000 090 
3217.276573500 083 
3217.277129000 080 
3217.277684500 076 
3217.278240000 076 
3217.278795500 076 
3217.279351000 076 
3217.279906500 081 
3217.280462000 086 
3217.281017500 091 
3217.281573000 099 
3217.282128500 107 
3217.282684000 115 
3217.283239500 124 
3217.283795000 134 
3217.284350500 144 
3217.284906000 152 
3217.285461500 159 
3217.286017000 167 
3217.286572500 172 
3217.287128000 176 
3217.287683500 179 
3217.288239000 180 
3217.288794500 180 
3217.289350000 178 
3217.289905500 175 
3217.290461000 170 
3217.291016500 163 
3217.291572000 157 
3217.292127500 148 
3217.292683000 140 
3217.293238500 131 
3217.293794000 121 
3217.294349500 112 
3217.294905000 103 
3217.295460500 096 
3217.296016000 090 
3217.296571500 083 
3217.297127000 079 
3217.297682500 077 
3217.298238000 075 
3217.298793500 075 
3217.299349000 078 
3217.299904500 081 
3217.300460000 085 
3217.301015500 092 
3217.301571000 099 
3217.302126500 106 
3217.302682000 116 
3217.303237500 125 
3217.303793000 134 
3217.304348500 142 
3217.304904000 152 
3217.305459500 159 
3217.306015000 167 
3217.306570500 172 
3217.307126000 177 
3217.307681500 179 
3217.308237000 180 
3217.308792500 180 
3217.309348000 178 
3217.309903500 175 
3217.310459000 169 
3217.311014500 164 
3217.311570000 157 
3217.312125500 148 
3217.312681000 140 
3217.313236500 131 
3217.313792000 121 
3217.314347500 112 
3217.314903000 104 
3217.315458500 096 
3217.316014000 089 
3217.316569500 084 
3217.317125000 080 
3217.317680500 076 
3217.318236000 076 
3217.318791500 076 
3217.319347000 077 
3217.319902500 081 
3217.320458000 085 
3217.321013500 092 
3217.321569000 099 
3217.322124500 106 
3217.322680000 116 
3217.323235500 125 
3217.323791000 134 
3217.324346500 142 
3217.324902000 152 
3217.325457500 160 
3217.326013000 166 
3217.326568500 173 
3217.327124000 177 
3217.327679500 179 
3217.328235000 180 
3217.328790500 180 
3217.329346000 178 
3217.329901500 175 
3217.330457000 170 
3217.331012500 163 
3217.331568000 157 
3217.332123500 148 
3217.332679000 139 
3217.333234500 131 
3217.333790000 121 
3217.334345500 112 
3217.334901000 104 
3217.335456500 095 
3217.336012000 089 
3217.336567500 084 
3217.337123000 079 
3217.337678500 076 
3217.338234000 076 
3217.338789500 076 
3217.339345000 077 
3217.339900500 080 
3217.340456000 086 
3217.341011500 092 
3217.341567000 098 
3217.342122500 107 
3217.342678000 116 
3217.343233500 124 
3217.343789000 133 
3217.344344500 143 
3217.344900000 151 
3217.345455500 160 
3217.346011000 166 
3217.346566500 172 
3217.347122000 176 
3217.347677500 179 
3217.348233000 180 
3217.348788500 181 
3217.349344000 178 
3217.349899500 174 
3217.350455000 170 
3217.351010500 164 
3217.351566000 157 
3217.352121500 148 
3217.352677000 139 
3217.353232500 131 
3217.353788000 121 
3217.354343500 113 
3217.354899000 104 
3217.355454500 096 
3217.356010000 090 
3217.356565500 084 
3217.357121000 079 
3217.357676500 077 
3217.358232000 075 
3217.358787500 075 
3217.359343000 078 
3217.359898500 081 
3217.360454000 086 
3217.361009500 092 
3217.361565000 098 
3217.362120500 107 
3217.362676000 115 
3217.363231500 124 
3217.363787000 134 
3217.364342500 143 
3217.364898000 151 
3217.365453500 160 
3217.366009000 166 
3217.366564500 172 
3217.367120000 177 
3217.367675500 179 
3217.368231000 180 
3217.368786500 181 
3217.369342000 178 
3217.369897500 174 
3217.370453000 170 
3217.371008500 163 
3217.371564000 157 
3217.372119500 148 
3217.372675000 139 
3217.373230500 131 
3217.373786000 121 
3217.374341500 112 
3217.374897000 104 
3217.375452500 096 
3217.376008000 090 
3217.376563500 084 
3217.377119000 079 
3217.377674500 076 
3217.378230000 076 
3217.378785500 075 
3217.379341000 077 
3217.379896500 081 
3217.380452000 086 
3217.381007500 091 
3217.381563000 098 
3217.382118500 107 
3217.382674000 116 
3217.383229500 124 
3217.383785000 134 
3217.384340500 143 
3217.384896000 152 
3217.385451500 159 
3217.386007000 166 
3217.386562500 172 
3217.387118000 176 
3217.387673500 179 
3217.388229000 181 
3217.388784500 180 
3217.389340000 179 
3217.389895500 175 
3217.390451000 170 
3217.391006500 163 
3217.391562000 157 
3217.392117500 148 
3217.392673000 139 
3217.393228500 131 
3217.393784000 122 
3217.394339500 113 
3217.394895000 103 
3217.395450500 097 
3217.396006000 089 
3217.396561500 083 
3217.397117000 079 
3217.397672500 077 
3217.398228000 076 
3217.398783500 075 
3217.399339000 077 
3217.399894500 080 
3217.400450000 086 
3217.401005500 091 
3217.401561000 099 
3217.402116500 107 
3217.402672000 115 
3217.403227500 125 
3217.403783000 134 
3217.404338500 142 
3217.404894000 151 
3217.405449500 160 
3217.406005000 166 
3217.406560500 172 
3217.407116000 176 
3217.407671500 179 
3217.408227000 181 
3217.408782500 180 
3217.409338000 178 
3217.409893500 175 
3217.410449000 170 
3217.411004500 164 
3217.411560000 156 
3217.412115500 149 
3217.412671000 140 
3217.413226500 130 
3217.413782000 121 
3217.414337500 113 
3217.414893000 104 
3217.415448500 096 
3217.416004000 090 
3217.416559500 084 
3217.417115000 079 
3217.417670500 077 
3217.418226000 075 
3217.418781500 076 
3217.419337000 078 
3217.419892500 080 
3217.420448000 086 
3217.421003500 091 
3217.421559000 098 
3217.422114500 107 
3217.422670000 115 
3217.423225500 124 
3217.423781000 134 
3217.424336500 143 
3217.424892000 151 
3217.425447500 159 
3217.426003000 167 
3217.426558500 172 
3217.427114000 176 
3217.427669500 179 
3217.428225000 181 
3217.428780500 180 
3217.429336000 178 
3217.429891500 175 
3217.430447000 170 
3217.431002500 164 
3217.431558000 157 
3217.432113500 148 
3217.432669000 139 
3217.433224500 131 
3217.433780000 122 
3217.434335500 112 
3217.434891000 103 
3217.435446500 096 
3217.436002000 089 
3217.436557500 083 
3217.437113000 078 
3217.437668500 078 
3217.438224000 075 
3217.438779500 075 
3217.439335000 077 
3217.439890500 080 
3217.440446000 086 
3217.441001500 091 
3217.441557000 098 
3217.442112500 106 
3217.442668000 116 
3217.443223500 124 
3217.443779000 133 
3217.444334500 143 
3217.444890000 152 
3217.445445500 159 
3217.446001000 167 
3217.446556500 172 
3217.447112000 176 
3217.447667500 179 
3217.448223000 181 
3217.448778500 180 
3217.449334000 179 
3217.449889500 175 
3217.450445000 170 
3217.451000500 164 
3217.451556000 157 
3217.452111500 148 
3217.452667000 140 
3217.453222500 131 
3217.453778000 122 
3217.454333500 112 
3217.454889000 105 
3217.455444500 096 
3217.456000000 090 
3217.456555500 084 
3217.457111000 079 
3217.457666500 077 
3217.458222000 075 
3217.458777500 075 
3217.459333000 078 
3217.459888500 081 
3217.460444000 084 
3217.460999500 092 
3217.461555000 099 
3217.462110500 107 
3217.462666000 115 
3217.463221500 124 
3217.463777000 133 
3217.464332500 143 
3217.464888000 151 
3217.465443500 159 
3217.465999000 165 
3217.466554500 172 
3217.467110000 176 
3217.467665500 179 
3217.468221000 181 
3217.468776500 180 
3217.469332000 178 
3217.469887500 175 
3217.470443000 170 
3217.470998500 164 
3217.471554000 157 
3217.472109500 149 
3217.472665000 139 
3217.473220500 131 
3217.473776000 121 
3217.474331500 112 
3217.474887000 105 
3217.475442500 097 
3217.475998000 089 
3217.476553500 084 
3217.477109000 080 
3217.477664500 077 
3217.478220000 074 
3217.478775500 076 
3217.479331000 078 
3217.479886500 081 
3217.480442000 086 
3217.480997500 091 
3217.481553000 098 
3217.482108500 107 
3217.482664000 115 
3217.483219500 124 
3217.483775000 133 
3217.484330500 143 
3217.484886000 151 
3217.485441500 159 
3217.485997000 166 
3217.486552500 172 
3217.487108000 176 
3217.487663500 179 
3217.488219000 180 
3217.488774500 181 
3217.489330000 178 
3217.489885500 175 
3217.490441000 170 
3217.490996500 164 
3217.491552000 156 
3217.492107500 149 
3217.492663000 140 
3217.493218500 130 
3217.493774000 121 
3217.494329500 113 
3217.494885000 104 
3217.495440500 096 
3217.495996000 089 
3217.496551500 084 
3217.497107000 079 
3217.497662500 077 
3217.498218000 075 
3217.498773500 076 
3217.499329000 078 
3217.499884500 080 
3217.500440000 086 
3217.500995500 091 
3217.501551000 099 
3217.502106500 107 
3217.502662000 115 
3217.503217500 124 
3217.503773000 133 
3217.504328500 143 
3217.504884000 152 
3217.505439500 159 
3217.505995000 167 
3217.506550500 172 
3217.507106000 176 
3217.507661500 179 
3217.508217000 180 
3217.508772500 181 
3217.509328000 178 
3217.509883500 174 
3217.510439000 170 
3217.510994500 164 
3217.511550000 156 
3217.512105500 148 
3217.512661000 140 
3217.513216500 131 
3217.513772000 121 
3217.514327500 113 
3217.514883000 103 
3217.515438500 097 
3217.515994000 090 
3217.516549500 083 
3217.517105000 080 
3217.517660500 077 
3217.518216000 075 
3217.518771500 075 
3217.519327000 078 
3217.519882500 081 
3217.520438000 084 
3217.520993500 092 
3217.521549000 099 
3217.522104500 107 
3217.522660000 114 
3217.523215500 124 
3217.523771000 134 
3217.524326500 142 
3217.524882000 151 
3217.525437500 159 
3217.525993000 166 
3217.526548500 172 
3217.527104000 176 
3217.527659500 179 
3217.528215000 180 
3217.528770500 180 
3217.529326000 178 
3217.529881500 175 
3217.530437000 171 
3217.530992500 164 
3217.531548000 156 
3217.532103500 149 
3217.532659000 140 
3217.533214500 131 
3217.533770000 121 
3217.534325500 113 
3217.534881000 104 
3217.535436500 096 
3217.535992000 090 
3217.536547500 083 
3217.537103000 080 
3217.537658500 077 
3217.538214000 075 
3217.538769500 076 
3217.539325000 078 
3217.539880500 080 
3217.540436000 086 
3217.540991500 091 
3217.541547000 098 
3217.542102500 107 
3217.542658000 115 
3217.543213500 124 
3217.543769000 134 
3217.544324500 143 
3217.544880000 151 
3217.545435500 159 
3217.545991000 167 
3217.546546500 172 
3217.547102000 176 
3217.547657500 179 
3217.548213000 180 
3217.548768500 180 
3217.549324000 178 
3217.549879500 175 
3217.550435000 171 
3217.550990500 164 
3217.551546000 156 
3217.552101500 149 
3217.552657000 140 
3217.553212500 131 
3217.553768000 122 
3217.554323500 113 
3217.554879000 103 
3217.555434500 096 
3217.555990000 089 
3217.556545500 084 
3217.557101000 079 
3217.557656500 076 
3217.558212000 075 
3217.558767500 076 
3217.559323000 078 
3217.559878500 080 
3217.560434000 085 
3217.560989500 092 
3217.561545000 099 
3217.562100500 106 
3217.562656000 116 
3217.563211500 124 
3217.563767000 134 
3217.564322500 142 
3217.564878000 152 
3217.565433500 160 
3217.565989000 166 
3217.566544500 171 
3217.567100000 175 
3217.567655500 180 
3217.568211000 180 
3217.568766500 180 
3217.569322000 178 
3217.569877500 175 
3217.570433000 170 
3217.570988500 164 
3217.571544000 156 
3217.572099500 148 
3217.572655000 140 
3217.573210500 131 
3217.573766000 121 
3217.574321500 113 
3217.574877000 104 
3217.575432500 096 
3217.575988000 090 
3217.576543500 084 
3217.577099000 079 
3217.577654500 085 
3217.578210000 104 
3217.578765500 112 
3217.579321000 113 
3217.579876500 115 
3217.580432000 116 
3217.580987500 117 
3217.581543000 119 
3217.582098500 119 
3217.582654000 119 
3217.583209500 121 
3217.583765000 122 
3217.584320500 122 
3217.584876000 123 
3217.585431500 123 
3217.585987000 123 
3217.586542500 125 
3217.587098000 125 
3217.587653500 124 
3217.588209000 125 
3217.588764500 126 
3217.589320000 126 
3217.589875500 125 
3217.590431000 126 
3217.590986500 126 
3217.591542000 127 
3217.592097500 126 
3217.592653000 126 
3217.593208500 127 
3217.593764000 126 
3217.594319500 127 
3217.594875000 127 
3217.595430500 127 
3217.595986000 128 
3217.596541500 127 
3217.597097000 127 
3217.597652500 127 
3217.598208000 127 
3217.598763500 128 
3217.599319000 127 
3217.599874500 127 
3217.600430000 128 
3217.600985500 127 
3217.601541000 127 
3217.602096500 127 
3217.602652000 128 
3217.603207500 127 
3217.603763000 127 
3217.604318500 127 
3217.604874000 128 
3217.605429500 128 
3217.605985000 127 
3217.606540500 127 
3217.607096000 128 
3217.607651500 128 
3217.608207000 127 
3217.608762500 128 
3217.609318000 128 
3217.609873500 127 
3217.610429000 128 
3217.610984500 128 
3217.611540000 127 
3217.612095500 128 
3217.612651000 128 
3217.613206500 128 
3217.613762000 128 
3217.614317500 128 
3217.614873000 127 
3217.615428500 128 
3217.615984000 128 
3217.616539500 127 
3217.617095000 128 
3217.617650500 128 
3217.618206000 128 
3217.618761500 128 
3217.619317000 127 
3217.619872500 128 
3217.620428000 128 
3217.620983500 127 
3217.621539000 127 
3217.622094500 128 
3217.622650000 128 
3217.623205500 128 
3217.623761000 128 
3217.624316500 128 
3217.624872000 128 
3217.625427500 128 
3217.625983000 128 
3217.626538500 127 
3217.627094000 127 
3217.627649500 128 
3217.628205000 128 
3217.628760500 128 
3217.629316000 128 
3217.629871500 128 
3217.630427000 127 
3217.630982500 128 
3217.631538000 128 
3217.632093500 127 
3217.632649000 128 
3217.633204500 128 
3217.633760000 127 
3217.634315500 128 
3217.634871000 128 
3217.635426500 127 
3217.635982000 127 
3217.636537500 128 
3217.637093000 128 
3217.637648500 127 
3217.638204000 128 
3217.638759500 127 
3217.639315000 129 
3217.639870500 127 
3217.640426000 127 
3217.640981500 128 
3217.641537000 128 
3217.642092500 127 
3217.642648000 127 
3217.643203500 128 
3217.643759000 128 
3217.644314500 127 
3217.644870000 128 
3217.645425500 128 
3217.645981000 128 
3217.646536500 127 
3217.647092000 128 
3217.647647500 128 
3217.648203000 127 
3217.648758500 129 
3217.649314000 128 
3217.649869500 127 
3217.650425000 127 
3217.650980500 128 
3217.651536000 128 
3217.652091500 127 
3217.652647000 128 
3217.653202500 128 
3217.653758000 127 
3217.654313500 128 
3217.654869000 128 
3217.655424500 127 
3217.655980000 128 
3217.656535500 128 
3217.657091000 127 
3217.657646500 128 
3217.658202000 128 
3217.658757500 128 
3217.659313000 127 
3217.659868500 127 
3217.660424000 128 
3217.660979500 127 
3217.661535000 127 
3217.662090500 128 
3217.662646000 128 
3217.663201500 127 
3217.663757000 127 
3217.664312500 127 
3217.664868000 128 
3217.665423500 128 
3217.665979000 127 
3217.666534500 128 
3217.667090000 128 
3217.667645500 127 
3217.668201000 128 
3217.668756500 128 
3217.669312000 128 
3217.669867500 128 
3217.670423000 128 
3217.670978500 127 
3217.671534000 128 
3217.672089500 128 
3217.672645000 128 
3217.673200500 127 
3217.673756000 129 
3217.674311500 127 
3217.674867000 128 
3217.675422500 128 
3217.675978000 128 
3217.676533500 127 
3217.677089000 129 
3217.677644500 128 
3217.678200000 128 
3217.678755500 128 
3217.679311000 127 
3217.679866500 128 
3217.680422000 127 
3217.680977500 128 
3217.681533000 128 
3217.682088500 128 
3217.682644000 127 
3217.683199500 128 
3217.683755000 128 
3217.684310500 127 
3217.684866000 127 
3217.685421500 128 
3217.685977000 127 
3217.686532500 127 
3217.687088000 128 
3217.687643500 128 
3217.688199000 128 
3217.688754500 127 
3217.689310000 127 
3217.689865500 128 
3217.690421000 127 
3217.690976500 127 
3217.691532000 128 
3217.692087500 127 
3217.692643000 128 
3217.693198500 128 
3217.693754000 128 
3217.694309500 127 
3217.694865000 128 
3217.695420500 128 
3217.695976000 128 
3217.696531500 128 
3217.697087000 128 
3217.697642500 128 
3217.698198000 128 
3217.698753500 127 
3217.699309000 128 
3217.699864500 128 
3217.700420000 127 
3217.700975500 128 
3217.701531000 128 
3217.702086500 128 
3217.702642000 127 
3217.703197500 128 
3217.703753000 128 
3217.704308500 127 
3217.704864000 129 
3217.705419500 128 
3217.705975000 128 
3217.706530500 127 
3217.707086000 129 
3217.707641500 128 
3217.708197000 127 
3217.708752500 128 
3217.709308000 127 
3217.709863500 128 
3217.710419000 128 
3217.710974500 128 
3217.711530000 127 
3217.712085500 127 
3217.712641000 128 
3217.713196500 128 
3217.713752000 127 
3217.714307500 127 
3217.714863000 128 
3217.715418500 128 
3217.715974000 128 
3217.716529500 127 
3217.717085000 128 
3217.717640500 128 
3217.718196000 127 
3217.718751500 127 
3217.719307000 128 
3217.719862500 128 
3217.720418000 128 
3217.720973500 127 
3217.721529000 128 
3217.722084500 128 
3217.722640000 128 
3217.723195500 128 
3217.723751000 128 
3217.724306500 128 
3217.724862000 127 
3217.725417500 128 
3217.725973000 128 
3217.726528500 128 
3217.727084000 127 
3217.727639500 127 
3217.728195000 128 
3217.728750500 128 
3217.729306000 127 
3217.729861500 127 
3217.730417000 128 
3217.730972500 128 
3217.731528000 128 
3217.732083500 128 
3217.732639000 128 
3217.733194500 128 
3217.733750000 127 
3217.734305500 128 
3217.734861000 128 
3217.735416500 128 
3217.735972000 128 
3217.736527500 128 
3217.737083000 128 
3217.737638500 128 
3217.738194000 127 
3217.738749500 128 
3217.739305000 128 
3217.739860500 127 
3217.740416000 127 
3217.740971500 128 
3217.741527000 128 
3217.742082500 128 
3217.742638000 127 
3217.743193500 128 
3217.743749000 128 
3217.744304500 128 
3217.744860000 127 
3217.745415500 127 
3217.745971000 128 
3217.746526500 128 
3217.747082000 127 
3217.747637500 128 
3217.748193000 128 
3217.748748500 127 
3217.749304000 128 
3217.749859500 127 
3217.750415000 128 
3217.750970500 128 
3217.751526000 127 
3217.752081500 128 
3217.752637000 128 
3217.753192500 128 
3217.753748000 128 
3217.754303500 128 
3217.754859000 128 
3217.755414500 127 
3217.755970000 128 
3217.756525500 128 
3217.757081000 127 
3217.757636500 127 
3217.758192000 128 
3217.758747500 128 
3217.759303000 127 
3217.759858500 127 
3217.760414000 128 
3217.760969500 128 
3217.761525000 127 
3217.762080500 127 
3217.762636000 128 
3217.763191500 127 
3217.763747000 127 
3217.764302500 127 
3217.764858000 128 
3217.765413500 127 
3217.765969000 127 
3217.766524500 128 
3217.767080000 127 
3217.767635500 127 
3217.768191000 128 
3217.768746500 128 
3217.769302000 127 
3217.769857500 128 
3217.770413000 128 
3217.770968500 127 
3217.771524000 127 
3217.772079500 128 
3217.772635000 128 
3217.773190500 127 
3217.773746000 128 
3217.774301500 128 
3217.774857000 128 
3217.775412500 127 
3217.775968000 128 
3217.776523500 128 
3217.777079000 128 
3217.777634500 127 
3217.778190000 128 
3217.778745500 128 
3217.779301000 127 
3217.779856500 128 
3217.780412000 128 
3217.780967500 128 
3217.781523000 127 
3217.782078500 128 
3217.782634000 128 
3217.783189500 127 
3217.783745000 128 
3217.784300500 128 
3217.784856000 127 
3217.785411500 128 
3217.785967000 128 
3217.786522500 128 
3217.787078000 127 
3217.787633500 128 
3217.788189000 128 
3217.788744500 128 
3217.789300000 127 
3217.789855500 128 
3217.790411000 128 
3217.790966500 127 
3217.791522000 128 
3217.792077500 128 
3217.792633000 128 
3217.793188500 128 
3217.793744000 127 
3217.794299500 128 
3217.794855000 128 
3217.795410500 128 
3217.795966000 127 
3217.796521500 128 
3217.797077000 128 
3217.797632500 128 
3217.798188000 127 
3217.798743500 127 
3217.799299000 128 
3217.799854500 127 
3217.800410000 127 
3217.800965500 127 
3217.801521000 128 
3217.802076500 127 
3217.802632000 128 
3217.803187500 128 
3217.803743000 127 
3217.804298500 128 
3217.804854000 128 
3217.805409500 127 
3217.805965000 128 
3217.806520500 127 
3217.807076000 128 
3217.807631500 128 
3217.808187000 128 
3217.808742500 128 
3217.809298000 128 
3217.809853500 127 
3217.810409000 127 
3217.810964500 128 
3217.811520000 128 
3217.812075500 128 
3217.812631000 128 
3217.813186500 127 
3217.813742000 128 
3217.814297500 128 
3217.814853000 128 
3217.815408500 127 
3217.815964000 128 
3217.816519500 128 
3217.817075000 128 
3217.817630500 127 
3217.818186000 128 
3217.818741500 127 
3217.819297000 129 
3217.819852500 128 
3217.820408000 128 
3217.820963500 128 
3217.821519000 129 
3217.822074500 128 
3217.822630000 128 
3217.823185500 129 
3217.823741000 128 
3217.824296500 128 
3217.824852000 128 
3217.825407500 128 
3217.825963000 127 
3217.826518500 127 
3217.827074000 128 
3217.827629500 128 
3217.828185000 127 
3217.828740500 127 
3217.829296000 128 
3217.829851500 128 
3217.830407000 127 
3217.830962500 127 
3217.831518000 128 
3217.832073500 127 
3217.832629000 127 
3217.833184500 128 
3217.833740000 127 
3217.834295500 128 
3217.834851000 127 
3217.835406500 127 
3217.835962000 128 
3217.836517500 128 
3217.837073000 127 
3217.837628500 128 
3217.838184000 128 
3217.838739500 127 
3217.839295000 127 
3217.839850500 128 
3217.840406000 128 
3217.840961500 128 
3217.841517000 127 
3217.842072500 127 
3217.842628000 128 
3217.843183500 127 
3217.843739000 129 
3217.844294500 128 
3217.844850000 128 
3217.845405500 127 
3217.845961000 128 
3217.846516500 128 
3217.847072000 128 
3217.847627500 128 
3217.848183000 128 
3217.848738500 128 
3217.849294000 128 
3217.849849500 127 
3217.850405000 128 
3217.850960500 128 
3217.851516000 127 
3217.852071500 128 
3217.852627000 127 
3217.853182500 127 
3217.853738000 128 
3217.854293500 128 
3217.854849000 128 
3217.855404500 127 
3217.855960000 128 
3217.856515500 128 
3217.857071000 127 
3217.857626500 127 
3217.858182000 128 
3217.858737500 128 
3217.859293000 127 
3217.859848500 128 
3217.860404000 128 
3217.860959500 128 
3217.861515000 128 
3217.862070500 127 
3217.862626000 128 
3217.863181500 128 
3217.863737000 128 
3217.864292500 128 
3217.864848000 128 
3217.865403500 128 
3217.865959000 128 
3217.866514500 127 
3217.867070000 127 
3217.867625500 128 
3217.868181000 128 
3217.868736500 127 
3217.869292000 127 
3217.869847500 128 
3217.870403000 127 
3217.870958500 128 
3217.871514000 128 
3217.872069500 127 
3217.872625000 128 
3217.873180500 128 
3217.873736000 128 
3217.874291500 127 
3217.874847000 127 
3217.875402500 128 
3217.875958000 128 
3217.876513500 127 
3217.877069000 128 
3217.877624500 128 
3217.878180000 127 
3217.878735500 127 
3217.879291000 128 
3217.879846500 127 
3217.880402000 127 
3217.880957500 127 
3217.881513000 128 
3217.882068500 128 
3217.882624000 127 
3217.883179500 127 
3217.883735000 128 
3217.884290500 128 
3217.884846000 127 
3217.885401500 128 
3217.885957000 128 
3217.886512500 127 
3217.887068000 128 
3217.887623500 128 
3217.888179000 127 
3217.888734500 128 
3217.889290000 127 
3217.889845500 128 
3217.890401000 127 
3217.890956500 128 
3217.891512000 128 
3217.892067500 127 
3217.892623000 128 
3217.893178500 128 
3217.893734000 128 
3217.894289500 127 
3217.894845000 128 
3217.895400500 128 
3217.895956000 127 
3217.896511500 127 
3217.897067000 128 
3217.897622500 128 
3217.898178000 127 
3217.898733500 128 
3217.899289000 128 
3217.899844500 127 
3217.900400000 128 
3217.900955500 128 
3217.901511000 128 
3217.902066500 127 
3217.902622000 128 
3217.903177500 128 
3217.903733000 128 
3217.904288500 128 
3217.904844000 127 
3217.905399500 127 
3217.905955000 129 
3217.906510500 128 
3217.907066000 128 
3217.907621500 127 
3217.908177000 128 
3217.908732500 128 
3217.909288000 128 
3217.909843500 128 
3217.910399000 128 
3217.910954500 128 
3217.911510000 127 
3217.912065500 127 
3217.912621000 128 
3217.913176500 128 
3217.913732000 127 
3217.914287500 128 
3217.914843000 128 
3217.915398500 127 
3217.915954000 128 
3217.916509500 128 
3217.917065000 127 
3217.917620500 128 
3217.918176000 128 
3217.918731500 127 
3217.919287000 128 
3217.919842500 128 
3217.920398000 127 
3217.920953500 128 
3217.921509000 128 
3217.922064500 127 
3217.922620000 128 
3217.923175500 128 
3217.923731000 127 
3217.924286500 127 
3217.924842000 128 
3217.925397500 128 
3217.925953000 128 
3217.926508500 127 
3217.927064000 128 
3217.927619500 128 
3217.928175000 128 
3217.928730500 127 
3217.929286000 128 
3217.929841500 128 
3217.930397000 128 
3217.930952500 128 
3217.931508000 128 
3217.932063500 128 
3217.932619000 128 
3217.933174500 127 
3217.933730000 127 
3217.934285500 128 
3217.934841000 128 
3217.935396500 127 
3217.935952000 128 
3217.936507500 128 
3217.937063000 128 
3217.937618500 127 
3217.938174000 128 
3217.938729500 128 
3217.939285000 128 
3217.939840500 127 
3217.940396000 127 
3217.940951500 128 
3217.941507000 128 
3217.942062500 128 
3217.942618000 127 
3217.943173500 128 
3217.943729000 128 
3217.944284500 129 
3217.944840000 128 
3217.945395500 129 
3217.945951000 128 
3217.946506500 128 
3217.947062000 127 
3217.947617500 128 
3217.948173000 128 
3217.948728500 127 
3217.949284000 128 
3217.949839500 128 
3217.950395000 127 
3217.950950500 128 
3217.951506000 128 
3217.952061500 127 
3217.952617000 128 
3217.953172500 128 
3217.953728000 127 
3217.954283500 128 
3217.954839000 128 
3217.955394500 127 
3217.955950000 128 
3217.956505500 128 
3217.957061000 127 
3217.957616500 128 
3217.958172000 127 
3217.958727500 128 
3217.959283000 127 
3217.959838500 127 
3217.960394000 128 
3217.960949500 128 
3217.961505000 127 
3217.962060500 127 
3217.962616000 128 
3217.963171500 128 
3217.963727000 128 
3217.964282500 127 
3217.964838000 128 
3217.965393500 128 
3217.965949000 127 
3217.966504500 127 
3217.967060000 127 
3217.967615500 128 
3217.968171000 127 
3217.968726500 127 
3217.969282000 128 
3217.969837500 128 
3217.970393000 127 
3217.970948500 128 
3217.971504000 128 
3217.972059500 127 
3217.972615000 128 
3217.973170500 127 
3217.973726000 128 
3217.974281500 128 
3217.974837000 127 
3217.975392500 127 
3217.975948000 129 
3217.976503500 128 
3217.977059000 128 
3217.977614500 127 
3217.978170000 128 
3217.978725500 128 
3217.979281000 127 
3217.979836500 127 
3217.980392000 128 
3217.980947500 128 
3217.981503000 127 
3217.982058500 127 
3217.982614000 128 
3217.983169500 128 
3217.983725000 127 
3217.984280500 128 
3217.984836000 128 
3217.985391500 128 
3217.985947000 128 
3217.986502500 127 
3217.987058000 128 
3217.987613500 128 
3217.988169000 128 
3217.988724500 128 
3217.989280000 127 
3217.989835500 127 
3217.990391000 128 
3217.990946500 127 
3217.991502000 127 
3217.992057500 128 
3217.992613000 127 
3217.993168500 127 
3217.993724000 127 
3217.994279500 128 
3217.994835000 127 
3217.995390500 127 
3217.995946000 128 
3217.996501500 128 
3217.997057000 128 
3217.997612500 127 
3217.998168000 128 
3217.998723500 128 
3217.999279000 127 
3217.999834500 128 
3218.000390000 128 
3218.000945500 127 
3218.001501000 128 
3218.002056500 128 
3218.002612000 127 
3218.003167500 128 
3218.003723000 128 
3218.004278500 128 
3218.004834000 127 
3218.005389500 127 
3218.005945000 128 
3218.006500500 128 
3218.007056000 127 
3218.007611500 127 
3218.008167000 128 
3218.008722500 127 
3218.009278000 127 
3218.009833500 128 
3218.010389000 128 
3218.010944500 127 
3218.011500000 128 
3218.012055500 128 
3218.012611000 128 
3218.013166500 127 
3218.013722000 128 
3218.014277500 128 
3218.014833000 128 
3218.015388500 128 
3218.015944000 127 
3218.016499500 128 
3218.017055000 128 
3218.017610500 127 
3218.018166000 128 
3218.018721500 128 
3218.019277000 128 
3218.019832500 127 
3218.020388000 128 
3218.020943500 128 
3218.021499000 128 
3218.022054500 128 
3218.022610000 127 
3218.023165500 128 
3218.023721000 128 
3218.024276500 128 
3218.024832000 129 
3218.025387500 128 
3218.025943000 128 
3218.026498500 127 
3218.027054000 128 
3218.027609500 128 
3218.028165000 127 
3218.028720500 128 
3218.029276000 127 
3218.029831500 128 
3218.030387000 128 
3218.030942500 128 
3218.031498000 127 
3218.032053500 128 
3218.032609000 128 
3218.033164500 128 
3218.033720000 127 
3218.034275500 128 
3218.034831000 128 
3218.035386500 128 
3218.035942000 127 
3218.036497500 127 
3218.037053000 128 
3218.037608500 128 
3218.038164000 127 
3218.038719500 128 
3218.039275000 128 
3218.039830500 127 
3218.040386000 128 
3218.040941500 127 
3218.041497000 127 
3218.042052500 128 
3218.042608000 127 
3218.043163500 128 
3218.043719000 128 
3218.044274500 127 
3218.044830000 128 
3218.045385500 127 
3218.045941000 127 
3218.046496500 128 
3218.047052000 128 
3218.047607500 127 
3218.048163000 128 
3218.048718500 127 
3218.049274000 127 
3218.049829500 128 
3218.050385000 128 
3218.050940500 127 
3218.051496000 127 
3218.052051500 128 
3218.052607000 128 
3218.053162500 127 
3218.053718000 128 
3218.054273500 128 
3218.054829000 127 
3218.055384500 128 
3218.055940000 127 
3218.056495500 128 
3218.057051000 128 
3218.057606500 127 
3218.058162000 127 
3218.058717500 128 
3218.059273000 128 
3218.059828500 127 
3218.060384000 128 
3218.060939500 128 
3218.061495000 127 
3218.062050500 127 
3218.062606000 128 
3218.063161500 128 
3218.063717000 127 
3218.064272500 127 
3218.064828000 128 
3218.065383500 128 
3218.065939000 127 
3218.066494500 128 
3218.067050000 128 
3218.067605500 127 
3218.068161000 128 
3218.068716500 127 
3218.069272000 128 
3218.069827500 128 
3218.070383000 127 
3218.070938500 128 
3218.071494000 128 
3218.072049500 128 
3218.072605000 128 
3218.073160500 127 
3218.073716000 128 
3218.074271500 128 
3218.074827000 127 
3218.075382500 127 
3218.075938000 128 
3218.076493500 128 
3218.077049000 127 
3218.077604500 128 
3218.078160000 128 
3218.078715500 127 
3218.079271000 128 
3218.079826500 128 
3218.080382000 127 
3218.080937500 127 
3218.081493000 128 
3218.082048500 128 
3218.082604000 127 
3218.083159500 128 
3218.083715000 127 
3218.084270500 128 
3218.084826000 128 
3218.085381500 128 
3218.085937000 128 
3218.086492500 127 
3218.087048000 127 
3218.087603500 128 
3218.088159000 128 
3218.088714500 127 
3218.089270000 128 
3218.089825500 128 
3218.090381000 127 
3218.090936500 127 
3218.091492000 128 
3218.092047500 128 
3218.092603000 127 
3218.093158500 128 
3218.093714000 127 
3218.094269500 127 
3218.094825000 127 
3218.095380500 128 
3218.095936000 127 
3218.096491500 128 
3218.097047000 128 
3218.097602500 128 
3218.098158000 128 
3218.098713500 127 
3218.099269000 127 
3218.099824500 128 
3218.100380000 127 
3218.100935500 128 
3218.101491000 128 
3218.102046500 127 
3218.102602000 128 
3218.103157500 128 
3218.103713000 127 
3218.104268500 128 
3218.104824000 129 
3218.105379500 127 
3218.105935000 128 
3218.106490500 128 
3218.107046000 127 
3218.107601500 128 
3218.108157000 128 
3218.108712500 127 
3218.109268000 129 
3218.109823500 128 
3218.110379000 128 
3218.110934500 127 
3218.111490000 128 
3218.112045500 127 
3218.112601000 128 
3218.113156500 128 
3218.113712000 128 
3218.114267500 128 
3218.114823000 127 
3218.115378500 127 
3218.115934000 128 
3218.116489500 128 
3218.117045000 127 
3218.117600500 127 
3218.118156000 128 
3218.118711500 127 
3218.119267000 127 
3218.119822500 128 
3218.120378000 128 
3218.120933500 127 
3218.121489000 128 
3218.122044500 128 
3218.122600000 128 
3218.123155500 127 
3218.123711000 128 
3218.124266500 128 
3218.124822000 127 
3218.125377500 128 
3218.125933000 127 
3218.126488500 128 
3218.127044000 128 
3218.127599500 127 
3218.128155000 127 
3218.128710500 128 
3218.129266000 128 
3218.129821500 128 
3218.130377000 127 
3218.130932500 128 
3218.131488000 128 
3218.132043500 128 
3218.132599000 127 
3218.133154500 127 
3218.133710000 128 
3218.134265500 128 
3218.134821000 127 
3218.135376500 128 
3218.135932000 128 
3218.136487500 127 
3218.137043000 128 
3218.137598500 128 
3218.138154000 127 
3218.138709500 129 
3218.139265000 128 
3218.139820500 127 
3218.140376000 128 
3218.140931500 128 
3218.141487000 127 
3218.142042500 127 
3218.142598000 128 
3218.143153500 128 
3218.143709000 128 
3218.144264500 128 
3218.144820000 127 
3218.145375500 129 
3218.145931000 128 
3218.146486500 127 
3218.147042000 127 
3218.147597500 128 
3218.148153000 128 
3218.148708500 127 
3218.149264000 128 
3218.149819500 128 
3218.150375000 127 
3218.150930500 127 
3218.151486000 128 
3218.152041500 127 
3218.152597000 128 
3218.153152500 128 
3218.153708000 128 
3218.154263500 127 
3218.154819000 127 
3218.155374500 128 
3218.155930000 127 
3218.156485500 127 
3218.157041000 128 
3218.157596500 128 
3218.158152000 128 
3218.158707500 127 
3218.159263000 127 
3218.159818500 128 
3218.160374000 128 
3218.160929500 128 
3218.161485000 127 
3218.162040500 128 
3218.162596000 127 
3218.163151500 128 
3218.163707000 128 
3218.164262500 127 
3218.164818000 128 
3218.165373500 128 
3218.165929000 127 
3218.166484500 127 
3218.167040000 128 
3218.167595500 127 
3218.168151000 128 
3218.168706500 128 
3218.169262000 127 
3218.169817500 127 
3218.170373000 128 
3218.170928500 128 
3218.171484000 127 
3218.172039500 127 
3218.172595000 128 
3218.173150500 128 
3218.173706000 127 
3218.174261500 127 
3218.174817000 128 
3218.175372500 128 
3218.175928000 127 
3218.176483500 128 
3218.177039000 128 
3218.177594500 128 
3218.178150000 127 
3218.178705500 129 
3218.179261000 128 
3218.179816500 128 
3218.180372000 127 
3218.180927500 128 
3218.181483000 127 
3218.182038500 127 
3218.182594000 128 
3218.183149500 128 
3218.183705000 127 
3218.184260500 127 
3218.184816000 128 
3218.185371500 128 
3218.185927000 128 
3218.186482500 127 
3218.187038000 127 
3218.187593500 128 
3218.188149000 128 
3218.188704500 127 
3218.189260000 128 
3218.189815500 128 
3218.190371000 127 
3218.190926500 128 
3218.191482000 128 
3218.192037500 127 
3218.192593000 127 
3218.193148500 128 
3218.193704000 127 
3218.194259500 128 
3218.194815000 127 
3218.195370500 128 
3218.195926000 128 
3218.196481500 128 
3218.197037000 127 
3218.197592500 127 
3218.198148000 129 
3218.198703500 128 
3218.199259000 128 
3218.199814500 128 
3218.200370000 127 
3218.200925500 128 
3218.201481000 128 
3218.202036500 127 
3218.202592000 128 
3218.203147500 128 
3218.203703000 127 
3218.204258500 128 
3218.204814000 128 
3218.205369500 127 
3218.205925000 129 
3218.206480500 128 
3218.207036000 127 
3218.207591500 128 
3218.208147000 128 
3218.208702500 127 
3218.209258000 128 
3218.209813500 127 
3218.210369000 128 
3218.210924500 128 
3218.211480000 127 
3218.212035500 128 
3218.212591000 128 
3218.213146500 127 
3218.213702000 128 
3218.214257500 128 
3218.214813000 127 
3218.215368500 127 
3218.215924000 128 
3218.216479500 128 
3218.217035000 127 
3218.217590500 128 
3218.218146000 128 
3218.218701500 128 
3218.219257000 128 
3218.219812500 128 
3218.220368000 127 
3218.220923500 128 
3218.221479000 127 
3218.222034500 128 
3218.222590000 128 
3218.223145500 127 
3218.223701000 128 
3218.224256500 128 
3218.224812000 128 
3218.225367500 128 
3218.225923000 128 
3218.226478500 128 
3218.227034000 127 
3218.227589500 128 
3218.228145000 128 
3218.228700500 128 
3218.229256000 127 
3218.229811500 128 
3218.230367000 128 
3218.230922500 127 
3218.231478000 128 
3218.232033500 128 
3218.232589000 127 
3218.233144500 127 
3218.233700000 128 
3218.234255500 128 
3218.234811000 127 
3218.235366500 128 
3218.235922000 128 
3218.236477500 127 
3218.237033000 129 
3218.237588500 128 
3218.238144000 127 
3218.238699500 128 
3218.239255000 128 
3218.239810500 127 
3218.240366000 128 
3218.240921500 128 
3218.241477000 127 
3218.242032500 128 
3218.242588000 128 
3218.243143500 127 
3218.243699000 128 
3218.244254500 128 
3218.244810000 128 
3218.245365500 127 
3218.245921000 128 
3218.246476500 128 
3218.247032000 127 
3218.247587500 127 
3218.248143000 128 
3218.248698500 128 
3218.249254000 127 
3218.249809500 128 
3218.250365000 128 
3218.250920500 128 
3218.251476000 128 
3218.252031500 127 
3218.252587000 127 
3218.253142500 128 
3218.253698000 128 
3218.254253500 127 
3218.254809000 128 
3218.255364500 128 
3218.255920000 127 
3218.256475500 127 
3218.257031000 128 
3218.257586500 128 
3218.258142000 127 
3218.258697500 128 
3218.259253000 127 
3218.259808500 128 
3218.260364000 128 
3218.260919500 127 
3218.261475000 128 
3218.262030500 128 
3218.262586000 128 
3218.263141500 127 
3218.263697000 128 
3218.264252500 127 
3218.264808000 128 
3218.265363500 127 
3218.265919000 128 
3218.266474500 127 
3218.267030000 127 
3218.267585500 128 
3218.268141000 128 
3218.268696500 128 
3218.269252000 128 
3218.269807500 128 
3218.270363000 127 
3218.270918500 127 
3218.271474000 127 
3218.272029500 128 
3218.272585000 128 
3218.273140500 127 
3218.273696000 127 
3218.274251500 128 
3218.274807000 127 
3218.275362500 128 
3218.275918000 128 
3218.276473500 128 
3218.277029000 128 
3218.277584500 127 
3218.278140000 128 
3218.278695500 128 
3218.279251000 127 
3218.279806500 128 
3218.280362000 128 
3218.280917500 127 
3218.281473000 128 
3218.282028500 128 
3218.282584000 127 
3218.283139500 127 
3218.283695000 128 
3218.284250500 127 
3218.284806000 128 
3218.285361500 128 
3218.285917000 128 
3218.286472500 127 
3218.287028000 128 
3218.287583500 128 
3218.288139000 127 
3218.288694500 128 
3218.289250000 128 
3218.289805500 128 
3218.290361000 128 
3218.290916500 128 
3218.291472000 128 
3218.292027500 127 
3218.292583000 128 
3218.293138500 128 
3218.293694000 127 
3218.294249500 127 
3218.294805000 128 
3218.295360500 128 
3218.295916000 127 
3218.296471500 127 
3218.297027000 128 
3218.297582500 127 
3218.298138000 128 
3218.298693500 128 
3218.299249000 128 
3218.299804500 127 
3218.300360000 128 
3218.300915500 128 
3218.301471000 127 
3218.302026500 127 
3218.302582000 128 
3218.303137500 128 
3218.303693000 127 
3218.304248500 128 
3218.304804000 127 
3218.305359500 128 
3218.305915000 127 
3218.306470500 128 
3218.307026000 128 
3218.307581500 127 
3218.308137000 128 
3218.308692500 128 
3218.309248000 128 
3218.309803500 127 
3218.310359000 128 
3218.310914500 128 
3218.311470000 127 
3218.312025500 128 
3218.312581000 128 
3218.313136500 128 
3218.313692000 127 
3218.314247500 128 
3218.314803000 127 
3218.315358500 127 
3218.315914000 128 
3218.316469500 128 
3218.317025000 128 
3218.317580500 127 
3218.318136000 128 
3218.318691500 128 
3218.319247000 128 
3218.319802500 128 
3218.320358000 128 
3218.320913500 128 
3218.321469000 127 
3218.322024500 127 
3218.322580000 128 
3218.323135500 128 
3218.323691000 127 
3218.324246500 127 
3218.324802000 129 
3218.325357500 128 
3218.325913000 128 
3218.326468500 128 
3218.327024000 128 
3218.327579500 128 
3218.328135000 127 
3218.328690500 128 
3218.329246000 128 
3218.329801500 127 
3218.330357000 128 
3218.330912500 128 
3218.331468000 127 
3218.332023500 128 
3218.332579000 127 
3218.333134500 128 
3218.333690000 128 
3218.334245500 128 
3218.334801000 128 
3218.335356500 127 
3218.335912000 128 
3218.336467500 128 
3218.337023000 127 
3218.337578500 128 
3218.338134000 128 
3218.338689500 127 
3218.339245000 128 
3218.339800500 128 
3218.340356000 127 
3218.340911500 127 
3218.341467000 127 
3218.342022500 128 
3218.342578000 128 
3218.343133500 127 
3218.343689000 128 
3218.344244500 128 
3218.344800000 128 
3218.345355500 128 
3218.345911000 128 
3218.346466500 128 
3218.347022000 128 
3218.347577500 127 
3218.348133000 128 
3218.348688500 127 
3218.349244000 128 
3218.349799500 128 
3218.350355000 128 
3218.350910500 127 
3218.351466000 128 
3218.352021500 128 
3218.352577000 128 
3218.353132500 127 
3218.353688000 128 
3218.354243500 128 
3218.354799000 127 
3218.355354500 128 
3218.355910000 127 
3218.356465500 128 
3218.357021000 128 
3218.357576500 128 
3218.358132000 127 
3218.358687500 128 
3218.359243000 128 
3218.359798500 128 
3218.360354000 127 
3218.360909500 128 
3218.361465000 127 
3218.362020500 128 
3218.362576000 127 
3218.363131500 128 
3218.363687000 128 
3218.364242500 127 
3218.364798000 128 
3218.365353500 128 
3218.365909000 127 
3218.366464500 127 
3218.367020000 128 
3218.367575500 128 
3218.368131000 127 
3218.368686500 127 
3218.369242000 128 
3218.369797500 128 
3218.370353000 127 
3218.370908500 127 
3218.371464000 127 
3218.372019500 128 
3218.372575000 128 
3218.373130500 128 
3218.373686000 128 
3218.374241500 128 
3218.374797000 128 
3218.375352500 127 
3218.375908000 128 
3218.376463500 127 
3218.377019000 127 
3218.377574500 127 
3218.378130000 128 
3218.378685500 128 
3218.379241000 127 
3218.379796500 128 
3218.380352000 128 
3218.380907500 127 
3218.381463000 129 
3218.382018500 128 
3218.382574000 128 
3218.383129500 127 
3218.383685000 128 
3218.384240500 128 
3218.384796000 127 
3218.385351500 128 
3218.385907000 128 
3218.386462500 127 
3218.387018000 128 
3218.387573500 128 
3218.388129000 127 
3218.388684500 129 
3218.389240000 128 
3218.389795500 128 
3218.390351000 128 
3218.390906500 127 
3218.391462000 127 
3218.392017500 128 
3218.392573000 128 
3218.393128500 128 
3218.393684000 127 
3218.394239500 127 
3218.394795000 128 
3218.395350500 128 
3218.395906000 127 
3218.396461500 127 
3218.397017000 128 
3218.397572500 128 
3218.398128000 128 
3218.398683500 127 
3218.399239000 127 
3218.399794500 128 
3218.400350000 128 
3218.400905500 127 
3218.401461000 127 
3218.402016500 128 
3218.402572000 127 
3218.403127500 128 
3218.403683000 127 
3218.404238500 127 
3218.404794000 128 
3218.405349500 128 
3218.405905000 127 
3218.406460500 128 
3218.407016000 127 
3218.407571500 127 
3218.408127000 128 
3218.408682500 128 
3218.409238000 127 
3218.409793500 128 
3218.410349000 128 
3218.410904500 128 
3218.411460000 127 
3218.412015500 128 
3218.412571000 127 
3218.413126500 127 
3218.413682000 128 
3218.414237500 128 
3218.414793000 127 
3218.415348500 128 
3218.415904000 127 
3218.416459500 128 
3218.417015000 128 
3218.417570500 128 
3218.418126000 127 
3218.418681500 127 
3218.419237000 127 
3218.419792500 128 
3218.420348000 127 
3218.420903500 127 
3218.421459000 128 
3218.422014500 128 
3218.422570000 127 
3218.423125500 128 
3218.423681000 127 
3218.424236500 127 
3218.424792000 128 
3218.425347500 128 
3218.425903000 127 
3218.426458500 127 
3218.427014000 128 
3218.427569500 128 
3218.428125000 128 
