3226.761180500 127 
3226.761736000 128 
3226.762291500 127 
3226.762847000 128 
3226.763402500 128 
3226.763958000 126 
3226.764513500 128 
3226.765069000 127 
3226.765624500 128 
3226.766180000 127 
3226.766735500 127 
3226.767291000 128 
3226.767846500 127 
3226.768402000 127 
3226.768957500 127 
3226.769513000 128 
3226.770068500 128 
3226.770624000 127 
3226.771179500 128 
3226.771735000 127 
3226.772290500 127 
3226.772846000 128 
3226.773401500 127 
3226.773957000 128 
3226.774512500 128 
3226.775068000 127 
3226.775623500 128 
3226.776179000 127 
3226.776734500 127 
3226.777290000 128 
3226.777845500 127 
3226.778401000 127 
3226.778956500 127 
3226.779512000 127 
3226.780067500 127 
3226.780623000 127 
3226.781178500 127 
3226.781734000 127 
3226.782289500 128 
3226.782845000 127 
3226.783400500 128 
3226.783956000 127 
3226.784511500 127 
3226.785067000 127 
3226.785622500 127 
3226.786178000 127 
3226.786733500 127 
3226.787289000 127 
3226.787844500 128 
3226.788400000 128 
3226.788955500 127 
3226.789511000 128 
3226.790066500 127 
3226.790622000 128 
3226.791177500 127 
3226.791733000 127 
3226.792288500 128 
3226.792844000 127 
3226.793399500 128 
3226.793955000 127 
3226.794510500 127 
3226.795066000 128 
3226.795621500 127 
3226.796177000 128 
3226.796732500 127 
3226.797288000 128 
3226.797843500 127 
3226.798399000 128 
3226.798954500 127 
3226.799510000 127 
3226.800065500 128 
3226.800621000 128 
3226.801176500 127 
3226.801732000 128 
3226.802287500 128 
3226.802843000 127 
3226.803398500 128 
3226.803954000 128 
3226.804509500 128 
3226.805065000 128 
3226.805620500 127 
3226.806176000 128 
3226.806731500 127 
3226.807287000 128 
3226.807842500 127 
3226.808398000 128 
3226.808953500 127 
3226.809509000 127 
3226.810064500 128 
3226.810620000 127 
3226.811175500 127 
3226.811731000 128 
3226.812286500 127 
3226.812842000 128 
3226.813397500 128 
3226.813953000 127 
3226.814508500 128 
3226.815064000 127 
3226.815619500 127 
3226.816175000 127 
3226.816730500 128 
3226.817286000 127 
3226.817841500 128 
3226.818397000 128 
3226.818952500 127 
3226.819508000 127 
3226.820063500 128 
3226.820619000 127 
3226.821174500 127 
3226.821730000 127 
3226.822285500 128 
3226.822841000 127 
3226.823396500 128 
3226.823952000 127 
3226.824507500 127 
3226.825063000 127 
3226.825618500 127 
3226.826174000 128 
3226.826729500 127 
3226.827285000 128 
3226.827840500 128 
3226.828396000 127 
3226.828951500 128 
3226.829507000 127 
3226.830062500 127 
3226.830618000 127 
3226.831173500 128 
3226.831729000 127 
3226.832284500 127 
3226.832840000 127 
3226.833395500 128 
3226.833951000 128 
3226.834506500 128 
3226.835062000 127 
3226.835617500 127 
3226.836173000 127 
3226.836728500 127 
3226.837284000 128 
3226.837839500 127 
3226.838395000 127 
3226.838950500 128 
3226.839506000 127 
3226.840061500 127 
3226.840617000 127 
3226.841172500 128 
3226.841728000 127 
3226.842283500 127 
3226.842839000 127 
3226.843394500 127 
3226.843950000 127 
3226.844505500 128 
3226.845061000 127 
3226.845616500 128 
3226.846172000 127 
3226.846727500 127 
3226.847283000 127 
3226.847838500 128 
3226.848394000 127 
3226.848949500 127 
3226.849505000 128 
3226.850060500 127 
3226.850616000 128 
3226.851171500 127 
3226.851727000 127 
3226.852282500 128 
3226.852838000 127 
3226.853393500 128 
3226.853949000 128 
3226.854504500 128 
3226.855060000 127 
3226.855615500 128 
3226.856171000 127 
3226.856726500 128 
3226.857282000 127 
3226.857837500 128 
3226.858393000 127 
3226.858948500 127 
3226.859504000 128 
3226.860059500 127 
3226.860615000 128 
3226.861170500 127 
3226.861726000 127 
3226.862281500 127 
3226.862837000 128 
3226.863392500 127 
3226.863948000 128 
3226.864503500 127 
3226.865059000 127 
3226.865614500 127 
3226.866170000 127 
3226.866725500 128 
3226.867281000 127 
3226.867836500 127 
3226.868392000 128 
3226.868947500 127 
3226.869503000 127 
3226.870058500 128 
3226.870614000 127 
3226.871169500 128 
3226.871725000 128 
3226.872280500 127 
3226.872836000 128 
3226.873391500 127 
3226.873947000 128 
3226.874502500 127 
3226.875058000 128 
3226.875613500 127 
3226.876169000 128 
3226.876724500 127 
3226.877280000 128 
3226.877835500 127 
3226.878391000 128 
3226.878946500 127 
3226.879502000 127 
3226.880057500 128 
3226.880613000 127 
3226.881168500 127 
3226.881724000 128 
3226.882279500 127 
3226.882835000 127 
3226.883390500 127 
3226.883946000 127 
3226.884501500 127 
3226.885057000 127 
3226.885612500 128 
3226.886168000 127 
3226.886723500 128 
3226.887279000 128 
3226.887834500 127 
3226.888390000 128 
3226.888945500 127 
3226.889501000 127 
3226.890056500 128 
3226.890612000 127 
3226.891167500 128 
3226.891723000 127 
3226.892278500 128 
3226.892834000 128 
3226.893389500 127 
3226.893945000 127 
3226.894500500 128 
3226.895056000 128 
3226.895611500 127 
3226.896167000 128 
3226.896722500 127 
3226.897278000 128 
3226.897833500 127 
3226.898389000 127 
3226.898944500 128 
3226.899500000 128 
3226.900055500 127 
3226.900611000 127 
3226.901166500 127 
3226.901722000 127 
3226.902277500 128 
3226.902833000 127 
3226.903388500 128 
3226.903944000 127 
3226.904499500 128 
3226.905055000 127 
3226.905610500 128 
3226.906166000 128 
3226.906721500 127 
3226.907277000 128 
3226.907832500 127 
3226.908388000 127 
3226.908943500 127 
3226.909499000 127 
3226.910054500 128 
3226.910610000 127 
3226.911165500 128 
3226.911721000 128 
3226.912276500 127 
3226.912832000 128 
3226.913387500 127 
3226.913943000 128 
3226.914498500 128 
3226.915054000 127 
3226.915609500 127 
3226.916165000 127 
3226.916720500 127 
3226.917276000 128 
3226.917831500 127 
3226.918387000 128 
3226.918942500 127 
3226.919498000 128 
3226.920053500 128 
3226.920609000 127 
3226.921164500 127 
3226.921720000 127 
3226.922275500 128 
3226.922831000 128 
3226.923386500 127 
3226.923942000 127 
3226.924497500 128 
3226.925053000 127 
3226.925608500 127 
3226.926164000 128 
3226.926719500 127 
3226.927275000 127 
3226.927830500 127 
3226.928386000 128 
3226.928941500 127 
3226.929497000 127 
3226.930052500 128 
3226.930608000 127 
3226.931163500 127 
3226.931719000 127 
3226.932274500 127 
3226.932830000 127 
3226.933385500 128 
3226.933941000 127 
3226.934496500 128 
3226.935052000 128 
3226.935607500 127 
3226.936163000 127 
3226.936718500 128 
3226.937274000 127 
3226.937829500 128 
3226.938385000 127 
3226.938940500 127 
3226.939496000 128 
3226.940051500 127 
3226.940607000 128 
3226.941162500 128 
3226.941718000 127 
3226.942273500 128 
3226.942829000 127 
3226.943384500 127 
3226.943940000 127 
3226.944495500 127 
3226.945051000 127 
3226.945606500 127 
3226.946162000 128 
3226.946717500 127 
3226.947273000 128 
3226.947828500 128 
3226.948384000 127 
3226.948939500 128 
3226.949495000 127 
3226.950050500 128 
3226.950606000 127 
3226.951161500 128 
3226.951717000 128 
3226.952272500 127 
3226.952828000 128 
3226.953383500 127 
3226.953939000 127 
3226.954494500 128 
3226.955050000 127 
3226.955605500 127 
3226.956161000 128 
3226.956716500 127 
3226.957272000 128 
3226.957827500 128 
3226.958383000 127 
3226.958938500 128 
3226.959494000 127 
3226.960049500 127 
3226.960605000 128 
3226.961160500 127 
3226.961716000 128 
3226.962271500 127 
3226.962827000 128 
3226.963382500 127 
3226.963938000 128 
3226.964493500 127 
3226.965049000 127 
3226.965604500 127 
3226.966160000 127 
3226.966715500 128 
3226.967271000 127 
3226.967826500 127 
3226.968382000 128 
3226.968937500 127 
3226.969493000 128 
3226.970048500 128 
3226.970604000 127 
3226.971159500 128 
3226.971715000 127 
3226.972270500 128 
3226.972826000 127 
3226.973381500 127 
3226.973937000 128 
3226.974492500 127 
3226.975048000 128 
3226.975603500 127 
3226.976159000 128 
3226.976714500 127 
3226.977270000 127 
3226.977825500 127 
3226.978381000 127 
3226.978936500 126 
3226.979492000 128 
3226.980047500 127 
3226.980603000 128 
3226.981158500 127 
3226.981714000 128 
3226.982269500 128 
3226.982825000 127 
3226.983380500 128 
3226.983936000 127 
3226.984491500 127 
3226.985047000 127 
3226.985602500 127 
3226.986158000 128 
3226.986713500 127 
3226.987269000 127 
3226.987824500 127 
3226.988380000 127 
3226.988935500 127 
3226.989491000 127 
3226.990046500 128 
3226.990602000 128 
3226.991157500 127 
3226.991713000 127 
3226.992268500 128 
3226.992824000 127 
3226.993379500 127 
3226.993935000 128 
3226.994490500 127 
3226.995046000 128 
3226.995601500 127 
3226.996157000 127 
3226.996712500 127 
3226.997268000 127 
3226.997823500 127 
3226.998379000 128 
3226.998934500 127 
3226.999490000 128 
3227.000045500 128 
3227.000601000 127 
3227.001156500 128 
3227.001712000 127 
3227.002267500 127 
3227.002823000 127 
3227.003378500 128 
3227.003934000 127 
3227.004489500 128 
3227.005045000 127 
3227.005600500 127 
3227.006156000 128 
3227.006711500 127 
3227.007267000 127 
3227.007822500 127 
3227.008378000 128 
3227.008933500 127 
3227.009489000 126 
3227.010044500 128 
3227.010600000 127 
3227.011155500 126 
3227.011711000 128 
3227.012266500 127 
3227.012822000 128 
3227.013377500 127 
3227.013933000 128 
3227.014488500 127 
3227.015044000 128 
3227.015599500 127 
3227.016155000 128 
3227.016710500 127 
3227.017266000 128 
3227.017821500 127 
3227.018377000 127 
3227.018932500 128 
3227.019488000 126 
3227.020043500 127 
3227.020599000 127 
3227.021154500 127 
3227.021710000 128 
3227.022265500 127 
3227.022821000 128 
3227.023376500 127 
3227.023932000 128 
3227.024487500 128 
3227.025043000 127 
3227.025598500 128 
3227.026154000 127 
3227.026709500 128 
3227.027265000 127 
3227.027820500 127 
3227.028376000 128 
3227.028931500 127 
3227.029487000 128 
3227.030042500 127 
3227.030598000 127 
3227.031153500 128 
3227.031709000 127 
3227.032264500 128 
3227.032820000 128 
3227.033375500 127 
3227.033931000 128 
3227.034486500 128 
3227.035042000 127 
3227.035597500 128 
3227.036153000 127 
3227.036708500 127 
3227.037264000 128 
3227.037819500 127 
3227.038375000 127 
3227.038930500 128 
3227.039486000 127 
3227.040041500 127 
3227.040597000 128 
3227.041152500 128 
3227.041708000 127 
3227.042263500 128 
3227.042819000 127 
3227.043374500 128 
3227.043930000 127 
3227.044485500 128 
3227.045041000 127 
3227.045596500 127 
3227.046152000 127 
3227.046707500 127 
3227.047263000 127 
3227.047818500 128 
3227.048374000 127 
3227.048929500 127 
3227.049485000 128 
3227.050040500 127 
3227.050596000 128 
3227.051151500 128 
3227.051707000 128 
3227.052262500 128 
3227.052818000 127 
3227.053373500 128 
3227.053929000 127 
3227.054484500 127 
3227.055040000 128 
3227.055595500 127 
3227.056151000 127 
3227.056706500 127 
3227.057262000 128 
3227.057817500 127 
3227.058373000 127 
3227.058928500 128 
3227.059484000 127 
3227.060039500 128 
3227.060595000 127 
3227.061150500 127 
3227.061706000 128 
3227.062261500 127 
3227.062817000 127 
3227.063372500 128 
3227.063928000 127 
3227.064483500 128 
3227.065039000 127 
3227.065594500 127 
3227.066150000 127 
3227.066705500 127 
3227.067261000 128 
3227.067816500 127 
3227.068372000 127 
3227.068927500 128 
3227.069483000 127 
3227.070038500 127 
3227.070594000 128 
3227.071149500 127 
3227.071705000 127 
3227.072260500 128 
3227.072816000 127 
3227.073371500 127 
3227.073927000 128 
3227.074482500 127 
3227.075038000 128 
3227.075593500 127 
3227.076149000 128 
3227.076704500 127 
3227.077260000 128 
3227.077815500 127 
3227.078371000 128 
3227.078926500 127 
3227.079482000 128 
3227.080037500 127 
3227.080593000 127 
3227.081148500 127 
3227.081704000 127 
3227.082259500 127 
3227.082815000 127 
3227.083370500 128 
3227.083926000 127 
3227.084481500 128 
3227.085037000 127 
3227.085592500 128 
3227.086148000 127 
3227.086703500 128 
3227.087259000 127 
3227.087814500 127 
3227.088370000 128 
3227.088925500 127 
3227.089481000 127 
3227.090036500 127 
3227.090592000 127 
3227.091147500 127 
3227.091703000 127 
3227.092258500 128 
3227.092814000 127 
3227.093369500 128 
3227.093925000 128 
3227.094480500 127 
3227.095036000 128 
3227.095591500 127 
3227.096147000 127 
3227.096702500 128 
3227.097258000 127 
3227.097813500 127 
3227.098369000 128 
3227.098924500 127 
3227.099480000 128 
3227.100035500 127 
3227.100591000 128 
3227.101146500 127 
3227.101702000 127 
3227.102257500 128 
3227.102813000 127 
3227.103368500 127 
3227.103924000 128 
3227.104479500 127 
3227.105035000 127 
3227.105590500 128 
3227.106146000 127 
3227.106701500 127 
3227.107257000 128 
3227.107812500 127 
3227.108368000 128 
3227.108923500 128 
3227.109479000 127 
3227.110034500 128 
3227.110590000 127 
3227.111145500 128 
3227.111701000 127 
3227.112256500 127 
3227.112812000 128 
3227.113367500 127 
3227.113923000 128 
3227.114478500 128 
3227.115034000 127 
3227.115589500 127 
3227.116145000 128 
3227.116700500 127 
3227.117256000 128 
3227.117811500 127 
3227.118367000 128 
3227.118922500 127 
3227.119478000 128 
3227.120033500 128 
3227.120589000 127 
3227.121144500 127 
3227.121700000 127 
3227.122255500 127 
3227.122811000 128 
3227.123366500 127 
3227.123922000 127 
3227.124477500 128 
3227.125033000 127 
3227.125588500 128 
3227.126144000 128 
3227.126699500 127 
3227.127255000 128 
3227.127810500 128 
3227.128366000 127 
3227.128921500 128 
3227.129477000 127 
3227.130032500 128 
3227.130588000 127 
3227.131143500 128 
3227.131699000 127 
3227.132254500 127 
3227.132810000 128 
3227.133365500 127 
3227.133921000 128 
3227.134476500 127 
3227.135032000 127 
3227.135587500 127 
3227.136143000 127 
3227.136698500 127 
3227.137254000 127 
3227.137809500 128 
3227.138365000 127 
3227.138920500 128 
3227.139476000 128 
3227.140031500 127 
3227.140587000 128 
3227.141142500 127 
3227.141698000 128 
3227.142253500 127 
3227.142809000 127 
3227.143364500 128 
3227.143920000 127 
3227.144475500 128 
3227.145031000 128 
3227.145586500 127 
3227.146142000 128 
3227.146697500 127 
3227.147253000 127 
3227.147808500 128 
3227.148364000 127 
3227.148919500 127 
3227.149475000 127 
3227.150030500 128 
3227.150586000 127 
3227.151141500 128 
3227.151697000 127 
3227.152252500 128 
3227.152808000 127 
3227.153363500 127 
3227.153919000 128 
3227.154474500 127 
3227.155030000 128 
3227.155585500 127 
3227.156141000 127 
3227.156696500 127 
3227.157252000 127 
3227.157807500 128 
3227.158363000 127 
3227.158918500 128 
3227.159474000 127 
3227.160029500 128 
3227.160585000 127 
3227.161140500 127 
3227.161696000 127 
3227.162251500 127 
3227.162807000 128 
3227.163362500 127 
3227.163918000 128 
3227.164473500 127 
3227.165029000 128 
3227.165584500 127 
3227.166140000 127 
3227.166695500 128 
3227.167251000 127 
3227.167806500 127 
3227.168362000 127 
3227.168917500 128 
3227.169473000 127 
3227.170028500 128 
3227.170584000 128 
3227.171139500 127 
3227.171695000 128 
3227.172250500 127 
3227.172806000 128 
3227.173361500 127 
3227.173917000 127 
3227.174472500 128 
3227.175028000 127 
3227.175583500 127 
3227.176139000 127 
3227.176694500 127 
3227.177250000 128 
3227.177805500 127 
3227.178361000 128 
3227.178916500 127 
3227.179472000 127 
3227.180027500 128 
3227.180583000 127 
3227.181138500 128 
3227.181694000 127 
3227.182249500 128 
3227.182805000 127 
3227.183360500 128 
3227.183916000 127 
3227.184471500 128 
3227.185027000 127 
3227.185582500 128 
3227.186138000 127 
3227.186693500 127 
3227.187249000 128 
3227.187804500 128 
3227.188360000 127 
3227.188915500 127 
3227.189471000 128 
3227.190026500 128 
3227.190582000 127 
3227.191137500 128 
3227.191693000 128 
3227.192248500 127 
3227.192804000 128 
3227.193359500 127 
3227.193915000 128 
3227.194470500 127 
3227.195026000 127 
3227.195581500 127 
3227.196137000 127 
3227.196692500 127 
3227.197248000 128 
3227.197803500 127 
3227.198359000 128 
3227.198914500 128 
3227.199470000 128 
3227.200025500 127 
3227.200581000 127 
3227.201136500 127 
3227.201692000 128 
3227.202247500 127 
3227.202803000 127 
3227.203358500 128 
3227.203914000 127 
3227.204469500 128 
3227.205025000 127 
3227.205580500 128 
3227.206136000 127 
3227.206691500 127 
3227.207247000 127 
3227.207802500 127 
3227.208358000 127 
3227.208913500 126 
3227.209469000 127 
3227.210024500 128 
3227.210580000 128 
3227.211135500 127 
3227.211691000 127 
3227.212246500 127 
3227.212802000 128 
3227.213357500 127 
3227.213913000 128 
3227.214468500 127 
3227.215024000 128 
3227.215579500 128 
3227.216135000 127 
3227.216690500 128 
3227.217246000 127 
3227.217801500 128 
3227.218357000 127 
3227.218912500 128 
3227.219468000 129 
3227.220023500 127 
3227.220579000 128 
3227.221134500 127 
3227.221690000 127 
3227.222245500 128 
3227.222801000 127 
3227.223356500 127 
3227.223912000 128 
3227.224467500 127 
3227.225023000 128 
3227.225578500 128 
3227.226134000 127 
3227.226689500 128 
3227.227245000 127 
3227.227800500 127 
3227.228356000 128 
3227.228911500 127 
3227.229467000 127 
3227.230022500 127 
3227.230578000 128 
3227.231133500 127 
3227.231689000 127 
3227.232244500 127 
3227.232800000 127 
3227.233355500 128 
3227.233911000 128 
3227.234466500 127 
3227.235022000 128 
3227.235577500 127 
3227.236133000 128 
3227.236688500 128 
3227.237244000 127 
3227.237799500 128 
3227.238355000 127 
3227.238910500 128 
3227.239466000 127 
3227.240021500 128 
3227.240577000 127 
3227.241132500 128 
3227.241688000 127 
3227.242243500 128 
3227.242799000 127 
3227.243354500 128 
3227.243910000 128 
3227.244465500 127 
3227.245021000 128 
3227.245576500 127 
3227.246132000 127 
3227.246687500 127 
3227.247243000 127 
3227.247798500 128 
3227.248354000 127 
3227.248909500 128 
3227.249465000 127 
3227.250020500 128 
3227.250576000 127 
3227.251131500 127 
3227.251687000 127 
3227.252242500 127 
3227.252798000 128 
3227.253353500 127 
3227.253909000 127 
3227.254464500 128 
3227.255020000 127 
3227.255575500 128 
3227.256131000 127 
3227.256686500 128 
3227.257242000 127 
3227.257797500 127 
3227.258353000 128 
3227.258908500 127 
3227.259464000 127 
3227.260019500 127 
3227.260575000 128 
3227.261130500 127 
3227.261686000 128 
3227.262241500 127 
3227.262797000 127 
3227.263352500 128 
3227.263908000 128 
3227.264463500 127 
3227.265019000 127 
3227.265574500 128 
3227.266130000 128 
3227.266685500 127 
3227.267241000 127 
3227.267796500 127 
3227.268352000 127 
3227.268907500 128 
3227.269463000 128 
3227.270018500 128 
3227.270574000 128 
3227.271129500 127 
3227.271685000 127 
3227.272240500 128 
3227.272796000 127 
3227.273351500 128 
3227.273907000 128 
3227.274462500 127 
3227.275018000 128 
3227.275573500 127 
3227.276129000 127 
3227.276684500 127 
3227.277240000 127 
3227.277795500 128 
3227.278351000 127 
3227.278906500 127 
3227.279462000 128 
3227.280017500 127 
3227.280573000 128 
3227.281128500 127 
3227.281684000 127 
3227.282239500 128 
3227.282795000 127 
3227.283350500 127 
3227.283906000 127 
3227.284461500 127 
3227.285017000 128 
3227.285572500 127 
3227.286128000 128 
3227.286683500 127 
3227.287239000 128 
3227.287794500 128 
3227.288350000 127 
3227.288905500 127 
3227.289461000 128 
3227.290016500 126 
3227.290572000 128 
3227.291127500 127 
3227.291683000 128 
3227.292238500 128 
3227.292794000 127 
3227.293349500 128 
3227.293905000 128 
3227.294460500 128 
3227.295016000 128 
3227.295571500 127 
3227.296127000 128 
3227.296682500 127 
3227.297238000 128 
3227.297793500 127 
3227.298349000 128 
3227.298904500 127 
3227.299460000 128 
3227.300015500 127 
3227.300571000 127 
3227.301126500 128 
3227.301682000 127 
3227.302237500 128 
3227.302793000 128 
3227.303348500 127 
3227.303904000 128 
3227.304459500 127 
3227.305015000 127 
3227.305570500 127 
3227.306126000 127 
3227.306681500 128 
3227.307237000 127 
3227.307792500 127 
3227.308348000 128 
3227.308903500 127 
3227.309459000 128 
3227.310014500 127 
3227.310570000 128 
3227.311125500 127 
3227.311681000 128 
3227.312236500 127 
3227.312792000 127 
3227.313347500 128 
3227.313903000 127 
3227.314458500 128 
3227.315014000 127 
3227.315569500 128 
3227.316125000 127 
3227.316680500 128 
3227.317236000 127 
3227.317791500 128 
3227.318347000 127 
3227.318902500 128 
3227.319458000 127 
3227.320013500 128 
3227.320569000 127 
3227.321124500 127 
3227.321680000 128 
3227.322235500 127 
3227.322791000 128 
3227.323346500 128 
3227.323902000 127 
3227.324457500 128 
3227.325013000 127 
3227.325568500 128 
3227.326124000 127 
3227.326679500 127 
3227.327235000 128 
3227.327790500 127 
3227.328346000 128 
3227.328901500 127 
3227.329457000 128 
3227.330012500 127 
3227.330568000 128 
3227.331123500 127 
3227.331679000 127 
3227.332234500 127 
3227.332790000 127 
3227.333345500 127 
3227.333901000 127 
3227.334456500 128 
3227.335012000 128 
3227.335567500 127 
3227.336123000 128 
3227.336678500 128 
3227.337234000 127 
3227.337789500 128 
3227.338345000 127 
3227.338900500 128 
3227.339456000 127 
3227.340011500 128 
3227.340567000 127 
3227.341122500 127 
3227.341678000 128 
3227.342233500 127 
3227.342789000 128 
3227.343344500 127 
3227.343900000 127 
3227.344455500 128 
3227.345011000 127 
3227.345566500 127 
3227.346122000 127 
3227.346677500 128 
3227.347233000 128 
3227.347788500 127 
3227.348344000 127 
3227.348899500 128 
3227.349455000 127 
3227.350010500 128 
3227.350566000 127 
3227.351121500 127 
3227.351677000 128 
3227.352232500 128 
3227.352788000 127 
3227.353343500 127 
3227.353899000 127 
3227.354454500 127 
3227.355010000 128 
3227.355565500 127 
3227.356121000 127 
3227.356676500 128 
3227.357232000 127 
3227.357787500 128 
3227.358343000 127 
3227.358898500 128 
3227.359454000 127 
3227.360009500 127 
3227.360565000 128 
3227.361120500 127 
3227.361676000 127 
3227.362231500 128 
3227.362787000 127 
3227.363342500 127 
3227.363898000 128 
3227.364453500 127 
3227.365009000 128 
3227.365564500 127 
3227.366120000 127 
3227.366675500 128 
3227.367231000 127 
3227.367786500 128 
3227.368342000 127 
3227.368897500 128 
3227.369453000 128 
3227.370008500 127 
3227.370564000 128 
3227.371119500 127 
3227.371675000 128 
3227.372230500 127 
3227.372786000 127 
3227.373341500 128 
3227.373897000 127 
3227.374452500 128 
3227.375008000 128 
3227.375563500 127 
3227.376119000 127 
3227.376674500 127 
3227.377230000 127 
3227.377785500 127 
3227.378341000 128 
3227.378896500 128 
3227.379452000 127 
3227.380007500 127 
3227.380563000 128 
3227.381118500 127 
3227.381674000 128 
3227.382229500 127 
3227.382785000 128 
3227.383340500 127 
3227.383896000 127 
3227.384451500 128 
3227.385007000 127 
3227.385562500 127 
3227.386118000 127 
3227.386673500 128 
3227.387229000 127 
3227.387784500 127 
3227.388340000 128 
3227.388895500 127 
3227.389451000 127 
3227.390006500 128 
3227.390562000 127 
3227.391117500 127 
3227.391673000 127 
3227.392228500 127 
3227.392784000 128 
3227.393339500 127 
3227.393895000 128 
3227.394450500 127 
3227.395006000 127 
3227.395561500 128 
3227.396117000 127 
3227.396672500 128 
3227.397228000 127 
3227.397783500 128 
3227.398339000 127 
3227.398894500 128 
3227.399450000 127 
3227.400005500 128 
3227.400561000 127 
3227.401116500 127 
3227.401672000 128 
3227.402227500 127 
3227.402783000 128 
3227.403338500 127 
3227.403894000 127 
3227.404449500 128 
3227.405005000 127 
3227.405560500 127 
3227.406116000 127 
3227.406671500 127 
3227.407227000 128 
3227.407782500 127 
3227.408338000 128 
3227.408893500 128 
3227.409449000 127 
3227.410004500 127 
3227.410560000 128 
3227.411115500 127 
3227.411671000 127 
3227.412226500 128 
3227.412782000 127 
3227.413337500 127 
3227.413893000 127 
3227.414448500 127 
3227.415004000 127 
3227.415559500 127 
3227.416115000 127 
3227.416670500 128 
3227.417226000 127 
3227.417781500 128 
3227.418337000 127 
3227.418892500 128 
3227.419448000 127 
3227.420003500 127 
3227.420559000 127 
3227.421114500 128 
3227.421670000 127 
3227.422225500 128 
3227.422781000 127 
3227.423336500 127 
3227.423892000 128 
3227.424447500 127 
3227.425003000 127 
3227.425558500 128 
3227.426114000 127 
3227.426669500 128 
3227.427225000 128 
3227.427780500 127 
3227.428336000 127 
3227.428891500 127 
3227.429447000 128 
3227.430002500 127 
3227.430558000 127 
3227.431113500 127 
3227.431669000 127 
3227.432224500 127 
3227.432780000 128 
3227.433335500 127 
3227.433891000 128 
3227.434446500 128 
3227.435002000 127 
3227.435557500 127 
3227.436113000 127 
3227.436668500 127 
3227.437224000 128 
3227.437779500 127 
3227.438335000 127 
3227.438890500 128 
3227.439446000 127 
3227.440001500 127 
3227.440557000 128 
3227.441112500 127 
3227.441668000 127 
3227.442223500 128 
3227.442779000 127 
3227.443334500 128 
3227.443890000 128 
3227.444445500 127 
3227.445001000 128 
3227.445556500 128 
3227.446112000 127 
3227.446667500 127 
3227.447223000 127 
3227.447778500 127 
3227.448334000 128 
3227.448889500 128 
3227.449445000 128 
3227.450000500 127 
3227.450556000 128 
3227.451111500 128 
3227.451667000 127 
3227.452222500 128 
3227.452778000 127 
3227.453333500 127 
3227.453889000 128 
3227.454444500 128 
3227.455000000 127 
3227.455555500 128 
3227.456111000 127 
3227.456666500 127 
3227.457222000 127 
3227.457777500 125 
3227.458333000 121 
3227.458888500 113 
3227.459444000 107 
3227.459999500 100 
3227.460555000 095 
3227.461110500 090 
3227.461666000 088 
3227.462221500 085 
3227.462777000 086 
3227.463332500 088 
3227.463888000 091 
3227.464443500 095 
3227.464999000 102 
3227.465554500 107 
3227.466110000 115 
3227.466665500 124 
3227.467221000 132 
3227.467776500 141 
3227.468332000 149 
3227.468887500 159 
3227.469443000 165 
3227.469998500 173 
3227.470554000 176 
3227.471109500 181 
3227.471665000 183 
3227.472220500 183 
3227.472776000 183 
3227.473331500 181 
3227.473887000 177 
3227.474442500 172 
3227.474998000 165 
3227.475553500 158 
3227.476109000 149 
3227.476664500 141 
3227.477220000 131 
3227.477775500 123 
3227.478331000 113 
3227.478886500 105 
3227.479442000 096 
3227.479997500 091 
3227.480553000 086 
3227.481108500 080 
3227.481664000 079 
3227.482219500 077 
3227.482775000 079 
3227.483330500 079 
3227.483886000 084 
3227.484441500 088 
3227.484997000 095 
3227.485552500 101 
3227.486108000 110 
3227.486663500 118 
3227.487219000 128 
3227.487774500 136 
3227.488330000 145 
3227.488885500 153 
3227.489441000 161 
3227.489996500 167 
3227.490552000 173 
3227.491107500 176 
3227.491663000 180 
3227.492218500 180 
3227.492774000 179 
3227.493329500 178 
3227.493885000 173 
3227.494440500 169 
3227.494996000 163 
3227.495551500 155 
3227.496107000 147 
3227.496662500 138 
3227.497218000 129 
3227.497773500 119 
3227.498329000 111 
3227.498884500 102 
3227.499440000 095 
3227.499995500 088 
3227.500551000 083 
3227.501106500 080 
3227.501662000 077 
3227.502217500 076 
3227.502773000 076 
3227.503328500 078 
3227.503884000 082 
3227.504439500 087 
3227.504995000 093 
3227.505550500 100 
3227.506106000 109 
3227.506661500 117 
3227.507217000 126 
3227.507772500 135 
3227.508328000 144 
3227.508883500 152 
3227.509439000 160 
3227.509994500 167 
3227.510550000 172 
3227.511105500 176 
3227.511661000 179 
3227.512216500 179 
3227.512772000 179 
3227.513327500 177 
3227.513883000 173 
3227.514438500 168 
3227.514994000 162 
3227.515549500 155 
3227.516105000 146 
3227.516660500 138 
3227.517216000 128 
3227.517771500 120 
3227.518327000 110 
3227.518882500 103 
3227.519438000 094 
3227.519993500 089 
3227.520549000 083 
3227.521104500 078 
3227.521660000 076 
3227.522215500 077 
3227.522771000 075 
3227.523326500 079 
3227.523882000 082 
3227.524437500 086 
3227.524993000 094 
3227.525548500 099 
3227.526104000 109 
3227.526659500 116 
3227.527215000 126 
3227.527770500 135 
3227.528326000 144 
3227.528881500 153 
3227.529437000 160 
3227.529992500 167 
3227.530548000 172 
3227.531103500 175 
3227.531659000 179 
3227.532214500 179 
3227.532770000 179 
3227.533325500 177 
3227.533881000 173 
3227.534436500 169 
3227.534992000 162 
3227.535547500 155 
3227.536103000 147 
3227.536658500 138 
3227.537214000 128 
3227.537769500 120 
3227.538325000 111 
3227.538880500 102 
3227.539436000 095 
3227.539991500 088 
3227.540547000 083 
3227.541102500 079 
3227.541658000 076 
3227.542213500 076 
3227.542769000 076 
3227.543324500 078 
3227.543880000 082 
3227.544435500 086 
3227.544991000 092 
3227.545546500 099 
3227.546102000 108 
3227.546657500 117 
3227.547213000 125 
3227.547768500 135 
3227.548324000 143 
3227.548879500 152 
3227.549435000 159 
3227.549990500 167 
3227.550546000 171 
3227.551101500 176 
3227.551657000 179 
3227.552212500 179 
3227.552768000 178 
3227.553323500 178 
3227.553879000 173 
3227.554434500 168 
3227.554990000 162 
3227.555545500 154 
3227.556101000 147 
3227.556656500 138 
3227.557212000 128 
3227.557767500 119 
3227.558323000 111 
3227.558878500 102 
3227.559434000 095 
3227.559989500 088 
3227.560545000 082 
3227.561100500 079 
3227.561656000 077 
3227.562211500 075 
3227.562767000 076 
3227.563322500 079 
3227.563878000 081 
3227.564433500 087 
3227.564989000 092 
3227.565544500 100 
3227.566100000 108 
3227.566655500 116 
3227.567211000 126 
3227.567766500 135 
3227.568322000 145 
3227.568877500 152 
3227.569433000 160 
3227.569988500 167 
3227.570544000 172 
3227.571099500 175 
3227.571655000 179 
3227.572210500 179 
3227.572766000 179 
3227.573321500 177 
3227.573877000 173 
3227.574432500 168 
3227.574988000 162 
3227.575543500 154 
3227.576099000 147 
3227.576654500 137 
3227.577210000 129 
3227.577765500 119 
3227.578321000 110 
3227.578876500 103 
3227.579432000 094 
3227.579987500 089 
3227.580543000 083 
3227.581098500 079 
3227.581654000 076 
3227.582209500 076 
3227.582765000 075 
3227.583320500 079 
3227.583876000 081 
3227.584431500 087 
3227.584987000 093 
3227.585542500 100 
3227.586098000 108 
3227.586653500 116 
3227.587209000 126 
3227.587764500 135 
3227.588320000 145 
3227.588875500 152 
3227.589431000 160 
3227.589986500 167 
3227.590542000 172 
3227.591097500 176 
3227.591653000 178 
3227.592208500 179 
3227.592764000 179 
3227.593319500 177 
3227.593875000 173 
3227.594430500 168 
3227.594986000 163 
3227.595541500 154 
3227.596097000 147 
3227.596652500 139 
3227.597208000 129 
3227.597763500 120 
3227.598319000 111 
3227.598874500 102 
3227.599430000 095 
3227.599985500 088 
3227.600541000 083 
3227.601096500 080 
3227.601652000 077 
3227.602207500 075 
3227.602763000 076 
3227.603318500 078 
3227.603874000 082 
3227.604429500 087 
3227.604985000 092 
3227.605540500 100 
3227.606096000 108 
3227.606651500 116 
3227.607207000 126 
3227.607762500 135 
3227.608318000 143 
3227.608873500 152 
3227.609429000 160 
3227.609984500 167 
3227.610540000 172 
3227.611095500 175 
3227.611651000 178 
3227.612206500 179 
3227.612762000 179 
3227.613317500 177 
3227.613873000 173 
3227.614428500 168 
3227.614984000 163 
3227.615539500 154 
3227.616095000 147 
3227.616650500 137 
3227.617206000 129 
3227.617761500 119 
3227.618317000 111 
3227.618872500 103 
3227.619428000 095 
3227.619983500 087 
3227.620539000 084 
3227.621094500 078 
3227.621650000 077 
3227.622205500 076 
3227.622761000 075 
3227.623316500 079 
3227.623872000 081 
3227.624427500 086 
3227.624983000 093 
3227.625538500 099 
3227.626094000 108 
3227.626649500 116 
3227.627205000 125 
3227.627760500 135 
3227.628316000 143 
3227.628871500 152 
3227.629427000 159 
3227.629982500 167 
3227.630538000 171 
3227.631093500 176 
3227.631649000 178 
3227.632204500 180 
3227.632760000 179 
3227.633315500 177 
3227.633871000 173 
3227.634426500 168 
3227.634982000 162 
3227.635537500 154 
3227.636093000 147 
3227.636648500 138 
3227.637204000 128 
3227.637759500 120 
3227.638315000 111 
3227.638870500 102 
3227.639426000 095 
3227.639981500 088 
3227.640537000 084 
3227.641092500 079 
3227.641648000 077 
3227.642203500 076 
3227.642759000 077 
3227.643314500 078 
3227.643870000 081 
3227.644425500 087 
3227.644981000 092 
3227.645536500 100 
3227.646092000 107 
3227.646647500 117 
3227.647203000 126 
3227.647758500 135 
3227.648314000 144 
3227.648869500 152 
3227.649425000 160 
3227.649980500 166 
3227.650536000 172 
3227.651091500 175 
3227.651647000 179 
3227.652202500 179 
3227.652758000 179 
3227.653313500 177 
3227.653869000 173 
3227.654424500 168 
3227.654980000 162 
3227.655535500 155 
3227.656091000 146 
3227.656646500 138 
3227.657202000 128 
3227.657757500 120 
3227.658313000 112 
3227.658868500 103 
3227.659424000 095 
3227.659979500 088 
3227.660535000 083 
3227.661090500 080 
3227.661646000 076 
3227.662201500 076 
3227.662757000 075 
3227.663312500 078 
3227.663868000 082 
3227.664423500 087 
3227.664979000 093 
3227.665534500 099 
3227.666090000 108 
3227.666645500 116 
3227.667201000 125 
3227.667756500 135 
3227.668312000 144 
3227.668867500 152 
3227.669423000 160 
3227.669978500 167 
3227.670534000 172 
3227.671089500 176 
3227.671645000 178 
3227.672200500 179 
3227.672756000 179 
3227.673311500 177 
3227.673867000 173 
3227.674422500 169 
3227.674978000 162 
3227.675533500 154 
3227.676089000 147 
3227.676644500 137 
3227.677200000 129 
3227.677755500 119 
3227.678311000 111 
3227.678866500 103 
3227.679422000 095 
3227.679977500 088 
3227.680533000 083 
3227.681088500 079 
3227.681644000 076 
3227.682199500 075 
3227.682755000 076 
3227.683310500 079 
3227.683866000 081 
3227.684421500 087 
3227.684977000 093 
3227.685532500 100 
3227.686088000 108 
3227.686643500 116 
3227.687199000 126 
3227.687754500 135 
3227.688310000 143 
3227.688865500 152 
3227.689421000 159 
3227.689976500 167 
3227.690532000 172 
3227.691087500 176 
3227.691643000 178 
3227.692198500 180 
3227.692754000 178 
3227.693309500 177 
3227.693865000 173 
3227.694420500 169 
3227.694976000 162 
3227.695531500 155 
3227.696087000 146 
3227.696642500 139 
3227.697198000 129 
3227.697753500 120 
3227.698309000 111 
3227.698864500 103 
3227.699420000 095 
3227.699975500 088 
3227.700531000 084 
3227.701086500 078 
3227.701642000 077 
3227.702197500 076 
3227.702753000 076 
3227.703308500 079 
3227.703864000 081 
3227.704419500 086 
3227.704975000 093 
3227.705530500 099 
3227.706086000 108 
3227.706641500 116 
3227.707197000 126 
3227.707752500 135 
3227.708308000 143 
3227.708863500 152 
3227.709419000 159 
3227.709974500 167 
3227.710530000 171 
3227.711085500 176 
3227.711641000 178 
3227.712196500 179 
3227.712752000 179 
3227.713307500 177 
3227.713863000 173 
3227.714418500 168 
3227.714974000 162 
3227.715529500 155 
3227.716085000 146 
3227.716640500 138 
3227.717196000 128 
3227.717751500 120 
3227.718307000 111 
3227.718862500 102 
3227.719418000 096 
3227.719973500 088 
3227.720529000 083 
3227.721084500 080 
3227.721640000 076 
3227.722195500 076 
3227.722751000 077 
3227.723306500 079 
3227.723862000 081 
3227.724417500 087 
3227.724973000 093 
3227.725528500 099 
3227.726084000 108 
3227.726639500 116 
3227.727195000 126 
3227.727750500 135 
3227.728306000 143 
3227.728861500 152 
3227.729417000 160 
3227.729972500 166 
3227.730528000 172 
3227.731083500 175 
3227.731639000 178 
3227.732194500 179 
3227.732750000 179 
3227.733305500 177 
3227.733861000 173 
3227.734416500 169 
3227.734972000 162 
3227.735527500 154 
3227.736083000 147 
3227.736638500 138 
3227.737194000 129 
3227.737749500 120 
3227.738305000 111 
3227.738860500 103 
3227.739416000 095 
3227.739971500 088 
3227.740527000 084 
3227.741082500 079 
3227.741638000 076 
3227.742193500 075 
3227.742749000 077 
3227.743304500 078 
3227.743860000 081 
3227.744415500 087 
3227.744971000 092 
3227.745526500 100 
3227.746082000 107 
3227.746637500 117 
3227.747193000 125 
3227.747748500 134 
3227.748304000 144 
3227.748859500 151 
3227.749415000 160 
3227.749970500 166 
3227.750526000 172 
3227.751081500 176 
3227.751637000 178 
3227.752192500 180 
3227.752748000 179 
3227.753303500 177 
3227.753859000 174 
3227.754414500 168 
3227.754970000 163 
3227.755525500 155 
3227.756081000 146 
3227.756636500 138 
3227.757192000 129 
3227.757747500 120 
3227.758303000 112 
3227.758858500 102 
3227.759414000 095 
3227.759969500 088 
3227.760525000 083 
3227.761080500 079 
3227.761636000 077 
3227.762191500 076 
3227.762747000 075 
3227.763302500 078 
3227.763858000 081 
3227.764413500 087 
3227.764969000 092 
3227.765524500 100 
3227.766080000 107 
3227.766635500 117 
3227.767191000 125 
3227.767746500 135 
3227.768302000 143 
3227.768857500 152 
3227.769413000 160 
3227.769968500 166 
3227.770524000 172 
3227.771079500 175 
3227.771635000 178 
3227.772190500 180 
3227.772746000 179 
3227.773301500 177 
3227.773857000 173 
3227.774412500 168 
3227.774968000 162 
3227.775523500 154 
3227.776079000 147 
3227.776634500 138 
3227.777190000 129 
3227.777745500 120 
3227.778301000 111 
3227.778856500 103 
3227.779412000 094 
3227.779967500 089 
3227.780523000 083 
3227.781078500 079 
3227.781634000 077 
3227.782189500 075 
3227.782745000 076 
3227.783300500 077 
3227.783856000 081 
3227.784411500 087 
3227.784967000 092 
3227.785522500 099 
3227.786078000 108 
3227.786633500 116 
3227.787189000 125 
3227.787744500 134 
3227.788300000 143 
3227.788855500 152 
3227.789411000 160 
3227.789966500 166 
3227.790522000 172 
3227.791077500 175 
3227.791633000 178 
3227.792188500 180 
3227.792744000 179 
3227.793299500 177 
3227.793855000 173 
3227.794410500 168 
3227.794966000 162 
3227.795521500 155 
3227.796077000 147 
3227.796632500 138 
3227.797188000 129 
3227.797743500 120 
3227.798299000 111 
3227.798854500 103 
3227.799410000 095 
3227.799965500 088 
3227.800521000 083 
3227.801076500 080 
3227.801632000 076 
3227.802187500 076 
3227.802743000 076 
3227.803298500 077 
3227.803854000 082 
3227.804409500 085 
3227.804965000 093 
3227.805520500 100 
3227.806076000 107 
3227.806631500 116 
3227.807187000 125 
3227.807742500 135 
3227.808298000 143 
3227.808853500 151 
3227.809409000 160 
3227.809964500 167 
3227.810520000 172 
3227.811075500 176 
3227.811631000 178 
3227.812186500 179 
3227.812742000 179 
3227.813297500 176 
3227.813853000 173 
3227.814408500 168 
3227.814964000 163 
3227.815519500 155 
3227.816075000 148 
3227.816630500 138 
3227.817186000 129 
3227.817741500 120 
3227.818297000 111 
3227.818852500 103 
3227.819408000 095 
3227.819963500 088 
3227.820519000 084 
3227.821074500 080 
3227.821630000 075 
3227.822185500 077 
3227.822741000 076 
3227.823296500 078 
3227.823852000 081 
3227.824407500 086 
3227.824963000 093 
3227.825518500 099 
3227.826074000 107 
3227.826629500 117 
3227.827185000 124 
3227.827740500 135 
3227.828296000 143 
3227.828851500 152 
3227.829407000 160 
3227.829962500 166 
3227.830518000 172 
3227.831073500 175 
3227.831629000 178 
3227.832184500 179 
3227.832740000 179 
3227.833295500 176 
3227.833851000 174 
3227.834406500 168 
3227.834962000 162 
3227.835517500 155 
3227.836073000 147 
3227.836628500 139 
3227.837184000 129 
3227.837739500 120 
3227.838295000 111 
3227.838850500 102 
3227.839406000 096 
3227.839961500 088 
3227.840517000 083 
3227.841072500 080 
3227.841628000 076 
3227.842183500 076 
3227.842739000 077 
3227.843294500 077 
3227.843850000 082 
3227.844405500 086 
3227.844961000 093 
3227.845516500 099 
3227.846072000 108 
3227.846627500 115 
3227.847183000 126 
3227.847738500 134 
3227.848294000 143 
3227.848849500 151 
3227.849405000 159 
3227.849960500 166 
3227.850516000 172 
3227.851071500 176 
3227.851627000 178 
3227.852182500 179 
3227.852738000 179 
3227.853293500 177 
3227.853849000 174 
3227.854404500 168 
3227.854960000 162 
3227.855515500 155 
3227.856071000 146 
3227.856626500 139 
3227.857182000 128 
3227.857737500 121 
3227.858293000 111 
3227.858848500 103 
3227.859404000 095 
3227.859959500 089 
3227.860515000 083 
3227.861070500 080 
3227.861626000 078 
3227.862181500 076 
3227.862737000 076 
3227.863292500 077 
3227.863848000 081 
3227.864403500 087 
3227.864959000 092 
3227.865514500 099 
3227.866070000 108 
3227.866625500 115 
3227.867181000 125 
3227.867736500 135 
3227.868292000 143 
3227.868847500 152 
3227.869403000 160 
3227.869958500 166 
3227.870514000 172 
3227.871069500 175 
3227.871625000 178 
3227.872180500 179 
3227.872736000 178 
3227.873291500 177 
3227.873847000 173 
3227.874402500 168 
3227.874958000 162 
3227.875513500 155 
3227.876069000 147 
3227.876624500 138 
3227.877180000 129 
3227.877735500 120 
3227.878291000 112 
3227.878846500 103 
3227.879402000 095 
3227.879957500 089 
3227.880513000 084 
3227.881068500 079 
3227.881624000 077 
3227.882179500 075 
3227.882735000 076 
3227.883290500 077 
3227.883846000 082 
3227.884401500 086 
3227.884957000 092 
3227.885512500 100 
3227.886068000 107 
3227.886623500 117 
3227.887179000 125 
3227.887734500 135 
3227.888290000 144 
3227.888845500 152 
3227.889401000 159 
3227.889956500 167 
3227.890512000 171 
3227.891067500 176 
3227.891623000 178 
3227.892178500 179 
3227.892734000 179 
3227.893289500 178 
3227.893845000 173 
3227.894400500 169 
3227.894956000 162 
3227.895511500 155 
3227.896067000 147 
3227.896622500 138 
3227.897178000 130 
3227.897733500 120 
3227.898289000 111 
3227.898844500 103 
3227.899400000 095 
3227.899955500 089 
3227.900511000 084 
3227.901066500 080 
3227.901622000 076 
3227.902177500 076 
3227.902733000 075 
3227.903288500 079 
3227.903844000 080 
3227.904399500 087 
3227.904955000 091 
3227.905510500 099 
3227.906066000 108 
3227.906621500 116 
3227.907177000 125 
3227.907732500 134 
3227.908288000 143 
3227.908843500 152 
3227.909399000 159 
3227.909954500 167 
3227.910510000 171 
3227.911065500 176 
3227.911621000 178 
3227.912176500 179 
3227.912732000 179 
3227.913287500 177 
3227.913843000 174 
3227.914398500 169 
3227.914954000 163 
3227.915509500 155 
3227.916065000 147 
3227.916620500 139 
3227.917176000 129 
3227.917731500 121 
3227.918287000 111 
3227.918842500 103 
3227.919398000 095 
3227.919953500 089 
3227.920509000 083 
3227.921064500 080 
3227.921620000 076 
3227.922175500 076 
3227.922731000 077 
3227.923286500 078 
3227.923842000 081 
3227.924397500 086 
3227.924953000 092 
3227.925508500 099 
3227.926064000 107 
3227.926619500 116 
3227.927175000 125 
3227.927730500 135 
3227.928286000 143 
3227.928841500 152 
3227.929397000 159 
3227.929952500 166 
3227.930508000 171 
3227.931063500 176 
3227.931619000 178 
3227.932174500 180 
3227.932730000 178 
3227.933285500 177 
3227.933841000 174 
3227.934396500 169 
3227.934952000 163 
3227.935507500 155 
3227.936063000 147 
3227.936618500 138 
3227.937174000 129 
3227.937729500 120 
3227.938285000 112 
3227.938840500 102 
3227.939396000 097 
3227.939951500 088 
3227.940507000 084 
3227.941062500 080 
3227.941618000 077 
3227.942173500 075 
3227.942729000 076 
3227.943284500 078 
3227.943840000 080 
3227.944395500 087 
3227.944951000 092 
3227.945506500 100 
3227.946062000 108 
3227.946617500 116 
3227.947173000 126 
3227.947728500 134 
3227.948284000 143 
3227.948839500 152 
3227.949395000 159 
3227.949950500 167 
3227.950506000 171 
3227.951061500 175 
3227.951617000 178 
3227.952172500 179 
3227.952728000 179 
3227.953283500 177 
3227.953839000 173 
3227.954394500 168 
3227.954950000 162 
3227.955505500 155 
3227.956061000 147 
3227.956616500 138 
3227.957172000 129 
3227.957727500 120 
3227.958283000 112 
3227.958838500 103 
3227.959394000 096 
3227.959949500 087 
3227.960505000 085 
3227.961060500 079 
3227.961616000 078 
3227.962171500 075 
3227.962727000 076 
3227.963282500 078 
3227.963838000 081 
3227.964393500 087 
3227.964949000 091 
3227.965504500 099 
3227.966060000 108 
3227.966615500 115 
3227.967171000 126 
3227.967726500 134 
3227.968282000 143 
3227.968837500 151 
3227.969393000 159 
3227.969948500 167 
3227.970504000 172 
3227.971059500 175 
3227.971615000 179 
3227.972170500 179 
3227.972726000 179 
3227.973281500 177 
3227.973837000 173 
3227.974392500 168 
3227.974948000 162 
3227.975503500 155 
3227.976059000 147 
3227.976614500 139 
3227.977170000 130 
3227.977725500 120 
3227.978281000 111 
3227.978836500 103 
3227.979392000 096 
3227.979947500 088 
3227.980503000 083 
3227.981058500 080 
3227.981614000 076 
3227.982169500 076 
3227.982725000 075 
3227.983280500 078 
3227.983836000 081 
3227.984391500 086 
3227.984947000 092 
3227.985502500 099 
3227.986058000 108 
3227.986613500 115 
3227.987169000 125 
3227.987724500 133 
3227.988280000 143 
3227.988835500 152 
3227.989391000 159 
3227.989946500 166 
3227.990502000 172 
3227.991057500 175 
3227.991613000 178 
3227.992168500 179 
3227.992724000 179 
3227.993279500 177 
3227.993835000 174 
3227.994390500 168 
3227.994946000 163 
3227.995501500 155 
3227.996057000 147 
3227.996612500 139 
3227.997168000 129 
3227.997723500 121 
3227.998279000 111 
3227.998834500 103 
3227.999390000 096 
3227.999945500 088 
3228.000501000 085 
3228.001056500 079 
3228.001612000 076 
3228.002167500 075 
3228.002723000 077 
3228.003278500 077 
3228.003834000 082 
3228.004389500 085 
3228.004945000 092 
3228.005500500 099 
3228.006056000 108 
3228.006611500 116 
3228.007167000 125 
3228.007722500 135 
3228.008278000 142 
3228.008833500 152 
3228.009389000 160 
3228.009944500 166 
3228.010500000 171 
3228.011055500 176 
3228.011611000 178 
3228.012166500 179 
3228.012722000 179 
3228.013277500 177 
3228.013833000 174 
3228.014388500 168 
3228.014944000 163 
3228.015499500 155 
3228.016055000 147 
3228.016610500 138 
3228.017166000 130 
3228.017721500 120 
3228.018277000 111 
3228.018832500 103 
3228.019388000 096 
3228.019943500 088 
3228.020499000 084 
3228.021054500 080 
3228.021610000 076 
3228.022165500 076 
3228.022721000 076 
3228.023276500 078 
3228.023832000 081 
3228.024387500 086 
3228.024943000 093 
3228.025498500 099 
3228.026054000 107 
3228.026609500 116 
3228.027165000 124 
3228.027720500 134 
3228.028276000 142 
3228.028831500 151 
3228.029387000 159 
3228.029942500 166 
3228.030498000 171 
3228.031053500 176 
3228.031609000 178 
3228.032164500 179 
3228.032720000 179 
3228.033275500 177 
3228.033831000 174 
3228.034386500 169 
3228.034942000 162 
3228.035497500 156 
3228.036053000 147 
3228.036608500 139 
3228.037164000 129 
3228.037719500 120 
3228.038275000 112 
3228.038830500 103 
3228.039386000 097 
3228.039941500 088 
3228.040497000 085 
3228.041052500 079 
3228.041608000 077 
3228.042163500 076 
3228.042719000 076 
3228.043274500 077 
3228.043830000 082 
3228.044385500 086 
3228.044941000 092 
3228.045496500 099 
3228.046052000 107 
3228.046607500 117 
3228.047163000 125 
3228.047718500 134 
3228.048274000 143 
3228.048829500 151 
3228.049385000 159 
3228.049940500 166 
3228.050496000 172 
3228.051051500 175 
3228.051607000 179 
3228.052162500 179 
3228.052718000 179 
3228.053273500 177 
3228.053829000 174 
3228.054384500 169 
3228.054940000 163 
3228.055495500 155 
3228.056051000 147 
3228.056606500 139 
3228.057162000 129 
3228.057717500 121 
3228.058273000 111 
3228.058828500 103 
3228.059384000 096 
3228.059939500 089 
3228.060495000 083 
3228.061050500 079 
3228.061606000 077 
3228.062161500 075 
3228.062717000 076 
3228.063272500 078 
3228.063828000 081 
3228.064383500 086 
3228.064939000 092 
3228.065494500 099 
3228.066050000 107 
3228.066605500 116 
3228.067161000 125 
3228.067716500 135 
3228.068272000 143 
3228.068827500 150 
3228.069383000 160 
3228.069938500 165 
3228.070494000 172 
3228.071049500 175 
3228.071605000 178 
3228.072160500 179 
3228.072716000 179 
3228.073271500 178 
3228.073827000 173 
3228.074382500 169 
3228.074938000 162 
3228.075493500 155 
3228.076049000 148 
3228.076604500 138 
3228.077160000 130 
3228.077715500 121 
3228.078271000 111 
3228.078826500 104 
3228.079382000 095 
3228.079937500 089 
3228.080493000 083 
3228.081048500 079 
3228.081604000 077 
3228.082159500 076 
3228.082715000 075 
3228.083270500 079 
3228.083826000 080 
3228.084381500 086 
3228.084937000 092 
3228.085492500 100 
3228.086048000 107 
3228.086603500 116 
3228.087159000 124 
3228.087714500 135 
3228.088270000 143 
3228.088825500 152 
3228.089381000 159 
3228.089936500 166 
3228.090492000 172 
3228.091047500 176 
3228.091603000 178 
3228.092158500 179 
3228.092714000 179 
3228.093269500 177 
3228.093825000 174 
3228.094380500 169 
3228.094936000 162 
3228.095491500 156 
3228.096047000 147 
3228.096602500 139 
3228.097158000 129 
3228.097713500 120 
3228.098269000 112 
3228.098824500 102 
3228.099380000 096 
3228.099935500 088 
3228.100491000 084 
3228.101046500 079 
3228.101602000 076 
3228.102157500 077 
3228.102713000 076 
3228.103268500 079 
3228.103824000 080 
3228.104379500 087 
3228.104935000 092 
3228.105490500 099 
3228.106046000 107 
3228.106601500 116 
3228.107157000 125 
3228.107712500 134 
3228.108268000 143 
3228.108823500 152 
3228.109379000 159 
3228.109934500 166 
3228.110490000 172 
3228.111045500 175 
3228.111601000 179 
3228.112156500 180 
3228.112712000 179 
3228.113267500 177 
3228.113823000 173 
3228.114378500 169 
3228.114934000 163 
3228.115489500 155 
3228.116045000 147 
3228.116600500 139 
3228.117156000 130 
3228.117711500 120 
3228.118267000 112 
3228.118822500 104 
3228.119378000 095 
3228.119933500 089 
3228.120489000 084 
3228.121044500 079 
3228.121600000 078 
3228.122155500 076 
3228.122711000 076 
3228.123266500 078 
3228.123822000 081 
3228.124377500 087 
3228.124933000 092 
3228.125488500 099 
3228.126044000 108 
3228.126599500 115 
3228.127155000 125 
3228.127710500 134 
3228.128266000 143 
3228.128821500 152 
3228.129377000 159 
3228.129932500 166 
3228.130488000 172 
3228.131043500 175 
3228.131599000 178 
3228.132154500 179 
3228.132710000 179 
3228.133265500 177 
3228.133821000 174 
3228.134376500 169 
3228.134932000 162 
3228.135487500 155 
3228.136043000 148 
3228.136598500 138 
3228.137154000 130 
3228.137709500 121 
3228.138265000 111 
3228.138820500 104 
3228.139376000 096 
3228.139931500 089 
3228.140487000 084 
3228.141042500 080 
3228.141598000 077 
3228.142153500 075 
3228.142709000 077 
3228.143264500 077 
3228.143820000 082 
3228.144375500 086 
3228.144931000 092 
3228.145486500 100 
3228.146042000 106 
3228.146597500 115 
3228.147153000 125 
3228.147708500 134 
3228.148264000 143 
3228.148819500 151 
3228.149375000 159 
3228.149930500 165 
3228.150486000 172 
3228.151041500 175 
3228.151597000 179 
3228.152152500 179 
3228.152708000 179 
3228.153263500 177 
3228.153819000 174 
3228.154374500 168 
3228.154930000 163 
3228.155485500 155 
3228.156041000 148 
3228.156596500 139 
3228.157152000 130 
3228.157707500 120 
3228.158263000 111 
3228.158818500 103 
3228.159374000 096 
3228.159929500 088 
3228.160485000 085 
3228.161040500 079 
3228.161596000 078 
3228.162151500 075 
3228.162707000 077 
3228.163262500 077 
3228.163818000 082 
3228.164373500 086 
3228.164929000 092 
3228.165484500 099 
3228.166040000 106 
3228.166595500 116 
3228.167151000 124 
3228.167706500 135 
3228.168262000 142 
3228.168817500 152 
3228.169373000 159 
3228.169928500 166 
3228.170484000 171 
3228.171039500 175 
3228.171595000 179 
3228.172150500 179 
3228.172706000 179 
3228.173261500 177 
3228.173817000 173 
3228.174372500 169 
3228.174928000 163 
3228.175483500 156 
3228.176039000 147 
3228.176594500 139 
3228.177150000 129 
3228.177705500 120 
3228.178261000 112 
3228.178816500 103 
3228.179372000 096 
3228.179927500 089 
3228.180483000 083 
3228.181038500 080 
3228.181594000 078 
3228.182149500 075 
3228.182705000 076 
3228.183260500 078 
3228.183816000 080 
3228.184371500 087 
3228.184927000 092 
3228.185482500 099 
3228.186038000 107 
3228.186593500 115 
3228.187149000 125 
3228.187704500 134 
3228.188260000 142 
3228.188815500 152 
3228.189371000 159 
3228.189926500 166 
3228.190482000 171 
3228.191037500 175 
3228.191593000 178 
3228.192148500 179 
3228.192704000 179 
3228.193259500 177 
3228.193815000 174 
3228.194370500 168 
3228.194926000 162 
3228.195481500 155 
3228.196037000 147 
3228.196592500 139 
3228.197148000 130 
3228.197703500 121 
3228.198259000 112 
3228.198814500 103 
3228.199370000 095 
3228.199925500 089 
3228.200481000 084 
3228.201036500 079 
3228.201592000 077 
3228.202147500 076 
3228.202703000 076 
3228.203258500 078 
3228.203814000 081 
3228.204369500 085 
3228.204925000 092 
3228.205480500 098 
3228.206036000 107 
3228.206591500 116 
3228.207147000 124 
3228.207702500 135 
3228.208258000 142 
3228.208813500 152 
3228.209369000 159 
3228.209924500 166 
3228.210480000 171 
3228.211035500 175 
3228.211591000 179 
3228.212146500 179 
3228.212702000 179 
3228.213257500 177 
3228.213813000 174 
3228.214368500 169 
3228.214924000 162 
3228.215479500 156 
3228.216035000 147 
3228.216590500 139 
3228.217146000 130 
3228.217701500 121 
3228.218257000 112 
3228.218812500 103 
3228.219368000 096 
3228.219923500 088 
3228.220479000 083 
3228.221034500 080 
3228.221590000 077 
3228.222145500 076 
3228.222701000 076 
3228.223256500 077 
3228.223812000 081 
3228.224367500 086 
3228.224923000 091 
3228.225478500 100 
3228.226034000 106 
3228.226589500 116 
3228.227145000 124 
3228.227700500 134 
3228.228256000 143 
3228.228811500 151 
3228.229367000 159 
3228.229922500 166 
3228.230478000 171 
3228.231033500 176 
3228.231589000 178 
3228.232144500 180 
3228.232700000 179 
3228.233255500 178 
3228.233811000 174 
3228.234366500 169 
3228.234922000 163 
3228.235477500 155 
3228.236033000 148 
3228.236588500 138 
3228.237144000 130 
3228.237699500 121 
3228.238255000 111 
3228.238810500 104 
3228.239366000 095 
3228.239921500 088 
3228.240477000 083 
3228.241032500 079 
3228.241588000 077 
3228.242143500 076 
3228.242699000 075 
3228.243254500 078 
3228.243810000 081 
3228.244365500 085 
3228.244921000 092 
3228.245476500 098 
3228.246032000 107 
3228.246587500 116 
3228.247143000 124 
3228.247698500 134 
3228.248254000 142 
3228.248809500 151 
3228.249365000 159 
3228.249920500 167 
3228.250476000 171 
3228.251031500 176 
3228.251587000 178 
3228.252142500 179 
3228.252698000 180 
3228.253253500 177 
3228.253809000 174 
3228.254364500 169 
3228.254920000 163 
3228.255475500 156 
3228.256031000 147 
3228.256586500 139 
3228.257142000 130 
3228.257697500 121 
3228.258253000 112 
3228.258808500 104 
3228.259364000 096 
3228.259919500 089 
3228.260475000 084 
3228.261030500 080 
3228.261586000 077 
3228.262141500 076 
3228.262697000 077 
3228.263252500 077 
3228.263808000 082 
3228.264363500 085 
3228.264919000 092 
3228.265474500 098 
3228.266030000 107 
3228.266585500 115 
3228.267141000 124 
3228.267696500 134 
3228.268252000 142 
3228.268807500 152 
3228.269363000 159 
3228.269918500 165 
3228.270474000 171 
3228.271029500 176 
3228.271585000 178 
3228.272140500 179 
3228.272696000 179 
3228.273251500 177 
3228.273807000 174 
3228.274362500 169 
3228.274918000 162 
3228.275473500 156 
3228.276029000 148 
3228.276584500 139 
3228.277140000 131 
3228.277695500 121 
3228.278251000 112 
3228.278806500 104 
3228.279362000 095 
3228.279917500 089 
3228.280473000 085 
3228.281028500 079 
3228.281584000 078 
3228.282139500 075 
3228.282695000 076 
3228.283250500 078 
3228.283806000 081 
3228.284361500 086 
3228.284917000 091 
3228.285472500 098 
3228.286028000 107 
3228.286583500 115 
3228.287139000 124 
3228.287694500 134 
3228.288250000 142 
3228.288805500 151 
3228.289361000 159 
3228.289916500 166 
3228.290472000 171 
3228.291027500 176 
3228.291583000 178 
3228.292138500 179 
3228.292694000 179 
3228.293249500 177 
3228.293805000 174 
3228.294360500 169 
3228.294916000 163 
3228.295471500 155 
3228.296027000 148 
3228.296582500 138 
3228.297138000 130 
3228.297693500 120 
3228.298249000 113 
3228.298804500 103 
3228.299360000 096 
3228.299915500 089 
3228.300471000 083 
3228.301026500 080 
3228.301582000 076 
3228.302137500 076 
3228.302693000 076 
3228.303248500 078 
3228.303804000 081 
3228.304359500 085 
3228.304915000 092 
3228.305470500 099 
3228.306026000 107 
3228.306581500 115 
3228.307137000 124 
3228.307692500 134 
3228.308248000 142 
3228.308803500 152 
3228.309359000 159 
3228.309914500 167 
3228.310470000 171 
3228.311025500 176 
3228.311581000 178 
3228.312136500 179 
3228.312692000 179 
3228.313247500 177 
3228.313803000 174 
3228.314358500 169 
3228.314914000 163 
3228.315469500 155 
3228.316025000 147 
3228.316580500 139 
3228.317136000 130 
3228.317691500 121 
3228.318247000 112 
3228.318802500 103 
3228.319358000 096 
3228.319913500 088 
3228.320469000 085 
3228.321024500 079 
3228.321580000 078 
3228.322135500 075 
3228.322691000 077 
3228.323246500 077 
3228.323802000 081 
3228.324357500 086 
3228.324913000 091 
3228.325468500 099 
3228.326024000 107 
3228.326579500 115 
3228.327135000 124 
3228.327690500 134 
3228.328246000 141 
3228.328801500 152 
3228.329357000 159 
3228.329912500 166 
3228.330468000 171 
3228.331023500 175 
3228.331579000 178 
3228.332134500 180 
3228.332690000 179 
3228.333245500 178 
3228.333801000 174 
3228.334356500 170 
3228.334912000 163 
3228.335467500 156 
3228.336023000 147 
3228.336578500 140 
3228.337134000 130 
3228.337689500 121 
3228.338245000 112 
3228.338800500 104 
3228.339356000 096 
3228.339911500 088 
3228.340467000 084 
3228.341022500 079 
3228.341578000 078 
3228.342133500 075 
3228.342689000 076 
3228.343244500 077 
3228.343800000 080 
3228.344355500 086 
3228.344911000 091 
3228.345466500 099 
3228.346022000 107 
3228.346577500 115 
3228.347133000 125 
3228.347688500 133 
3228.348244000 142 
3228.348799500 151 
3228.349355000 159 
3228.349910500 166 
3228.350466000 171 
3228.351021500 176 
3228.351577000 179 
3228.352132500 179 
3228.352688000 180 
3228.353243500 178 
3228.353799000 173 
3228.354354500 169 
3228.354910000 163 
3228.355465500 155 
3228.356021000 148 
3228.356576500 139 
3228.357132000 130 
3228.357687500 121 
3228.358243000 112 
3228.358798500 104 
3228.359354000 095 
3228.359909500 090 
3228.360465000 083 
3228.361020500 080 
3228.361576000 077 
3228.362131500 076 
3228.362687000 075 
3228.363242500 078 
3228.363798000 081 
3228.364353500 086 
3228.364909000 092 
3228.365464500 098 
3228.366020000 107 
3228.366575500 115 
3228.367131000 124 
3228.367686500 134 
3228.368242000 142 
3228.368797500 151 
3228.369353000 159 
3228.369908500 166 
3228.370464000 171 
3228.371019500 175 
3228.371575000 178 
3228.372130500 179 
3228.372686000 179 
3228.373241500 177 
3228.373797000 174 
3228.374352500 169 
3228.374908000 163 
3228.375463500 156 
3228.376019000 148 
3228.376574500 139 
3228.377130000 130 
3228.377685500 121 
3228.378241000 112 
3228.378796500 104 
3228.379352000 096 
3228.379907500 089 
3228.380463000 084 
3228.381018500 080 
3228.381574000 076 
3228.382129500 076 
3228.382685000 077 
3228.383240500 077 
3228.383796000 080 
3228.384351500 086 
3228.384907000 091 
3228.385462500 099 
3228.386018000 106 
3228.386573500 115 
3228.387129000 125 
3228.387684500 133 
3228.388240000 142 
3228.388795500 151 
3228.389351000 158 
3228.389906500 166 
3228.390462000 171 
3228.391017500 175 
3228.391573000 178 
3228.392128500 179 
3228.392684000 179 
3228.393239500 177 
3228.393795000 174 
3228.394350500 169 
3228.394906000 163 
3228.395461500 155 
3228.396017000 147 
3228.396572500 139 
3228.397128000 130 
3228.397683500 120 
3228.398239000 113 
3228.398794500 103 
3228.399350000 096 
3228.399905500 089 
3228.400461000 085 
3228.401016500 080 
3228.401572000 077 
3228.402127500 076 
3228.402683000 075 
3228.403238500 078 
3228.403794000 080 
3228.404349500 086 
3228.404905000 092 
3228.405460500 098 
3228.406016000 107 
3228.406571500 115 
3228.407127000 125 
3228.407682500 133 
3228.408238000 143 
3228.408793500 151 
3228.409349000 159 
3228.409904500 166 
3228.410460000 171 
3228.411015500 175 
3228.411571000 178 
3228.412126500 179 
3228.412682000 179 
3228.413237500 178 
3228.413793000 174 
3228.414348500 169 
3228.414904000 163 
3228.415459500 155 
3228.416015000 148 
3228.416570500 139 
3228.417126000 130 
3228.417681500 121 
3228.418237000 113 
3228.418792500 103 
3228.419348000 096 
3228.419903500 090 
3228.420459000 084 
3228.421014500 079 
3228.421570000 078 
3228.422125500 075 
3228.422681000 076 
3228.423236500 076 
3228.423792000 082 
3228.424347500 085 
3228.424903000 092 
3228.425458500 098 
3228.426014000 107 
3228.426569500 115 
3228.427125000 124 
3228.427680500 133 
3228.428236000 142 
3228.428791500 152 
3228.429347000 158 
3228.429902500 166 
3228.430458000 171 
3228.431013500 175 
3228.431569000 178 
3228.432124500 179 
3228.432680000 179 
3228.433235500 177 
3228.433791000 174 
3228.434346500 169 
3228.434902000 164 
3228.435457500 155 
3228.436013000 148 
3228.436568500 139 
3228.437124000 130 
3228.437679500 122 
3228.438235000 112 
3228.438790500 104 
3228.439346000 096 
3228.439901500 089 
3228.440457000 085 
3228.441012500 079 
3228.441568000 077 
3228.442123500 076 
3228.442679000 077 
3228.443234500 077 
3228.443790000 082 
3228.444345500 085 
3228.444901000 092 
3228.445456500 098 
3228.446012000 106 
3228.446567500 116 
3228.447123000 124 
3228.447678500 134 
3228.448234000 142 
3228.448789500 151 
3228.449345000 159 
3228.449900500 166 
3228.450456000 171 
3228.451011500 175 
3228.451567000 178 
3228.452122500 179 
3228.452678000 179 
3228.453233500 177 
3228.453789000 174 
3228.454344500 169 
3228.454900000 163 
3228.455455500 156 
3228.456011000 148 
3228.456566500 139 
3228.457122000 130 
3228.457677500 121 
3228.458233000 113 
3228.458788500 103 
3228.459344000 096 
3228.459899500 089 
3228.460455000 085 
3228.461010500 079 
3228.461566000 078 
3228.462121500 076 
3228.462677000 075 
3228.463232500 078 
3228.463788000 081 
3228.464343500 085 
3228.464899000 092 
3228.465454500 098 
3228.466010000 107 
3228.466565500 115 
3228.467121000 124 
3228.467676500 135 
3228.468232000 142 
3228.468787500 151 
3228.469343000 159 
3228.469898500 165 
3228.470454000 171 
3228.471009500 176 
3228.471565000 178 
3228.472120500 179 
3228.472676000 179 
3228.473231500 177 
3228.473787000 174 
3228.474342500 169 
3228.474898000 163 
3228.475453500 156 
3228.476009000 148 
3228.476564500 139 
3228.477120000 130 
3228.477675500 121 
3228.478231000 113 
3228.478786500 104 
3228.479342000 096 
3228.479897500 089 
3228.480453000 083 
3228.481008500 080 
3228.481564000 077 
3228.482119500 076 
3228.482675000 077 
3228.483230500 077 
3228.483786000 081 
3228.484341500 086 
3228.484897000 091 
3228.485452500 099 
3228.486008000 107 
3228.486563500 115 
3228.487119000 124 
3228.487674500 134 
3228.488230000 141 
3228.488785500 151 
3228.489341000 158 
3228.489896500 166 
3228.490452000 171 
3228.491007500 176 
3228.491563000 178 
3228.492118500 179 
3228.492674000 179 
3228.493229500 177 
3228.493785000 174 
3228.494340500 170 
3228.494896000 163 
3228.495451500 157 
3228.496007000 148 
3228.496562500 139 
3228.497118000 130 
3228.497673500 121 
3228.498229000 112 
3228.498784500 104 
3228.499340000 096 
3228.499895500 089 
3228.500451000 084 
3228.501006500 080 
3228.501562000 078 
3228.502117500 075 
3228.502673000 076 
3228.503228500 078 
3228.503784000 080 
3228.504339500 086 
3228.504895000 092 
3228.505450500 099 
3228.506006000 106 
3228.506561500 115 
3228.507117000 124 
3228.507672500 133 
3228.508228000 142 
3228.508783500 151 
3228.509339000 159 
3228.509894500 166 
3228.510450000 172 
3228.511005500 175 
3228.511561000 178 
3228.512116500 179 
3228.512672000 179 
3228.513227500 178 
3228.513783000 174 
3228.514338500 169 
3228.514894000 163 
3228.515449500 156 
3228.516005000 148 
3228.516560500 139 
3228.517116000 131 
3228.517671500 121 
3228.518227000 113 
3228.518782500 104 
3228.519338000 096 
3228.519893500 089 
3228.520449000 084 
3228.521004500 080 
3228.521560000 078 
3228.522115500 076 
3228.522671000 076 
3228.523226500 078 
3228.523782000 081 
3228.524337500 085 
3228.524893000 091 
3228.525448500 099 
3228.526004000 106 
3228.526559500 116 
3228.527115000 124 
3228.527670500 133 
3228.528226000 142 
3228.528781500 150 
3228.529337000 159 
3228.529892500 165 
3228.530448000 171 
3228.531003500 175 
3228.531559000 178 
3228.532114500 179 
3228.532670000 179 
3228.533225500 177 
3228.533781000 174 
3228.534336500 170 
3228.534892000 164 
3228.535447500 156 
3228.536003000 149 
3228.536558500 139 
3228.537114000 131 
3228.537669500 121 
3228.538225000 112 
3228.538780500 105 
3228.539336000 096 
3228.539891500 089 
3228.540447000 084 
3228.541002500 079 
3228.541558000 078 
3228.542113500 075 
3228.542669000 076 
3228.543224500 078 
3228.543780000 080 
3228.544335500 086 
3228.544891000 091 
3228.545446500 098 
3228.546002000 106 
3228.546557500 115 
3228.547113000 125 
3228.547668500 133 
3228.548224000 141 
3228.548779500 151 
3228.549335000 158 
3228.549890500 165 
3228.550446000 171 
3228.551001500 175 
3228.551557000 178 
3228.552112500 179 
3228.552668000 179 
3228.553223500 178 
3228.553779000 174 
3228.554334500 170 
3228.554890000 163 
3228.555445500 156 
3228.556001000 149 
3228.556556500 139 
3228.557112000 131 
3228.557667500 121 
3228.558223000 113 
3228.558778500 103 
3228.559334000 097 
3228.559889500 089 
3228.560445000 084 
3228.561000500 080 
3228.561556000 077 
3228.562111500 076 
3228.562667000 075 
3228.563222500 078 
3228.563778000 080 
3228.564333500 085 
3228.564889000 092 
3228.565444500 099 
3228.566000000 105 
3228.566555500 115 
3228.567111000 124 
3228.567666500 134 
3228.568222000 141 
3228.568777500 151 
3228.569333000 159 
3228.569888500 166 
3228.570444000 171 
3228.570999500 175 
3228.571555000 178 
3228.572110500 179 
3228.572666000 179 
3228.573221500 177 
3228.573777000 174 
3228.574332500 169 
3228.574888000 164 
3228.575443500 156 
3228.575999000 148 
3228.576554500 139 
3228.577110000 131 
3228.577665500 121 
3228.578221000 114 
3228.578776500 104 
3228.579332000 096 
3228.579887500 090 
3228.580443000 084 
3228.580998500 080 
3228.581554000 077 
3228.582109500 075 
3228.582665000 076 
3228.583220500 077 
3228.583776000 081 
3228.584331500 085 
3228.584887000 092 
3228.585442500 098 
3228.585998000 107 
3228.586553500 115 
3228.587109000 124 
3228.587664500 134 
3228.588220000 141 
3228.588775500 151 
3228.589331000 158 
3228.589886500 166 
3228.590442000 171 
3228.590997500 175 
3228.591553000 177 
3228.592108500 179 
3228.592664000 179 
3228.593219500 177 
3228.593775000 175 
3228.594330500 169 
3228.594886000 164 
3228.595441500 156 
3228.595997000 149 
3228.596552500 139 
3228.597108000 130 
3228.597663500 122 
3228.598219000 113 
3228.598774500 105 
3228.599330000 096 
3228.599885500 090 
3228.600441000 084 
3228.600996500 079 
3228.601552000 078 
3228.602107500 075 
3228.602663000 076 
3228.603218500 078 
3228.603774000 081 
3228.604329500 086 
3228.604885000 091 
3228.605440500 099 
3228.605996000 107 
3228.606551500 114 
3228.607107000 125 
3228.607662500 133 
3228.608218000 142 
3228.608773500 151 
3228.609329000 158 
3228.609884500 165 
3228.610440000 170 
3228.610995500 175 
3228.611551000 178 
3228.612106500 179 
3228.612662000 179 
3228.613217500 177 
3228.613773000 174 
3228.614328500 169 
3228.614884000 163 
3228.615439500 156 
3228.615995000 148 
3228.616550500 140 
3228.617106000 130 
3228.617661500 121 
3228.618217000 113 
3228.618772500 104 
3228.619328000 096 
3228.619883500 089 
3228.620439000 084 
3228.620994500 079 
3228.621550000 077 
3228.622105500 076 
3228.622661000 076 
3228.623216500 078 
3228.623772000 080 
3228.624327500 085 
3228.624883000 091 
3228.625438500 099 
3228.625994000 106 
3228.626549500 114 
3228.627105000 124 
3228.627660500 133 
3228.628216000 142 
3228.628771500 151 
3228.629327000 159 
3228.629882500 166 
3228.630438000 171 
3228.630993500 175 
3228.631549000 178 
3228.632104500 179 
3228.632660000 179 
3228.633215500 177 
3228.633771000 175 
3228.634326500 169 
3228.634882000 163 
3228.635437500 157 
3228.635993000 148 
3228.636548500 140 
3228.637104000 130 
3228.637659500 121 
3228.638215000 114 
3228.638770500 104 
3228.639326000 097 
3228.639881500 089 
3228.640437000 084 
3228.640992500 080 
3228.641548000 078 
3228.642103500 075 
3228.642659000 077 
3228.643214500 078 
3228.643770000 080 
3228.644325500 086 
3228.644881000 091 
3228.645436500 099 
3228.645992000 107 
3228.646547500 114 
3228.647103000 124 
3228.647658500 133 
3228.648214000 142 
3228.648769500 150 
3228.649325000 158 
3228.649880500 166 
3228.650436000 171 
3228.650991500 175 
3228.651547000 178 
3228.652102500 179 
3228.652658000 179 
3228.653213500 178 
3228.653769000 174 
3228.654324500 169 
3228.654880000 163 
3228.655435500 156 
3228.655991000 148 
3228.656546500 139 
3228.657102000 131 
3228.657657500 122 
3228.658213000 113 
3228.658768500 105 
3228.659324000 096 
3228.659879500 090 
3228.660435000 084 
3228.660990500 079 
3228.661546000 078 
3228.662101500 075 
3228.662657000 076 
3228.663212500 077 
3228.663768000 081 
3228.664323500 084 
3228.664879000 092 
3228.665434500 098 
3228.665990000 106 
3228.666545500 115 
3228.667101000 124 
3228.667656500 133 
3228.668212000 141 
3228.668767500 151 
3228.669323000 158 
3228.669878500 165 
3228.670434000 171 
3228.670989500 175 
3228.671545000 178 
3228.672100500 179 
3228.672656000 179 
3228.673211500 178 
3228.673767000 174 
3228.674322500 170 
3228.674878000 163 
3228.675433500 156 
3228.675989000 148 
3228.676544500 140 
3228.677100000 131 
3228.677655500 121 
3228.678211000 114 
3228.678766500 104 
3228.679322000 097 
3228.679877500 090 
3228.680433000 084 
3228.680988500 080 
3228.681544000 078 
3228.682099500 075 
3228.682655000 076 
3228.683210500 077 
3228.683766000 081 
3228.684321500 085 
3228.684877000 090 
3228.685432500 099 
3228.685988000 106 
3228.686543500 115 
3228.687099000 123 
3228.687654500 133 
3228.688210000 141 
3228.688765500 150 
3228.689321000 159 
3228.689876500 165 
3228.690432000 171 
3228.690987500 175 
3228.691543000 178 
3228.692098500 180 
3228.692654000 179 
3228.693209500 177 
3228.693765000 174 
3228.694320500 169 
3228.694876000 164 
3228.695431500 156 
3228.695987000 149 
3228.696542500 139 
3228.697098000 131 
3228.697653500 121 
3228.698209000 114 
3228.698764500 104 
3228.699320000 097 
3228.699875500 090 
3228.700431000 084 
3228.700986500 080 
3228.701542000 076 
3228.702097500 075 
3228.702653000 076 
3228.703208500 077 
3228.703764000 081 
3228.704319500 085 
3228.704875000 091 
3228.705430500 098 
3228.705986000 106 
3228.706541500 114 
3228.707097000 123 
3228.707652500 133 
3228.708208000 142 
3228.708763500 150 
3228.709319000 158 
3228.709874500 166 
3228.710430000 170 
3228.710985500 175 
3228.711541000 178 
3228.712096500 179 
3228.712652000 179 
3228.713207500 177 
3228.713763000 174 
3228.714318500 169 
3228.714874000 163 
3228.715429500 156 
3228.715985000 148 
3228.716540500 140 
3228.717096000 130 
3228.717651500 122 
3228.718207000 114 
3228.718762500 104 
3228.719318000 097 
3228.719873500 089 
3228.720429000 084 
3228.720984500 081 
3228.721540000 077 
3228.722095500 076 
3228.722651000 077 
3228.723206500 077 
3228.723762000 081 
3228.724317500 085 
3228.724873000 092 
3228.725428500 098 
3228.725984000 106 
3228.726539500 115 
3228.727095000 123 
3228.727650500 133 
3228.728206000 141 
3228.728761500 150 
3228.729317000 159 
3228.729872500 165 
3228.730428000 171 
3228.730983500 175 
3228.731539000 177 
3228.732094500 180 
3228.732650000 179 
3228.733205500 177 
3228.733761000 174 
3228.734316500 169 
3228.734872000 164 
3228.735427500 156 
3228.735983000 148 
3228.736538500 141 
3228.737094000 130 
3228.737649500 122 
3228.738205000 113 
3228.738760500 105 
3228.739316000 096 
3228.739871500 089 
3228.740427000 083 
3228.740982500 080 
3228.741538000 077 
3228.742093500 076 
3228.742649000 077 
3228.743204500 077 
3228.743760000 080 
3228.744315500 086 
3228.744871000 092 
3228.745426500 098 
3228.745982000 107 
3228.746537500 115 
3228.747093000 124 
3228.747648500 133 
3228.748204000 141 
3228.748759500 150 
3228.749315000 158 
3228.749870500 166 
3228.750426000 171 
3228.750981500 176 
3228.751537000 178 
3228.752092500 179 
3228.752648000 179 
3228.753203500 178 
3228.753759000 175 
3228.754314500 169 
3228.754870000 164 
3228.755425500 156 
3228.755981000 148 
3228.756536500 140 
3228.757092000 130 
3228.757647500 122 
3228.758203000 113 
3228.758758500 104 
3228.759314000 096 
3228.759869500 089 
3228.760425000 084 
3228.760980500 079 
3228.761536000 078 
3228.762091500 075 
3228.762647000 076 
3228.763202500 077 
3228.763758000 081 
3228.764313500 086 
3228.764869000 091 
3228.765424500 098 
3228.765980000 105 
3228.766535500 115 
3228.767091000 123 
3228.767646500 133 
3228.768202000 141 
3228.768757500 150 
3228.769313000 158 
3228.769868500 166 
3228.770424000 171 
3228.770979500 175 
3228.771535000 178 
3228.772090500 180 
3228.772646000 179 
3228.773201500 178 
3228.773757000 175 
3228.774312500 169 
3228.774868000 164 
3228.775423500 156 
3228.775979000 149 
3228.776534500 140 
3228.777090000 131 
3228.777645500 122 
3228.778201000 114 
3228.778756500 105 
3228.779312000 097 
3228.779867500 089 
3228.780423000 085 
3228.780978500 081 
3228.781534000 078 
3228.782089500 076 
3228.782645000 076 
3228.783200500 078 
3228.783756000 080 
3228.784311500 085 
3228.784867000 091 
3228.785422500 097 
3228.785978000 107 
3228.786533500 114 
3228.787089000 123 
3228.787644500 133 
3228.788200000 141 
3228.788755500 150 
3228.789311000 158 
3228.789866500 165 
3228.790422000 171 
3228.790977500 175 
3228.791533000 177 
3228.792088500 180 
3228.792644000 179 
3228.793199500 178 
3228.793755000 174 
3228.794310500 170 
3228.794866000 163 
3228.795421500 157 
3228.795977000 148 
3228.796532500 139 
3228.797088000 131 
3228.797643500 121 
3228.798199000 114 
3228.798754500 104 
3228.799310000 097 
3228.799865500 089 
3228.800421000 084 
3228.800976500 080 
3228.801532000 077 
3228.802087500 077 
3228.802643000 076 
3228.803198500 078 
3228.803754000 080 
3228.804309500 085 
3228.804865000 091 
3228.805420500 098 
3228.805976000 106 
3228.806531500 114 
3228.807087000 124 
3228.807642500 132 
3228.808198000 141 
3228.808753500 150 
3228.809309000 158 
3228.809864500 166 
3228.810420000 170 
3228.810975500 174 
3228.811531000 178 
3228.812086500 179 
3228.812642000 179 
3228.813197500 177 
3228.813753000 174 
3228.814308500 170 
3228.814864000 163 
3228.815419500 157 
3228.815975000 148 
3228.816530500 140 
3228.817086000 131 
3228.817641500 121 
3228.818197000 114 
3228.818752500 104 
3228.819308000 097 
3228.819863500 090 
3228.820419000 084 
3228.820974500 081 
3228.821530000 076 
3228.822085500 076 
3228.822641000 077 
3228.823196500 077 
3228.823752000 081 
3228.824307500 086 
3228.824863000 090 
3228.825418500 099 
3228.825974000 105 
3228.826529500 114 
3228.827085000 124 
3228.827640500 132 
3228.828196000 141 
3228.828751500 150 
3228.829307000 159 
3228.829862500 165 
3228.830418000 171 
3228.830973500 175 
3228.831529000 177 
3228.832084500 179 
3228.832640000 179 
3228.833195500 177 
3228.833751000 174 
3228.834306500 169 
3228.834862000 163 
3228.835417500 156 
3228.835973000 148 
3228.836528500 140 
3228.837084000 130 
3228.837639500 122 
3228.838195000 113 
3228.838750500 104 
3228.839306000 096 
3228.839861500 089 
3228.840417000 084 
3228.840972500 080 
3228.841528000 078 
3228.842083500 075 
3228.842639000 077 
3228.843194500 077 
3228.843750000 082 
3228.844305500 084 
3228.844861000 091 
3228.845416500 097 
3228.845972000 107 
3228.846527500 115 
3228.847083000 123 
3228.847638500 133 
3228.848194000 141 
3228.848749500 149 
3228.849305000 158 
3228.849860500 165 
3228.850416000 171 
3228.850971500 175 
3228.851527000 177 
3228.852082500 179 
3228.852638000 179 
3228.853193500 177 
3228.853749000 174 
3228.854304500 169 
3228.854860000 163 
3228.855415500 156 
3228.855971000 148 
3228.856526500 139 
3228.857082000 131 
3228.857637500 121 
3228.858193000 113 
3228.858748500 105 
3228.859304000 098 
3228.859859500 089 
3228.860415000 084 
3228.860970500 080 
3228.861526000 077 
3228.862081500 076 
3228.862637000 077 
3228.863192500 077 
3228.863748000 081 
3228.864303500 084 
3228.864859000 091 
3228.865414500 098 
3228.865970000 105 
3228.866525500 115 
3228.867081000 123 
3228.867636500 133 
3228.868192000 142 
3228.868747500 150 
3228.869303000 158 
3228.869858500 165 
3228.870414000 171 
3228.870969500 175 
3228.871525000 178 
3228.872080500 179 
3228.872636000 179 
3228.873191500 177 
3228.873747000 174 
3228.874302500 169 
3228.874858000 164 
3228.875413500 156 
3228.875969000 148 
3228.876524500 139 
3228.877080000 131 
3228.877635500 122 
3228.878191000 113 
3228.878746500 104 
3228.879302000 097 
3228.879857500 089 
3228.880413000 085 
3228.880968500 080 
3228.881524000 078 
3228.882079500 076 
3228.882635000 075 
3228.883190500 078 
3228.883746000 080 
3228.884301500 085 
3228.884857000 091 
3228.885412500 098 
3228.885968000 105 
3228.886523500 115 
3228.887079000 123 
3228.887634500 133 
3228.888190000 142 
3228.888745500 150 
3228.889301000 158 
3228.889856500 166 
3228.890412000 170 
3228.890967500 175 
3228.891523000 177 
3228.892078500 179 
3228.892634000 179 
3228.893189500 178 
3228.893745000 174 
3228.894300500 170 
3228.894856000 164 
3228.895411500 157 
3228.895967000 148 
3228.896522500 141 
3228.897078000 131 
3228.897633500 123 
3228.898189000 113 
3228.898744500 105 
3228.899300000 096 
3228.899855500 089 
3228.900411000 084 
3228.900966500 080 
3228.901522000 077 
3228.902077500 076 
3228.902633000 076 
3228.903188500 077 
3228.903744000 080 
3228.904299500 086 
3228.904855000 091 
3228.905410500 098 
3228.905966000 106 
3228.906521500 114 
3228.907077000 123 
3228.907632500 132 
3228.908188000 141 
3228.908743500 150 
3228.909299000 158 
3228.909854500 165 
3228.910410000 171 
3228.910965500 175 
3228.911521000 178 
3228.912076500 179 
3228.912632000 179 
3228.913187500 177 
3228.913743000 175 
3228.914298500 169 
3228.914854000 164 
3228.915409500 156 
3228.915965000 149 
3228.916520500 140 
3228.917076000 131 
3228.917631500 122 
3228.918187000 113 
3228.918742500 105 
3228.919298000 096 
3228.919853500 090 
3228.920409000 084 
3228.920964500 080 
3228.921520000 078 
3228.922075500 075 
3228.922631000 076 
3228.923186500 077 
3228.923742000 080 
3228.924297500 086 
3228.924853000 091 
3228.925408500 097 
3228.925964000 106 
3228.926519500 114 
3228.927075000 123 
3228.927630500 132 
3228.928186000 141 
3228.928741500 150 
3228.929297000 158 
3228.929852500 166 
3228.930408000 170 
3228.930963500 175 
3228.931519000 178 
3228.932074500 179 
3228.932630000 180 
3228.933185500 177 
3228.933741000 175 
3228.934296500 169 
3228.934852000 164 
3228.935407500 157 
3228.935963000 149 
3228.936518500 140 
3228.937074000 131 
3228.937629500 121 
3228.938185000 114 
3228.938740500 105 
3228.939296000 096 
3228.939851500 089 
3228.940407000 085 
3228.940962500 080 
3228.941518000 078 
3228.942073500 075 
3228.942629000 075 
3228.943184500 077 
3228.943740000 080 
3228.944295500 086 
3228.944851000 090 
3228.945406500 099 
3228.945962000 105 
3228.946517500 115 
3228.947073000 123 
3228.947628500 132 
3228.948184000 141 
3228.948739500 150 
3228.949295000 159 
3228.949850500 165 
3228.950406000 171 
3228.950961500 175 
3228.951517000 178 
3228.952072500 179 
3228.952628000 180 
3228.953183500 178 
3228.953739000 175 
3228.954294500 170 
3228.954850000 163 
3228.955405500 157 
3228.955961000 149 
3228.956516500 140 
3228.957072000 132 
3228.957627500 121 
3228.958183000 113 
3228.958738500 105 
3228.959294000 096 
3228.959849500 090 
3228.960405000 085 
3228.960960500 080 
3228.961516000 078 
3228.962071500 076 
3228.962627000 075 
3228.963182500 077 
3228.963738000 081 
3228.964293500 085 
3228.964849000 092 
3228.965404500 097 
3228.965960000 106 
3228.966515500 114 
3228.967071000 124 
3228.967626500 132 
3228.968182000 140 
3228.968737500 150 
3228.969293000 158 
3228.969848500 165 
3228.970404000 171 
3228.970959500 175 
3228.971515000 178 
3228.972070500 179 
3228.972626000 179 
3228.973181500 177 
3228.973737000 175 
3228.974292500 170 
3228.974848000 164 
3228.975403500 157 
3228.975959000 148 
3228.976514500 140 
3228.977070000 131 
3228.977625500 121 
3228.978181000 114 
3228.978736500 105 
3228.979292000 096 
3228.979847500 089 
3228.980403000 084 
3228.980958500 080 
3228.981514000 078 
3228.982069500 075 
3228.982625000 077 
3228.983180500 077 
3228.983736000 081 
3228.984291500 086 
3228.984847000 090 
3228.985402500 098 
3228.985958000 106 
3228.986513500 113 
3228.987069000 123 
3228.987624500 132 
3228.988180000 141 
3228.988735500 150 
3228.989291000 158 
3228.989846500 165 
3228.990402000 170 
3228.990957500 175 
3228.991513000 177 
3228.992068500 179 
3228.992624000 179 
3228.993179500 177 
3228.993735000 175 
3228.994290500 169 
3228.994846000 164 
3228.995401500 157 
3228.995957000 148 
3228.996512500 140 
3228.997068000 132 
3228.997623500 122 
3228.998179000 114 
3228.998734500 105 
3228.999290000 098 
3228.999845500 089 
3229.000401000 084 
3229.000956500 081 
3229.001512000 077 
3229.002067500 076 
3229.002623000 076 
3229.003178500 078 
3229.003734000 080 
3229.004289500 085 
3229.004845000 090 
3229.005400500 097 
3229.005956000 106 
3229.006511500 114 
3229.007067000 123 
3229.007622500 132 
3229.008178000 142 
3229.008733500 150 
3229.009289000 157 
3229.009844500 165 
3229.010400000 170 
3229.010955500 175 
3229.011511000 178 
3229.012066500 179 
3229.012622000 180 
3229.013177500 178 
3229.013733000 175 
3229.014288500 169 
3229.014844000 165 
3229.015399500 157 
3229.015955000 149 
3229.016510500 139 
3229.017066000 132 
3229.017621500 122 
3229.018177000 114 
3229.018732500 105 
3229.019288000 096 
3229.019843500 090 
3229.020399000 085 
3229.020954500 080 
3229.021510000 077 
3229.022065500 077 
3229.022621000 075 
3229.023176500 078 
3229.023732000 081 
3229.024287500 084 
3229.024843000 090 
3229.025398500 098 
3229.025954000 106 
3229.026509500 113 
3229.027065000 123 
3229.027620500 133 
3229.028176000 141 
3229.028731500 150 
3229.029287000 158 
3229.029842500 166 
3229.030398000 170 
3229.030953500 175 
3229.031509000 178 
3229.032064500 179 
3229.032620000 179 
3229.033175500 178 
3229.033731000 174 
3229.034286500 170 
3229.034842000 164 
3229.035397500 156 
3229.035953000 149 
3229.036508500 140 
3229.037064000 132 
3229.037619500 122 
3229.038175000 113 
3229.038730500 105 
3229.039286000 096 
3229.039841500 090 
3229.040397000 084 
3229.040952500 081 
3229.041508000 077 
3229.042063500 076 
3229.042619000 075 
3229.043174500 077 
3229.043730000 080 
3229.044285500 085 
3229.044841000 090 
3229.045396500 097 
3229.045952000 106 
3229.046507500 114 
3229.047063000 123 
3229.047618500 132 
3229.048174000 139 
3229.048729500 151 
3229.049285000 158 
3229.049840500 166 
3229.050396000 170 
3229.050951500 175 
3229.051507000 178 
3229.052062500 179 
3229.052618000 180 
3229.053173500 177 
3229.053729000 175 
3229.054284500 170 
3229.054840000 164 
3229.055395500 156 
3229.055951000 149 
3229.056506500 140 
3229.057062000 131 
3229.057617500 122 
3229.058173000 114 
3229.058728500 105 
3229.059284000 097 
3229.059839500 089 
3229.060395000 085 
3229.060950500 080 
3229.061506000 078 
3229.062061500 076 
3229.062617000 076 
3229.063172500 078 
3229.063728000 079 
3229.064283500 086 
3229.064839000 090 
3229.065394500 098 
3229.065950000 105 
3229.066505500 113 
3229.067061000 124 
3229.067616500 132 
3229.068172000 140 
3229.068727500 150 
3229.069283000 157 
3229.069838500 166 
3229.070394000 170 
3229.070949500 175 
3229.071505000 177 
3229.072060500 180 
3229.072616000 179 
3229.073171500 178 
3229.073727000 175 
3229.074282500 169 
3229.074838000 164 
3229.075393500 157 
3229.075949000 149 
3229.076504500 140 
3229.077060000 131 
3229.077615500 122 
3229.078171000 115 
3229.078726500 105 
3229.079282000 097 
3229.079837500 089 
3229.080393000 085 
3229.080948500 080 
3229.081504000 077 
3229.082059500 077 
3229.082615000 076 
3229.083170500 077 
3229.083726000 080 
3229.084281500 085 
3229.084837000 091 
3229.085392500 097 
3229.085948000 106 
3229.086503500 113 
3229.087059000 123 
3229.087614500 133 
3229.088170000 140 
3229.088725500 150 
3229.089281000 157 
3229.089836500 165 
3229.090392000 171 
3229.090947500 175 
3229.091503000 177 
3229.092058500 179 
3229.092614000 179 
3229.093169500 178 
3229.093725000 175 
3229.094280500 169 
3229.094836000 164 
3229.095391500 157 
3229.095947000 149 
3229.096502500 141 
3229.097058000 131 
3229.097613500 122 
3229.098169000 114 
3229.098724500 105 
3229.099280000 098 
3229.099835500 089 
3229.100391000 084 
3229.100946500 081 
3229.101502000 078 
3229.102057500 076 
3229.102613000 075 
3229.103168500 078 
3229.103724000 080 
3229.104279500 085 
3229.104835000 091 
3229.105390500 097 
3229.105946000 105 
3229.106501500 114 
3229.107057000 122 
3229.107612500 133 
3229.108168000 141 
3229.108723500 150 
3229.109279000 158 
3229.109834500 165 
3229.110390000 171 
3229.110945500 175 
3229.111501000 178 
3229.112056500 179 
3229.112612000 179 
3229.113167500 178 
3229.113723000 174 
3229.114278500 170 
3229.114834000 164 
3229.115389500 157 
3229.115945000 149 
3229.116500500 140 
3229.117056000 132 
3229.117611500 122 
3229.118167000 115 
3229.118722500 105 
3229.119278000 096 
3229.119833500 090 
3229.120389000 084 
3229.120944500 080 
3229.121500000 078 
3229.122055500 076 
3229.122611000 075 
3229.123166500 078 
3229.123722000 080 
3229.124277500 085 
3229.124833000 090 
3229.125388500 097 
3229.125944000 106 
3229.126499500 113 
3229.127055000 123 
3229.127610500 132 
3229.128166000 140 
3229.128721500 150 
3229.129277000 157 
3229.129832500 166 
3229.130388000 171 
3229.130943500 174 
3229.131499000 178 
3229.132054500 179 
3229.132610000 179 
3229.133165500 178 
3229.133721000 175 
3229.134276500 170 
3229.134832000 164 
3229.135387500 157 
3229.135943000 149 
3229.136498500 141 
3229.137054000 131 
3229.137609500 122 
3229.138165000 116 
3229.138720500 105 
3229.139276000 098 
3229.139831500 089 
3229.140387000 085 
3229.140942500 080 
3229.141498000 077 
3229.142053500 076 
3229.142609000 076 
3229.143164500 077 
3229.143720000 080 
3229.144275500 084 
3229.144831000 091 
3229.145386500 097 
3229.145942000 106 
3229.146497500 114 
3229.147053000 122 
3229.147608500 132 
3229.148164000 140 
3229.148719500 149 
3229.149275000 158 
3229.149830500 165 
3229.150386000 171 
3229.150941500 174 
3229.151497000 177 
3229.152052500 180 
3229.152608000 179 
3229.153163500 177 
3229.153719000 174 
3229.154274500 170 
3229.154830000 165 
3229.155385500 156 
3229.155941000 149 
3229.156496500 140 
3229.157052000 132 
3229.157607500 122 
3229.158163000 115 
3229.158718500 105 
3229.159274000 097 
3229.159829500 089 
3229.160385000 085 
3229.160940500 080 
3229.161496000 078 
3229.162051500 075 
3229.162607000 077 
3229.163162500 077 
3229.163718000 080 
3229.164273500 086 
3229.164829000 090 
3229.165384500 098 
3229.165940000 105 
3229.166495500 114 
3229.167051000 122 
3229.167606500 132 
3229.168162000 141 
3229.168717500 149 
3229.169273000 159 
3229.169828500 165 
3229.170384000 170 
3229.170939500 175 
3229.171495000 177 
3229.172050500 180 
3229.172606000 179 
3229.173161500 178 
3229.173717000 174 
3229.174272500 170 
3229.174828000 164 
3229.175383500 157 
3229.175939000 149 
3229.176494500 141 
3229.177050000 131 
3229.177605500 123 
3229.178161000 114 
3229.178716500 104 
3229.179272000 098 
3229.179827500 089 
3229.180383000 085 
3229.180938500 080 
3229.181494000 076 
3229.182049500 076 
3229.182605000 076 
3229.183160500 078 
3229.183716000 080 
3229.184271500 085 
3229.184827000 090 
3229.185382500 099 
3229.185938000 116 
3229.186493500 126 
3229.187049000 128 
3229.187604500 127 
3229.188160000 126 
3229.188715500 127 
3229.189271000 128 
3229.189826500 128 
3229.190382000 127 
3229.190937500 127 
3229.191493000 128 
3229.192048500 127 
3229.192604000 128 
3229.193159500 127 
3229.193715000 127 
3229.194270500 128 
3229.194826000 127 
3229.195381500 127 
3229.195937000 127 
3229.196492500 127 
3229.197048000 128 
3229.197603500 127 
3229.198159000 129 
3229.198714500 127 
3229.199270000 127 
3229.199825500 127 
3229.200381000 127 
3229.200936500 128 
3229.201492000 128 
3229.202047500 127 
3229.202603000 128 
3229.203158500 127 
3229.203714000 127 
3229.204269500 128 
3229.204825000 128 
3229.205380500 127 
3229.205936000 128 
3229.206491500 127 
3229.207047000 128 
3229.207602500 127 
3229.208158000 127 
3229.208713500 127 
3229.209269000 128 
3229.209824500 128 
3229.210380000 128 
3229.210935500 128 
3229.211491000 127 
3229.212046500 128 
3229.212602000 128 
3229.213157500 127 
3229.213713000 128 
3229.214268500 127 
3229.214824000 128 
3229.215379500 127 
3229.215935000 127 
3229.216490500 127 
3229.217046000 127 
3229.217601500 128 
3229.218157000 129 
3229.218712500 127 
3229.219268000 128 
3229.219823500 126 
3229.220379000 128 
3229.220934500 127 
3229.221490000 128 
3229.222045500 128 
3229.222601000 127 
3229.223156500 128 
3229.223712000 127 
3229.224267500 128 
3229.224823000 127 
3229.225378500 127 
3229.225934000 127 
3229.226489500 127 
3229.227045000 128 
3229.227600500 127 
3229.228156000 127 
3229.228711500 127 
3229.229267000 128 
3229.229822500 129 
3229.230378000 127 
3229.230933500 128 
3229.231489000 127 
3229.232044500 127 
3229.232600000 128 
3229.233155500 127 
3229.233711000 128 
3229.234266500 127 
3229.234822000 128 
3229.235377500 127 
3229.235933000 128 
3229.236488500 127 
3229.237044000 128 
3229.237599500 128 
3229.238155000 128 
3229.238710500 128 
3229.239266000 127 
3229.239821500 127 
3229.240377000 128 
3229.240932500 128 
3229.241488000 127 
3229.242043500 128 
3229.242599000 127 
3229.243154500 128 
3229.243710000 127 
3229.244265500 127 
3229.244821000 128 
3229.245376500 127 
3229.245932000 127 
3229.246487500 128 
3229.247043000 127 
3229.247598500 128 
3229.248154000 127 
3229.248709500 127 
3229.249265000 128 
3229.249820500 129 
3229.250376000 127 
3229.250931500 127 
3229.251487000 127 
3229.252042500 127 
3229.252598000 127 
3229.253153500 128 
3229.253709000 127 
3229.254264500 128 
3229.254820000 127 
3229.255375500 128 
3229.255931000 128 
3229.256486500 127 
3229.257042000 128 
3229.257597500 127 
3229.258153000 128 
3229.258708500 128 
3229.259264000 128 
3229.259819500 127 
3229.260375000 127 
3229.260930500 128 
3229.261486000 127 
3229.262041500 128 
3229.262597000 127 
3229.263152500 128 
3229.263708000 127 
3229.264263500 127 
3229.264819000 128 
3229.265374500 127 
3229.265930000 128 
3229.266485500 127 
3229.267041000 128 
3229.267596500 128 
3229.268152000 126 
3229.268707500 127 
3229.269263000 128 
3229.269818500 128 
3229.270374000 128 
3229.270929500 127 
3229.271485000 128 
3229.272040500 127 
3229.272596000 127 
3229.273151500 127 
3229.273707000 127 
3229.274262500 128 
3229.274818000 127 
3229.275373500 127 
3229.275929000 128 
3229.276484500 127 
3229.277040000 128 
3229.277595500 127 
3229.278151000 129 
3229.278706500 128 
3229.279262000 128 
3229.279817500 126 
3229.280373000 128 
3229.280928500 127 
3229.281484000 127 
3229.282039500 128 
3229.282595000 128 
3229.283150500 127 
3229.283706000 128 
3229.284261500 127 
3229.284817000 127 
3229.285372500 128 
3229.285928000 127 
3229.286483500 128 
3229.287039000 127 
3229.287594500 128 
3229.288150000 127 
3229.288705500 127 
3229.289261000 128 
3229.289816500 128 
3229.290372000 128 
3229.290927500 128 
3229.291483000 127 
3229.292038500 127 
3229.292594000 128 
3229.293149500 128 
3229.293705000 128 
3229.294260500 127 
3229.294816000 128 
3229.295371500 127 
3229.295927000 127 
3229.296482500 128 
3229.297038000 128 
3229.297593500 127 
3229.298149000 129 
3229.298704500 127 
3229.299260000 127 
3229.299815500 127 
3229.300371000 127 
3229.300926500 128 
3229.301482000 127 
3229.302037500 127 
3229.302593000 127 
3229.303148500 127 
3229.303704000 128 
3229.304259500 127 
3229.304815000 128 
3229.305370500 127 
3229.305926000 128 
3229.306481500 127 
3229.307037000 127 
3229.307592500 128 
3229.308148000 127 
3229.308703500 127 
3229.309259000 128 
3229.309814500 128 
3229.310370000 128 
3229.310925500 128 
3229.311481000 127 
3229.312036500 128 
3229.312592000 127 
3229.313147500 127 
3229.313703000 128 
3229.314258500 127 
3229.314814000 128 
3229.315369500 127 
3229.315925000 128 
3229.316480500 127 
3229.317036000 128 
3229.317591500 127 
3229.318147000 128 
3229.318702500 127 
3229.319258000 128 
3229.319813500 126 
3229.320369000 128 
3229.320924500 127 
3229.321480000 128 
3229.322035500 127 
3229.322591000 128 
3229.323146500 128 
3229.323702000 127 
3229.324257500 127 
3229.324813000 127 
3229.325368500 128 
3229.325924000 127 
3229.326479500 127 
3229.327035000 128 
3229.327590500 127 
3229.328146000 127 
3229.328701500 127 
3229.329257000 127 
3229.329812500 128 
3229.330368000 127 
3229.330923500 127 
3229.331479000 127 
3229.332034500 127 
3229.332590000 127 
3229.333145500 128 
3229.333701000 128 
3229.334256500 127 
3229.334812000 128 
3229.335367500 127 
3229.335923000 127 
3229.336478500 128 
3229.337034000 127 
3229.337589500 128 
3229.338145000 129 
3229.338700500 128 
3229.339256000 127 
3229.339811500 127 
3229.340367000 128 
3229.340922500 127 
3229.341478000 128 
3229.342033500 128 
3229.342589000 127 
3229.343144500 128 
3229.343700000 127 
3229.344255500 127 
3229.344811000 128 
3229.345366500 127 
3229.345922000 127 
3229.346477500 128 
3229.347033000 127 
3229.347588500 128 
3229.348144000 127 
3229.348699500 127 
3229.349255000 127 
3229.349810500 128 
3229.350366000 127 
3229.350921500 126 
3229.351477000 128 
3229.352032500 128 
3229.352588000 128 
3229.353143500 128 
3229.353699000 127 
3229.354254500 127 
3229.354810000 128 
3229.355365500 127 
3229.355921000 128 
3229.356476500 127 
3229.357032000 127 
3229.357587500 128 
3229.358143000 128 
3229.358698500 127 
3229.359254000 128 
3229.359809500 127 
3229.360365000 128 
3229.360920500 128 
3229.361476000 127 
3229.362031500 128 
3229.362587000 127 
3229.363142500 127 
3229.363698000 127 
3229.364253500 127 
3229.364809000 128 
3229.365364500 127 
3229.365920000 128 
3229.366475500 128 
3229.367031000 127 
3229.367586500 128 
3229.368142000 128 
3229.368697500 127 
3229.369253000 128 
3229.369808500 129 
3229.370364000 127 
3229.370919500 128 
3229.371475000 127 
3229.372030500 128 
3229.372586000 128 
3229.373141500 128 
3229.373697000 127 
3229.374252500 127 
3229.374808000 128 
3229.375363500 127 
3229.375919000 127 
3229.376474500 128 
3229.377030000 127 
3229.377585500 128 
3229.378141000 127 
3229.378696500 128 
3229.379252000 127 
3229.379807500 126 
3229.380363000 127 
3229.380918500 127 
3229.381474000 128 
3229.382029500 127 
3229.382585000 127 
3229.383140500 127 
3229.383696000 128 
3229.384251500 127 
3229.384807000 127 
3229.385362500 128 
3229.385918000 127 
3229.386473500 128 
3229.387029000 127 
3229.387584500 127 
3229.388140000 127 
3229.388695500 128 
3229.389251000 128 
3229.389806500 128 
3229.390362000 128 
3229.390917500 127 
3229.391473000 127 
3229.392028500 128 
3229.392584000 127 
3229.393139500 127 
3229.393695000 128 
3229.394250500 128 
3229.394806000 127 
3229.395361500 127 
3229.395917000 128 
3229.396472500 128 
3229.397028000 127 
3229.397583500 128 
3229.398139000 127 
3229.398694500 128 
3229.399250000 128 
3229.399805500 126 
3229.400361000 127 
3229.400916500 127 
3229.401472000 128 
3229.402027500 128 
3229.402583000 127 
3229.403138500 128 
3229.403694000 127 
3229.404249500 127 
3229.404805000 128 
3229.405360500 127 
3229.405916000 127 
3229.406471500 128 
3229.407027000 127 
3229.407582500 128 
3229.408138000 128 
3229.408693500 127 
3229.409249000 128 
3229.409804500 129 
3229.410360000 127 
3229.410915500 128 
3229.411471000 127 
3229.412026500 128 
3229.412582000 127 
3229.413137500 128 
3229.413693000 127 
3229.414248500 128 
3229.414804000 127 
3229.415359500 128 
3229.415915000 127 
3229.416470500 128 
3229.417026000 128 
3229.417581500 128 
3229.418137000 128 
3229.418692500 127 
3229.419248000 127 
3229.419803500 127 
3229.420359000 128 
3229.420914500 127 
3229.421470000 128 
3229.422025500 128 
3229.422581000 127 
3229.423136500 128 
3229.423692000 126 
3229.424247500 128 
3229.424803000 127 
3229.425358500 128 
3229.425914000 127 
3229.426469500 128 
3229.427025000 128 
3229.427580500 128 
3229.428136000 127 
3229.428691500 127 
3229.429247000 128 
3229.429802500 129 
3229.430358000 127 
3229.430913500 128 
3229.431469000 127 
3229.432024500 128 
3229.432580000 127 
3229.433135500 128 
3229.433691000 127 
3229.434246500 128 
3229.434802000 127 
3229.435357500 128 
3229.435913000 128 
3229.436468500 127 
3229.437024000 127 
3229.437579500 127 
3229.438135000 128 
3229.438690500 128 
3229.439246000 128 
3229.439801500 126 
3229.440357000 127 
3229.440912500 128 
3229.441468000 128 
3229.442023500 128 
3229.442579000 127 
3229.443134500 128 
3229.443690000 128 
3229.444245500 127 
3229.444801000 127 
3229.445356500 127 
3229.445912000 128 
3229.446467500 127 
3229.447023000 127 
3229.447578500 127 
3229.448134000 127 
3229.448689500 128 
3229.449245000 128 
3229.449800500 128 
3229.450356000 128 
3229.450911500 127 
3229.451467000 127 
3229.452022500 128 
3229.452578000 128 
3229.453133500 128 
3229.453689000 128 
3229.454244500 127 
3229.454800000 129 
3229.455355500 128 
3229.455911000 127 
3229.456466500 128 
3229.457022000 127 
3229.457577500 127 
3229.458133000 128 
3229.458688500 127 
3229.459244000 127 
3229.459799500 127 
3229.460355000 127 
3229.460910500 128 
3229.461466000 127 
3229.462021500 127 
3229.462577000 127 
3229.463132500 127 
3229.463688000 128 
3229.464243500 128 
3229.464799000 127 
3229.465354500 128 
3229.465910000 128 
3229.466465500 127 
3229.467021000 128 
3229.467576500 128 
3229.468132000 127 
3229.468687500 127 
3229.469243000 128 
3229.469798500 128 
3229.470354000 127 
3229.470909500 128 
3229.471465000 127 
3229.472020500 127 
3229.472576000 128 
3229.473131500 128 
3229.473687000 127 
3229.474242500 128 
3229.474798000 128 
3229.475353500 127 
3229.475909000 128 
3229.476464500 127 
3229.477020000 128 
3229.477575500 128 
3229.478131000 127 
3229.478686500 128 
3229.479242000 127 
3229.479797500 128 
3229.480353000 127 
3229.480908500 128 
3229.481464000 128 
3229.482019500 127 
3229.482575000 128 
3229.483130500 127 
3229.483686000 127 
3229.484241500 127 
3229.484797000 128 
3229.485352500 127 
3229.485908000 128 
3229.486463500 128 
3229.487019000 128 
3229.487574500 127 
3229.488130000 126 
3229.488685500 128 
3229.489241000 128 
3229.489796500 128 
3229.490352000 128 
3229.490907500 127 
3229.491463000 127 
3229.492018500 128 
3229.492574000 127 
3229.493129500 128 
3229.493685000 128 
3229.494240500 127 
3229.494796000 128 
3229.495351500 127 
3229.495907000 128 
3229.496462500 127 
3229.497018000 127 
3229.497573500 128 
3229.498129000 127 
3229.498684500 127 
3229.499240000 127 
3229.499795500 127 
3229.500351000 128 
3229.500906500 127 
3229.501462000 128 
3229.502017500 127 
3229.502573000 128 
3229.503128500 128 
3229.503684000 127 
3229.504239500 128 
3229.504795000 127 
3229.505350500 128 
3229.505906000 127 
3229.506461500 127 
3229.507017000 128 
3229.507572500 127 
3229.508128000 128 
3229.508683500 127 
3229.509239000 127 
3229.509794500 129 
3229.510350000 127 
3229.510905500 128 
3229.511461000 127 
3229.512016500 128 
3229.512572000 127 
3229.513127500 128 
3229.513683000 127 
3229.514238500 128 
3229.514794000 127 
3229.515349500 128 
3229.515905000 127 
3229.516460500 127 
3229.517016000 128 
3229.517571500 127 
3229.518127000 127 
3229.518682500 128 
3229.519238000 128 
3229.519793500 127 
3229.520349000 128 
3229.520904500 127 
3229.521460000 128 
3229.522015500 127 
3229.522571000 127 
3229.523126500 127 
3229.523682000 127 
3229.524237500 127 
3229.524793000 128 
3229.525348500 128 
3229.525904000 127 
3229.526459500 128 
3229.527015000 127 
3229.527570500 128 
3229.528126000 126 
3229.528681500 127 
3229.529237000 128 
3229.529792500 128 
3229.530348000 127 
3229.530903500 128 
3229.531459000 127 
3229.532014500 127 
3229.532570000 127 
3229.533125500 128 
3229.533681000 127 
3229.534236500 127 
3229.534792000 128 
3229.535347500 127 
3229.535903000 127 
3229.536458500 127 
3229.537014000 127 
3229.537569500 128 
3229.538125000 127 
3229.538680500 128 
3229.539236000 128 
3229.539791500 127 
3229.540347000 127 
3229.540902500 127 
3229.541458000 128 
3229.542013500 127 
3229.542569000 127 
3229.543124500 128 
3229.543680000 127 
3229.544235500 128 
3229.544791000 127 
3229.545346500 128 
3229.545902000 127 
3229.546457500 127 
3229.547013000 128 
3229.547568500 127 
3229.548124000 127 
3229.548679500 127 
3229.549235000 127 
3229.549790500 129 
3229.550346000 127 
3229.550901500 128 
3229.551457000 127 
3229.552012500 127 
3229.552568000 128 
3229.553123500 127 
3229.553679000 128 
3229.554234500 128 
3229.554790000 127 
3229.555345500 127 
3229.555901000 127 
3229.556456500 128 
3229.557012000 127 
3229.557567500 128 
3229.558123000 128 
3229.558678500 128 
3229.559234000 128 
3229.559789500 126 
3229.560345000 128 
3229.560900500 127 
3229.561456000 128 
3229.562011500 127 
3229.562567000 127 
3229.563122500 127 
3229.563678000 127 
3229.564233500 128 
3229.564789000 127 
3229.565344500 127 
3229.565900000 127 
3229.566455500 128 
3229.567011000 127 
3229.567566500 128 
3229.568122000 127 
3229.568677500 127 
3229.569233000 128 
3229.569788500 129 
3229.570344000 128 
3229.570899500 127 
3229.571455000 127 
3229.572010500 128 
3229.572566000 127 
3229.573121500 128 
3229.573677000 128 
3229.574232500 127 
3229.574788000 128 
3229.575343500 127 
3229.575899000 128 
3229.576454500 127 
3229.577010000 128 
3229.577565500 128 
3229.578121000 127 
3229.578676500 128 
3229.579232000 127 
3229.579787500 126 
3229.580343000 127 
3229.580898500 127 
3229.581454000 127 
3229.582009500 128 
3229.582565000 127 
3229.583120500 127 
3229.583676000 128 
3229.584231500 127 
3229.584787000 127 
3229.585342500 128 
3229.585898000 127 
3229.586453500 128 
3229.587009000 128 
3229.587564500 127 
3229.588120000 128 
3229.588675500 127 
3229.589231000 127 
3229.589786500 129 
3229.590342000 127 
3229.590897500 128 
3229.591453000 128 
3229.592008500 127 
3229.592564000 128 
3229.593119500 128 
3229.593675000 127 
3229.594230500 127 
3229.594786000 127 
3229.595341500 127 
3229.595897000 127 
3229.596452500 127 
3229.597008000 127 
3229.597563500 128 
3229.598119000 127 
3229.598674500 127 
3229.599230000 128 
3229.599785500 126 
3229.600341000 128 
3229.600896500 127 
3229.601452000 128 
3229.602007500 127 
3229.602563000 127 
3229.603118500 128 
3229.603674000 127 
3229.604229500 128 
3229.604785000 127 
3229.605340500 128 
3229.605896000 128 
3229.606451500 127 
3229.607007000 128 
3229.607562500 127 
3229.608118000 127 
3229.608673500 127 
3229.609229000 128 
3229.609784500 129 
3229.610340000 127 
3229.610895500 127 
3229.611451000 127 
3229.612006500 127 
3229.612562000 128 
3229.613117500 128 
3229.613673000 127 
3229.614228500 128 
3229.614784000 127 
3229.615339500 128 
3229.615895000 127 
3229.616450500 128 
3229.617006000 127 
3229.617561500 128 
3229.618117000 127 
3229.618672500 127 
3229.619228000 128 
3229.619783500 126 
3229.620339000 128 
3229.620894500 128 
3229.621450000 127 
3229.622005500 128 
3229.622561000 127 
3229.623116500 127 
3229.623672000 128 
3229.624227500 127 
3229.624783000 128 
3229.625338500 128 
3229.625894000 127 
3229.626449500 128 
3229.627005000 127 
3229.627560500 127 
3229.628116000 128 
3229.628671500 127 
3229.629227000 128 
3229.629782500 128 
3229.630338000 128 
3229.630893500 127 
3229.631449000 128 
3229.632004500 127 
3229.632560000 128 
3229.633115500 127 
3229.633671000 128 
3229.634226500 127 
3229.634782000 128 
3229.635337500 127 
3229.635893000 127 
3229.636448500 128 
3229.637004000 127 
3229.637559500 128 
3229.638115000 128 
3229.638670500 127 
3229.639226000 127 
3229.639781500 127 
3229.640337000 127 
3229.640892500 128 
3229.641448000 127 
3229.642003500 127 
3229.642559000 128 
3229.643114500 127 
3229.643670000 127 
3229.644225500 127 
3229.644781000 128 
3229.645336500 128 
3229.645892000 127 
3229.646447500 127 
3229.647003000 127 
3229.647558500 128 
3229.648114000 127 
3229.648669500 127 
3229.649225000 127 
3229.649780500 128 
3229.650336000 128 
3229.650891500 127 
3229.651447000 128 
3229.652002500 127 
3229.652558000 127 
3229.653113500 128 
3229.653669000 128 
3229.654224500 127 
3229.654780000 127 
3229.655335500 128 
3229.655891000 127 
3229.656446500 128 
3229.657002000 127 
3229.657557500 128 
3229.658113000 128 
3229.658668500 127 
3229.659224000 128 
3229.659779500 126 
3229.660335000 128 
3229.660890500 127 
3229.661446000 128 
3229.662001500 127 
3229.662557000 128 
3229.663112500 126 
3229.663668000 128 
3229.664223500 127 
3229.664779000 128 
3229.665334500 127 
3229.665890000 128 
3229.666445500 127 
3229.667001000 127 
3229.667556500 127 
3229.668112000 128 
3229.668667500 127 
3229.669223000 127 
3229.669778500 128 
3229.670334000 128 
3229.670889500 127 
3229.671445000 128 
3229.672000500 128 
3229.672556000 127 
3229.673111500 127 
3229.673667000 128 
3229.674222500 127 
3229.674778000 128 
3229.675333500 127 
3229.675889000 128 
3229.676444500 128 
3229.677000000 127 
3229.677555500 128 
3229.678111000 127 
3229.678666500 129 
3229.679222000 127 
3229.679777500 127 
3229.680333000 127 
3229.680888500 127 
3229.681444000 128 
3229.681999500 127 
3229.682555000 128 
3229.683110500 127 
3229.683666000 128 
3229.684221500 127 
3229.684777000 128 
3229.685332500 127 
3229.685888000 127 
3229.686443500 128 
3229.686999000 127 
3229.687554500 128 
3229.688110000 127 
3229.688665500 128 
3229.689221000 128 
3229.689776500 128 
3229.690332000 127 
3229.690887500 127 
3229.691443000 128 
3229.691998500 127 
3229.692554000 128 
3229.693109500 128 
3229.693665000 127 
3229.694220500 128 
3229.694776000 127 
3229.695331500 127 
3229.695887000 128 
3229.696442500 127 
3229.696998000 127 
3229.697553500 127 
3229.698109000 129 
3229.698664500 127 
3229.699220000 128 
3229.699775500 127 
3229.700331000 128 
3229.700886500 127 
3229.701442000 127 
3229.701997500 128 
3229.702553000 127 
3229.703108500 127 
3229.703664000 128 
3229.704219500 127 
3229.704775000 128 
3229.705330500 127 
3229.705886000 127 
3229.706441500 128 
3229.706997000 127 
3229.707552500 127 
3229.708108000 127 
3229.708663500 128 
3229.709219000 127 
3229.709774500 129 
3229.710330000 127 
3229.710885500 128 
3229.711441000 127 
3229.711996500 127 
3229.712552000 128 
3229.713107500 127 
3229.713663000 128 
3229.714218500 128 
3229.714774000 127 
3229.715329500 127 
3229.715885000 127 
3229.716440500 128 
3229.716996000 128 
3229.717551500 127 
3229.718107000 128 
3229.718662500 128 
3229.719218000 127 
3229.719773500 127 
3229.720329000 127 
3229.720884500 128 
3229.721440000 128 
3229.721995500 127 
3229.722551000 128 
3229.723106500 127 
3229.723662000 128 
3229.724217500 128 
3229.724773000 127 
3229.725328500 127 
3229.725884000 128 
3229.726439500 127 
3229.726995000 127 
3229.727550500 127 
3229.728106000 127 
3229.728661500 127 
3229.729217000 128 
3229.729772500 129 
3229.730328000 127 
3229.730883500 128 
3229.731439000 127 
3229.731994500 128 
3229.732550000 127 
3229.733105500 128 
3229.733661000 127 
3229.734216500 128 
3229.734772000 127 
3229.735327500 127 
3229.735883000 128 
3229.736438500 128 
3229.736994000 128 
3229.737549500 128 
3229.738105000 127 
3229.738660500 128 
3229.739216000 127 
3229.739771500 127 
3229.740327000 127 
3229.740882500 128 
3229.741438000 127 
3229.741993500 128 
3229.742549000 127 
3229.743104500 127 
3229.743660000 128 
3229.744215500 127 
3229.744771000 128 
3229.745326500 127 
3229.745882000 128 
3229.746437500 127 
3229.746993000 128 
3229.747548500 128 
3229.748104000 127 
3229.748659500 128 
3229.749215000 128 
3229.749770500 128 
3229.750326000 128 
3229.750881500 128 
3229.751437000 127 
3229.751992500 127 
3229.752548000 127 
3229.753103500 127 
3229.753659000 128 
3229.754214500 127 
3229.754770000 128 
3229.755325500 127 
3229.755881000 128 
3229.756436500 127 
3229.756992000 127 
3229.757547500 128 
3229.758103000 127 
3229.758658500 128 
3229.759214000 127 
3229.759769500 127 
3229.760325000 128 
3229.760880500 127 
3229.761436000 128 
3229.761991500 127 
3229.762547000 128 
3229.763102500 127 
3229.763658000 128 
3229.764213500 127 
3229.764769000 128 
3229.765324500 127 
3229.765880000 127 
3229.766435500 128 
3229.766991000 128 
3229.767546500 127 
3229.768102000 127 
3229.768657500 127 
3229.769213000 128 
3229.769768500 128 
3229.770324000 128 
3229.770879500 128 
3229.771435000 127 
3229.771990500 127 
3229.772546000 128 
3229.773101500 127 
3229.773657000 128 
3229.774212500 128 
3229.774768000 127 
3229.775323500 128 
3229.775879000 127 
3229.776434500 128 
3229.776990000 127 
3229.777545500 127 
3229.778101000 128 
3229.778656500 127 
3229.779212000 128 
3229.779767500 126 
3229.780323000 128 
3229.780878500 127 
3229.781434000 128 
3229.781989500 127 
3229.782545000 128 
3229.783100500 128 
3229.783656000 127 
3229.784211500 128 
3229.784767000 127 
3229.785322500 128 
3229.785878000 128 
3229.786433500 127 
3229.786989000 128 
3229.787544500 127 
3229.788100000 127 
3229.788655500 128 
3229.789211000 127 
3229.789766500 129 
3229.790322000 128 
3229.790877500 127 
3229.791433000 128 
3229.791988500 127 
3229.792544000 128 
3229.793099500 128 
3229.793655000 128 
3229.794210500 127 
3229.794766000 127 
3229.795321500 128 
3229.795877000 127 
3229.796432500 128 
3229.796988000 127 
3229.797543500 127 
3229.798099000 128 
3229.798654500 127 
3229.799210000 128 
3229.799765500 126 
3229.800321000 128 
3229.800876500 127 
3229.801432000 128 
3229.801987500 128 
3229.802543000 127 
3229.803098500 128 
3229.803654000 127 
3229.804209500 128 
3229.804765000 128 
3229.805320500 127 
3229.805876000 127 
3229.806431500 128 
3229.806987000 127 
3229.807542500 128 
3229.808098000 127 
3229.808653500 128 
3229.809209000 128 
3229.809764500 128 
3229.810320000 128 
3229.810875500 127 
3229.811431000 127 
3229.811986500 128 
3229.812542000 127 
3229.813097500 128 
3229.813653000 127 
3229.814208500 128 
3229.814764000 127 
3229.815319500 128 
3229.815875000 127 
3229.816430500 127 
3229.816986000 128 
3229.817541500 128 
3229.818097000 128 
3229.818652500 127 
3229.819208000 127 
3229.819763500 127 
3229.820319000 127 
3229.820874500 128 
3229.821430000 127 
3229.821985500 128 
3229.822541000 127 
3229.823096500 127 
3229.823652000 127 
3229.824207500 128 
3229.824763000 127 
3229.825318500 128 
3229.825874000 127 
3229.826429500 127 
3229.826985000 128 
3229.827540500 127 
3229.828096000 128 
3229.828651500 127 
3229.829207000 127 
3229.829762500 128 
3229.830318000 127 
3229.830873500 127 
3229.831429000 128 
3229.831984500 127 
3229.832540000 128 
3229.833095500 127 
3229.833651000 127 
3229.834206500 127 
3229.834762000 128 
3229.835317500 127 
3229.835873000 127 
3229.836428500 127 
3229.836984000 127 
3229.837539500 128 
3229.838095000 127 
3229.838650500 127 
3229.839206000 127 
3229.839761500 127 
3229.840317000 128 
3229.840872500 128 
3229.841428000 127 
3229.841983500 128 
3229.842539000 127 
3229.843094500 128 
3229.843650000 127 
3229.844205500 127 
3229.844761000 128 
3229.845316500 127 
3229.845872000 127 
3229.846427500 128 
3229.846983000 127 
3229.847538500 128 
3229.848094000 127 
3229.848649500 128 
3229.849205000 128 
3229.849760500 128 
3229.850316000 127 
3229.850871500 127 
3229.851427000 128 
3229.851982500 127 
3229.852538000 128 
3229.853093500 128 
3229.853649000 128 
3229.854204500 127 
3229.854760000 127 
3229.855315500 127 
3229.855871000 128 
3229.856426500 127 
3229.856982000 127 
3229.857537500 128 
3229.858093000 127 
3229.858648500 128 
3229.859204000 127 
3229.859759500 127 
3229.860315000 128 
3229.860870500 127 
3229.861426000 128 
3229.861981500 127 
3229.862537000 128 
3229.863092500 127 
3229.863648000 128 
3229.864203500 127 
3229.864759000 128 
3229.865314500 127 
3229.865870000 127 
3229.866425500 128 
3229.866981000 127 
3229.867536500 128 
3229.868092000 127 
3229.868647500 127 
3229.869203000 128 
3229.869758500 128 
3229.870314000 127 
3229.870869500 128 
3229.871425000 127 
3229.871980500 128 
3229.872536000 127 
3229.873091500 128 
3229.873647000 127 
3229.874202500 127 
3229.874758000 128 
3229.875313500 127 
3229.875869000 127 
3229.876424500 128 
3229.876980000 127 
3229.877535500 128 
3229.878091000 127 
3229.878646500 127 
3229.879202000 128 
3229.879757500 126 
3229.880313000 127 
3229.880868500 128 
3229.881424000 128 
3229.881979500 127 
3229.882535000 128 
3229.883090500 127 
3229.883646000 128 
3229.884201500 127 
3229.884757000 127 
3229.885312500 128 
3229.885868000 127 
3229.886423500 128 
3229.886979000 127 
3229.887534500 127 
3229.888090000 127 
3229.888645500 127 
3229.889201000 128 
3229.889756500 128 
3229.890312000 128 
3229.890867500 127 
3229.891423000 127 
3229.891978500 128 
3229.892534000 127 
3229.893089500 128 
3229.893645000 128 
3229.894200500 127 
3229.894756000 128 
3229.895311500 127 
3229.895867000 128 
3229.896422500 127 
3229.896978000 128 
3229.897533500 127 
3229.898089000 127 
3229.898644500 127 
3229.899200000 128 
3229.899755500 127 
3229.900311000 128 
3229.900866500 127 
3229.901422000 128 
3229.901977500 127 
3229.902533000 127 
3229.903088500 127 
3229.903644000 128 
3229.904199500 127 
3229.904755000 127 
3229.905310500 127 
3229.905866000 128 
3229.906421500 127 
3229.906977000 127 
3229.907532500 128 
3229.908088000 128 
3229.908643500 127 
3229.909199000 128 
3229.909754500 128 
3229.910310000 127 
3229.910865500 128 
3229.911421000 127 
3229.911976500 128 
3229.912532000 128 
3229.913087500 127 
3229.913643000 127 
3229.914198500 128 
3229.914754000 127 
3229.915309500 128 
3229.915865000 128 
3229.916420500 127 
3229.916976000 128 
3229.917531500 127 
3229.918087000 128 
3229.918642500 127 
3229.919198000 127 
3229.919753500 126 
3229.920309000 127 
3229.920864500 128 
3229.921420000 128 
3229.921975500 127 
3229.922531000 128 
3229.923086500 127 
3229.923642000 128 
3229.924197500 128 
3229.924753000 127 
3229.925308500 127 
3229.925864000 127 
3229.926419500 128 
3229.926975000 127 
3229.927530500 128 
3229.928086000 128 
3229.928641500 127 
3229.929197000 128 
3229.929752500 128 
3229.930308000 128 
3229.930863500 128 
3229.931419000 127 
3229.931974500 128 
3229.932530000 127 
3229.933085500 128 
3229.933641000 128 
3229.934196500 127 
3229.934752000 128 
3229.935307500 128 
3229.935863000 127 
3229.936418500 127 
3229.936974000 128 
3229.937529500 128 
3229.938085000 127 
3229.938640500 128 
3229.939196000 127 
3229.939751500 127 
3229.940307000 127 
3229.940862500 127 
3229.941418000 128 
3229.941973500 127 
3229.942529000 128 
3229.943084500 127 
3229.943640000 127 
3229.944195500 128 
3229.944751000 127 
3229.945306500 128 
3229.945862000 127 
3229.946417500 128 
3229.946973000 127 
3229.947528500 127 
3229.948084000 127 
3229.948639500 127 
3229.949195000 127 
3229.949750500 128 
3229.950306000 128 
3229.950861500 128 
3229.951417000 127 
3229.951972500 128 
3229.952528000 128 
3229.953083500 127 
3229.953639000 128 
3229.954194500 127 
3229.954750000 128 
3229.955305500 128 
3229.955861000 127 
3229.956416500 127 
3229.956972000 128 
3229.957527500 128 
3229.958083000 127 
3229.958638500 128 
3229.959194000 127 
3229.959749500 127 
3229.960305000 128 
3229.960860500 127 
3229.961416000 128 
3229.961971500 128 
3229.962527000 127 
3229.963082500 128 
3229.963638000 127 
3229.964193500 127 
3229.964749000 128 
3229.965304500 127 
3229.965860000 127 
3229.966415500 128 
3229.966971000 127 
3229.967526500 128 
3229.968082000 128 
3229.968637500 127 
3229.969193000 128 
3229.969748500 128 
3229.970304000 127 
3229.970859500 127 
3229.971415000 127 
3229.971970500 127 
3229.972526000 128 
3229.973081500 128 
3229.973637000 127 
3229.974192500 128 
3229.974748000 127 
3229.975303500 128 
3229.975859000 128 
3229.976414500 127 
3229.976970000 128 
3229.977525500 127 
3229.978081000 128 
3229.978636500 128 
3229.979192000 127 
3229.979747500 127 
3229.980303000 127 
3229.980858500 127 
3229.981414000 128 
3229.981969500 127 
3229.982525000 127 
3229.983080500 127 
3229.983636000 128 
3229.984191500 127 
3229.984747000 128 
3229.985302500 127 
3229.985858000 127 
3229.986413500 128 
3229.986969000 127 
3229.987524500 127 
3229.988080000 127 
3229.988635500 127 
3229.989191000 128 
3229.989746500 128 
3229.990302000 128 
3229.990857500 128 
3229.991413000 128 
3229.991968500 127 
3229.992524000 128 
3229.993079500 127 
3229.993635000 127 
3229.994190500 128 
3229.994746000 128 
3229.995301500 127 
3229.995857000 128 
3229.996412500 127 
3229.996968000 128 
3229.997523500 127 
3229.998079000 128 
3229.998634500 127 
3229.999190000 127 
3229.999745500 126 
3230.000301000 127 
3230.000856500 128 
3230.001412000 127 
3230.001967500 127 
3230.002523000 128 
3230.003078500 127 
3230.003634000 127 
3230.004189500 127 
3230.004745000 126 
3230.005300500 128 
3230.005856000 127 
3230.006411500 128 
3230.006967000 128 
3230.007522500 127 
3230.008078000 127 
3230.008633500 128 
3230.009189000 128 
3230.009744500 128 
3230.010300000 128 
3230.010855500 127 
3230.011411000 128 
3230.011966500 127 
3230.012522000 127 
3230.013077500 128 
3230.013633000 127 
3230.014188500 127 
3230.014744000 127 
3230.015299500 128 
3230.015855000 127 
3230.016410500 128 
3230.016966000 127 
3230.017521500 127 
3230.018077000 128 
3230.018632500 127 
3230.019188000 128 
3230.019743500 126 
3230.020299000 127 
3230.020854500 128 
3230.021410000 127 
3230.021965500 128 
3230.022521000 128 
3230.023076500 126 
3230.023632000 128 
3230.024187500 127 
3230.024743000 127 
3230.025298500 128 
3230.025854000 127 
3230.026409500 128 
3230.026965000 127 
3230.027520500 128 
3230.028076000 127 
3230.028631500 127 
3230.029187000 127 
3230.029742500 129 
3230.030298000 127 
3230.030853500 127 
3230.031409000 128 
3230.031964500 127 
3230.032520000 128 
3230.033075500 128 
3230.033631000 127 
3230.034186500 128 
3230.034742000 128 
3230.035297500 127 
3230.035853000 128 
3230.036408500 128 
3230.036964000 127 
3230.037519500 128 
3230.038075000 127 
3230.038630500 128 
3230.039186000 127 
3230.039741500 127 
3230.040297000 127 
3230.040852500 127 
3230.041408000 128 
3230.041963500 127 
3230.042519000 128 
3230.043074500 127 
3230.043630000 127 
3230.044185500 128 
3230.044741000 127 
3230.045296500 128 
3230.045852000 128 
3230.046407500 127 
3230.046963000 128 
3230.047518500 127 
3230.048074000 127 
3230.048629500 127 
3230.049185000 128 
3230.049740500 127 
3230.050296000 128 
3230.050851500 127 
3230.051407000 128 
3230.051962500 127 
3230.052518000 127 
3230.053073500 128 
3230.053629000 127 
3230.054184500 127 
3230.054740000 128 
3230.055295500 127 
3230.055851000 127 
3230.056406500 128 
3230.056962000 127 
3230.057517500 128 
3230.058073000 127 
3230.058628500 128 
3230.059184000 128 
3230.059739500 126 
3230.060295000 128 
3230.060850500 127 
3230.061406000 128 
3230.061961500 127 
3230.062517000 127 
3230.063072500 128 
3230.063628000 127 
3230.064183500 127 
3230.064739000 126 
3230.065294500 127 
3230.065850000 128 
3230.066405500 127 
3230.066961000 128 
3230.067516500 127 
3230.068072000 127 
3230.068627500 128 
3230.069183000 127 
3230.069738500 129 
3230.070294000 127 
3230.070849500 128 
3230.071405000 127 
3230.071960500 128 
3230.072516000 128 
3230.073071500 127 
3230.073627000 128 
3230.074182500 127 
3230.074738000 128 
3230.075293500 127 
3230.075849000 127 
3230.076404500 128 
3230.076960000 128 
3230.077515500 127 
3230.078071000 128 
3230.078626500 127 
3230.079182000 127 
3230.079737500 127 
3230.080293000 128 
3230.080848500 127 
3230.081404000 128 
3230.081959500 127 
3230.082515000 128 
3230.083070500 127 
3230.083626000 128 
3230.084181500 127 
3230.084737000 127 
3230.085292500 127 
3230.085848000 127 
3230.086403500 128 
3230.086959000 127 
3230.087514500 127 
3230.088070000 128 
3230.088625500 127 
3230.089181000 128 
3230.089736500 129 
3230.090292000 127 
3230.090847500 127 
3230.091403000 128 
3230.091958500 127 
3230.092514000 128 
3230.093069500 127 
3230.093625000 128 
3230.094180500 127 
3230.094736000 128 
3230.095291500 128 
3230.095847000 127 
3230.096402500 127 
3230.096958000 127 
3230.097513500 128 
3230.098069000 129 
3230.098624500 127 
3230.099180000 128 
3230.099735500 126 
3230.100291000 128 
3230.100846500 127 
3230.101402000 127 
3230.101957500 128 
3230.102513000 127 
3230.103068500 127 
3230.103624000 128 
3230.104179500 127 
3230.104735000 127 
3230.105290500 127 
3230.105846000 127 
3230.106401500 127 
3230.106957000 127 
3230.107512500 128 
3230.108068000 127 
3230.108623500 127 
3230.109179000 128 
3230.109734500 128 
3230.110290000 128 
3230.110845500 127 
3230.111401000 128 
3230.111956500 127 
3230.112512000 128 
3230.113067500 128 
3230.113623000 127 
3230.114178500 128 
3230.114734000 128 
3230.115289500 127 
3230.115845000 127 
3230.116400500 127 
3230.116956000 128 
3230.117511500 128 
3230.118067000 127 
3230.118622500 128 
3230.119178000 127 
3230.119733500 126 
3230.120289000 128 
3230.120844500 127 
3230.121400000 128 
3230.121955500 128 
3230.122511000 127 
3230.123066500 128 
3230.123622000 127 
3230.124177500 128 
3230.124733000 126 
3230.125288500 128 
3230.125844000 128 
3230.126399500 127 
3230.126955000 128 
3230.127510500 127 
3230.128066000 128 
3230.128621500 127 
3230.129177000 127 
3230.129732500 128 
3230.130288000 127 
3230.130843500 127 
3230.131399000 127 
3230.131954500 128 
3230.132510000 127 
3230.133065500 127 
3230.133621000 128 
3230.134176500 127 
3230.134732000 128 
3230.135287500 128 
3230.135843000 127 
3230.136398500 127 
3230.136954000 128 
3230.137509500 127 
3230.138065000 128 
3230.138620500 128 
3230.139176000 127 
3230.139731500 127 
3230.140287000 128 
3230.140842500 127 
3230.141398000 128 
3230.141953500 127 
3230.142509000 128 
3230.143064500 128 
3230.143620000 127 
3230.144175500 128 
3230.144731000 127 
3230.145286500 127 
3230.145842000 128 
3230.146397500 128 
3230.146953000 127 
3230.147508500 128 
3230.148064000 128 
3230.148619500 128 
3230.149175000 128 
3230.149730500 128 
3230.150286000 128 
3230.150841500 127 
3230.151397000 127 
3230.151952500 128 
3230.152508000 127 
3230.153063500 127 
3230.153619000 127 
3230.154174500 128 
3230.154730000 128 
3230.155285500 127 
3230.155841000 128 
3230.156396500 127 
3230.156952000 127 
3230.157507500 128 
3230.158063000 127 
3230.158618500 128 
3230.159174000 128 
3230.159729500 126 
3230.160285000 127 
3230.160840500 127 
3230.161396000 128 
3230.161951500 128 
3230.162507000 127 
3230.163062500 127 
3230.163618000 127 
3230.164173500 128 
3230.164729000 126 
3230.165284500 128 
3230.165840000 128 
3230.166395500 127 
3230.166951000 128 
3230.167506500 128 
3230.168062000 128 
3230.168617500 127 
3230.169173000 128 
3230.169728500 128 
3230.170284000 128 
3230.170839500 128 
3230.171395000 127 
3230.171950500 128 
3230.172506000 127 
3230.173061500 127 
3230.173617000 127 
3230.174172500 128 
3230.174728000 128 
3230.175283500 128 
3230.175839000 128 
3230.176394500 127 
3230.176950000 128 
3230.177505500 127 
3230.178061000 127 
3230.178616500 128 
3230.179172000 128 
3230.179727500 126 
3230.180283000 128 
3230.180838500 127 
3230.181394000 128 
3230.181949500 127 
3230.182505000 128 
3230.183060500 127 
3230.183616000 128 
3230.184171500 127 
3230.184727000 127 
3230.185282500 127 
3230.185838000 127 
3230.186393500 128 
3230.186949000 128 
3230.187504500 127 
3230.188060000 127 
3230.188615500 127 
3230.189171000 127 
3230.189726500 129 
3230.190282000 127 
3230.190837500 128 
3230.191393000 128 
3230.191948500 127 
3230.192504000 128 
3230.193059500 127 
3230.193615000 127 
3230.194170500 128 
3230.194726000 127 
3230.195281500 128 
3230.195837000 128 
3230.196392500 127 
3230.196948000 128 
3230.197503500 127 
3230.198059000 128 
3230.198614500 127 
3230.199170000 128 
3230.199725500 127 
3230.200281000 128 
3230.200836500 127 
3230.201392000 127 
3230.201947500 128 
3230.202503000 127 
3230.203058500 128 
3230.203614000 127 
3230.204169500 128 
3230.204725000 127 
3230.205280500 127 
3230.205836000 128 
3230.206391500 127 
3230.206947000 128 
3230.207502500 128 
3230.208058000 128 
3230.208613500 128 
3230.209169000 128 
3230.209724500 128 
3230.210280000 128 
3230.210835500 128 
3230.211391000 127 
3230.211946500 127 
3230.212502000 127 
3230.213057500 127 
3230.213613000 128 
3230.214168500 127 
3230.214724000 128 
3230.215279500 127 
3230.215835000 127 
3230.216390500 127 
3230.216946000 127 
3230.217501500 128 
3230.218057000 128 
3230.218612500 128 
3230.219168000 127 
3230.219723500 127 
3230.220279000 128 
3230.220834500 127 
3230.221390000 127 
3230.221945500 128 
3230.222501000 128 
3230.223056500 128 
3230.223612000 128 
3230.224167500 127 
3230.224723000 128 
3230.225278500 128 
3230.225834000 127 
3230.226389500 128 
3230.226945000 127 
3230.227500500 128 
3230.228056000 127 
3230.228611500 128 
3230.229167000 127 
3230.229722500 129 
3230.230278000 127 
3230.230833500 128 
3230.231389000 127 
3230.231944500 128 
3230.232500000 127 
3230.233055500 127 
3230.233611000 128 
3230.234166500 127 
3230.234722000 128 
3230.235277500 127 
3230.235833000 128 
3230.236388500 128 
3230.236944000 127 
3230.237499500 128 
3230.238055000 127 
3230.238610500 128 
3230.239166000 127 
3230.239721500 126 
3230.240277000 128 
3230.240832500 127 
3230.241388000 128 
3230.241943500 128 
3230.242499000 127 
3230.243054500 127 
3230.243610000 128 
3230.244165500 127 
3230.244721000 127 
3230.245276500 128 
3230.245832000 127 
3230.246387500 128 
3230.246943000 127 
3230.247498500 127 
3230.248054000 128 
3230.248609500 127 
3230.249165000 128 
3230.249720500 128 
3230.250276000 127 
3230.250831500 127 
3230.251387000 128 
3230.251942500 127 
3230.252498000 127 
3230.253053500 128 
3230.253609000 127 
3230.254164500 127 
3230.254720000 128 
3230.255275500 127 
3230.255831000 128 
3230.256386500 127 
3230.256942000 128 
3230.257497500 127 
3230.258053000 127 
3230.258608500 128 
3230.259164000 127 
3230.259719500 128 
3230.260275000 128 
3230.260830500 127 
3230.261386000 128 
3230.261941500 127 
3230.262497000 127 
3230.263052500 127 
3230.263608000 127 
3230.264163500 127 
3230.264719000 128 
3230.265274500 127 
3230.265830000 128 
3230.266385500 127 
3230.266941000 128 
3230.267496500 127 
3230.268052000 128 
3230.268607500 127 
3230.269163000 128 
3230.269718500 128 
3230.270274000 127 
3230.270829500 128 
3230.271385000 128 
3230.271940500 127 
3230.272496000 128 
3230.273051500 127 
3230.273607000 127 
3230.274162500 127 
3230.274718000 127 
3230.275273500 128 
3230.275829000 127 
3230.276384500 127 
3230.276940000 128 
3230.277495500 127 
3230.278051000 128 
3230.278606500 127 
3230.279162000 128 
3230.279717500 128 
3230.280273000 127 
3230.280828500 128 
3230.281384000 128 
3230.281939500 127 
3230.282495000 128 
3230.283050500 128 
3230.283606000 127 
3230.284161500 128 
3230.284717000 126 
3230.285272500 127 
3230.285828000 128 
3230.286383500 127 
3230.286939000 127 
3230.287494500 127 
3230.288050000 127 
3230.288605500 127 
3230.289161000 127 
3230.289716500 129 
3230.290272000 127 
3230.290827500 128 
3230.291383000 127 
3230.291938500 127 
3230.292494000 128 
3230.293049500 127 
3230.293605000 127 
3230.294160500 127 
3230.294716000 128 
3230.295271500 127 
3230.295827000 127 
3230.296382500 127 
3230.296938000 128 
3230.297493500 127 
3230.298049000 128 
3230.298604500 127 
3230.299160000 127 
3230.299715500 127 
3230.300271000 127 
3230.300826500 128 
3230.301382000 127 
3230.301937500 128 
3230.302493000 128 
3230.303048500 127 
3230.303604000 128 
3230.304159500 127 
3230.304715000 128 
3230.305270500 127 
3230.305826000 128 
3230.306381500 127 
3230.306937000 127 
3230.307492500 127 
3230.308048000 127 
3230.308603500 127 
3230.309159000 128 
3230.309714500 127 
3230.310270000 128 
3230.310825500 128 
3230.311381000 127 
3230.311936500 128 
3230.312492000 127 
3230.313047500 127 
3230.313603000 127 
3230.314158500 127 
3230.314714000 128 
3230.315269500 128 
3230.315825000 128 
3230.316380500 127 
3230.316936000 128 
3230.317491500 128 
3230.318047000 127 
3230.318602500 128 
3230.319158000 127 
3230.319713500 127 
3230.320269000 127 
3230.320824500 128 
3230.321380000 127 
3230.321935500 128 
3230.322491000 127 
3230.323046500 126 
3230.323602000 127 
3230.324157500 127 
3230.324713000 127 
3230.325268500 127 
3230.325824000 128 
3230.326379500 127 
3230.326935000 128 
3230.327490500 127 
3230.328046000 128 
3230.328601500 128 
3230.329157000 127 
3230.329712500 127 
3230.330268000 127 
3230.330823500 127 
3230.331379000 128 
3230.331934500 127 
3230.332490000 128 
3230.333045500 128 
3230.333601000 127 
3230.334156500 128 
3230.334712000 127 
3230.335267500 127 
3230.335823000 128 
3230.336378500 127 
3230.336934000 128 
3230.337489500 127 
3230.338045000 128 
3230.338600500 127 
3230.339156000 128 
3230.339711500 127 
3230.340267000 127 
3230.340822500 127 
3230.341378000 128 
3230.341933500 127 
3230.342489000 128 
3230.343044500 127 
3230.343600000 128 
3230.344155500 128 
3230.344711000 127 
3230.345266500 127 
3230.345822000 127 
3230.346377500 127 
3230.346933000 128 
3230.347488500 127 
3230.348044000 127 
3230.348599500 127 
3230.349155000 129 
3230.349710500 127 
3230.350266000 127 
3230.350821500 128 
3230.351377000 127 
3230.351932500 127 
3230.352488000 128 
3230.353043500 127 
3230.353599000 127 
3230.354154500 127 
3230.354710000 128 
3230.355265500 127 
3230.355821000 127 
3230.356376500 128 
3230.356932000 127 
3230.357487500 128 
3230.358043000 127 
3230.358598500 127 
3230.359154000 128 
3230.359709500 127 
3230.360265000 127 
3230.360820500 127 
3230.361376000 127 
3230.361931500 127 
3230.362487000 127 
3230.363042500 128 
3230.363598000 127 
3230.364153500 128 
3230.364709000 127 
3230.365264500 128 
3230.365820000 127 
3230.366375500 128 
3230.366931000 127 
3230.367486500 128 
3230.368042000 128 
3230.368597500 127 
3230.369153000 127 
3230.369708500 128 
3230.370264000 127 
3230.370819500 127 
3230.371375000 128 
3230.371930500 127 
3230.372486000 128 
3230.373041500 128 
3230.373597000 127 
3230.374152500 128 
3230.374708000 127 
3230.375263500 128 
3230.375819000 128 
3230.376374500 127 
3230.376930000 127 
3230.377485500 128 
3230.378041000 127 
3230.378596500 128 
3230.379152000 127 
3230.379707500 128 
3230.380263000 127 
3230.380818500 128 
3230.381374000 127 
3230.381929500 127 
3230.382485000 128 
3230.383040500 127 
3230.383596000 128 
3230.384151500 127 
3230.384707000 128 
3230.385262500 128 
3230.385818000 127 
3230.386373500 128 
3230.386929000 127 
3230.387484500 128 
3230.388040000 128 
3230.388595500 127 
3230.389151000 128 
3230.389706500 128 
3230.390262000 127 
3230.390817500 127 
3230.391373000 128 
3230.391928500 127 
3230.392484000 128 
3230.393039500 127 
3230.393595000 127 
3230.394150500 128 
3230.394706000 127 
3230.395261500 127 
3230.395817000 128 
3230.396372500 127 
3230.396928000 127 
3230.397483500 127 
3230.398039000 127 
3230.398594500 127 
3230.399150000 127 
3230.399705500 128 
3230.400261000 127 
3230.400816500 128 
3230.401372000 128 
3230.401927500 127 
3230.402483000 128 
3230.403038500 127 
3230.403594000 128 
3230.404149500 128 
3230.404705000 127 
3230.405260500 128 
3230.405816000 127 
3230.406371500 128 
3230.406927000 127 
3230.407482500 128 
3230.408038000 127 
3230.408593500 128 
3230.409149000 128 
3230.409704500 128 
3230.410260000 127 
3230.410815500 128 
3230.411371000 127 
3230.411926500 127 
3230.412482000 128 
3230.413037500 127 
3230.413593000 128 
3230.414148500 127 
3230.414704000 127 
3230.415259500 128 
3230.415815000 128 
3230.416370500 127 
3230.416926000 128 
3230.417481500 127 
3230.418037000 128 
3230.418592500 127 
3230.419148000 127 
3230.419703500 128 
3230.420259000 127 
3230.420814500 128 
3230.421370000 127 
3230.421925500 128 
3230.422481000 128 
3230.423036500 127 
3230.423592000 128 
3230.424147500 127 
3230.424703000 128 
3230.425258500 127 
3230.425814000 128 
3230.426369500 127 
3230.426925000 128 
3230.427480500 127 
3230.428036000 128 
3230.428591500 127 
3230.429147000 128 
3230.429702500 128 
3230.430258000 127 
3230.430813500 128 
3230.431369000 127 
3230.431924500 128 
3230.432480000 127 
3230.433035500 127 
3230.433591000 128 
3230.434146500 127 
3230.434702000 128 
3230.435257500 127 
3230.435813000 128 
3230.436368500 128 
3230.436924000 127 
3230.437479500 128 
3230.438035000 127 
3230.438590500 127 
3230.439146000 127 
3230.439701500 127 
3230.440257000 128 
3230.440812500 127 
3230.441368000 128 
3230.441923500 127 
3230.442479000 128 
3230.443034500 127 
3230.443590000 127 
3230.444145500 127 
3230.444701000 127 
3230.445256500 127 
3230.445812000 128 
3230.446367500 127 
3230.446923000 128 
3230.447478500 127 
3230.448034000 127 
3230.448589500 128 
3230.449145000 127 
3230.449700500 128 
3230.450256000 127 
3230.450811500 128 
3230.451367000 127 
3230.451922500 127 
3230.452478000 128 
3230.453033500 127 
3230.453589000 127 
3230.454144500 128 
3230.454700000 127 
3230.455255500 128 
3230.455811000 127 
3230.456366500 128 
3230.456922000 127 
3230.457477500 127 
3230.458033000 128 
3230.458588500 127 
3230.459144000 128 
3230.459699500 127 
3230.460255000 128 
3230.460810500 127 
3230.461366000 128 
3230.461921500 128 
3230.462477000 127 
3230.463032500 128 
3230.463588000 127 
3230.464143500 127 
3230.464699000 128 
3230.465254500 127 
3230.465810000 128 
3230.466365500 127 
3230.466921000 128 
3230.467476500 128 
3230.468032000 127 
3230.468587500 127 
3230.469143000 128 
3230.469698500 127 
3230.470254000 127 
3230.470809500 128 
3230.471365000 127 
3230.471920500 128 
3230.472476000 127 
3230.473031500 128 
3230.473587000 127 
3230.474142500 127 
3230.474698000 128 
3230.475253500 127 
3230.475809000 127 
3230.476364500 128 
3230.476920000 127 
3230.477475500 128 
3230.478031000 127 
3230.478586500 128 
3230.479142000 127 
3230.479697500 127 
3230.480253000 128 
3230.480808500 127 
3230.481364000 128 
3230.481919500 128 
3230.482475000 127 
3230.483030500 128 
3230.483586000 128 
3230.484141500 127 
3230.484697000 128 
3230.485252500 128 
3230.485808000 127 
3230.486363500 128 
3230.486919000 127 
3230.487474500 128 
3230.488030000 127 
3230.488585500 127 
3230.489141000 128 
3230.489696500 128 
3230.490252000 127 
3230.490807500 128 
3230.491363000 127 
3230.491918500 128 
3230.492474000 127 
3230.493029500 128 
3230.493585000 128 
3230.494140500 127 
3230.494696000 128 
3230.495251500 127 
3230.495807000 128 
3230.496362500 128 
3230.496918000 127 
3230.497473500 127 
3230.498029000 127 
3230.498584500 127 
3230.499140000 127 
3230.499695500 127 
3230.500251000 127 
3230.500806500 127 
3230.501362000 128 
3230.501917500 127 
3230.502473000 128 
3230.503028500 127 
3230.503584000 127 
3230.504139500 127 
3230.504695000 128 
3230.505250500 128 
3230.505806000 127 
3230.506361500 128 
3230.506917000 127 
3230.507472500 128 
3230.508028000 127 
3230.508583500 127 
3230.509139000 128 
3230.509694500 127 
3230.510250000 128 
3230.510805500 127 
3230.511361000 128 
3230.511916500 127 
3230.512472000 128 
3230.513027500 128 
3230.513583000 127 
3230.514138500 128 
3230.514694000 127 
3230.515249500 128 
3230.515805000 127 
3230.516360500 127 
3230.516916000 128 
3230.517471500 127 
3230.518027000 127 
3230.518582500 128 
3230.519138000 127 
3230.519693500 128 
3230.520249000 127 
3230.520804500 127 
3230.521360000 127 
3230.521915500 128 
3230.522471000 127 
3230.523026500 127 
3230.523582000 127 
3230.524137500 127 
3230.524693000 127 
3230.525248500 127 
3230.525804000 128 
3230.526359500 127 
3230.526915000 128 
3230.527470500 127 
3230.528026000 128 
3230.528581500 127 
3230.529137000 128 
3230.529692500 127 
3230.530248000 127 
3230.530803500 128 
3230.531359000 127 
3230.531914500 128 
3230.532470000 127 
3230.533025500 128 
3230.533581000 127 
3230.534136500 127 
3230.534692000 127 
3230.535247500 127 
3230.535803000 128 
3230.536358500 127 
3230.536914000 128 
3230.537469500 127 
3230.538025000 127 
3230.538580500 128 
3230.539136000 127 
3230.539691500 127 
3230.540247000 128 
3230.540802500 127 
3230.541358000 128 
3230.541913500 127 
3230.542469000 128 
3230.543024500 127 
3230.543580000 128 
3230.544135500 127 
3230.544691000 127 
3230.545246500 128 
3230.545802000 127 
3230.546357500 128 
3230.546913000 127 
3230.547468500 128 
3230.548024000 127 
3230.548579500 127 
3230.549135000 128 
3230.549690500 127 
3230.550246000 128 
3230.550801500 128 
3230.551357000 127 
3230.551912500 128 
3230.552468000 128 
3230.553023500 128 
3230.553579000 127 
3230.554134500 127 
3230.554690000 128 
3230.555245500 127 
3230.555801000 128 
3230.556356500 127 
3230.556912000 128 
3230.557467500 127 
3230.558023000 127 
3230.558578500 128 
3230.559134000 127 
3230.559689500 128 
3230.560245000 127 
3230.560800500 128 
3230.561356000 127 
3230.561911500 128 
3230.562467000 128 
3230.563022500 127 
3230.563578000 127 
3230.564133500 128 
3230.564689000 127 
3230.565244500 127 
3230.565800000 128 
3230.566355500 127 
3230.566911000 128 
3230.567466500 127 
3230.568022000 127 
3230.568577500 127 
3230.569133000 127 
3230.569688500 128 
3230.570244000 127 
3230.570799500 128 
3230.571355000 127 
3230.571910500 127 
3230.572466000 128 
3230.573021500 128 
3230.573577000 128 
3230.574132500 128 
3230.574688000 127 
3230.575243500 127 
3230.575799000 128 
3230.576354500 127 
3230.576910000 127 
3230.577465500 127 
3230.578021000 128 
3230.578576500 127 
3230.579132000 128 
3230.579687500 128 
3230.580243000 127 
3230.580798500 128 
3230.581354000 127 
3230.581909500 128 
3230.582465000 127 
3230.583020500 127 
3230.583576000 128 
3230.584131500 127 
3230.584687000 128 
3230.585242500 127 
3230.585798000 127 
3230.586353500 128 
3230.586909000 127 
3230.587464500 128 
3230.588020000 127 
3230.588575500 128 
3230.589131000 127 
3230.589686500 127 
3230.590242000 128 
3230.590797500 127 
3230.591353000 127 
3230.591908500 127 
3230.592464000 127 
3230.593019500 128 
3230.593575000 127 
3230.594130500 127 
3230.594686000 127 
3230.595241500 128 
3230.595797000 127 
3230.596352500 127 
3230.596908000 127 
3230.597463500 128 
3230.598019000 128 
3230.598574500 127 
3230.599130000 128 
3230.599685500 128 
3230.600241000 127 
3230.600796500 128 
3230.601352000 127 
3230.601907500 128 
3230.602463000 128 
3230.603018500 127 
3230.603574000 128 
3230.604129500 127 
3230.604685000 128 
3230.605240500 128 
3230.605796000 126 
3230.606351500 128 
3230.606907000 128 
3230.607462500 127 
3230.608018000 128 
3230.608573500 127 
3230.609129000 127 
3230.609684500 127 
3230.610240000 128 
3230.610795500 127 
3230.611351000 127 
3230.611906500 128 
3230.612462000 127 
3230.613017500 128 
3230.613573000 127 
3230.614128500 128 
3230.614684000 127 
3230.615239500 128 
3230.615795000 128 
3230.616350500 127 
3230.616906000 128 
3230.617461500 127 
3230.618017000 128 
3230.618572500 127 
3230.619128000 127 
3230.619683500 128 
3230.620239000 127 
3230.620794500 128 
3230.621350000 127 
3230.621905500 128 
3230.622461000 127 
3230.623016500 128 
3230.623572000 127 
3230.624127500 127 
3230.624683000 128 
3230.625238500 128 
3230.625794000 128 
3230.626349500 127 
3230.626905000 127 
3230.627460500 128 
3230.628016000 127 
3230.628571500 128 
3230.629127000 127 
3230.629682500 128 
3230.630238000 127 
3230.630793500 127 
3230.631349000 128 
3230.631904500 128 
3230.632460000 127 
3230.633015500 128 
3230.633571000 127 
3230.634126500 128 
3230.634682000 127 
3230.635237500 128 
3230.635793000 127 
3230.636348500 128 
3230.636904000 127 
3230.637459500 127 
3230.638015000 128 
3230.638570500 127 
3230.639126000 127 
3230.639681500 127 
3230.640237000 127 
3230.640792500 128 
3230.641348000 127 
3230.641903500 128 
3230.642459000 127 
3230.643014500 128 
3230.643570000 127 
3230.644125500 128 
3230.644681000 127 
3230.645236500 128 
3230.645792000 128 
3230.646347500 127 
3230.646903000 128 
3230.647458500 127 
3230.648014000 127 
3230.648569500 128 
3230.649125000 127 
3230.649680500 128 
3230.650236000 128 
3230.650791500 128 
3230.651347000 128 
3230.651902500 128 
3230.652458000 127 
3230.653013500 128 
3230.653569000 127 
3230.654124500 128 
3230.654680000 127 
3230.655235500 128 
3230.655791000 127 
3230.656346500 127 
3230.656902000 128 
3230.657457500 127 
3230.658013000 128 
3230.658568500 128 
3230.659124000 127 
3230.659679500 127 
3230.660235000 128 
3230.660790500 127 
3230.661346000 128 
3230.661901500 127 
3230.662457000 128 
3230.663012500 127 
3230.663568000 127 
3230.664123500 128 
3230.664679000 127 
3230.665234500 128 
3230.665790000 127 
3230.666345500 127 
3230.666901000 127 
3230.667456500 127 
3230.668012000 128 
3230.668567500 127 
3230.669123000 128 
3230.669678500 128 
3230.670234000 127 
3230.670789500 128 
3230.671345000 127 
3230.671900500 127 
3230.672456000 128 
3230.673011500 127 
3230.673567000 128 
3230.674122500 127 
3230.674678000 128 
3230.675233500 127 
3230.675789000 128 
3230.676344500 127 
3230.676900000 128 
3230.677455500 128 
3230.678011000 127 
3230.678566500 127 
3230.679122000 127 
3230.679677500 127 
3230.680233000 128 
3230.680788500 128 
3230.681344000 127 
3230.681899500 128 
3230.682455000 127 
3230.683010500 128 
3230.683566000 127 
3230.684121500 128 
3230.684677000 128 
3230.685232500 128 
3230.685788000 127 
3230.686343500 127 
3230.686899000 128 
3230.687454500 126 
3230.688010000 128 
3230.688565500 127 
3230.689121000 128 
3230.689676500 127 
3230.690232000 128 
3230.690787500 127 
3230.691343000 127 
3230.691898500 127 
3230.692454000 127 
3230.693009500 128 
3230.693565000 127 
3230.694120500 127 
3230.694676000 128 
3230.695231500 127 
3230.695787000 128 
3230.696342500 127 
3230.696898000 128 
3230.697453500 127 
3230.698009000 127 
3230.698564500 127 
3230.699120000 127 
3230.699675500 126 
3230.700231000 128 
3230.700786500 128 
3230.701342000 127 
3230.701897500 128 
3230.702453000 127 
3230.703008500 127 
3230.703564000 128 
3230.704119500 127 
3230.704675000 128 
3230.705230500 128 
3230.705786000 127 
3230.706341500 127 
3230.706897000 127 
3230.707452500 128 
3230.708008000 127 
3230.708563500 127 
3230.709119000 128 
3230.709674500 127 
3230.710230000 128 
3230.710785500 127 
3230.711341000 127 
3230.711896500 128 
3230.712452000 128 
3230.713007500 127 
3230.713563000 128 
3230.714118500 127 
3230.714674000 127 
3230.715229500 128 
3230.715785000 128 
3230.716340500 127 
3230.716896000 127 
3230.717451500 128 
3230.718007000 127 
3230.718562500 128 
3230.719118000 127 
3230.719673500 127 
3230.720229000 127 
3230.720784500 128 
3230.721340000 127 
3230.721895500 128 
3230.722451000 127 
3230.723006500 128 
3230.723562000 127 
3230.724117500 127 
3230.724673000 128 
3230.725228500 127 
3230.725784000 128 
3230.726339500 127 
3230.726895000 128 
3230.727450500 127 
3230.728006000 128 
3230.728561500 127 
3230.729117000 127 
3230.729672500 128 
3230.730228000 128 
3230.730783500 127 
3230.731339000 128 
3230.731894500 127 
3230.732450000 127 
3230.733005500 128 
3230.733561000 128 
3230.734116500 128 
3230.734672000 127 
3230.735227500 127 
3230.735783000 128 
3230.736338500 128 
3230.736894000 128 
3230.737449500 127 
3230.738005000 128 
3230.738560500 128 
3230.739116000 127 
3230.739671500 127 
3230.740227000 128 
3230.740782500 128 
3230.741338000 127 
3230.741893500 127 
3230.742449000 128 
3230.743004500 127 
3230.743560000 127 
3230.744115500 128 
3230.744671000 127 
3230.745226500 128 
3230.745782000 128 
3230.746337500 127 
3230.746893000 127 
3230.747448500 127 
3230.748004000 127 
3230.748559500 128 
3230.749115000 127 
3230.749670500 127 
3230.750226000 128 
3230.750781500 127 
3230.751337000 128 
3230.751892500 127 
3230.752448000 128 
3230.753003500 127 
3230.753559000 127 
3230.754114500 128 
3230.754670000 127 
3230.755225500 128 
3230.755781000 128 
3230.756336500 127 
3230.756892000 128 
3230.757447500 127 
3230.758003000 128 
3230.758558500 127 
3230.759114000 128 
3230.759669500 127 
3230.760225000 128 
3230.760780500 128 
3230.761336000 127 
3230.761891500 128 
3230.762447000 127 
3230.763002500 128 
3230.763558000 127 
3230.764113500 128 
3230.764669000 127 
3230.765224500 128 
3230.765780000 127 
3230.766335500 128 
3230.766891000 127 
3230.767446500 128 
3230.768002000 127 
3230.768557500 127 
3230.769113000 128 
3230.769668500 127 
3230.770224000 128 
3230.770779500 127 
3230.771335000 127 
3230.771890500 127 
3230.772446000 127 
3230.773001500 128 
3230.773557000 128 
3230.774112500 128 
3230.774668000 127 
3230.775223500 127 
3230.775779000 128 
3230.776334500 127 
3230.776890000 127 
3230.777445500 128 
3230.778001000 129 
3230.778556500 127 
3230.779112000 128 
3230.779667500 127 
3230.780223000 128 
3230.780778500 127 
3230.781334000 127 
3230.781889500 128 
3230.782445000 127 
3230.783000500 128 
3230.783556000 127 
3230.784111500 128 
3230.784667000 128 
3230.785222500 127 
3230.785778000 128 
3230.786333500 127 
3230.786889000 127 
3230.787444500 128 
3230.788000000 127 
3230.788555500 128 
3230.789111000 128 
3230.789666500 127 
3230.790222000 128 
3230.790777500 127 
3230.791333000 127 
3230.791888500 128 
3230.792444000 127 
3230.792999500 128 
3230.793555000 127 
3230.794110500 128 
3230.794666000 128 
3230.795221500 127 
3230.795777000 128 
3230.796332500 127 
3230.796888000 127 
3230.797443500 128 
3230.797999000 127 
3230.798554500 127 
3230.799110000 128 
3230.799665500 127 
3230.800221000 127 
3230.800776500 127 
3230.801332000 127 
3230.801887500 128 
3230.802443000 127 
3230.802998500 126 
3230.803554000 128 
3230.804109500 127 
3230.804665000 127 
3230.805220500 128 
3230.805776000 127 
3230.806331500 128 
3230.806887000 128 
3230.807442500 127 
3230.807998000 127 
3230.808553500 128 
3230.809109000 127 
3230.809664500 128 
3230.810220000 127 
3230.810775500 128 
3230.811331000 127 
3230.811886500 128 
3230.812442000 127 
3230.812997500 128 
3230.813553000 127 
3230.814108500 128 
3230.814664000 127 
3230.815219500 127 
3230.815775000 128 
3230.816330500 127 
3230.816886000 128 
3230.817441500 127 
3230.817997000 127 
3230.818552500 128 
3230.819108000 127 
3230.819663500 128 
3230.820219000 128 
3230.820774500 127 
3230.821330000 127 
3230.821885500 127 
3230.822441000 127 
3230.822996500 127 
3230.823552000 128 
3230.824107500 128 
3230.824663000 127 
3230.825218500 128 
3230.825774000 127 
3230.826329500 128 
3230.826885000 127 
3230.827440500 127 
3230.827996000 127 
3230.828551500 127 
3230.829107000 127 
3230.829662500 128 
3230.830218000 127 
3230.830773500 127 
3230.831329000 127 
3230.831884500 127 
3230.832440000 127 
3230.832995500 127 
3230.833551000 128 
3230.834106500 127 
3230.834662000 128 
3230.835217500 127 
3230.835773000 127 
3230.836328500 128 
3230.836884000 127 
3230.837439500 128 
3230.837995000 127 
3230.838550500 128 
3230.839106000 127 
3230.839661500 128 
3230.840217000 127 
3230.840772500 127 
3230.841328000 128 
3230.841883500 127 
3230.842439000 127 
3230.842994500 128 
3230.843550000 127 
3230.844105500 127 
3230.844661000 127 
3230.845216500 128 
3230.845772000 127 
3230.846327500 128 
3230.846883000 127 
3230.847438500 127 
3230.847994000 127 
3230.848549500 128 
3230.849105000 128 
3230.849660500 127 
3230.850216000 128 
3230.850771500 128 
3230.851327000 127 
3230.851882500 127 
3230.852438000 128 
3230.852993500 127 
3230.853549000 128 
3230.854104500 128 
3230.854660000 127 
3230.855215500 127 
3230.855771000 128 
3230.856326500 127 
3230.856882000 128 
3230.857437500 127 
3230.857993000 128 
3230.858548500 127 
3230.859104000 127 
3230.859659500 127 
3230.860215000 128 
3230.860770500 127 
3230.861326000 127 
3230.861881500 128 
3230.862437000 127 
3230.862992500 128 
3230.863548000 127 
3230.864103500 128 
3230.864659000 127 
3230.865214500 128 
3230.865770000 127 
3230.866325500 128 
3230.866881000 127 
3230.867436500 128 
3230.867992000 127 
3230.868547500 128 
3230.869103000 128 
3230.869658500 127 
3230.870214000 128 
3230.870769500 128 
3230.871325000 127 
3230.871880500 128 
3230.872436000 127 
3230.872991500 128 
3230.873547000 128 
3230.874102500 128 
3230.874658000 127 
3230.875213500 128 
3230.875769000 127 
3230.876324500 128 
3230.876880000 127 
3230.877435500 128 
3230.877991000 127 
3230.878546500 128 
3230.879102000 127 
3230.879657500 128 
3230.880213000 127 
3230.880768500 128 
3230.881324000 127 
3230.881879500 128 
3230.882435000 127 
3230.882990500 127 
3230.883546000 128 
3230.884101500 127 
3230.884657000 128 
3230.885212500 127 
3230.885768000 127 
3230.886323500 127 
3230.886879000 127 
3230.887434500 127 
3230.887990000 128 
3230.888545500 127 
3230.889101000 127 
3230.889656500 128 
3230.890212000 127 
3230.890767500 128 
3230.891323000 127 
3230.891878500 128 
3230.892434000 127 
3230.892989500 128 
3230.893545000 127 
3230.894100500 128 
3230.894656000 127 
3230.895211500 128 
3230.895767000 128 
3230.896322500 127 
3230.896878000 128 
3230.897433500 127 
3230.897989000 127 
3230.898544500 127 
3230.899100000 127 
3230.899655500 128 
3230.900211000 127 
3230.900766500 127 
3230.901322000 128 
3230.901877500 127 
3230.902433000 127 
3230.902988500 128 
3230.903544000 128 
3230.904099500 127 
3230.904655000 127 
3230.905210500 128 
3230.905766000 127 
3230.906321500 127 
3230.906877000 128 
3230.907432500 128 
3230.907988000 128 
3230.908543500 127 
3230.909099000 128 
3230.909654500 128 
3230.910210000 127 
3230.910765500 128 
3230.911321000 127 
3230.911876500 127 
3230.912432000 128 
3230.912987500 127 
3230.913543000 127 
3230.914098500 128 
3230.914654000 127 
3230.915209500 128 
3230.915765000 127 
3230.916320500 127 
3230.916876000 128 
3230.917431500 127 
3230.917987000 127 
3230.918542500 127 
3230.919098000 127 
3230.919653500 126 
3230.920209000 128 
3230.920764500 127 
3230.921320000 128 
3230.921875500 128 
3230.922431000 128 
3230.922986500 128 
3230.923542000 127 
3230.924097500 128 
3230.924653000 127 
3230.925208500 127 
3230.925764000 128 
3230.926319500 127 
3230.926875000 127 
3230.927430500 127 
3230.927986000 128 
3230.928541500 128 
3230.929097000 127 
3230.929652500 128 
3230.930208000 127 
3230.930763500 127 
3230.931319000 127 
3230.931874500 128 
3230.932430000 127 
3230.932985500 128 
3230.933541000 127 
3230.934096500 128 
3230.934652000 127 
3230.935207500 128 
3230.935763000 127 
3230.936318500 128 
3230.936874000 128 
3230.937429500 127 
3230.937985000 127 
3230.938540500 128 
3230.939096000 127 
3230.939651500 128 
3230.940207000 127 
3230.940762500 128 
3230.941318000 127 
3230.941873500 128 
3230.942429000 127 
3230.942984500 127 
3230.943540000 127 
3230.944095500 127 
3230.944651000 128 
3230.945206500 127 
3230.945762000 128 
3230.946317500 127 
3230.946873000 127 
3230.947428500 127 
3230.947984000 127 
3230.948539500 127 
3230.949095000 127 
3230.949650500 128 
3230.950206000 128 
3230.950761500 127 
3230.951317000 128 
3230.951872500 128 
3230.952428000 127 
3230.952983500 128 
3230.953539000 127 
3230.954094500 127 
3230.954650000 128 
3230.955205500 127 
3230.955761000 128 
3230.956316500 128 
3230.956872000 127 
3230.957427500 128 
3230.957983000 127 
3230.958538500 129 
3230.959094000 127 
3230.959649500 128 
3230.960205000 127 
3230.960760500 128 
3230.961316000 128 
3230.961871500 127 
3230.962427000 127 
3230.962982500 128 
3230.963538000 127 
3230.964093500 128 
3230.964649000 127 
3230.965204500 127 
3230.965760000 128 
3230.966315500 127 
3230.966871000 128 
3230.967426500 128 
3230.967982000 127 
3230.968537500 127 
3230.969093000 127 
3230.969648500 127 
3230.970204000 128 
3230.970759500 127 
3230.971315000 128 
3230.971870500 128 
3230.972426000 127 
3230.972981500 127 
3230.973537000 127 
3230.974092500 128 
3230.974648000 127 
3230.975203500 128 
3230.975759000 127 
3230.976314500 128 
3230.976870000 127 
3230.977425500 127 
3230.977981000 128 
3230.978536500 128 
3230.979092000 119 
3230.979647500 110 
3230.980203000 104 
3230.980758500 096 
3230.981314000 093 
3230.981869500 089 
3230.982425000 087 
3230.982980500 089 
3230.983536000 090 
3230.984091500 094 
3230.984647000 098 
3230.985202500 105 
3230.985758000 112 
3230.986313500 120 
3230.986869000 127 
3230.987424500 137 
3230.987980000 145 
3230.988535500 154 
3230.989091000 162 
3230.989646500 168 
3230.990202000 175 
3230.990757500 179 
3230.991313000 183 
3230.991868500 184 
3230.992424000 185 
3230.992979500 183 
3230.993535000 181 
3230.994090500 176 
3230.994646000 171 
3230.995201500 164 
3230.995757000 156 
3230.996312500 148 
3230.996868000 138 
3230.997423500 129 
3230.997979000 120 
3230.998534500 111 
3230.999090000 103 
3230.999645500 095 
3231.000201000 090 
3231.000756500 084 
3231.001312000 081 
3231.001867500 078 
3231.002423000 079 
3231.002978500 078 
3231.003534000 082 
3231.004089500 085 
3231.004645000 091 
3231.005200500 096 
3231.005756000 104 
3231.006311500 112 
3231.006867000 121 
3231.007422500 130 
3231.007978000 139 
3231.008533500 147 
3231.009089000 156 
3231.009644500 163 
3231.010200000 169 
3231.010755500 174 
3231.011311000 179 
3231.011866500 180 
3231.012422000 180 
3231.012977500 179 
3231.013533000 177 
3231.014088500 172 
3231.014644000 167 
3231.015199500 161 
3231.015755000 152 
3231.016310500 144 
3231.016866000 136 
3231.017421500 126 
3231.017977000 117 
3231.018532500 109 
3231.019088000 099 
3231.019643500 094 
3231.020199000 086 
3231.020754500 082 
3231.021310000 079 
3231.021865500 076 
3231.022421000 077 
3231.022976500 076 
3231.023532000 079 
3231.024087500 084 
3231.024643000 088 
3231.025198500 095 
3231.025754000 103 
3231.026309500 111 
3231.026865000 119 
3231.027420500 129 
3231.027976000 138 
3231.028531500 147 
3231.029087000 155 
3231.029642500 163 
3231.030198000 168 
3231.030753500 174 
3231.031309000 177 
3231.031864500 179 
3231.032420000 179 
3231.032975500 179 
3231.033531000 176 
3231.034086500 172 
3231.034642000 166 
3231.035197500 160 
3231.035753000 152 
3231.036308500 144 
3231.036864000 135 
3231.037419500 126 
3231.037975000 116 
3231.038530500 108 
3231.039086000 100 
3231.039641500 092 
3231.040197000 087 
3231.040752500 082 
3231.041308000 077 
3231.041863500 077 
3231.042419000 075 
3231.042974500 077 
3231.043530000 080 
3231.044085500 082 
3231.044641000 088 
3231.045196500 096 
3231.045752000 102 
3231.046307500 111 
3231.046863000 119 
3231.047418500 129 
3231.047974000 137 
3231.048529500 147 
3231.049085000 155 
3231.049640500 162 
3231.050196000 168 
3231.050751500 173 
3231.051307000 177 
3231.051862500 179 
3231.052418000 179 
3231.052973500 179 
3231.053529000 176 
3231.054084500 172 
3231.054640000 166 
3231.055195500 160 
3231.055751000 153 
3231.056306500 143 
3231.056862000 136 
3231.057417500 126 
3231.057973000 118 
3231.058528500 108 
3231.059084000 100 
3231.059639500 092 
3231.060195000 087 
3231.060750500 082 
3231.061306000 078 
3231.061861500 077 
3231.062417000 075 
3231.062972500 077 
3231.063528000 079 
3231.064083500 083 
3231.064639000 088 
3231.065194500 094 
3231.065750000 103 
3231.066305500 110 
3231.066861000 120 
3231.067416500 128 
3231.067972000 137 
3231.068527500 147 
3231.069083000 155 
3231.069638500 162 
3231.070194000 168 
3231.070749500 174 
3231.071305000 176 
3231.071860500 179 
3231.072416000 179 
3231.072971500 179 
3231.073527000 176 
3231.074082500 172 
3231.074638000 166 
3231.075193500 160 
3231.075749000 153 
3231.076304500 143 
3231.076860000 135 
3231.077415500 126 
3231.077971000 116 
3231.078526500 108 
3231.079082000 100 
3231.079637500 092 
3231.080193000 088 
3231.080748500 081 
3231.081304000 079 
3231.081859500 076 
3231.082415000 076 
3231.082970500 077 
3231.083526000 079 
3231.084081500 082 
3231.084637000 089 
3231.085192500 095 
3231.085748000 102 
3231.086303500 110 
3231.086859000 120 
3231.087414500 128 
3231.087970000 138 
3231.088525500 147 
3231.089081000 155 
3231.089636500 162 
3231.090192000 169 
3231.090747500 173 
3231.091303000 177 
3231.091858500 179 
3231.092414000 179 
3231.092969500 179 
3231.093525000 176 
3231.094080500 172 
3231.094636000 166 
3231.095191500 159 
3231.095747000 153 
3231.096302500 144 
3231.096858000 135 
3231.097413500 126 
3231.097969000 117 
3231.098524500 108 
3231.099080000 099 
3231.099635500 093 
3231.100191000 086 
3231.100746500 083 
3231.101302000 077 
3231.101857500 077 
3231.102413000 075 
3231.102968500 077 
3231.103524000 078 
3231.104079500 084 
3231.104635000 088 
3231.105190500 094 
3231.105746000 102 
3231.106301500 110 
3231.106857000 120 
3231.107412500 128 
3231.107968000 137 
3231.108523500 147 
3231.109079000 155 
3231.109634500 163 
3231.110190000 168 
3231.110745500 173 
3231.111301000 177 
3231.111856500 179 
3231.112412000 180 
3231.112967500 178 
3231.113523000 176 
3231.114078500 172 
3231.114634000 166 
3231.115189500 160 
3231.115745000 152 
3231.116300500 144 
3231.116856000 135 
3231.117411500 126 
3231.117967000 117 
3231.118522500 109 
3231.119078000 099 
3231.119633500 093 
3231.120189000 087 
3231.120744500 082 
3231.121300000 078 
3231.121855500 076 
3231.122411000 076 
3231.122966500 076 
3231.123522000 079 
3231.124077500 083 
3231.124633000 088 
3231.125188500 095 
3231.125744000 103 
3231.126299500 110 
3231.126855000 120 
3231.127410500 128 
3231.127966000 138 
3231.128521500 146 
3231.129077000 155 
3231.129632500 162 
3231.130188000 167 
3231.130743500 173 
3231.131299000 177 
3231.131854500 179 
3231.132410000 180 
3231.132965500 179 
3231.133521000 176 
3231.134076500 171 
3231.134632000 166 
3231.135187500 160 
3231.135743000 152 
3231.136298500 145 
3231.136854000 135 
3231.137409500 127 
3231.137965000 117 
3231.138520500 109 
3231.139076000 100 
3231.139631500 093 
3231.140187000 087 
3231.140742500 081 
3231.141298000 079 
3231.141853500 076 
3231.142409000 075 
3231.142964500 077 
3231.143520000 078 
3231.144075500 083 
3231.144631000 089 
3231.145186500 094 
3231.145742000 103 
3231.146297500 111 
3231.146853000 119 
3231.147408500 128 
3231.147964000 138 
3231.148519500 146 
3231.149075000 155 
3231.149630500 162 
3231.150186000 168 
3231.150741500 173 
3231.151297000 177 
3231.151852500 178 
3231.152408000 180 
3231.152963500 178 
3231.153519000 176 
3231.154074500 172 
3231.154630000 166 
3231.155185500 160 
3231.155741000 152 
3231.156296500 144 
3231.156852000 135 
3231.157407500 127 
3231.157963000 117 
3231.158518500 108 
3231.159074000 100 
3231.159629500 092 
3231.160185000 087 
3231.160740500 082 
3231.161296000 078 
3231.161851500 076 
3231.162407000 076 
3231.162962500 076 
3231.163518000 079 
3231.164073500 083 
3231.164629000 088 
3231.165184500 095 
3231.165740000 101 
3231.166295500 111 
3231.166851000 119 
3231.167406500 129 
3231.167962000 137 
3231.168517500 147 
3231.169073000 155 
3231.169628500 162 
3231.170184000 168 
3231.170739500 173 
3231.171295000 177 
3231.171850500 179 
3231.172406000 179 
3231.172961500 178 
3231.173517000 176 
3231.174072500 172 
3231.174628000 166 
3231.175183500 160 
3231.175739000 152 
3231.176294500 144 
3231.176850000 135 
3231.177405500 126 
3231.177961000 118 
3231.178516500 108 
3231.179072000 099 
3231.179627500 094 
3231.180183000 086 
3231.180738500 082 
3231.181294000 079 
3231.181849500 076 
3231.182405000 075 
3231.182960500 077 
3231.183516000 078 
3231.184071500 083 
3231.184627000 089 
3231.185182500 094 
3231.185738000 103 
3231.186293500 110 
3231.186849000 119 
3231.187404500 128 
3231.187960000 137 
3231.188515500 147 
3231.189071000 155 
3231.189626500 162 
3231.190182000 168 
3231.190737500 173 
3231.191293000 177 
3231.191848500 179 
3231.192404000 180 
3231.192959500 178 
3231.193515000 176 
3231.194070500 172 
3231.194626000 167 
3231.195181500 160 
3231.195737000 153 
3231.196292500 144 
3231.196848000 136 
3231.197403500 126 
3231.197959000 117 
3231.198514500 108 
3231.199070000 099 
3231.199625500 093 
3231.200181000 086 
3231.200736500 082 
3231.201292000 078 
3231.201847500 077 
3231.202403000 076 
3231.202958500 076 
3231.203514000 080 
3231.204069500 082 
3231.204625000 089 
3231.205180500 095 
3231.205736000 102 
3231.206291500 111 
3231.206847000 119 
3231.207402500 128 
3231.207958000 137 
3231.208513500 146 
3231.209069000 155 
3231.209624500 161 
3231.210180000 169 
3231.210735500 173 
3231.211291000 177 
3231.211846500 179 
3231.212402000 179 
3231.212957500 179 
3231.213513000 175 
3231.214068500 172 
3231.214624000 166 
3231.215179500 159 
3231.215735000 153 
3231.216290500 144 
3231.216846000 136 
3231.217401500 127 
3231.217957000 117 
3231.218512500 109 
3231.219068000 099 
3231.219623500 094 
3231.220179000 087 
3231.220734500 082 
3231.221290000 078 
3231.221845500 075 
3231.222401000 076 
3231.222956500 076 
3231.223512000 079 
3231.224067500 082 
3231.224623000 088 
3231.225178500 095 
3231.225734000 102 
3231.226289500 111 
3231.226845000 119 
3231.227400500 128 
3231.227956000 137 
3231.228511500 146 
3231.229067000 155 
3231.229622500 162 
3231.230178000 168 
3231.230733500 173 
3231.231289000 176 
3231.231844500 179 
3231.232400000 180 
3231.232955500 178 
3231.233511000 176 
3231.234066500 172 
3231.234622000 166 
3231.235177500 159 
3231.235733000 153 
3231.236288500 144 
3231.236844000 136 
3231.237399500 126 
3231.237955000 117 
3231.238510500 108 
3231.239066000 100 
3231.239621500 092 
3231.240177000 087 
3231.240732500 081 
3231.241288000 078 
3231.241843500 077 
3231.242399000 075 
3231.242954500 077 
3231.243510000 078 
3231.244065500 083 
3231.244621000 088 
3231.245176500 095 
3231.245732000 102 
3231.246287500 111 
3231.246843000 119 
3231.247398500 128 
3231.247954000 137 
3231.248509500 147 
3231.249065000 155 
3231.249620500 162 
3231.250176000 168 
3231.250731500 173 
3231.251287000 176 
3231.251842500 179 
3231.252398000 179 
3231.252953500 178 
3231.253509000 175 
3231.254064500 172 
3231.254620000 166 
3231.255175500 159 
3231.255731000 153 
3231.256286500 144 
3231.256842000 136 
3231.257397500 127 
3231.257953000 116 
3231.258508500 108 
3231.259064000 100 
3231.259619500 092 
3231.260175000 088 
3231.260730500 081 
3231.261286000 079 
3231.261841500 076 
3231.262397000 076 
3231.262952500 077 
3231.263508000 078 
3231.264063500 083 
3231.264619000 087 
3231.265174500 095 
3231.265730000 102 
3231.266285500 110 
3231.266841000 120 
3231.267396500 128 
3231.267952000 137 
3231.268507500 145 
3231.269063000 155 
3231.269618500 161 
3231.270174000 168 
3231.270729500 173 
3231.271285000 177 
3231.271840500 179 
3231.272396000 179 
3231.272951500 179 
3231.273507000 175 
3231.274062500 172 
3231.274618000 167 
3231.275173500 160 
3231.275729000 153 
3231.276284500 144 
3231.276840000 136 
3231.277395500 127 
3231.277951000 117 
3231.278506500 108 
3231.279062000 099 
3231.279617500 093 
3231.280173000 087 
3231.280728500 082 
3231.281284000 077 
3231.281839500 077 
3231.282395000 075 
3231.282950500 077 
3231.283506000 079 
3231.284061500 083 
3231.284617000 087 
3231.285172500 095 
3231.285728000 102 
3231.286283500 110 
3231.286839000 119 
3231.287394500 128 
3231.287950000 137 
3231.288505500 146 
3231.289061000 155 
3231.289616500 162 
3231.290172000 168 
3231.290727500 173 
3231.291283000 177 
3231.291838500 179 
3231.292394000 179 
3231.292949500 179 
3231.293505000 175 
3231.294060500 172 
3231.294616000 166 
3231.295171500 160 
3231.295727000 152 
3231.296282500 144 
3231.296838000 135 
3231.297393500 127 
3231.297949000 117 
3231.298504500 108 
3231.299060000 099 
3231.299615500 093 
3231.300171000 086 
3231.300726500 082 
3231.301282000 078 
3231.301837500 076 
3231.302393000 076 
3231.302948500 075 
3231.303504000 080 
3231.304059500 082 
3231.304615000 088 
3231.305170500 095 
3231.305726000 101 
3231.306281500 111 
3231.306837000 118 
3231.307392500 128 
3231.307948000 137 
3231.308503500 147 
3231.309059000 154 
3231.309614500 162 
3231.310170000 168 
3231.310725500 173 
3231.311281000 177 
3231.311836500 179 
3231.312392000 180 
3231.312947500 179 
3231.313503000 176 
3231.314058500 172 
3231.314614000 167 
3231.315169500 160 
3231.315725000 153 
3231.316280500 144 
3231.316836000 136 
3231.317391500 127 
3231.317947000 117 
3231.318502500 109 
3231.319058000 100 
3231.319613500 093 
3231.320169000 088 
3231.320724500 081 
3231.321280000 079 
3231.321835500 076 
3231.322391000 077 
3231.322946500 076 
3231.323502000 079 
3231.324057500 082 
3231.324613000 088 
3231.325168500 095 
3231.325724000 102 
3231.326279500 111 
3231.326835000 119 
3231.327390500 127 
3231.327946000 137 
3231.328501500 146 
3231.329057000 154 
3231.329612500 162 
3231.330168000 168 
3231.330723500 173 
3231.331279000 176 
3231.331834500 179 
3231.332390000 180 
3231.332945500 178 
3231.333501000 176 
3231.334056500 172 
3231.334612000 166 
3231.335167500 160 
3231.335723000 152 
3231.336278500 144 
3231.336834000 135 
3231.337389500 127 
3231.337945000 117 
3231.338500500 108 
3231.339056000 100 
3231.339611500 093 
3231.340167000 086 
3231.340722500 082 
3231.341278000 079 
3231.341833500 076 
3231.342389000 075 
3231.342944500 076 
3231.343500000 079 
3231.344055500 083 
3231.344611000 089 
3231.345166500 094 
3231.345722000 102 
3231.346277500 110 
3231.346833000 119 
3231.347388500 128 
3231.347944000 138 
3231.348499500 146 
3231.349055000 155 
3231.349610500 162 
3231.350166000 168 
3231.350721500 173 
3231.351277000 177 
3231.351832500 179 
3231.352388000 180 
3231.352943500 179 
3231.353499000 176 
3231.354054500 172 
3231.354610000 167 
3231.355165500 160 
3231.355721000 152 
3231.356276500 145 
3231.356832000 135 
3231.357387500 127 
3231.357943000 117 
3231.358498500 108 
3231.359054000 100 
3231.359609500 094 
3231.360165000 087 
3231.360720500 081 
3231.361276000 079 
3231.361831500 075 
3231.362387000 076 
3231.362942500 076 
3231.363498000 079 
3231.364053500 082 
3231.364609000 088 
3231.365164500 094 
3231.365720000 102 
3231.366275500 110 
3231.366831000 119 
3231.367386500 128 
3231.367942000 137 
3231.368497500 146 
3231.369053000 155 
3231.369608500 161 
3231.370164000 167 
3231.370719500 173 
3231.371275000 177 
3231.371830500 179 
3231.372386000 180 
3231.372941500 179 
3231.373497000 176 
3231.374052500 173 
3231.374608000 167 
3231.375163500 160 
3231.375719000 152 
3231.376274500 145 
3231.376830000 135 
3231.377385500 127 
3231.377941000 117 
3231.378496500 108 
3231.379052000 100 
3231.379607500 093 
3231.380163000 088 
3231.380718500 082 
3231.381274000 079 
3231.381829500 076 
3231.382385000 075 
3231.382940500 077 
3231.383496000 078 
3231.384051500 083 
3231.384607000 089 
3231.385162500 094 
3231.385718000 102 
3231.386273500 111 
3231.386829000 118 
3231.387384500 127 
3231.387940000 138 
3231.388495500 145 
3231.389051000 155 
3231.389606500 161 
3231.390162000 168 
3231.390717500 174 
3231.391273000 177 
3231.391828500 178 
3231.392384000 179 
3231.392939500 179 
3231.393495000 175 
3231.394050500 172 
3231.394606000 167 
3231.395161500 160 
3231.395717000 153 
3231.396272500 144 
3231.396828000 136 
3231.397383500 127 
3231.397939000 118 
3231.398494500 109 
3231.399050000 099 
3231.399605500 094 
3231.400161000 087 
3231.400716500 082 
3231.401272000 079 
3231.401827500 076 
3231.402383000 075 
3231.402938500 078 
3231.403494000 078 
3231.404049500 083 
3231.404605000 087 
3231.405160500 095 
3231.405716000 101 
3231.406271500 110 
3231.406827000 118 
3231.407382500 128 
3231.407938000 137 
3231.408493500 146 
3231.409049000 155 
3231.409604500 162 
3231.410160000 167 
3231.410715500 173 
3231.411271000 177 
3231.411826500 178 
3231.412382000 180 
3231.412937500 179 
3231.413493000 175 
3231.414048500 172 
3231.414604000 167 
3231.415159500 160 
3231.415715000 153 
3231.416270500 144 
3231.416826000 136 
3231.417381500 126 
3231.417937000 117 
3231.418492500 109 
3231.419048000 100 
3231.419603500 092 
3231.420159000 088 
3231.420714500 082 
3231.421270000 079 
3231.421825500 076 
3231.422381000 075 
3231.422936500 077 
3231.423492000 078 
3231.424047500 082 
3231.424603000 089 
3231.425158500 093 
3231.425714000 102 
3231.426269500 109 
3231.426825000 119 
3231.427380500 127 
3231.427936000 137 
3231.428491500 146 
3231.429047000 154 
3231.429602500 162 
3231.430158000 168 
3231.430713500 173 
3231.431269000 176 
3231.431824500 179 
3231.432380000 179 
3231.432935500 179 
3231.433491000 176 
3231.434046500 172 
3231.434602000 167 
3231.435157500 161 
3231.435713000 153 
3231.436268500 144 
3231.436824000 136 
3231.437379500 128 
3231.437935000 117 
3231.438490500 108 
3231.439046000 102 
3231.439601500 093 
3231.440157000 088 
3231.440712500 082 
3231.441268000 079 
3231.441823500 076 
3231.442379000 076 
3231.442934500 076 
3231.443490000 079 
3231.444045500 084 
3231.444601000 087 
3231.445156500 095 
3231.445712000 102 
3231.446267500 110 
3231.446823000 119 
3231.447378500 127 
3231.447934000 137 
3231.448489500 145 
3231.449045000 155 
3231.449600500 162 
3231.450156000 167 
3231.450711500 172 
3231.451267000 176 
3231.451822500 179 
3231.452378000 179 
3231.452933500 178 
3231.453489000 176 
3231.454044500 173 
3231.454600000 167 
3231.455155500 160 
3231.455711000 153 
3231.456266500 144 
3231.456822000 135 
3231.457377500 126 
3231.457933000 117 
3231.458488500 110 
3231.459044000 100 
3231.459599500 094 
3231.460155000 088 
3231.460710500 081 
3231.461266000 079 
3231.461821500 076 
3231.462377000 076 
3231.462932500 077 
3231.463488000 078 
3231.464043500 083 
3231.464599000 088 
3231.465154500 094 
3231.465710000 103 
3231.466265500 110 
3231.466821000 119 
3231.467376500 127 
3231.467932000 136 
3231.468487500 146 
3231.469043000 154 
3231.469598500 161 
3231.470154000 167 
3231.470709500 173 
3231.471265000 176 
3231.471820500 178 
3231.472376000 179 
3231.472931500 179 
3231.473487000 176 
3231.474042500 172 
3231.474598000 167 
3231.475153500 159 
3231.475709000 153 
3231.476264500 144 
3231.476820000 136 
3231.477375500 127 
3231.477931000 117 
3231.478486500 109 
3231.479042000 100 
3231.479597500 093 
3231.480153000 087 
3231.480708500 081 
3231.481264000 078 
3231.481819500 077 
3231.482375000 075 
3231.482930500 077 
3231.483486000 079 
3231.484041500 082 
3231.484597000 088 
3231.485152500 094 
3231.485708000 102 
3231.486263500 111 
3231.486819000 118 
3231.487374500 127 
3231.487930000 137 
3231.488485500 146 
3231.489041000 155 
3231.489596500 161 
3231.490152000 168 
3231.490707500 173 
3231.491263000 176 
3231.491818500 179 
3231.492374000 180 
3231.492929500 179 
3231.493485000 176 
3231.494040500 172 
3231.494596000 167 
3231.495151500 160 
3231.495707000 153 
3231.496262500 144 
3231.496818000 136 
3231.497373500 126 
3231.497929000 118 
3231.498484500 109 
3231.499040000 100 
3231.499595500 094 
3231.500151000 086 
3231.500706500 083 
3231.501262000 079 
3231.501817500 076 
3231.502373000 075 
3231.502928500 077 
3231.503484000 078 
3231.504039500 082 
3231.504595000 088 
3231.505150500 094 
3231.505706000 102 
3231.506261500 110 
3231.506817000 118 
3231.507372500 128 
3231.507928000 136 
3231.508483500 146 
3231.509039000 155 
3231.509594500 161 
3231.510150000 168 
3231.510705500 173 
3231.511261000 177 
3231.511816500 178 
3231.512372000 180 
3231.512927500 178 
3231.513483000 176 
3231.514038500 172 
3231.514594000 167 
3231.515149500 160 
3231.515705000 153 
3231.516260500 144 
3231.516816000 135 
3231.517371500 128 
3231.517927000 117 
3231.518482500 109 
3231.519038000 100 
3231.519593500 093 
3231.520149000 087 
3231.520704500 083 
3231.521260000 079 
3231.521815500 076 
3231.522371000 076 
3231.522926500 076 
3231.523482000 079 
3231.524037500 083 
3231.524593000 087 
3231.525148500 094 
3231.525704000 102 
3231.526259500 110 
3231.526815000 119 
3231.527370500 127 
3231.527926000 137 
3231.528481500 146 
3231.529037000 155 
3231.529592500 161 
3231.530148000 168 
3231.530703500 173 
3231.531259000 177 
3231.531814500 178 
3231.532370000 180 
3231.532925500 178 
3231.533481000 176 
3231.534036500 173 
3231.534592000 167 
3231.535147500 160 
3231.535703000 153 
3231.536258500 145 
3231.536814000 135 
3231.537369500 127 
3231.537925000 117 
3231.538480500 109 
3231.539036000 100 
3231.539591500 093 
3231.540147000 088 
3231.540702500 081 
3231.541258000 079 
3231.541813500 076 
3231.542369000 076 
3231.542924500 076 
3231.543480000 079 
3231.544035500 083 
3231.544591000 088 
3231.545146500 095 
3231.545702000 102 
3231.546257500 110 
3231.546813000 118 
3231.547368500 127 
3231.547924000 137 
3231.548479500 145 
3231.549035000 155 
3231.549590500 161 
3231.550146000 168 
3231.550701500 173 
3231.551257000 176 
3231.551812500 179 
3231.552368000 180 
3231.552923500 179 
3231.553479000 176 
3231.554034500 173 
3231.554590000 167 
3231.555145500 161 
3231.555701000 153 
3231.556256500 144 
3231.556812000 136 
3231.557367500 127 
3231.557923000 118 
3231.558478500 109 
3231.559034000 100 
3231.559589500 093 
3231.560145000 088 
3231.560700500 081 
3231.561256000 079 
3231.561811500 077 
3231.562367000 075 
3231.562922500 077 
3231.563478000 078 
3231.564033500 083 
3231.564589000 087 
3231.565144500 094 
3231.565700000 101 
3231.566255500 110 
3231.566811000 118 
3231.567366500 127 
3231.567922000 137 
3231.568477500 145 
3231.569033000 154 
3231.569588500 161 
3231.570144000 168 
3231.570699500 173 
3231.571255000 176 
3231.571810500 178 
3231.572366000 180 
3231.572921500 178 
3231.573477000 177 
3231.574032500 172 
3231.574588000 167 
3231.575143500 161 
3231.575699000 153 
3231.576254500 144 
3231.576810000 136 
3231.577365500 127 
3231.577921000 118 
3231.578476500 110 
3231.579032000 100 
3231.579587500 094 
3231.580143000 086 
3231.580698500 082 
3231.581254000 079 
3231.581809500 075 
3231.582365000 076 
3231.582920500 077 
3231.583476000 078 
3231.584031500 082 
3231.584587000 089 
3231.585142500 093 
3231.585698000 102 
3231.586253500 110 
3231.586809000 118 
3231.587364500 127 
3231.587920000 136 
3231.588475500 146 
3231.589031000 154 
3231.589586500 161 
3231.590142000 168 
3231.590697500 172 
3231.591253000 176 
3231.591808500 179 
3231.592364000 180 
3231.592919500 178 
3231.593475000 175 
3231.594030500 172 
3231.594586000 167 
3231.595141500 161 
3231.595697000 153 
3231.596252500 145 
3231.596808000 136 
3231.597363500 127 
3231.597919000 118 
3231.598474500 108 
3231.599030000 100 
3231.599585500 094 
3231.600141000 086 
3231.600696500 082 
3231.601252000 079 
3231.601807500 076 
3231.602363000 076 
3231.602918500 076 
3231.603474000 078 
3231.604029500 083 
3231.604585000 088 
3231.605140500 093 
3231.605696000 102 
3231.606251500 109 
3231.606807000 119 
3231.607362500 128 
3231.607918000 136 
3231.608473500 145 
3231.609029000 154 
3231.609584500 162 
3231.610140000 168 
3231.610695500 173 
3231.611251000 177 
3231.611806500 179 
3231.612362000 180 
3231.612917500 179 
3231.613473000 176 
3231.614028500 172 
3231.614584000 167 
3231.615139500 160 
3231.615695000 153 
3231.616250500 146 
3231.616806000 136 
3231.617361500 127 
3231.617917000 118 
3231.618472500 108 
3231.619028000 101 
3231.619583500 093 
3231.620139000 087 
3231.620694500 082 
3231.621250000 078 
3231.621805500 076 
3231.622361000 076 
3231.622916500 076 
3231.623472000 080 
3231.624027500 082 
3231.624583000 088 
3231.625138500 094 
3231.625694000 101 
3231.626249500 109 
3231.626805000 118 
3231.627360500 127 
3231.627916000 136 
3231.628471500 146 
3231.629027000 154 
3231.629582500 161 
3231.630138000 168 
3231.630693500 172 
3231.631249000 177 
3231.631804500 179 
3231.632360000 180 
3231.632915500 179 
3231.633471000 176 
3231.634026500 172 
3231.634582000 168 
3231.635137500 160 
3231.635693000 153 
3231.636248500 145 
3231.636804000 135 
3231.637359500 128 
3231.637915000 118 
3231.638470500 109 
3231.639026000 101 
3231.639581500 094 
3231.640137000 087 
3231.640692500 083 
3231.641248000 078 
3231.641803500 077 
3231.642359000 075 
3231.642914500 077 
3231.643470000 079 
3231.644025500 082 
3231.644581000 087 
3231.645136500 095 
3231.645692000 101 
3231.646247500 110 
3231.646803000 118 
3231.647358500 127 
3231.647914000 137 
3231.648469500 146 
3231.649025000 154 
3231.649580500 161 
3231.650136000 168 
3231.650691500 172 
3231.651247000 177 
3231.651802500 179 
3231.652358000 180 
3231.652913500 179 
3231.653469000 175 
3231.654024500 172 
3231.654580000 167 
3231.655135500 161 
3231.655691000 153 
3231.656246500 145 
3231.656802000 137 
3231.657357500 127 
3231.657913000 118 
3231.658468500 110 
3231.659024000 100 
3231.659579500 094 
3231.660135000 087 
3231.660690500 082 
3231.661246000 079 
3231.661801500 076 
3231.662357000 076 
3231.662912500 076 
3231.663468000 080 
3231.664023500 082 
3231.664579000 088 
3231.665134500 094 
3231.665690000 101 
3231.666245500 110 
3231.666801000 118 
3231.667356500 128 
3231.667912000 137 
3231.668467500 145 
3231.669023000 155 
3231.669578500 161 
3231.670134000 168 
3231.670689500 172 
3231.671245000 176 
3231.671800500 179 
3231.672356000 180 
3231.672911500 179 
3231.673467000 176 
3231.674022500 172 
3231.674578000 167 
3231.675133500 161 
3231.675689000 153 
3231.676244500 145 
3231.676800000 136 
3231.677355500 127 
3231.677911000 119 
3231.678466500 109 
3231.679022000 102 
3231.679577500 093 
3231.680133000 088 
3231.680688500 082 
3231.681244000 078 
3231.681799500 076 
3231.682355000 075 
3231.682910500 076 
3231.683466000 078 
3231.684021500 083 
3231.684577000 087 
3231.685132500 094 
3231.685688000 101 
3231.686243500 109 
3231.686799000 119 
3231.687354500 127 
3231.687910000 137 
3231.688465500 145 
3231.689021000 154 
3231.689576500 161 
3231.690132000 168 
3231.690687500 172 
3231.691243000 176 
3231.691798500 179 
3231.692354000 179 
3231.692909500 178 
3231.693465000 177 
3231.694020500 172 
3231.694576000 167 
3231.695131500 161 
3231.695687000 154 
3231.696242500 144 
3231.696798000 136 
3231.697353500 127 
3231.697909000 118 
3231.698464500 109 
3231.699020000 101 
3231.699575500 095 
3231.700131000 087 
3231.700686500 083 
3231.701242000 078 
3231.701797500 076 
3231.702353000 076 
3231.702908500 076 
3231.703464000 078 
3231.704019500 083 
3231.704575000 087 
3231.705130500 094 
3231.705686000 101 
3231.706241500 110 
3231.706797000 118 
3231.707352500 126 
3231.707908000 136 
3231.708463500 145 
3231.709019000 154 
3231.709574500 162 
3231.710130000 167 
3231.710685500 173 
3231.711241000 176 
3231.711796500 178 
3231.712352000 179 
3231.712907500 179 
3231.713463000 177 
3231.714018500 173 
3231.714574000 167 
3231.715129500 161 
3231.715685000 153 
3231.716240500 144 
3231.716796000 136 
3231.717351500 127 
3231.717907000 118 
3231.718462500 109 
3231.719018000 101 
3231.719573500 094 
3231.720129000 087 
3231.720684500 083 
3231.721240000 079 
3231.721795500 076 
3231.722351000 076 
3231.722906500 075 
3231.723462000 080 
3231.724017500 081 
3231.724573000 088 
3231.725128500 093 
3231.725684000 102 
3231.726239500 109 
3231.726795000 118 
3231.727350500 127 
3231.727906000 136 
3231.728461500 145 
3231.729017000 155 
3231.729572500 161 
3231.730128000 168 
3231.730683500 173 
3231.731239000 176 
3231.731794500 179 
3231.732350000 179 
3231.732905500 179 
3231.733461000 176 
3231.734016500 172 
3231.734572000 167 
3231.735127500 160 
3231.735683000 153 
3231.736238500 145 
3231.736794000 136 
3231.737349500 127 
3231.737905000 118 
3231.738460500 109 
3231.739016000 100 
3231.739571500 094 
3231.740127000 087 
3231.740682500 081 
3231.741238000 079 
3231.741793500 076 
3231.742349000 075 
3231.742904500 076 
3231.743460000 078 
3231.744015500 083 
3231.744571000 087 
3231.745126500 093 
3231.745682000 101 
3231.746237500 109 
3231.746793000 118 
3231.747348500 127 
3231.747904000 136 
3231.748459500 146 
3231.749015000 154 
3231.749570500 161 
3231.750126000 167 
3231.750681500 172 
3231.751237000 176 
3231.751792500 178 
3231.752348000 180 
3231.752903500 178 
3231.753459000 177 
3231.754014500 172 
3231.754570000 167 
3231.755125500 161 
3231.755681000 153 
3231.756236500 145 
3231.756792000 137 
3231.757347500 127 
3231.757903000 119 
3231.758458500 109 
3231.759014000 101 
3231.759569500 093 
3231.760125000 088 
3231.760680500 082 
3231.761236000 078 
3231.761791500 077 
3231.762347000 075 
3231.762902500 077 
3231.763458000 078 
3231.764013500 083 
3231.764569000 088 
3231.765124500 093 
3231.765680000 102 
3231.766235500 109 
3231.766791000 119 
3231.767346500 128 
3231.767902000 136 
3231.768457500 146 
3231.769013000 155 
3231.769568500 161 
3231.770124000 168 
3231.770679500 172 
3231.771235000 176 
3231.771790500 179 
3231.772346000 179 
3231.772901500 179 
3231.773457000 176 
3231.774012500 173 
3231.774568000 167 
3231.775123500 161 
3231.775679000 153 
3231.776234500 145 
3231.776790000 136 
3231.777345500 127 
3231.777901000 119 
3231.778456500 109 
3231.779012000 100 
3231.779567500 094 
3231.780123000 088 
3231.780678500 082 
3231.781234000 078 
3231.781789500 077 
3231.782345000 075 
3231.782900500 076 
3231.783456000 079 
3231.784011500 082 
3231.784567000 087 
3231.785122500 094 
3231.785678000 101 
3231.786233500 110 
3231.786789000 119 
3231.787344500 127 
3231.787900000 137 
3231.788455500 145 
3231.789011000 154 
3231.789566500 161 
3231.790122000 168 
3231.790677500 173 
3231.791233000 176 
3231.791788500 179 
3231.792344000 179 
3231.792899500 179 
3231.793455000 176 
3231.794010500 173 
3231.794566000 167 
3231.795121500 160 
3231.795677000 154 
3231.796232500 145 
3231.796788000 136 
3231.797343500 128 
3231.797899000 118 
3231.798454500 109 
3231.799010000 101 
3231.799565500 093 
3231.800121000 088 
3231.800676500 082 
3231.801232000 079 
3231.801787500 076 
3231.802343000 075 
3231.802898500 076 
3231.803454000 079 
3231.804009500 083 
3231.804565000 088 
3231.805120500 094 
3231.805676000 102 
3231.806231500 109 
3231.806787000 118 
3231.807342500 127 
3231.807898000 137 
3231.808453500 146 
3231.809009000 153 
3231.809564500 161 
3231.810120000 167 
3231.810675500 173 
3231.811231000 176 
3231.811786500 179 
3231.812342000 179 
3231.812897500 179 
3231.813453000 177 
3231.814008500 172 
3231.814564000 167 
3231.815119500 161 
3231.815675000 153 
3231.816230500 145 
3231.816786000 137 
3231.817341500 127 
3231.817897000 119 
3231.818452500 110 
3231.819008000 101 
3231.819563500 094 
3231.820119000 087 
3231.820674500 083 
3231.821230000 078 
3231.821785500 077 
3231.822341000 075 
3231.822896500 077 
3231.823452000 078 
3231.824007500 082 
3231.824563000 088 
3231.825118500 093 
3231.825674000 101 
3231.826229500 109 
3231.826785000 119 
3231.827340500 127 
3231.827896000 136 
3231.828451500 145 
3231.829007000 154 
3231.829562500 161 
3231.830118000 167 
3231.830673500 173 
3231.831229000 176 
3231.831784500 179 
3231.832340000 180 
3231.832895500 178 
3231.833451000 177 
3231.834006500 172 
3231.834562000 168 
3231.835117500 161 
3231.835673000 153 
3231.836228500 145 
3231.836784000 136 
3231.837339500 128 
3231.837895000 118 
3231.838450500 110 
3231.839006000 101 
3231.839561500 094 
3231.840117000 088 
3231.840672500 082 
3231.841228000 079 
3231.841783500 076 
3231.842339000 076 
3231.842894500 076 
3231.843450000 078 
3231.844005500 083 
3231.844561000 087 
3231.845116500 094 
3231.845672000 101 
3231.846227500 109 
3231.846783000 118 
3231.847338500 127 
3231.847894000 136 
3231.848449500 145 
3231.849005000 153 
3231.849560500 160 
3231.850116000 168 
3231.850671500 172 
3231.851227000 177 
3231.851782500 179 
3231.852338000 179 
3231.852893500 179 
3231.853449000 177 
3231.854004500 173 
3231.854560000 167 
3231.855115500 161 
3231.855671000 153 
3231.856226500 145 
3231.856782000 136 
3231.857337500 128 
3231.857893000 118 
3231.858448500 110 
3231.859004000 101 
3231.859559500 095 
3231.860115000 087 
3231.860670500 083 
3231.861226000 078 
3231.861781500 076 
3231.862337000 075 
3231.862892500 077 
3231.863448000 078 
3231.864003500 082 
3231.864559000 088 
3231.865114500 094 
3231.865670000 101 
3231.866225500 109 
3231.866781000 119 
3231.867336500 126 
3231.867892000 136 
3231.868447500 145 
3231.869003000 153 
3231.869558500 161 
3231.870114000 167 
3231.870669500 172 
3231.871225000 176 
3231.871780500 179 
3231.872336000 180 
3231.872891500 179 
3231.873447000 176 
3231.874002500 173 
3231.874558000 167 
3231.875113500 161 
3231.875669000 154 
3231.876224500 145 
3231.876780000 136 
3231.877335500 128 
3231.877891000 119 
3231.878446500 108 
3231.879002000 101 
3231.879557500 093 
3231.880113000 088 
3231.880668500 083 
3231.881224000 078 
3231.881779500 077 
3231.882335000 076 
3231.882890500 076 
3231.883446000 079 
3231.884001500 082 
3231.884557000 088 
3231.885112500 094 
3231.885668000 100 
3231.886223500 110 
3231.886779000 117 
3231.887334500 127 
3231.887890000 136 
3231.888445500 145 
3231.889001000 154 
3231.889556500 161 
3231.890112000 167 
3231.890667500 172 
3231.891223000 176 
3231.891778500 179 
3231.892334000 179 
3231.892889500 179 
3231.893445000 176 
3231.894000500 173 
3231.894556000 167 
3231.895111500 161 
3231.895667000 153 
3231.896222500 145 
3231.896778000 137 
3231.897333500 127 
3231.897889000 118 
3231.898444500 109 
3231.899000000 101 
3231.899555500 094 
3231.900111000 088 
3231.900666500 082 
3231.901222000 080 
3231.901777500 076 
3231.902333000 075 
3231.902888500 077 
3231.903444000 078 
3231.903999500 082 
3231.904555000 087 
3231.905110500 094 
3231.905666000 101 
3231.906221500 110 
3231.906777000 117 
3231.907332500 126 
3231.907888000 136 
3231.908443500 145 
3231.908999000 154 
3231.909554500 161 
3231.910110000 167 
3231.910665500 173 
3231.911221000 176 
3231.911776500 178 
3231.912332000 180 
3231.912887500 179 
3231.913443000 176 
3231.913998500 173 
3231.914554000 167 
3231.915109500 161 
3231.915665000 154 
3231.916220500 145 
3231.916776000 136 
3231.917331500 128 
3231.917887000 118 
3231.918442500 110 
3231.918998000 101 
3231.919553500 095 
3231.920109000 087 
3231.920664500 083 
3231.921220000 079 
3231.921775500 076 
3231.922331000 076 
3231.922886500 076 
3231.923442000 078 
3231.923997500 083 
3231.924553000 087 
3231.925108500 094 
3231.925664000 101 
3231.926219500 109 
3231.926775000 117 
3231.927330500 127 
3231.927886000 136 
3231.928441500 144 
3231.928997000 153 
3231.929552500 161 
3231.930108000 167 
3231.930663500 172 
3231.931219000 177 
3231.931774500 178 
3231.932330000 179 
3231.932885500 179 
3231.933441000 177 
3231.933996500 172 
3231.934552000 168 
3231.935107500 161 
3231.935663000 153 
3231.936218500 145 
3231.936774000 137 
3231.937329500 128 
3231.937885000 119 
3231.938440500 110 
3231.938996000 101 
3231.939551500 094 
3231.940107000 088 
3231.940662500 082 
3231.941218000 079 
3231.941773500 076 
3231.942329000 075 
3231.942884500 077 
3231.943440000 077 
3231.943995500 083 
3231.944551000 087 
3231.945106500 094 
3231.945662000 101 
3231.946217500 109 
3231.946773000 118 
3231.947328500 126 
3231.947884000 137 
3231.948439500 145 
3231.948995000 154 
3231.949550500 161 
3231.950106000 167 
3231.950661500 172 
3231.951217000 176 
3231.951772500 179 
3231.952328000 179 
3231.952883500 179 
3231.953439000 176 
3231.953994500 172 
3231.954550000 167 
3231.955105500 161 
3231.955661000 154 
3231.956216500 145 
3231.956772000 136 
3231.957327500 128 
3231.957883000 118 
3231.958438500 110 
3231.958994000 100 
3231.959549500 095 
3231.960105000 087 
3231.960660500 083 
3231.961216000 079 
3231.961771500 077 
3231.962327000 075 
3231.962882500 077 
3231.963438000 078 
3231.963993500 082 
3231.964549000 087 
3231.965104500 093 
3231.965660000 101 
3231.966215500 108 
3231.966771000 117 
3231.967326500 127 
3231.967882000 136 
3231.968437500 145 
3231.968993000 154 
3231.969548500 161 
3231.970104000 167 
3231.970659500 172 
3231.971215000 177 
3231.971770500 178 
3231.972326000 180 
3231.972881500 179 
3231.973437000 176 
3231.973992500 172 
3231.974548000 168 
3231.975103500 160 
3231.975659000 154 
3231.976214500 145 
3231.976770000 137 
3231.977325500 129 
3231.977881000 118 
3231.978436500 110 
3231.978992000 101 
3231.979547500 094 
3231.980103000 087 
3231.980658500 083 
3231.981214000 078 
3231.981769500 076 
3231.982325000 076 
3231.982880500 076 
3231.983436000 079 
3231.983991500 081 
3231.984547000 087 
3231.985102500 095 
3231.985658000 100 
3231.986213500 110 
3231.986769000 118 
3231.987324500 126 
3231.987880000 136 
3231.988435500 145 
3231.988991000 153 
3231.989546500 161 
3231.990102000 167 
3231.990657500 173 
3231.991213000 176 
3231.991768500 178 
3231.992324000 180 
3231.992879500 178 
3231.993435000 177 
3231.993990500 173 
3231.994546000 168 
3231.995101500 161 
3231.995657000 154 
3231.996212500 146 
3231.996768000 137 
3231.997323500 128 
3231.997879000 118 
3231.998434500 109 
3231.998990000 101 
3231.999545500 093 
3232.000101000 088 
3232.000656500 082 
3232.001212000 079 
3232.001767500 076 
3232.002323000 075 
3232.002878500 077 
3232.003434000 078 
3232.003989500 081 
3232.004545000 088 
3232.005100500 093 
3232.005656000 100 
3232.006211500 110 
3232.006767000 118 
3232.007322500 127 
3232.007878000 135 
3232.008433500 145 
3232.008989000 153 
3232.009544500 160 
3232.010100000 167 
3232.010655500 172 
3232.011211000 176 
3232.011766500 179 
3232.012322000 180 
3232.012877500 178 
3232.013433000 177 
3232.013988500 172 
3232.014544000 168 
3232.015099500 161 
3232.015655000 153 
3232.016210500 146 
3232.016766000 136 
3232.017321500 128 
3232.017877000 119 
3232.018432500 110 
3232.018988000 101 
3232.019543500 093 
3232.020099000 088 
3232.020654500 083 
3232.021210000 078 
3232.021765500 076 
3232.022321000 076 
3232.022876500 076 
3232.023432000 079 
3232.023987500 082 
3232.024543000 088 
3232.025098500 093 
3232.025654000 101 
3232.026209500 110 
3232.026765000 118 
3232.027320500 126 
3232.027876000 136 
3232.028431500 144 
3232.028987000 153 
3232.029542500 161 
3232.030098000 167 
3232.030653500 173 
3232.031209000 176 
3232.031764500 179 
3232.032320000 179 
3232.032875500 179 
3232.033431000 177 
3232.033986500 173 
3232.034542000 167 
3232.035097500 161 
3232.035653000 154 
3232.036208500 145 
3232.036764000 137 
3232.037319500 128 
3232.037875000 118 
3232.038430500 110 
3232.038986000 100 
3232.039541500 095 
3232.040097000 088 
3232.040652500 082 
3232.041208000 079 
3232.041763500 076 
3232.042319000 076 
3232.042874500 076 
3232.043430000 079 
3232.043985500 082 
3232.044541000 087 
3232.045096500 093 
3232.045652000 101 
3232.046207500 109 
3232.046763000 118 
3232.047318500 126 
3232.047874000 137 
3232.048429500 144 
3232.048985000 154 
3232.049540500 161 
3232.050096000 167 
3232.050651500 172 
3232.051207000 176 
3232.051762500 179 
3232.052318000 179 
3232.052873500 179 
3232.053429000 176 
3232.053984500 173 
3232.054540000 168 
3232.055095500 161 
3232.055651000 154 
3232.056206500 146 
3232.056762000 136 
3232.057317500 128 
3232.057873000 119 
3232.058428500 110 
3232.058984000 101 
3232.059539500 095 
3232.060095000 088 
3232.060650500 082 
3232.061206000 079 
3232.061761500 076 
3232.062317000 075 
3232.062872500 077 
3232.063428000 078 
3232.063983500 083 
3232.064539000 087 
3232.065094500 094 
3232.065650000 100 
3232.066205500 109 
3232.066761000 118 
3232.067316500 126 
3232.067872000 136 
3232.068427500 145 
3232.068983000 153 
3232.069538500 161 
3232.070094000 167 
3232.070649500 172 
3232.071205000 176 
3232.071760500 178 
3232.072316000 179 
3232.072871500 179 
3232.073427000 176 
3232.073982500 172 
3232.074538000 168 
3232.075093500 161 
3232.075649000 154 
3232.076204500 145 
3232.076760000 137 
3232.077315500 128 
3232.077871000 118 
3232.078426500 110 
3232.078982000 101 
3232.079537500 095 
3232.080093000 088 
3232.080648500 082 
3232.081204000 078 
3232.081759500 077 
3232.082315000 075 
3232.082870500 077 
3232.083426000 078 
3232.083981500 083 
3232.084537000 087 
3232.085092500 093 
3232.085648000 101 
3232.086203500 109 
3232.086759000 118 
3232.087314500 126 
3232.087870000 136 
3232.088425500 145 
3232.088981000 153 
3232.089536500 160 
3232.090092000 167 
3232.090647500 172 
3232.091203000 176 
3232.091758500 179 
3232.092314000 179 
3232.092869500 178 
3232.093425000 177 
3232.093980500 172 
3232.094536000 168 
3232.095091500 161 
3232.095647000 154 
3232.096202500 145 
3232.096758000 137 
3232.097313500 128 
3232.097869000 119 
3232.098424500 110 
3232.098980000 101 
3232.099535500 095 
3232.100091000 088 
3232.100646500 083 
3232.101202000 080 
3232.101757500 076 
3232.102313000 075 
3232.102868500 077 
3232.103424000 079 
3232.103979500 081 
3232.104535000 087 
3232.105090500 094 
3232.105646000 100 
3232.106201500 110 
3232.106757000 117 
3232.107312500 126 
3232.107868000 136 
3232.108423500 144 
3232.108979000 154 
3232.109534500 160 
3232.110090000 167 
3232.110645500 172 
3232.111201000 176 
3232.111756500 178 
3232.112312000 180 
3232.112867500 179 
3232.113423000 176 
3232.113978500 172 
3232.114534000 168 
3232.115089500 161 
3232.115645000 154 
3232.116200500 145 
3232.116756000 137 
3232.117311500 128 
3232.117867000 119 
3232.118422500 109 
3232.118978000 101 
3232.119533500 095 
3232.120089000 087 
3232.120644500 083 
3232.121200000 078 
3232.121755500 077 
3232.122311000 075 
3232.122866500 077 
3232.123422000 078 
3232.123977500 082 
3232.124533000 088 
3232.125088500 093 
3232.125644000 101 
3232.126199500 108 
3232.126755000 118 
3232.127310500 126 
3232.127866000 136 
3232.128421500 145 
3232.128977000 154 
3232.129532500 161 
3232.130088000 167 
3232.130643500 172 
3232.131199000 175 
3232.131754500 179 
3232.132310000 179 
3232.132865500 179 
3232.133421000 176 
3232.133976500 173 
3232.134532000 167 
3232.135087500 161 
3232.135643000 154 
3232.136198500 146 
3232.136754000 138 
3232.137309500 127 
3232.137865000 119 
3232.138420500 110 
3232.138976000 101 
3232.139531500 095 
3232.140087000 087 
3232.140642500 083 
3232.141198000 078 
3232.141753500 076 
3232.142309000 076 
3232.142864500 076 
3232.143420000 079 
3232.143975500 082 
3232.144531000 087 
3232.145086500 094 
3232.145642000 101 
3232.146197500 108 
3232.146753000 118 
3232.147308500 126 
3232.147864000 136 
3232.148419500 145 
3232.148975000 154 
3232.149530500 161 
3232.150086000 167 
3232.150641500 172 
3232.151197000 176 
3232.151752500 179 
3232.152308000 179 
3232.152863500 179 
3232.153419000 176 
3232.153974500 173 
3232.154530000 168 
3232.155085500 161 
3232.155641000 154 
3232.156196500 146 
3232.156752000 137 
3232.157307500 128 
3232.157863000 118 
3232.158418500 110 
3232.158974000 101 
3232.159529500 095 
3232.160085000 087 
3232.160640500 083 
3232.161196000 079 
3232.161751500 077 
3232.162307000 076 
3232.162862500 076 
3232.163418000 078 
3232.163973500 082 
3232.164529000 087 
3232.165084500 094 
3232.165640000 100 
3232.166195500 109 
3232.166751000 117 
3232.167306500 126 
3232.167862000 136 
3232.168417500 145 
3232.168973000 154 
3232.169528500 161 
3232.170084000 168 
3232.170639500 172 
3232.171195000 176 
3232.171750500 179 
3232.172306000 180 
3232.172861500 179 
3232.173417000 177 
3232.173972500 173 
3232.174528000 167 
3232.175083500 161 
3232.175639000 154 
3232.176194500 146 
3232.176750000 137 
3232.177305500 128 
3232.177861000 120 
3232.178416500 109 
3232.178972000 102 
3232.179527500 094 
3232.180083000 088 
3232.180638500 082 
3232.181194000 079 
3232.181749500 076 
3232.182305000 075 
3232.182860500 076 
3232.183416000 079 
3232.183971500 081 
3232.184527000 088 
3232.185082500 093 
3232.185638000 100 
3232.186193500 110 
3232.186749000 117 
3232.187304500 127 
3232.187860000 136 
3232.188415500 145 
3232.188971000 154 
3232.189526500 160 
3232.190082000 167 
3232.190637500 172 
3232.191193000 175 
3232.191748500 178 
3232.192304000 179 
3232.192859500 179 
3232.193415000 177 
3232.193970500 172 
3232.194526000 168 
3232.195081500 161 
3232.195637000 154 
3232.196192500 146 
3232.196748000 136 
3232.197303500 129 
3232.197859000 119 
3232.198414500 110 
3232.198970000 100 
3232.199525500 094 
3232.200081000 088 
3232.200636500 083 
3232.201192000 079 
3232.201747500 076 
3232.202303000 076 
3232.202858500 076 
3232.203414000 078 
3232.203969500 083 
3232.204525000 087 
3232.205080500 094 
3232.205636000 100 
3232.206191500 108 
3232.206747000 118 
3232.207302500 126 
3232.207858000 135 
3232.208413500 144 
3232.208969000 153 
3232.209524500 161 
3232.210080000 167 
3232.210635500 173 
3232.211191000 176 
3232.211746500 178 
3232.212302000 180 
3232.212857500 179 
3232.213413000 176 
3232.213968500 173 
3232.214524000 167 
3232.215079500 162 
3232.215635000 154 
3232.216190500 146 
3232.216746000 137 
3232.217301500 128 
3232.217857000 119 
3232.218412500 110 
3232.218968000 102 
3232.219523500 094 
3232.220079000 088 
3232.220634500 082 
3232.221190000 080 
3232.221745500 076 
3232.222301000 076 
3232.222856500 076 
3232.223412000 079 
3232.223967500 081 
3232.224523000 087 
3232.225078500 094 
3232.225634000 100 
3232.226189500 108 
3232.226745000 117 
3232.227300500 126 
3232.227856000 136 
3232.228411500 144 
3232.228967000 153 
3232.229522500 161 
3232.230078000 167 
3232.230633500 171 
3232.231189000 176 
3232.231744500 178 
3232.232300000 180 
3232.232855500 179 
3232.233411000 176 
3232.233966500 173 
3232.234522000 167 
3232.235077500 161 
3232.235633000 155 
3232.236188500 146 
3232.236744000 137 
3232.237299500 128 
3232.237855000 120 
3232.238410500 110 
3232.238966000 101 
3232.239521500 094 
3232.240077000 089 
3232.240632500 083 
3232.241188000 079 
3232.241743500 077 
3232.242299000 075 
3232.242854500 077 
3232.243410000 079 
3232.243965500 082 
3232.244521000 088 
3232.245076500 093 
3232.245632000 101 
3232.246187500 108 
3232.246743000 117 
3232.247298500 126 
3232.247854000 136 
3232.248409500 144 
3232.248965000 153 
3232.249520500 160 
3232.250076000 167 
3232.250631500 172 
3232.251187000 175 
3232.251742500 178 
3232.252298000 180 
3232.252853500 179 
3232.253409000 176 
3232.253964500 173 
3232.254520000 167 
3232.255075500 162 
3232.255631000 153 
3232.256186500 145 
3232.256742000 138 
3232.257297500 127 
3232.257853000 119 
3232.258408500 109 
3232.258964000 102 
3232.259519500 094 
3232.260075000 088 
3232.260630500 083 
3232.261186000 078 
3232.261741500 077 
3232.262297000 076 
3232.262852500 076 
3232.263408000 078 
3232.263963500 081 
3232.264519000 087 
3232.265074500 093 
3232.265630000 101 
3232.266185500 109 
3232.266741000 117 
3232.267296500 127 
3232.267852000 135 
3232.268407500 145 
3232.268963000 153 
3232.269518500 161 
3232.270074000 167 
3232.270629500 172 
3232.271185000 176 
3232.271740500 179 
3232.272296000 180 
3232.272851500 179 
3232.273407000 176 
3232.273962500 173 
3232.274518000 167 
3232.275073500 162 
3232.275629000 154 
3232.276184500 146 
3232.276740000 138 
3232.277295500 128 
3232.277851000 119 
3232.278406500 109 
3232.278962000 101 
3232.279517500 094 
3232.280073000 088 
3232.280628500 083 
3232.281184000 078 
3232.281739500 076 
3232.282295000 076 
3232.282850500 076 
3232.283406000 078 
3232.283961500 081 
3232.284517000 087 
3232.285072500 094 
3232.285628000 100 
3232.286183500 109 
3232.286739000 117 
3232.287294500 126 
3232.287850000 135 
3232.288405500 144 
3232.288961000 153 
3232.289516500 160 
3232.290072000 167 
3232.290627500 172 
3232.291183000 176 
3232.291738500 178 
3232.292294000 179 
3232.292849500 179 
3232.293405000 177 
3232.293960500 173 
3232.294516000 168 
3232.295071500 161 
3232.295627000 154 
3232.296182500 147 
3232.296738000 137 
3232.297293500 129 
3232.297849000 119 
3232.298404500 111 
3232.298960000 101 
3232.299515500 094 
3232.300071000 088 
3232.300626500 083 
3232.301182000 080 
3232.301737500 076 
3232.302293000 076 
3232.302848500 076 
3232.303404000 078 
3232.303959500 082 
3232.304515000 087 
3232.305070500 093 
3232.305626000 100 
3232.306181500 109 
3232.306737000 118 
3232.307292500 126 
3232.307848000 136 
3232.308403500 144 
3232.308959000 153 
3232.309514500 161 
3232.310070000 166 
3232.310625500 172 
3232.311181000 176 
3232.311736500 178 
3232.312292000 180 
3232.312847500 179 
3232.313403000 177 
3232.313958500 173 
3232.314514000 168 
3232.315069500 161 
3232.315625000 154 
3232.316180500 146 
3232.316736000 137 
3232.317291500 129 
3232.317847000 119 
3232.318402500 111 
3232.318958000 101 
3232.319513500 094 
3232.320069000 088 
3232.320624500 083 
3232.321180000 079 
3232.321735500 076 
3232.322291000 076 
3232.322846500 076 
3232.323402000 078 
3232.323957500 081 
3232.324513000 087 
3232.325068500 093 
3232.325624000 101 
3232.326179500 108 
3232.326735000 117 
3232.327290500 126 
3232.327846000 136 
3232.328401500 145 
3232.328957000 153 
3232.329512500 160 
3232.330068000 167 
3232.330623500 172 
3232.331179000 176 
3232.331734500 179 
3232.332290000 180 
3232.332845500 179 
3232.333401000 176 
3232.333956500 173 
3232.334512000 168 
3232.335067500 161 
3232.335623000 154 
3232.336178500 146 
3232.336734000 137 
3232.337289500 129 
3232.337845000 119 
3232.338400500 109 
3232.338956000 101 
3232.339511500 094 
3232.340067000 088 
3232.340622500 083 
3232.341178000 079 
3232.341733500 076 
3232.342289000 075 
3232.342844500 077 
3232.343400000 078 
3232.343955500 082 
3232.344511000 087 
3232.345066500 093 
3232.345622000 101 
3232.346177500 108 
3232.346733000 117 
3232.347288500 127 
3232.347844000 135 
3232.348399500 145 
3232.348955000 153 
3232.349510500 160 
3232.350066000 167 
3232.350621500 172 
3232.351177000 177 
3232.351732500 178 
3232.352288000 180 
3232.352843500 178 
3232.353399000 177 
3232.353954500 173 
3232.354510000 168 
3232.355065500 161 
3232.355621000 154 
3232.356176500 146 
3232.356732000 137 
3232.357287500 128 
3232.357843000 119 
3232.358398500 110 
3232.358954000 102 
3232.359509500 094 
3232.360065000 088 
3232.360620500 083 
3232.361176000 079 
3232.361731500 077 
3232.362287000 075 
3232.362842500 076 
3232.363398000 078 
3232.363953500 082 
3232.364509000 087 
3232.365064500 093 
3232.365620000 100 
3232.366175500 109 
3232.366731000 118 
3232.367286500 125 
3232.367842000 136 
3232.368397500 144 
3232.368953000 153 
3232.369508500 160 
3232.370064000 166 
3232.370619500 172 
3232.371175000 175 
3232.371730500 178 
3232.372286000 179 
3232.372841500 179 
3232.373397000 177 
3232.373952500 173 
3232.374508000 168 
3232.375063500 161 
3232.375619000 155 
3232.376174500 145 
3232.376730000 137 
3232.377285500 128 
3232.377841000 119 
3232.378396500 111 
3232.378952000 101 
3232.379507500 095 
3232.380063000 088 
3232.380618500 083 
3232.381174000 080 
3232.381729500 076 
3232.382285000 076 
3232.382840500 076 
3232.383396000 078 
3232.383951500 081 
3232.384507000 087 
3232.385062500 094 
3232.385618000 100 
3232.386173500 109 
3232.386729000 117 
3232.387284500 127 
3232.387840000 135 
3232.388395500 144 
3232.388951000 153 
3232.389506500 161 
3232.390062000 166 
3232.390617500 172 
3232.391173000 176 
3232.391728500 178 
3232.392284000 179 
3232.392839500 178 
3232.393395000 177 
3232.393950500 173 
3232.394506000 168 
3232.395061500 161 
3232.395617000 154 
3232.396172500 146 
3232.396728000 137 
3232.397283500 128 
3232.397839000 119 
3232.398394500 109 
3232.398950000 102 
3232.399505500 094 
3232.400061000 089 
3232.400616500 082 
3232.401172000 079 
3232.401727500 077 
3232.402283000 075 
3232.402838500 077 
3232.403394000 078 
3232.403949500 082 
3232.404505000 087 
3232.405060500 093 
3232.405616000 100 
3232.406171500 109 
3232.406727000 118 
3232.407282500 126 
3232.407838000 136 
3232.408393500 144 
3232.408949000 153 
3232.409504500 161 
3232.410060000 167 
3232.410615500 172 
3232.411171000 176 
3232.411726500 179 
3232.412282000 179 
3232.412837500 179 
3232.413393000 177 
3232.413948500 173 
3232.414504000 168 
3232.415059500 161 
3232.415615000 154 
3232.416170500 146 
3232.416726000 137 
3232.417281500 128 
3232.417837000 119 
3232.418392500 110 
3232.418948000 101 
3232.419503500 095 
3232.420059000 088 
3232.420614500 084 
3232.421170000 079 
3232.421725500 077 
3232.422281000 076 
3232.422836500 075 
3232.423392000 078 
3232.423947500 081 
3232.424503000 086 
3232.425058500 094 
3232.425614000 099 
3232.426169500 109 
3232.426725000 117 
3232.427280500 125 
3232.427836000 136 
3232.428391500 144 
3232.428947000 154 
3232.429502500 160 
3232.430058000 166 
3232.430613500 172 
3232.431169000 176 
3232.431724500 179 
3232.432280000 179 
3232.432835500 179 
3232.433391000 177 
3232.433946500 173 
3232.434502000 168 
3232.435057500 161 
3232.435613000 155 
3232.436168500 146 
3232.436724000 137 
3232.437279500 129 
3232.437835000 119 
3232.438390500 111 
3232.438946000 101 
3232.439501500 095 
3232.440057000 089 
3232.440612500 082 
3232.441168000 079 
3232.441723500 078 
3232.442279000 075 
3232.442834500 077 
3232.443390000 079 
3232.443945500 082 
3232.444501000 087 
3232.445056500 093 
3232.445612000 100 
3232.446167500 109 
3232.446723000 116 
3232.447278500 126 
3232.447834000 135 
3232.448389500 144 
3232.448945000 154 
3232.449500500 160 
3232.450056000 167 
3232.450611500 171 
3232.451167000 176 
3232.451722500 179 
3232.452278000 179 
3232.452833500 178 
3232.453389000 177 
3232.453944500 174 
3232.454500000 168 
3232.455055500 162 
3232.455611000 154 
3232.456166500 147 
3232.456722000 137 
3232.457277500 128 
3232.457833000 120 
3232.458388500 110 
3232.458944000 102 
3232.459499500 094 
3232.460055000 089 
3232.460610500 083 
3232.461166000 079 
3232.461721500 076 
3232.462277000 075 
3232.462832500 077 
3232.463388000 078 
3232.463943500 082 
3232.464499000 087 
3232.465054500 092 
3232.465610000 101 
3232.466165500 108 
3232.466721000 117 
3232.467276500 126 
3232.467832000 135 
3232.468387500 145 
3232.468943000 153 
3232.469498500 160 
3232.470054000 167 
3232.470609500 171 
3232.471165000 176 
3232.471720500 179 
3232.472276000 179 
3232.472831500 179 
3232.473387000 177 
3232.473942500 174 
3232.474498000 168 
3232.475053500 161 
3232.475609000 155 
3232.476164500 146 
3232.476720000 137 
3232.477275500 129 
3232.477831000 119 
3232.478386500 111 
3232.478942000 101 
3232.479497500 095 
3232.480053000 088 
3232.480608500 082 
3232.481164000 080 
3232.481719500 076 
3232.482275000 076 
3232.482830500 076 
3232.483386000 079 
3232.483941500 081 
3232.484497000 087 
3232.485052500 093 
3232.485608000 100 
3232.486163500 108 
3232.486719000 117 
3232.487274500 126 
3232.487830000 135 
3232.488385500 144 
3232.488941000 154 
3232.489496500 159 
3232.490052000 167 
3232.490607500 172 
3232.491163000 176 
3232.491718500 179 
3232.492274000 179 
3232.492829500 179 
3232.493385000 177 
3232.493940500 174 
3232.494496000 168 
3232.495051500 162 
3232.495607000 154 
3232.496162500 147 
3232.496718000 137 
3232.497273500 129 
3232.497829000 119 
3232.498384500 110 
3232.498940000 102 
3232.499495500 094 
3232.500051000 089 
3232.500606500 083 
3232.501162000 079 
3232.501717500 077 
3232.502273000 076 
3232.502828500 075 
3232.503384000 079 
3232.503939500 080 
3232.504495000 088 
3232.505050500 093 
3232.505606000 100 
3232.506161500 108 
3232.506717000 117 
3232.507272500 126 
3232.507828000 136 
3232.508383500 144 
3232.508939000 153 
3232.509494500 159 
3232.510050000 167 
3232.510605500 172 
3232.511161000 175 
3232.511716500 178 
3232.512272000 180 
3232.512827500 178 
3232.513383000 177 
3232.513938500 173 
3232.514494000 168 
3232.515049500 161 
3232.515605000 154 
3232.516160500 146 
3232.516716000 137 
3232.517271500 128 
3232.517827000 119 
3232.518382500 110 
3232.518938000 101 
3232.519493500 094 
3232.520049000 089 
3232.520604500 082 
3232.521160000 079 
3232.521715500 090 
3232.522271000 105 
3232.522826500 113 
3232.523382000 114 
3232.523937500 115 
3232.524493000 117 
3232.525048500 117 
3232.525604000 118 
3232.526159500 119 
3232.526715000 121 
3232.527270500 120 
3232.527826000 121 
3232.528381500 122 
3232.528937000 123 
3232.529492500 123 
3232.530048000 123 
3232.530603500 124 
3232.531159000 124 
3232.531714500 125 
3232.532270000 124 
3232.532825500 125 
3232.533381000 125 
3232.533936500 125 
3232.534492000 126 
3232.535047500 126 
3232.535603000 126 
3232.536158500 127 
3232.536714000 126 
3232.537269500 127 
3232.537825000 127 
3232.538380500 126 
3232.538936000 126 
3232.539491500 126 
3232.540047000 127 
3232.540602500 127 
3232.541158000 127 
3232.541713500 127 
3232.542269000 127 
3232.542824500 127 
3232.543380000 127 
3232.543935500 127 
3232.544491000 127 
3232.545046500 127 
3232.545602000 127 
3232.546157500 127 
3232.546713000 128 
3232.547268500 127 
3232.547824000 128 
3232.548379500 127 
3232.548935000 128 
3232.549490500 128 
3232.550046000 127 
3232.550601500 128 
3232.551157000 127 
3232.551712500 128 
3232.552268000 128 
3232.552823500 127 
3232.553379000 128 
3232.553934500 127 
3232.554490000 128 
3232.555045500 127 
3232.555601000 127 
3232.556156500 127 
3232.556712000 127 
3232.557267500 127 
3232.557823000 127 
3232.558378500 128 
3232.558934000 126 
3232.559489500 127 
3232.560045000 128 
3232.560600500 127 
3232.561156000 128 
3232.561711500 128 
3232.562267000 127 
3232.562822500 127 
3232.563378000 128 
3232.563933500 127 
3232.564489000 128 
3232.565044500 127 
3232.565600000 128 
3232.566155500 127 
3232.566711000 128 
3232.567266500 127 
3232.567822000 128 
3232.568377500 128 
3232.568933000 128 
3232.569488500 128 
3232.570044000 128 
3232.570599500 127 
3232.571155000 128 
3232.571710500 127 
3232.572266000 127 
3232.572821500 128 
3232.573377000 127 
3232.573932500 127 
3232.574488000 128 
3232.575043500 127 
3232.575599000 127 
3232.576154500 128 
3232.576710000 127 
3232.577265500 128 
3232.577821000 128 
3232.578376500 127 
3232.578932000 127 
3232.579487500 129 
3232.580043000 127 
3232.580598500 128 
3232.581154000 127 
3232.581709500 128 
3232.582265000 128 
3232.582820500 127 
3232.583376000 128 
3232.583931500 127 
3232.584487000 128 
3232.585042500 127 
3232.585598000 128 
3232.586153500 128 
3232.586709000 127 
3232.587264500 128 
3232.587820000 127 
3232.588375500 127 
3232.588931000 129 
3232.589486500 127 
3232.590042000 128 
3232.590597500 127 
3232.591153000 127 
3232.591708500 128 
3232.592264000 127 
3232.592819500 127 
3232.593375000 127 
3232.593930500 128 
3232.594486000 127 
3232.595041500 127 
3232.595597000 128 
3232.596152500 127 
3232.596708000 128 
3232.597263500 127 
3232.597819000 128 
3232.598374500 127 
3232.598930000 127 
3232.599485500 127 
3232.600041000 128 
3232.600596500 127 
3232.601152000 128 
3232.601707500 128 
3232.602263000 127 
3232.602818500 128 
3232.603374000 128 
3232.603929500 127 
3232.604485000 128 
3232.605040500 128 
3232.605596000 127 
3232.606151500 128 
3232.606707000 127 
3232.607262500 127 
3232.607818000 127 
3232.608373500 128 
3232.608929000 128 
3232.609484500 128 
3232.610040000 128 
3232.610595500 127 
3232.611151000 127 
3232.611706500 127 
3232.612262000 127 
3232.612817500 128 
3232.613373000 127 
3232.613928500 127 
3232.614484000 127 
3232.615039500 127 
3232.615595000 128 
3232.616150500 127 
3232.616706000 128 
3232.617261500 128 
3232.617817000 127 
3232.618372500 127 
3232.618928000 126 
3232.619483500 128 
3232.620039000 127 
3232.620594500 128 
3232.621150000 127 
3232.621705500 127 
3232.622261000 128 
3232.622816500 127 
3232.623372000 128 
3232.623927500 127 
3232.624483000 128 
3232.625038500 127 
3232.625594000 128 
3232.626149500 127 
3232.626705000 128 
3232.627260500 128 
3232.627816000 127 
3232.628371500 128 
3232.628927000 129 
3232.629482500 128 
3232.630038000 128 
3232.630593500 127 
3232.631149000 127 
3232.631704500 128 
3232.632260000 127 
3232.632815500 128 
3232.633371000 127 
3232.633926500 128 
3232.634482000 127 
3232.635037500 128 
3232.635593000 127 
3232.636148500 128 
3232.636704000 127 
3232.637259500 127 
3232.637815000 127 
3232.638370500 128 
3232.638926000 126 
3232.639481500 127 
3232.640037000 128 
3232.640592500 127 
3232.641148000 128 
3232.641703500 127 
3232.642259000 127 
3232.642814500 128 
3232.643370000 128 
3232.643925500 128 
3232.644481000 127 
3232.645036500 128 
3232.645592000 127 
3232.646147500 128 
3232.646703000 127 
3232.647258500 128 
3232.647814000 128 
3232.648369500 127 
3232.648925000 129 
3232.649480500 128 
3232.650036000 127 
3232.650591500 128 
3232.651147000 127 
3232.651702500 127 
3232.652258000 128 
3232.652813500 127 
3232.653369000 128 
3232.653924500 127 
3232.654480000 128 
3232.655035500 128 
3232.655591000 128 
3232.656146500 127 
3232.656702000 128 
3232.657257500 127 
3232.657813000 127 
3232.658368500 128 
3232.658924000 126 
3232.659479500 128 
3232.660035000 127 
3232.660590500 128 
3232.661146000 127 
3232.661701500 128 
3232.662257000 127 
3232.662812500 128 
3232.663368000 128 
3232.663923500 127 
3232.664479000 128 
3232.665034500 127 
3232.665590000 128 
3232.666145500 127 
3232.666701000 128 
3232.667256500 127 
3232.667812000 128 
3232.668367500 127 
3232.668923000 128 
3232.669478500 128 
3232.670034000 127 
3232.670589500 128 
3232.671145000 127 
3232.671700500 128 
3232.672256000 128 
3232.672811500 127 
3232.673367000 128 
3232.673922500 127 
3232.674478000 128 
3232.675033500 127 
3232.675589000 128 
3232.676144500 127 
3232.676700000 127 
3232.677255500 128 
3232.677811000 127 
3232.678366500 127 
3232.678922000 126 
3232.679477500 127 
3232.680033000 127 
3232.680588500 128 
3232.681144000 128 
3232.681699500 127 
3232.682255000 127 
3232.682810500 128 
3232.683366000 127 
3232.683921500 128 
3232.684477000 127 
3232.685032500 128 
3232.685588000 127 
3232.686143500 127 
3232.686699000 128 
3232.687254500 127 
3232.687810000 127 
3232.688365500 127 
3232.688921000 128 
3232.689476500 128 
3232.690032000 128 
3232.690587500 127 
3232.691143000 128 
3232.691698500 127 
3232.692254000 128 
3232.692809500 127 
3232.693365000 127 
3232.693920500 127 
3232.694476000 128 
3232.695031500 127 
3232.695587000 128 
3232.696142500 127 
3232.696698000 127 
3232.697253500 129 
3232.697809000 127 
3232.698364500 128 
3232.698920000 127 
3232.699475500 127 
3232.700031000 128 
3232.700586500 127 
3232.701142000 127 
3232.701697500 127 
3232.702253000 128 
3232.702808500 127 
3232.703364000 127 
3232.703919500 128 
3232.704475000 127 
3232.705030500 127 
3232.705586000 128 
3232.706141500 127 
3232.706697000 128 
3232.707252500 128 
3232.707808000 127 
3232.708363500 127 
3232.708919000 128 
3232.709474500 127 
3232.710030000 128 
3232.710585500 127 
3232.711141000 127 
3232.711696500 127 
3232.712252000 127 
3232.712807500 128 
3232.713363000 127 
3232.713918500 128 
3232.714474000 128 
3232.715029500 127 
3232.715585000 127 
3232.716140500 128 
3232.716696000 128 
3232.717251500 128 
3232.717807000 127 
3232.718362500 128 
3232.718918000 127 
3232.719473500 127 
3232.720029000 128 
3232.720584500 128 
3232.721140000 128 
3232.721695500 127 
3232.722251000 127 
3232.722806500 127 
3232.723362000 128 
3232.723917500 127 
3232.724473000 127 
3232.725028500 127 
3232.725584000 128 
3232.726139500 128 
3232.726695000 127 
3232.727250500 128 
3232.727806000 127 
3232.728361500 128 
3232.728917000 129 
3232.729472500 127 
3232.730028000 128 
3232.730583500 127 
3232.731139000 128 
3232.731694500 127 
3232.732250000 128 
3232.732805500 127 
3232.733361000 127 
3232.733916500 128 
3232.734472000 127 
3232.735027500 128 
3232.735583000 128 
3232.736138500 127 
3232.736694000 127 
3232.737249500 128 
3232.737805000 127 
3232.738360500 127 
3232.738916000 127 
3232.739471500 127 
3232.740027000 127 
3232.740582500 128 
3232.741138000 127 
3232.741693500 127 
3232.742249000 128 
3232.742804500 127 
3232.743360000 128 
3232.743915500 127 
3232.744471000 127 
3232.745026500 128 
3232.745582000 127 
3232.746137500 128 
3232.746693000 127 
3232.747248500 128 
3232.747804000 127 
3232.748359500 128 
3232.748915000 129 
3232.749470500 127 
3232.750026000 128 
3232.750581500 127 
3232.751137000 127 
3232.751692500 128 
3232.752248000 128 
3232.752803500 127 
3232.753359000 127 
3232.753914500 128 
3232.754470000 127 
3232.755025500 128 
3232.755581000 128 
3232.756136500 127 
3232.756692000 128 
3232.757247500 127 
3232.757803000 128 
3232.758358500 127 
3232.758914000 127 
3232.759469500 127 
3232.760025000 128 
3232.760580500 127 
3232.761136000 128 
3232.761691500 127 
3232.762247000 128 
3232.762802500 127 
3232.763358000 127 
3232.763913500 127 
3232.764469000 128 
3232.765024500 127 
3232.765580000 127 
3232.766135500 128 
3232.766691000 127 
3232.767246500 127 
3232.767802000 128 
3232.768357500 127 
3232.768913000 129 
3232.769468500 128 
3232.770024000 127 
3232.770579500 127 
3232.771135000 128 
3232.771690500 128 
3232.772246000 127 
3232.772801500 128 
3232.773357000 127 
3232.773912500 128 
3232.774468000 128 
3232.775023500 127 
3232.775579000 128 
3232.776134500 127 
3232.776690000 128 
3232.777245500 128 
3232.777801000 127 
3232.778356500 128 
3232.778912000 127 
3232.779467500 127 
3232.780023000 128 
3232.780578500 127 
3232.781134000 128 
3232.781689500 127 
3232.782245000 128 
3232.782800500 127 
3232.783356000 128 
3232.783911500 127 
3232.784467000 127 
3232.785022500 127 
3232.785578000 127 
3232.786133500 127 
3232.786689000 128 
3232.787244500 127 
3232.787800000 127 
3232.788355500 128 
3232.788911000 128 
3232.789466500 127 
3232.790022000 128 
3232.790577500 127 
3232.791133000 128 
3232.791688500 127 
3232.792244000 128 
3232.792799500 127 
3232.793355000 127 
3232.793910500 127 
3232.794466000 127 
3232.795021500 127 
3232.795577000 127 
3232.796132500 128 
3232.796688000 127 
3232.797243500 128 
3232.797799000 127 
3232.798354500 127 
3232.798910000 127 
3232.799465500 127 
3232.800021000 128 
3232.800576500 127 
3232.801132000 128 
3232.801687500 127 
3232.802243000 127 
3232.802798500 128 
3232.803354000 127 
3232.803909500 128 
3232.804465000 127 
3232.805020500 127 
3232.805576000 128 
3232.806131500 127 
3232.806687000 128 
3232.807242500 127 
3232.807798000 127 
3232.808353500 128 
3232.808909000 128 
3232.809464500 128 
3232.810020000 127 
3232.810575500 127 
3232.811131000 127 
3232.811686500 128 
3232.812242000 127 
3232.812797500 127 
3232.813353000 128 
3232.813908500 127 
3232.814464000 127 
3232.815019500 128 
3232.815575000 127 
3232.816130500 128 
3232.816686000 127 
3232.817241500 128 
3232.817797000 127 
3232.818352500 127 
3232.818908000 127 
3232.819463500 127 
3232.820019000 128 
3232.820574500 127 
3232.821130000 127 
3232.821685500 127 
3232.822241000 128 
3232.822796500 127 
3232.823352000 128 
3232.823907500 127 
3232.824463000 128 
3232.825018500 128 
3232.825574000 127 
3232.826129500 128 
3232.826685000 127 
3232.827240500 126 
3232.827796000 129 
3232.828351500 127 
3232.828907000 129 
3232.829462500 127 
3232.830018000 128 
3232.830573500 127 
3232.831129000 127 
3232.831684500 127 
3232.832240000 127 
3232.832795500 128 
3232.833351000 127 
3232.833906500 128 
3232.834462000 127 
3232.835017500 127 
3232.835573000 128 
3232.836128500 127 
3232.836684000 127 
3232.837239500 128 
3232.837795000 128 
3232.838350500 127 
3232.838906000 127 
3232.839461500 128 
3232.840017000 127 
3232.840572500 128 
3232.841128000 127 
3232.841683500 128 
3232.842239000 127 
3232.842794500 127 
3232.843350000 128 
3232.843905500 127 
3232.844461000 128 
3232.845016500 127 
3232.845572000 127 
3232.846127500 127 
3232.846683000 127 
3232.847238500 127 
3232.847794000 127 
3232.848349500 127 
3232.848905000 128 
3232.849460500 127 
3232.850016000 128 
3232.850571500 127 
3232.851127000 127 
3232.851682500 127 
3232.852238000 128 
3232.852793500 128 
3232.853349000 127 
3232.853904500 127 
3232.854460000 128 
3232.855015500 127 
3232.855571000 128 
3232.856126500 127 
3232.856682000 127 
3232.857237500 128 
3232.857793000 127 
3232.858348500 128 
3232.858904000 126 
3232.859459500 128 
3232.860015000 127 
3232.860570500 127 
3232.861126000 128 
3232.861681500 127 
3232.862237000 127 
3232.862792500 127 
3232.863348000 128 
3232.863903500 127 
3232.864459000 128 
3232.865014500 127 
3232.865570000 128 
3232.866125500 127 
3232.866681000 127 
3232.867236500 128 
3232.867792000 127 
3232.868347500 127 
3232.868903000 128 
3232.869458500 127 
3232.870014000 127 
3232.870569500 128 
3232.871125000 127 
3232.871680500 127 
3232.872236000 128 
3232.872791500 127 
3232.873347000 128 
3232.873902500 127 
3232.874458000 127 
3232.875013500 128 
3232.875569000 127 
3232.876124500 128 
3232.876680000 127 
3232.877235500 128 
3232.877791000 128 
3232.878346500 128 
3232.878902000 127 
3232.879457500 128 
3232.880013000 128 
3232.880568500 127 
3232.881124000 128 
3232.881679500 127 
3232.882235000 128 
3232.882790500 127 
3232.883346000 128 
3232.883901500 127 
3232.884457000 128 
3232.885012500 127 
3232.885568000 127 
3232.886123500 128 
3232.886679000 127 
3232.887234500 128 
3232.887790000 127 
3232.888345500 128 
3232.888901000 128 
3232.889456500 127 
3232.890012000 128 
3232.890567500 127 
3232.891123000 128 
3232.891678500 127 
3232.892234000 128 
3232.892789500 128 
3232.893345000 127 
3232.893900500 128 
3232.894456000 127 
3232.895011500 127 
3232.895567000 127 
3232.896122500 127 
3232.896678000 127 
3232.897233500 127 
3232.897789000 128 
3232.898344500 127 
3232.898900000 127 
3232.899455500 127 
3232.900011000 128 
3232.900566500 127 
3232.901122000 127 
3232.901677500 128 
3232.902233000 127 
3232.902788500 127 
3232.903344000 127 
3232.903899500 128 
3232.904455000 127 
3232.905010500 127 
3232.905566000 127 
3232.906121500 128 
3232.906677000 127 
3232.907232500 128 
3232.907788000 127 
3232.908343500 127 
3232.908899000 129 
3232.909454500 127 
3232.910010000 128 
3232.910565500 127 
3232.911121000 128 
3232.911676500 128 
3232.912232000 128 
3232.912787500 128 
3232.913343000 127 
3232.913898500 128 
3232.914454000 127 
3232.915009500 128 
3232.915565000 127 
3232.916120500 128 
3232.916676000 128 
3232.917231500 127 
3232.917787000 127 
3232.918342500 127 
3232.918898000 126 
3232.919453500 127 
3232.920009000 127 
3232.920564500 127 
3232.921120000 128 
3232.921675500 127 
3232.922231000 127 
3232.922786500 127 
3232.923342000 127 
3232.923897500 127 
3232.924453000 128 
3232.925008500 127 
3232.925564000 128 
3232.926119500 127 
3232.926675000 128 
3232.927230500 127 
3232.927786000 127 
3232.928341500 128 
3232.928897000 128 
3232.929452500 127 
3232.930008000 127 
3232.930563500 128 
3232.931119000 127 
3232.931674500 128 
3232.932230000 127 
3232.932785500 128 
3232.933341000 127 
3232.933896500 127 
3232.934452000 128 
3232.935007500 128 
3232.935563000 127 
3232.936118500 127 
3232.936674000 128 
3232.937229500 127 
3232.937785000 127 
3232.938340500 128 
3232.938896000 126 
3232.939451500 128 
3232.940007000 127 
3232.940562500 128 
3232.941118000 127 
3232.941673500 127 
3232.942229000 128 
3232.942784500 127 
3232.943340000 128 
3232.943895500 127 
3232.944451000 127 
3232.945006500 127 
3232.945562000 128 
3232.946117500 127 
3232.946673000 128 
3232.947228500 128 
3232.947784000 127 
3232.948339500 128 
3232.948895000 127 
3232.949450500 128 
3232.950006000 127 
3232.950561500 128 
3232.951117000 128 
3232.951672500 128 
3232.952228000 127 
3232.952783500 127 
3232.953339000 127 
3232.953894500 128 
3232.954450000 127 
3232.955005500 128 
3232.955561000 127 
3232.956116500 127 
3232.956672000 127 
3232.957227500 127 
3232.957783000 128 
3232.958338500 127 
3232.958894000 127 
3232.959449500 128 
3232.960005000 128 
3232.960560500 127 
3232.961116000 128 
3232.961671500 127 
3232.962227000 128 
3232.962782500 127 
3232.963338000 128 
3232.963893500 127 
3232.964449000 128 
3232.965004500 127 
3232.965560000 127 
3232.966115500 128 
3232.966671000 127 
3232.967226500 127 
3232.967782000 128 
3232.968337500 126 
3232.968893000 129 
3232.969448500 127 
3232.970004000 127 
3232.970559500 127 
3232.971115000 127 
3232.971670500 128 
3232.972226000 127 
3232.972781500 128 
3232.973337000 127 
3232.973892500 128 
3232.974448000 127 
3232.975003500 127 
3232.975559000 128 
3232.976114500 127 
3232.976670000 127 
3232.977225500 127 
3232.977781000 127 
3232.978336500 128 
3232.978892000 126 
3232.979447500 127 
3232.980003000 128 
3232.980558500 127 
3232.981114000 128 
3232.981669500 127 
3232.982225000 127 
3232.982780500 127 
3232.983336000 128 
3232.983891500 127 
3232.984447000 128 
3232.985002500 127 
3232.985558000 128 
3232.986113500 127 
3232.986669000 128 
3232.987224500 127 
3232.987780000 127 
3232.988335500 128 
3232.988891000 128 
3232.989446500 128 
3232.990002000 127 
3232.990557500 128 
3232.991113000 127 
3232.991668500 128 
3232.992224000 128 
3232.992779500 127 
3232.993335000 128 
3232.993890500 127 
3232.994446000 127 
3232.995001500 127 
3232.995557000 128 
3232.996112500 127 
3232.996668000 128 
3232.997223500 127 
3232.997779000 128 
3232.998334500 127 
3232.998890000 126 
3232.999445500 128 
3233.000001000 127 
3233.000556500 128 
3233.001112000 127 
3233.001667500 127 
3233.002223000 127 
3233.002778500 127 
3233.003334000 128 
3233.003889500 127 
3233.004445000 128 
3233.005000500 128 
3233.005556000 127 
3233.006111500 127 
3233.006667000 128 
3233.007222500 127 
3233.007778000 128 
3233.008333500 128 
3233.008889000 128 
3233.009444500 128 
3233.010000000 127 
3233.010555500 127 
3233.011111000 127 
3233.011666500 128 
3233.012222000 127 
3233.012777500 127 
3233.013333000 128 
3233.013888500 128 
3233.014444000 128 
3233.014999500 127 
3233.015555000 127 
3233.016110500 128 
3233.016666000 127 
3233.017221500 128 
3233.017777000 128 
3233.018332500 127 
3233.018888000 128 
3233.019443500 127 
3233.019999000 127 
3233.020554500 128 
3233.021110000 127 
3233.021665500 128 
3233.022221000 128 
3233.022776500 127 
3233.023332000 127 
3233.023887500 128 
3233.024443000 127 
3233.024998500 128 
3233.025554000 127 
3233.026109500 128 
3233.026665000 127 
3233.027220500 127 
3233.027776000 128 
3233.028331500 127 
3233.028887000 129 
3233.029442500 127 
3233.029998000 127 
3233.030553500 127 
3233.031109000 128 
3233.031664500 127 
3233.032220000 128 
3233.032775500 128 
3233.033331000 127 
3233.033886500 128 
3233.034442000 128 
3233.034997500 127 
3233.035553000 128 
3233.036108500 128 
3233.036664000 127 
3233.037219500 128 
3233.037775000 127 
3233.038330500 127 
3233.038886000 127 
3233.039441500 127 
3233.039997000 127 
3233.040552500 128 
3233.041108000 127 
3233.041663500 128 
3233.042219000 127 
3233.042774500 127 
3233.043330000 128 
3233.043885500 127 
3233.044441000 128 
3233.044996500 127 
3233.045552000 128 
3233.046107500 127 
3233.046663000 128 
3233.047218500 127 
3233.047774000 128 
3233.048329500 127 
3233.048885000 128 
3233.049440500 127 
3233.049996000 128 
3233.050551500 127 
3233.051107000 127 
3233.051662500 128 
3233.052218000 127 
3233.052773500 127 
3233.053329000 128 
3233.053884500 127 
3233.054440000 128 
3233.054995500 127 
3233.055551000 127 
3233.056106500 128 
3233.056662000 128 
3233.057217500 128 
3233.057773000 128 
3233.058328500 127 
3233.058884000 126 
3233.059439500 127 
3233.059995000 128 
3233.060550500 127 
3233.061106000 127 
3233.061661500 127 
3233.062217000 127 
3233.062772500 128 
3233.063328000 127 
3233.063883500 127 
3233.064439000 128 
3233.064994500 127 
3233.065550000 127 
3233.066105500 128 
3233.066661000 127 
3233.067216500 127 
3233.067772000 127 
3233.068327500 128 
3233.068883000 128 
3233.069438500 127 
3233.069994000 127 
3233.070549500 127 
3233.071105000 127 
3233.071660500 127 
3233.072216000 128 
3233.072771500 127 
3233.073327000 127 
3233.073882500 128 
3233.074438000 127 
3233.074993500 128 
3233.075549000 128 
3233.076104500 127 
3233.076660000 127 
3233.077215500 128 
3233.077771000 127 
3233.078326500 128 
3233.078882000 126 
3233.079437500 128 
3233.079993000 128 
3233.080548500 127 
3233.081104000 128 
3233.081659500 128 
3233.082215000 128 
3233.082770500 127 
3233.083326000 127 
3233.083881500 127 
3233.084437000 127 
3233.084992500 128 
3233.085548000 128 
3233.086103500 127 
3233.086659000 128 
3233.087214500 127 
3233.087770000 128 
3233.088325500 127 
3233.088881000 128 
3233.089436500 128 
3233.089992000 127 
3233.090547500 127 
3233.091103000 128 
3233.091658500 127 
3233.092214000 127 
3233.092769500 128 
3233.093325000 127 
3233.093880500 128 
3233.094436000 127 
3233.094991500 127 
3233.095547000 128 
3233.096102500 127 
3233.096658000 128 
3233.097213500 128 
3233.097769000 128 
3233.098324500 127 
3233.098880000 127 
3233.099435500 128 
3233.099991000 128 
3233.100546500 127 
3233.101102000 128 
3233.101657500 127 
3233.102213000 127 
3233.102768500 128 
3233.103324000 127 
3233.103879500 128 
3233.104435000 127 
3233.104990500 127 
3233.105546000 127 
3233.106101500 127 
3233.106657000 127 
3233.107212500 126 
3233.107768000 128 
3233.108323500 127 
3233.108879000 128 
3233.109434500 128 
3233.109990000 127 
3233.110545500 128 
3233.111101000 127 
3233.111656500 128 
3233.112212000 127 
3233.112767500 127 
3233.113323000 128 
3233.113878500 127 
3233.114434000 128 
3233.114989500 127 
3233.115545000 127 
3233.116100500 127 
3233.116656000 127 
3233.117211500 128 
3233.117767000 127 
3233.118322500 127 
3233.118878000 127 
3233.119433500 127 
3233.119989000 128 
3233.120544500 127 
3233.121100000 127 
3233.121655500 127 
3233.122211000 128 
3233.122766500 127 
3233.123322000 127 
3233.123877500 128 
3233.124433000 127 
3233.124988500 127 
3233.125544000 127 
3233.126099500 127 
3233.126655000 127 
3233.127210500 127 
3233.127766000 128 
3233.128321500 127 
3233.128877000 129 
3233.129432500 128 
3233.129988000 127 
3233.130543500 127 
3233.131099000 127 
3233.131654500 128 
3233.132210000 127 
3233.132765500 128 
3233.133321000 128 
3233.133876500 127 
3233.134432000 128 
3233.134987500 127 
3233.135543000 128 
3233.136098500 127 
3233.136654000 128 
3233.137209500 127 
3233.137765000 128 
3233.138320500 127 
3233.138876000 126 
3233.139431500 128 
3233.139987000 127 
3233.140542500 127 
3233.141098000 128 
3233.141653500 128 
3233.142209000 127 
3233.142764500 127 
3233.143320000 127 
3233.143875500 127 
3233.144431000 128 
3233.144986500 127 
3233.145542000 128 
3233.146097500 127 
3233.146653000 127 
3233.147208500 127 
3233.147764000 127 
3233.148319500 127 
3233.148875000 128 
3233.149430500 128 
3233.149986000 127 
3233.150541500 127 
3233.151097000 128 
3233.151652500 127 
3233.152208000 128 
3233.152763500 128 
3233.153319000 127 
3233.153874500 128 
3233.154430000 127 
3233.154985500 128 
3233.155541000 127 
3233.156096500 128 
3233.156652000 127 
3233.157207500 127 
3233.157763000 128 
3233.158318500 127 
3233.158874000 127 
3233.159429500 127 
3233.159985000 127 
3233.160540500 128 
3233.161096000 127 
3233.161651500 128 
3233.162207000 127 
3233.162762500 128 
3233.163318000 127 
3233.163873500 127 
3233.164429000 128 
3233.164984500 127 
3233.165540000 127 
3233.166095500 127 
3233.166651000 128 
3233.167206500 128 
3233.167762000 127 
3233.168317500 129 
3233.168873000 128 
3233.169428500 127 
3233.169984000 128 
3233.170539500 127 
3233.171095000 128 
3233.171650500 127 
3233.172206000 127 
3233.172761500 127 
3233.173317000 127 
3233.173872500 127 
3233.174428000 128 
3233.174983500 127 
3233.175539000 128 
3233.176094500 127 
3233.176650000 128 
3233.177205500 127 
3233.177761000 128 
3233.178316500 127 
3233.178872000 128 
3233.179427500 128 
3233.179983000 127 
3233.180538500 127 
3233.181094000 127 
3233.181649500 127 
3233.182205000 127 
3233.182760500 128 
3233.183316000 127 
3233.183871500 127 
3233.184427000 128 
3233.184982500 127 
3233.185538000 128 
3233.186093500 127 
3233.186649000 127 
3233.187204500 127 
3233.187760000 128 
3233.188315500 127 
3233.188871000 128 
3233.189426500 128 
3233.189982000 127 
3233.190537500 128 
3233.191093000 127 
3233.191648500 128 
3233.192204000 127 
3233.192759500 128 
3233.193315000 127 
3233.193870500 128 
3233.194426000 128 
3233.194981500 127 
3233.195537000 128 
3233.196092500 127 
3233.196648000 128 
3233.197203500 127 
3233.197759000 128 
3233.198314500 127 
3233.198870000 126 
3233.199425500 128 
3233.199981000 127 
3233.200536500 128 
3233.201092000 127 
3233.201647500 127 
3233.202203000 128 
3233.202758500 127 
3233.203314000 127 
3233.203869500 127 
3233.204425000 127 
3233.204980500 128 
3233.205536000 127 
3233.206091500 127 
3233.206647000 128 
3233.207202500 127 
3233.207758000 127 
3233.208313500 128 
3233.208869000 128 
3233.209424500 128 
3233.209980000 127 
3233.210535500 128 
3233.211091000 127 
3233.211646500 127 
3233.212202000 128 
3233.212757500 127 
3233.213313000 128 
3233.213868500 128 
3233.214424000 127 
3233.214979500 128 
3233.215535000 127 
3233.216090500 128 
3233.216646000 128 
3233.217201500 127 
3233.217757000 128 
3233.218312500 127 
3233.218868000 127 
3233.219423500 128 
3233.219979000 127 
3233.220534500 128 
3233.221090000 128 
3233.221645500 127 
3233.222201000 128 
3233.222756500 127 
3233.223312000 128 
3233.223867500 126 
3233.224423000 128 
3233.224978500 127 
3233.225534000 127 
3233.226089500 128 
3233.226645000 127 
3233.227200500 128 
3233.227756000 127 
3233.228311500 127 
3233.228867000 128 
3233.229422500 127 
3233.229978000 127 
3233.230533500 128 
3233.231089000 127 
3233.231644500 128 
3233.232200000 127 
3233.232755500 128 
3233.233311000 128 
3233.233866500 128 
3233.234422000 127 
3233.234977500 127 
3233.235533000 128 
3233.236088500 127 
3233.236644000 127 
3233.237199500 128 
3233.237755000 128 
3233.238310500 127 
3233.238866000 127 
3233.239421500 128 
3233.239977000 127 
3233.240532500 128 
3233.241088000 127 
3233.241643500 128 
3233.242199000 128 
3233.242754500 127 
3233.243310000 128 
3233.243865500 127 
3233.244421000 128 
3233.244976500 127 
3233.245532000 128 
3233.246087500 127 
3233.246643000 128 
3233.247198500 127 
3233.247754000 128 
3233.248309500 127 
3233.248865000 129 
3233.249420500 127 
3233.249976000 127 
3233.250531500 128 
3233.251087000 127 
3233.251642500 128 
3233.252198000 127 
3233.252753500 128 
3233.253309000 127 
3233.253864500 128 
3233.254420000 127 
3233.254975500 127 
3233.255531000 128 
3233.256086500 127 
3233.256642000 127 
3233.257197500 128 
3233.257753000 127 
3233.258308500 127 
3233.258864000 127 
3233.259419500 127 
3233.259975000 127 
3233.260530500 128 
3233.261086000 127 
3233.261641500 128 
3233.262197000 127 
3233.262752500 128 
3233.263308000 128 
3233.263863500 127 
3233.264419000 128 
3233.264974500 127 
3233.265530000 128 
3233.266085500 127 
3233.266641000 128 
3233.267196500 127 
3233.267752000 127 
3233.268307500 128 
3233.268863000 128 
3233.269418500 128 
3233.269974000 128 
3233.270529500 127 
3233.271085000 128 
3233.271640500 127 
3233.272196000 127 
3233.272751500 128 
3233.273307000 127 
3233.273862500 128 
3233.274418000 127 
3233.274973500 127 
3233.275529000 128 
3233.276084500 128 
3233.276640000 127 
3233.277195500 128 
3233.277751000 127 
3233.278306500 127 
3233.278862000 127 
3233.279417500 127 
3233.279973000 127 
3233.280528500 128 
3233.281084000 128 
3233.281639500 127 
3233.282195000 128 
3233.282750500 127 
3233.283306000 128 
3233.283861500 127 
3233.284417000 127 
3233.284972500 128 
3233.285528000 127 
3233.286083500 127 
3233.286639000 127 
3233.287194500 127 
3233.287750000 127 
3233.288305500 127 
3233.288861000 128 
3233.289416500 128 
3233.289972000 127 
3233.290527500 128 
3233.291083000 128 
3233.291638500 127 
3233.292194000 128 
3233.292749500 127 
3233.293305000 127 
3233.293860500 128 
3233.294416000 127 
3233.294971500 128 
3233.295527000 127 
3233.296082500 128 
3233.296638000 128 
3233.297193500 127 
3233.297749000 128 
3233.298304500 128 
3233.298860000 127 
3233.299415500 128 
3233.299971000 127 
3233.300526500 128 
3233.301082000 127 
3233.301637500 127 
3233.302193000 127 
3233.302748500 127 
3233.303304000 128 
3233.303859500 127 
3233.304415000 127 
3233.304970500 128 
3233.305526000 127 
3233.306081500 127 
3233.306637000 127 
3233.307192500 127 
3233.307748000 127 
3233.308303500 128 
3233.308859000 127 
3233.309414500 128 
3233.309970000 127 
3233.310525500 128 
3233.311081000 128 
3233.311636500 128 
3233.312192000 127 
3233.312747500 128 
3233.313303000 128 
3233.313858500 127 
3233.314414000 128 
3233.314969500 127 
3233.315525000 127 
3233.316080500 128 
3233.316636000 127 
3233.317191500 128 
3233.317747000 127 
3233.318302500 127 
3233.318858000 128 
3233.319413500 127 
3233.319969000 127 
3233.320524500 128 
3233.321080000 127 
3233.321635500 128 
3233.322191000 127 
3233.322746500 128 
3233.323302000 127 
3233.323857500 128 
3233.324413000 127 
3233.324968500 127 
3233.325524000 128 
3233.326079500 127 
3233.326635000 128 
3233.327190500 127 
3233.327746000 128 
3233.328301500 127 
3233.328857000 128 
3233.329412500 128 
3233.329968000 127 
3233.330523500 128 
3233.331079000 127 
3233.331634500 128 
3233.332190000 127 
3233.332745500 127 
3233.333301000 128 
3233.333856500 128 
3233.334412000 128 
3233.334967500 127 
3233.335523000 128 
3233.336078500 127 
3233.336634000 128 
3233.337189500 127 
3233.337745000 128 
3233.338300500 127 
3233.338856000 128 
3233.339411500 128 
3233.339967000 127 
3233.340522500 128 
3233.341078000 128 
3233.341633500 127 
3233.342189000 128 
3233.342744500 127 
3233.343300000 127 
3233.343855500 128 
3233.344411000 127 
3233.344966500 128 
3233.345522000 127 
3233.346077500 128 
3233.346633000 127 
3233.347188500 127 
3233.347744000 128 
3233.348299500 128 
3233.348855000 129 
3233.349410500 127 
3233.349966000 128 
3233.350521500 127 
3233.351077000 127 
3233.351632500 128 
3233.352188000 127 
3233.352743500 127 
3233.353299000 128 
3233.353854500 127 
3233.354410000 127 
3233.354965500 128 
3233.355521000 127 
3233.356076500 127 
3233.356632000 127 
3233.357187500 128 
3233.357743000 127 
3233.358298500 128 
3233.358854000 127 
3233.359409500 127 
3233.359965000 128 
3233.360520500 128 
3233.361076000 127 
3233.361631500 128 
3233.362187000 127 
3233.362742500 127 
3233.363298000 128 
3233.363853500 127 
3233.364409000 128 
3233.364964500 127 
3233.365520000 127 
3233.366075500 128 
3233.366631000 127 
3233.367186500 128 
3233.367742000 127 
3233.368297500 127 
3233.368853000 129 
3233.369408500 127 
3233.369964000 128 
3233.370519500 127 
3233.371075000 127 
